Date,open,high,low,close,returns,volatility,momentum,rsi,macd_line,macd_signal,macd_diff,stoch,atr,atr_pct,bb_width,hour,day_of_week,month,kst,squeeze,symbol
2015-08-31 00:00:00+01:00,1.121176838874817,1.126400113105774,1.1185895204544067,1.1214030981063843,-0.008121015141084098,,0.000978543959686995,54.853123677275896,,,,38.477254895681554,0.019020531858716692,0.0,,0,0,8,,0.0,EURUSD=X
2015-09-01 00:00:00+01:00,1.1225990056991577,1.1332305669784546,1.122536063194275,1.1225864887237549,-0.0030165946088135387,,-0.014320263705432712,52.60967766188438,,,,28.24262762553902,0.018219821915334587,0.016961369101650428,,0,1,9,,0.0,EURUSD=X
2015-09-02 00:00:00+01:00,1.1296244859695435,1.1299996376037598,1.1222903728485107,1.1293437480926514,0.0010552767505003224,,-0.03083741879337687,53.32665465875158,,,,29.968702183892056,0.017763225269387138,0.016230216645532872,,0,2,9,,0.0,EURUSD=X
2015-09-03 00:00:00+01:00,1.1215037107467651,1.1249998807907104,1.1089695692062378,1.121604323387146,0.006019366380027202,,-0.022293202994746464,57.29928250823713,,,,39.82473222979552,0.017045085232662988,0.015728802943645325,,0,3,9,,0.0,EURUSD=X
2015-09-04 00:00:00+01:00,1.1125946044921875,1.1160004138946533,1.109460473060608,1.1125946044921875,-0.006853028334886102,,-0.010935665451137222,51.855207472345455,,,,28.53613158992906,0.017282877636502315,0.015197057355474821,,0,4,9,,0.0,EURUSD=X
2015-09-07 00:00:00+01:00,1.1158970594406128,1.1180005073547363,1.1124200820922852,1.115200161933899,-0.008032885311773708,,-0.01084778570742706,46.335954759431985,,,,15.394700236472389,0.016915804257219155,0.015533849945632802,,0,0,9,,0.0,EURUSD=X
2015-09-08 00:00:00+01:00,1.1158970594406128,1.122999906539917,1.1153706312179565,1.1163954734802246,0.0023418749571417763,0.015590367613307338,-0.005531406309613129,48.05775480830757,,,,19.19512449575741,0.016106134329021443,0.015168401901847825,0.054503617224504586,0,1,9,,0.0,EURUSD=X
2015-09-09 00:00:00+01:00,1.1207997798919678,1.1209995746612549,1.1133204698562622,1.1207369565963745,0.0010718358794468141,0.014949983456664873,-0.005514956135423188,48.86825857740417,,,,12.049145923236575,0.015512820777378344,0.014426907589308442,0.05220888750333667,0,2,9,,0.0,EURUSD=X
2015-09-10 00:00:00+01:00,1.1219441890716553,1.1279997825622559,1.1174894571304321,1.1220699548721313,0.0038888397698495503,0.01435624513686896,-0.007621055600487314,51.80954317794717,,,,19.093562557181848,0.014953269636493653,0.013841625089699952,0.04994119916868931,0,3,9,,0.0,EURUSD=X
2015-09-11 00:00:00+01:00,1.1282861232757568,1.1342202425003052,1.125579833984375,1.1290887594223022,0.0011893944140157764,0.014269522879495377,0.00041514772658790555,52.709042269671365,,,,21.256462878464035,0.01463591647901723,0.01332650390607571,0.049580546845971574,0,4,9,,0.0,EURUSD=X
2015-09-14 00:00:00+01:00,1.1344043016433716,1.1372101306915283,1.128770112991333,1.1344043016433716,0.006255229025333486,0.014225716055341377,0.014824945998765715,57.235338459978415,,,,40.21416164104812,0.014458371561099843,0.012962591609277634,0.04912107312803354,0,0,9,,0.0,EURUSD=X
2015-09-15 00:00:00+01:00,1.1310937404632568,1.1330032348632812,1.1259803771972656,1.1307612657546997,0.004707816083289185,0.013981575204578364,0.01722035233223984,60.33187123542278,,,,54.20176606273689,0.014028489142463806,0.01274534267910877,0.048051841107473806,0,1,9,,0.0,EURUSD=X
2015-09-16 00:00:00+01:00,1.1272940635681152,1.1311602592468262,1.1214998960494995,1.1271796226501465,-0.003211408739718591,0.01341890932646694,0.012868013724286698,57.27112772176112,0.003991255333990029,,,77.1645300317857,0.013628163092723961,0.012406234248836624,0.046266653624509615,0,2,9,,0.0,EURUSD=X
2015-09-17 00:00:00+01:00,1.129394769668579,1.134000301361084,1.1287955045700073,1.12920343875885,-0.0031674617914708714,0.012262914180929984,0.005748597845241177,54.35170581210022,0.0038424448070235595,,,64.48191001228372,0.013344748814481297,0.012090498105956147,0.042415281535536885,0,3,9,,0.0,EURUSD=X
2015-09-18 00:00:00+01:00,1.1406019926071167,1.1460003852844238,1.1351704597473145,1.1400948762893677,0.00179546903442529,0.011699563333923529,0.006357432400488472,55.7250906008793,0.003843510838077213,,,71.64825516359292,0.012878743807085312,0.01181784287616854,0.04039422262658297,0,4,9,,1.0,EURUSD=X
2015-09-21 00:00:00+01:00,1.1293054819107056,1.1329994201660156,1.118390679359436,1.12920343875885,0.009645239428679675,0.011931661626994007,0.009747787120559792,62.29894425350572,0.004669377977797984,,,84.05244706844323,0.013158615429834484,0.011296203565971078,0.040802026037925224,0,0,9,,0.0,EURUSD=X
2015-09-22 00:00:00+01:00,1.1190940141677856,1.1209995746612549,1.1130800247192383,1.1190940141677856,-0.009553097515853759,0.011760623916916057,-0.004584664283260542,53.710641030581165,0.004394379973972962,,,54.64062555329854,0.013769014108412853,0.011653006870309936,0.040605042014684276,0,1,9,,0.0,EURUSD=X
2015-09-23 00:00:00+01:00,1.1121985912322998,1.1190601587295532,1.110679268836975,1.1120749711990356,-0.008952704396805733,0.009643977243011751,-0.010318050273084856,47.20565160521131,0.00332239746828189,,,27.340593683302377,0.013937185532069922,0.012303715267972531,0.03359784313512019,0,2,9,,1.0,EURUSD=X
2015-09-24 00:00:00+01:00,1.118806004524231,1.1296104192733765,1.1166696548461914,1.1189937591552734,-0.006272076232996082,0.007560045706219765,-0.013400394353827894,43.28581465803008,0.0018847393997258877,,,7.155184507322548,0.013542725517694252,0.012532595277315605,0.02650404429350018,0,3,9,,1.0,EURUSD=X
2015-09-25 00:00:00+01:00,1.1181179285049438,1.1204394102096558,1.1118301153182983,1.1178929805755615,0.006221512160082154,0.00731758273740009,-0.009041488232446881,47.88006516980466,0.0012888167111870796,,,23.539715486255254,0.013827919986026149,0.012102592536277981,0.02549539654140845,0,4,9,,1.0,EURUSD=X
2015-09-28 00:00:00+01:00,1.120046615600586,1.1241399049758911,1.1152101755142212,1.1201720237731934,-0.0009837218221332433,0.00743209169221714,-0.019473726420090598,47.224605543791014,0.000719426949292945,0.002629852175947528,-0.001910425226654583,20.423226851617475,0.013455161050692667,0.012369627707033877,0.025919858352990998,0,0,9,,1.0,EURUSD=X
2015-09-29 00:00:00+01:00,1.1233556270599365,1.1280303001403809,1.1194798946380615,1.123103380203247,0.0020386953288304976,0.007455401863149037,-0.007998040632592796,48.78776126604264,0.00044692927754264034,0.0021932675962665505,-0.0017463383187239102,26.875580080662854,0.013131915937191043,0.012011691744782406,0.025948253366746162,0,1,9,,1.0,EURUSD=X
2015-09-30 00:00:00+01:00,1.1254037618637085,1.1262022256851196,1.115799903869629,1.1255937814712524,0.0026168805931965355,0.0074532021141263125,0.00358268919742466,50.80604960268247,0.00046218113851126397,0.0018470503047154933,-0.0013848691662042294,35.174741389493576,0.012804665191843064,0.011692526412675004,0.025872890954539998,0,2,9,,1.0,EURUSD=X
2015-10-01 00:00:00+01:00,1.1171561479568481,1.1209995746612549,1.1138957738876343,1.11720609664917,0.0022174283435552056,0.0073437770048942076,0.012156383897068412,52.51812426468654,0.000667528069327572,0.001611145857637909,-0.000943617788310337,42.22548473649572,0.012633069236389325,0.011375920338779958,0.02543663099747468,0,3,10,,1.0,EURUSD=X
2015-10-02 00:00:00+01:00,1.119494915008545,1.1315301656723022,1.115180253982544,1.1193444728851318,-0.007451786745942268,0.007461291995392784,-0.0015975625346230649,46.63172231047274,0.00015170219661775342,0.001319257125433878,-0.0011675549288161246,18.478543343627127,0.012566279118334243,0.011307733885698995,0.02603769486893498,0,4,10,,1.0,EURUSD=X
2015-10-05 00:00:00+01:00,1.1221455335617065,1.1287994384765625,1.1196954250335693,1.1226998567581177,0.0019140391753817987,0.007107598530230139,0.0012984179476849267,48.22498590881933,-8.358096342431232e-05,0.00103868950766224,-0.0011222704710865522,24.532644830321132,0.012836538587721675,0.011226462829574187,0.024756025633845782,0,0,10,,1.0,EURUSD=X
2015-10-06 00:00:00+01:00,1.119795799255371,1.1279997825622559,1.1176055669784546,1.1195199489593506,0.002997632948807283,0.006845749592700848,0.00225664713211593,50.711510355541655,6.988180163425284e-07,0.0008310913697330605,-0.000830392551716718,34.03229889130765,0.012594997659415174,0.011433633406517187,0.023772734276028332,0,1,10,,1.0,EURUSD=X
2015-10-07 00:00:00+01:00,1.1272940635681152,1.128426194190979,1.1214194297790527,1.1267986297607422,-0.00283237570542616,0.006702865402458476,-0.0031906512855904845,48.34202335787717,-0.0001869458365173493,0.0006274839284829786,-0.0008144297650003279,25.02944700383064,0.012437798939728465,0.011250355718201226,0.023342665991589257,0,2,10,,1.0,EURUSD=X
2015-10-08 00:00:00+01:00,1.124201774597168,1.1313101053237915,1.123974323272705,1.1239995956420898,0.0065016088441813835,0.00668830189804297,0.001070411288089046,53.6773830200614,0.0002488050631643812,0.0005517481554192592,-0.00030294309225487796,45.6366121601782,0.012185545103435605,0.011038173646314634,0.023141491796120375,0,3,10,,1.0,EURUSD=X
2015-10-09 00:00:00+01:00,1.128604531288147,1.137869954109192,1.1270017623901367,1.1286935806274414,-0.0024840588590764323,0.006669469944666646,0.0060807929828665674,51.47563203875103,0.0003640851823598634,0.0005142155608073801,-0.00015013037844751665,59.678478916869174,0.011839133456839235,0.010841236198554463,0.02313379904818054,0,4,10,,1.0,EURUSD=X
2015-10-12 00:00:00+01:00,1.1369062662124634,1.1399999856948853,1.135839581489563,1.1369967460632324,0.004176144727765729,0.006655173076046553,0.008352306165600787,54.822346940917136,0.0008247041898787888,0.0005763132866216619,0.0002483909032571269,66.25177559931957,0.011984220957572293,0.010489236104503983,0.0229882066894635,0,0,10,,1.0,EURUSD=X
2015-10-13 00:00:00+01:00,1.1353960037231445,1.1410002708435059,1.1347002983093262,1.135550618171692,0.007356438964750023,0.0068836221787640164,0.012734382407777467,60.068715421041865,0.001838550464837052,0.00082876072226474,0.001009789742572312,89.75727760611481,0.011935805536848833,0.010540242088701463,0.02360367343392461,0,1,10,17.160268852507237,1.0,EURUSD=X
2015-10-14 00:00:00+01:00,1.138511300086975,1.1450005769729614,1.138511300086975,1.138498306274414,-0.0012718839315483121,0.007191824587611097,0.014319234978566131,58.78823413971992,0.0024965616978598337,0.001162320917383759,0.0013342407804760748,81.3177112919243,0.011533246036658179,0.01051102905132158,0.02469189276027069,0,2,10,52.422110053954455,1.0,EURUSD=X
2015-10-15 00:00:00+01:00,1.1474995613098145,1.1494200229644775,1.1365302801132202,1.147552251815796,0.0025958227273639167,0.0078177422214372,0.010383112123730776,60.630467557669625,0.0032187899291020727,0.0015736147197274218,0.0016451752093746509,80.39740668597756,0.011384439805558989,0.010130226784789175,0.026771379545543973,0,3,10,146.84048836991744,1.0,EURUSD=X
2015-10-16 00:00:00+01:00,1.1366994380950928,1.1399999856948853,1.1339398622512817,1.1368157863616943,0.007952533167141729,0.0092527057713889,0.02095432797753949,65.70193950037344,0.004470208957688904,0.002152933567319718,0.0023172753903691855,94.74226423578602,0.0114919614516803,0.009920628701259706,0.03143533382259634,0,4,10,359.6221355598245,0.0,EURUSD=X
2015-10-19 00:00:00+01:00,1.1360021829605103,1.1379995346069336,1.1308494806289673,1.1361054182052612,-0.009355970882470088,0.009018775283263546,0.007196112278531563,56.42043578553774,0.004543252730668135,0.0026309973999894018,0.001912255330678733,64.51934402464438,0.011643420602597003,0.01010890382553499,0.03092995328974022,0,0,10,471.47803773785,0.0,EURUSD=X
2015-10-20 00:00:00+01:00,1.1331958770751953,1.1390001773834229,1.1325798034667969,1.132900595664978,-0.0006248753447615218,0.009276565123865578,-0.0007839317579908522,55.8581802069351,0.004492038252795094,0.0030032055705505405,0.0014888326822445536,62.51967288480834,0.01132246584369481,0.010248538926071186,0.03183393760462095,0,1,10,560.27480467194,0.0,EURUSD=X
2015-10-21 00:00:00+01:00,1.1356022357940674,1.1378000974655151,1.13379967212677,1.1353960037231445,-0.0028208848306928713,0.009222894994480512,-0.0023336894580539003,53.27856436468817,0.00414506627115907,0.0032315777106722465,0.0009134885604868237,53.49816610122853,0.01097231642033275,0.00999422710785042,0.03173929332156639,0,2,10,640.3783740488044,0.0,EURUSD=X
2015-10-22 00:00:00+01:00,1.1347002983093262,1.1352026462554932,1.113800287246704,1.134803295135498,0.002202671679858881,0.008692165293684233,-0.0027249074804699402,55.02039590853768,0.004025048794219277,0.0033902719273816526,0.0006347768668376243,59.04172353285241,0.010538543947490205,0.009663867394594287,0.029847118450589284,0,3,10,680.0085371006168,0.0,EURUSD=X
2015-10-23 00:00:00+01:00,1.1084016561508179,1.1140943765640259,1.1011033058166504,1.108094573020935,-0.0005220280727630255,0.008529007099145041,-0.01110969601612899,54.50066789455907,0.003837866908779297,0.003479790923661182,0.00035807598511811535,58.964524765729585,0.011328341985272364,0.009286670203254811,0.02930216312100372,0,4,10,780.3937849688606,0.0,EURUSD=X
2015-10-26 00:00:00+00:00,1.1020376682281494,1.1060001850128174,1.1006003618240356,1.1020376682281494,-0.02353599273905338,0.009433022608558848,-0.025264615151659453,37.370059751155324,0.0015168677482697568,0.003087206288582897,-0.0015703385403131403,14.469665194542449,0.012926316794813457,0.01022326276212016,0.03318912795138102,0,0,10,687.8806844702478,0.0,EURUSD=X
2015-10-27 00:00:00+00:00,1.106096863746643,1.107800006866455,1.1031999588012695,1.1065986156463623,-0.0054660540176395545,0.011013944067270694,-0.029986433856577843,34.70592093417348,-0.0008020370219046224,0.0023093576264853932,-0.0031113946483900157,2.94411384785937,0.01253830925210531,0.011729469116601362,0.038964420489007036,0,1,10,495.14323226216044,0.0,EURUSD=X
2015-10-28 00:00:00+00:00,1.103594422340393,1.1099998950958252,1.1027060747146606,1.1037039756774902,0.004138649294579855,0.011946311627075384,-0.023216494120719577,38.27443283058393,-0.0022458664691991093,0.0013983128073484928,-0.003644179276547602,12.286553577402334,0.012054311351119621,0.01133049425042133,0.042088699899589896,0,2,10,381.58681048668024,0.0,EURUSD=X
2015-10-29 00:00:00+00:00,1.0925976037979126,1.0981999635696411,1.0910003185272217,1.0928961038589478,-0.0026157993765257848,0.013013854290369293,-0.02791275285603534,36.896210494926386,-0.003582389407255082,0.0004021723644277779,-0.00398456177168286,6.357303145808966,0.011714276281837117,0.010921688801311315,0.04597006595855703,0,3,10,172.36721252752528,0.0,EURUSD=X
2015-10-30 00:00:00+00:00,1.099203109741211,1.107200264930725,1.0969964265823364,1.0993843078613281,-0.009792364670887621,0.014851165768509315,-0.0369290355925046,32.22965447406135,-0.005450864225647001,-0.0007684349535871779,-0.004682429272059823,3.245112843325307,0.011784946343867935,0.010718563494255987,0.0529789640626292,0,4,10,-185.05047470367577,0.0,EURUSD=X
2015-11-02 00:00:00+00:00,1.1024993658065796,1.1060001850128174,1.1004005670547485,1.102596640586853,0.005936707047880407,0.01584945547091025,-0.007860579206575014,37.3522404823725,-0.0063350733598024345,-0.0018817626348302293,-0.004453310724972205,14.35130392196874,0.011964890253004321,0.01071958755423171,0.05620650826013255,0,0,11,-468.70394412830433,0.0,EURUSD=X
2015-11-03 00:00:00+00:00,1.1016976833343506,1.1031999588012695,1.0937999486923218,1.1016006469726562,0.002921937945224995,0.016522846516446532,0.0005072171077440402,39.77927658323833,-0.006699380773303343,-0.0028452862625248524,-0.0038540945107784904,19.85001836509815,0.011582817888610389,0.010851556963420505,0.058423826468737165,0,1,11,-771.0670805320161,0.0,EURUSD=X
2015-11-04 00:00:00+00:00,1.0965032577514648,1.0966956615447998,1.084799885749817,1.0963950157165527,-0.0009033163874566652,0.017163359365557525,-0.004516514482341694,39.271273448715476,-0.006987913071927476,-0.003673811624405377,-0.003314101447522099,18.145125086724075,0.011426903047205913,0.01051453439178844,0.060743513345555604,0,2,11,-1045.399790980968,0.0,EURUSD=X
2015-11-05 00:00:00+00:00,1.0866022109985352,1.0900002717971802,1.0837054252624512,1.0868029594421387,-0.00472551579413949,0.018000167167077655,-0.0066222104133049076,36.637735024270576,-0.0075496008354740685,-0.004448969466619115,-0.003100631368854953,21.00563219681591,0.011810750059751159,0.010422250086332088,0.06400756115624144,0,3,11,-1381.8342617086253,0.0,EURUSD=X
2015-11-06 00:00:00+00:00,1.0884946584701538,1.0895025730133057,1.0711684226989746,1.0883997678756714,-0.00874872298479501,0.01943313344720327,-0.005575227503597624,32.334860633483856,-0.00866881253723184,-0.00529293808074166,-0.00337587445649018,5.601859237764258,0.01187352437363333,0.010867425375629888,0.06971300677441813,0,4,11,-1851.193383930832,0.0,EURUSD=X
2015-11-09 00:00:00+00:00,1.0732377767562866,1.0790001153945923,1.072995901107788,1.0733413696289062,0.0014692713335564545,0.0203518023970483,-0.009991537906362646,33.73017371594025,-0.009319517185937043,-0.006098253901780737,-0.0032212632841563055,25.403065653920642,0.01233499765511174,0.010909157392423895,0.07290146079225505,0,0,11,-2125.0050384572005,0.0,EURUSD=X
2015-11-10 00:00:00+00:00,1.0759745836257935,1.0762755870819092,1.0676004886627197,1.0759514570236206,-0.013835355988871645,0.021843867092110874,-0.02653306738026684,27.889554344744454,-0.010924362942517085,-0.0070634757099280075,-0.0038608872325890777,3.26113209302492,0.01255420259173828,0.011492147795790638,0.07934388304282163,0,1,11,-2474.8422801961215,0.0,EURUSD=X
2015-11-11 00:00:00+00:00,1.0738024711608887,1.0772960186004639,1.0708003044128418,1.0737563371658325,0.0024317402352773687,0.022652131099969747,-0.023283564710608107,30.147347654281546,-0.011849014464561103,-0.008020583460854627,-0.0038284310037064763,12.35310921761702,0.012277123722270506,0.011668000921218767,0.08208015774756648,0,2,11,-2819.2428242692395,0.0,EURUSD=X
2015-11-12 00:00:00+00:00,1.0764957666397095,1.0799999237060547,1.0693997144699097,1.0762988328933716,-0.002040166257928022,0.022987782217439575,-0.02064828663592988,29.316007609356205,-0.01261353431277179,-0.00893917363123806,-0.0036743606815337303,13.240124199077481,0.011864165898367047,0.011433807929530672,0.08346667785283053,0,3,11,-3153.3465974552323,0.0,EURUSD=X
2015-11-13 00:00:00+00:00,1.080894112586975,1.0811045169830322,1.072199821472168,1.0815019607543945,0.002367851661998044,0.021824500965109784,-0.009665161892969953,31.666453350144025,-0.01286595294706161,-0.009724529494402771,-0.0031414234526588383,20.51525000562316,0.011773883279636901,0.01102311508270717,0.07905571058296747,0,4,11,-3417.569202273833,0.0,EURUSD=X
2015-11-16 00:00:00+00:00,1.070102334022522,1.0759999752044678,1.070102334022522,1.06999933719635,0.004834278085237287,0.020821299326844973,-0.006337567615197104,36.33236815646763,-0.012502031957126736,-0.010280029986947565,-0.002222001970179171,32.78694977394903,0.011568941296153141,0.010886603729709475,0.0750589198706239,0,0,11,-3530.0151110448423,0.0,EURUSD=X
2015-11-17 00:00:00+00:00,1.0689013004302979,1.069198489189148,1.064400553703308,1.068798542022705,-0.0106357861339621,0.020093943728574475,-0.0031136715001599535,31.25197418740251,-0.01299202357981799,-0.01082242870552165,-0.0021695948742963406,5.657740839874941,0.011556847398704528,0.010812101366778869,0.073215573240169,0,1,11,-3697.650245274829,0.0,EURUSD=X
2015-11-18 00:00:00+00:00,1.0643960237503052,1.0691996812820435,1.063230276107788,1.0643846988677979,-0.001122239175204931,0.019178313390331003,-0.0066479904406676615,30.768287953774475,-0.013323652829911659,-0.011322673530399653,-0.0020009792995120054,10.275742974124725,0.011131271405442917,0.010812933349285032,0.06995783364078764,0,2,11,-3893.8841505191817,0.0,EURUSD=X
2015-11-19 00:00:00+00:00,1.0673041343688965,1.0734001398086548,1.067000150680542,1.066996693611145,-0.0041297241541460306,0.01760381060517465,-0.00872790033795845,28.992062734518043,-0.01378374126522064,-0.011814887077363851,-0.001968854187856788,2.625478857087085,0.010762566674643806,0.010457940082456483,0.064480717107684,0,3,11,-4084.8691602735557,0.0,EURUSD=X
2015-11-20 00:00:00+00:00,1.0726966857910156,1.0730005502700806,1.0664005279541016,1.0726161003112793,0.002453995013387056,0.014920368175386967,-0.008642710553926736,31.51177358302303,-0.013778765486974098,-0.0122076627592859,-0.0015711027276881975,8.806232231451029,0.010637771979373314,0.010086785403447653,0.054517792238755865,0,4,11,-4131.787782678151,0.0,EURUSD=X
2015-11-23 00:00:00+00:00,1.0639996528625488,1.0653995275497437,1.0602991580963135,1.0641014575958252,0.00526656430500827,0.014376655112088332,-0.008216222222026226,36.71472012556505,-0.01316957235714633,-0.012400044678857988,-0.0007695276782883429,23.482358555280502,0.010349361289130863,0.00991759491237002,0.052255900579193604,0,0,11,-4118.256388540176,0.0,EURUSD=X
2015-11-24 00:00:00+00:00,1.063897728919983,1.0672005414962769,1.0623831748962402,1.0642033815383911,-0.007938201480457985,0.014540309086289966,-0.00551204042422937,32.665400329747584,-0.013221434453732028,-0.012564322633832796,-0.000657111819899232,10.446881264001886,0.01048990278383336,0.009725915903276428,0.05327364279501065,0,1,11,-4103.609175232748,0.0,EURUSD=X
2015-11-25 00:00:00+00:00,1.0643960237503052,1.0689996480941772,1.0576001405715942,1.0643846988677979,9.57840456268233e-05,0.01404786537515072,-0.00429937009047332,32.761000258256274,-0.013103264847903695,-0.012672111076646977,-0.0004311537712567183,13.145040557734065,0.010084721627847877,0.009857047032372107,0.0514644689804408,0,2,11,-4137.535328672686,0.0,EURUSD=X
2015-11-26 00:00:00+00:00,1.0624960660934448,1.0629997253417969,1.0602003335952759,1.0624960660934448,0.00017037845636669324,0.01347018113986091,0.0,32.94339345686943,-0.012846892807397259,-0.012707067422797034,-0.0001398253846002246,21.26658620341757,0.010178634906043245,0.009474696168194779,0.04933971166522975,0,3,11,-4141.213889245049,0.0,EURUSD=X
2015-11-27 00:00:00+00:00,1.0604453086853027,1.06380033493042,1.0569998025894165,1.0604453086853027,-0.0017743892564051622,0.013560676885800834,-0.004218033237261776,31.970577320595154,-0.012650288349599359,-0.0126957116081575,4.542325855814121e-05,20.82984647688024,0.009750472789363154,0.009579927145959004,0.049759479776061696,0,4,11,-4098.585137556349,0.0,EURUSD=X
2015-11-30 00:00:00+00:00,1.0583018064498901,1.0597037076950073,1.056400179862976,1.0583018064498901,-0.0019301317657413053,0.013070034177785699,-0.011346829142732884,30.90343905055687,-0.012515683871352046,-0.012659706060796411,0.0001440221894443653,14.293909646151183,0.009539762757337459,0.009194696519947263,0.04805186431290302,0,0,11,-4174.236977307742,0.0,EURUSD=X
2015-12-01 00:00:00+00:00,1.0572947263717651,1.0639996528625488,1.056602120399475,1.0572947263717651,-0.002021322757389532,0.011990350303187047,-0.005450280238351035,29.78437972333235,-0.012438587277586066,-0.012615482304154343,0.00017689502656827692,7.69754143846358,0.009147288904836686,0.009014217588212308,0.044171701423969985,0,1,12,-4142.581231695228,0.0,EURUSD=X
2015-12-02 00:00:00+00:00,1.062699317932129,1.0639996528625488,1.0562005043029785,1.0625863075256348,-0.0009516000747492592,0.010537790125209539,-0.006491856055408252,29.248491129345098,-0.012316770553345568,-0.01255573995399259,0.0002389694006470211,3.6210099645330183,0.009022306301853618,0.008651597966658469,0.03885753731190424,0,2,12,-4106.849577576868,0.0,EURUSD=X
2015-12-03 00:00:00+00:00,1.0611993074417114,1.0892000198364258,1.0541995763778687,1.0613007545471191,0.00500483074575464,0.00888660535489235,-0.0016896065342503208,35.78613013973093,-0.011658847608365663,-0.012376361484867204,0.000717513876501541,25.64166387439567,0.008934937891690522,0.008490892681332575,0.032605695821287126,0,3,12,-3981.9747618339134,0.0,EURUSD=X
2015-12-04 00:00:00+00:00,1.0918341875076294,1.0951943397521973,1.0857999324798584,1.0915957689285278,-0.0012098339395217872,0.008086924599082473,-0.001125003267749114,34.94140618472484,-0.01111306778812482,-0.012123702745518728,0.0010106349573939088,20.2888234192197,0.01079675971789528,0.008418855685731856,0.02970754166018433,0,4,12,-3915.784293850825,0.0,EURUSD=X
2015-12-07 00:00:00+00:00,1.0883049964904785,1.0883049964904785,1.0798004865646362,1.0883997678756714,0.028545173695213588,0.008523587983831404,0.029374886180452142,59.314322348826046,-0.008142121564768345,-0.011327386509368653,0.003185264944600308,91.22187682653414,0.012446532966979769,0.009890803926890446,0.030442646086778248,0,0,12,-3660.9138508622364,0.0,EURUSD=X
2015-12-08 00:00:00+00:00,1.0835996866226196,1.0900002717971802,1.0831419229507446,1.0834001302719116,-0.002927824698325421,0.009572625824061803,0.028439865870347525,56.89284233960465,-0.005976621085559852,-0.010257233424606894,0.004280612339047042,83.42575656679917,0.012400015066759185,0.011435626260076109,0.034289759333206875,0,1,12,-3287.716259504234,0.0,EURUSD=X
2015-12-09 00:00:00+00:00,1.0895025730133057,1.099000096321106,1.0881984233856201,1.0893957614898682,-0.004593567319035707,0.009982358870322942,0.02469075391090847,53.23176836489777,-0.004610725748752875,-0.009127931889436091,0.004517206140683216,71.22996083038423,0.012004181765307497,0.011445462041477724,0.03592246161561678,0,2,12,-2962.9231168154265,0.0,EURUSD=X
2015-12-10 00:00:00+00:00,1.1016976833343506,1.1023049354553223,1.092799425125122,1.1017948389053345,0.005534087591859249,0.010892586953633848,0.025230377781417568,56.82026020778273,-0.00300975197462261,-0.007904295906473395,0.004894543931850785,78.56200141559388,0.012261023499870844,0.01101911921237004,0.03898227207156475,0,3,12,-2561.601068995587,0.0,EURUSD=X
2015-12-11 00:00:00+00:00,1.0947985649108887,1.1030004024505615,1.0928006172180176,1.0948106050491333,0.011381609745304333,0.012919544079591092,0.03815514516947194,63.12208737491927,-0.0007320284321230552,-0.006469842411603328,0.0057378139794802725,98.93962635396507,0.01230731996169822,0.0111282273858285,0.04571600255364344,0,4,12,-2090.3671623671607,0.0,EURUSD=X
2015-12-14 00:00:00+00:00,1.098997712135315,1.1040000915527344,1.0947027206420898,1.0983941555023193,-0.00633896040313664,0.013765987669536303,0.002945079316092558,57.98826686674094,0.0005037081489089879,-0.005075132299500865,0.0055788404484098525,83.21791235822762,0.012156781766758629,0.011241505978238024,0.04902190393456226,0,0,12,-1681.1696920756524,0.0,EURUSD=X
2015-12-15 00:00:00+00:00,1.0992271900177002,1.107000470161438,1.0922002792358398,1.0992997884750366,0.003273214962167037,0.01492460707656552,0.009182644026243025,59.79509881692818,0.0017520048437162927,-0.0037097048708574333,0.005461709714573726,88.74321675040753,0.011952538134179052,0.01106777717803776,0.05297445370540574,0,1,12,-1178.9429886457174,0.0,EURUSD=X
2015-12-16 00:00:00+00:00,1.0936013460159302,1.0958002805709839,1.0913218259811401,1.0936251878738403,0.0008245063652065898,0.015913834774154888,0.014675702687182213,60.2602516413917,0.0027822934332697447,-0.0024113052100319977,0.005193598643301742,85.41562247418305,0.012155941904994702,0.010872864945020842,0.056439153871256954,0,2,12,-659.5625572687053,0.0,EURUSD=X
2015-12-17 00:00:00+00:00,1.0874056816101074,1.0888975858688354,1.0833531618118286,1.087453007698059,-0.00516201372972902,0.016197917283897936,0.0038823598672605986,55.89641602135678,0.0031051178536702917,-0.0013080205972915398,0.004413138450961832,74.66845477574132,0.011857514804201972,0.011115272434999003,0.057744744847114,0,3,12,-211.13232485082153,0.0,EURUSD=X
2015-12-18 00:00:00+00:00,1.0843987464904785,1.0870002508163452,1.0805997848510742,1.0844104290008545,-0.005643780194730885,0.016194013628723563,-0.013016789243199267,51.52573032120262,0.002830289361572369,-0.0004803586055187581,0.003310647967091127,62.97891747154152,0.01174426560833124,0.010903933062176343,0.05805849791719098,0,4,12,220.85440296981247,0.0,EURUSD=X
2015-12-21 00:00:00+00:00,1.0870156288146973,1.091999888420105,1.0852001905441284,1.0869920253753662,-0.002797894415359825,0.016210236383019994,-0.009499520739308154,49.472138134524826,0.002340001053039664,8.371332619292639e-05,0.002256287726846738,57.216555361392196,0.011394905411092213,0.010830092826709605,0.058279719958654545,0,0,12,416.6580478213296,0.0,EURUSD=X
2015-12-22 00:00:00+00:00,1.091202735900879,1.0984002351760864,1.0905005931854248,1.09129798412323,0.0023806451002967854,0.01595477120104436,-0.010380727236971365,51.24762328964769,0.002135144669642708,0.0004939995948828827,0.0016411450747598252,62.105859669561056,0.011123087840246376,0.010482970569316973,0.05722502836627885,0,1,12,651.3376671785074,0.0,EURUSD=X
2015-12-23 00:00:00+00:00,1.0950024127960205,1.095494270324707,1.0884946584701538,1.0950024127960205,0.003961352657004813,0.015733731868572687,-0.007279001083868919,54.14207764232271,0.0022938078059033806,0.0008539612370869824,0.0014398465688163983,70.26094652379855,0.011143453694565935,0.010192530364823208,0.056209560003009446,0,2,12,949.197511884748,0.0,EURUSD=X
2015-12-24 00:00:00+00:00,1.0910003185272217,1.0966956615447998,1.0910003185272217,1.0909169912338257,0.003394516187773089,0.015532121505096263,0.001259320777768247,56.53300606215048,0.0026874862505932295,0.0012206662397882318,0.0014668200108049977,55.88946837884034,0.010847464991707884,0.010176647616795492,0.055301574600990076,0,3,12,1211.234921962693,0.0,EURUSD=X
2015-12-25 00:00:00+00:00,1.0965152978897095,1.0975021123886108,1.0947027206420898,1.0969964265823364,-0.0037309703745428413,0.014901131445923445,0.003185409862536792,53.236441821061916,0.0026393945797837937,0.0015044119077873442,0.0011349826719964495,40.869527106981636,0.010479456279270044,0.009943437565711956,0.05325364436541309,0,4,12,1373.083024619808,0.0,EURUSD=X
2015-12-28 00:00:00+00:00,1.0965994596481323,1.0999999046325684,1.0958002805709839,1.0965994596481323,0.00557277537829437,0.014101347490270937,0.011606304444230053,57.23294245603747,0.0030566065511985485,0.0018148508364695852,0.0012417557147289633,62.1068791908428,0.010201289484663981,0.009552862730755209,0.050116091772717676,0,0,12,1455.5799178615405,0.0,EURUSD=X
2015-12-29 00:00:00+00:00,1.0976948738098145,1.0999999046325684,1.0910003185272217,1.0975261926651,-0.0003618671169611787,0.012723194219143832,0.008838550834306735,56.89104801143028,0.0033169820263454497,0.002115277074444758,0.0012017049519006916,60.60325559343463,0.00977259909730116,0.009302657770720849,0.045234513430399935,0,1,12,1494.9213901105184,0.0,EURUSD=X
2015-12-30 00:00:00+00:00,1.0928006172180176,1.0950000286102295,1.0910003185272217,1.0928006172180176,0.0008450970943074676,0.010703292201468446,0.005707156645097244,57.52890658573519,0.003557106960918377,0.002403643051739482,0.001153463909178895,64.11351680852505,0.009717383883590126,0.008904205806305689,0.03802106540957747,0,2,12,1569.8179948321697,0.0,EURUSD=X
2015-12-31 00:00:00+00:00,1.0938047170639038,1.093900442123413,1.0865998268127441,1.093398094177246,-0.0043056607474738495,0.008621021741456014,-0.0020107677866944007,53.20575658245065,0.0033277332191679054,0.002588461085225167,0.0007392721339427384,46.21407445871808,0.009489418901753576,0.008892183743753754,0.0307566905187188,0,3,12,1599.8119182208757,1.0,EURUSD=X
2016-01-01 00:00:00+00:00,1.0859060287475586,1.0866966247558594,1.0859060287475586,1.0859060287475586,0.0005467392219722367,0.005014993580183762,0.0022743278942005674,53.67971101507364,0.0031577635411064175,0.002702321576401417,0.00045544196470500035,48.47718601133362,0.009333075788104673,0.00867883248771722,0.017881908273626252,0,4,1,1595.9020901485794,1.0,EURUSD=X
2016-01-04 00:00:00+00:00,1.0855052471160889,1.094599723815918,1.0805997848510742,1.0853991508483887,-0.0068520930021604975,0.005237694845632676,-0.01010978483250824,47.22101872049969,0.002390952864004925,0.002640047833922119,-0.0002490949699171939,20.098886957307023,0.009201575048217734,0.008594736138327804,0.01880484430503725,0,0,1,1537.908597986866,1.0,EURUSD=X
2016-01-05 00:00:00+00:00,1.082602620124817,1.0841047763824463,1.0712006092071533,1.0827549695968628,-0.00046677878725343014,0.005399421716663546,-0.010213673462266315,46.810658126562956,0.0017224932376922464,0.0024565369146761443,-0.000734043676983898,24.73884724099791,0.009544315327976735,0.00847759558409958,0.01939454366150164,0,1,1,1450.586227132856,1.0,EURUSD=X
2016-01-06 00:00:00+00:00,1.0751993656158447,1.0772031545639038,1.072199821472168,1.0751993656158447,-0.0024361372030363704,0.0054568305334405,-0.013458651982025782,44.63171247676372,0.0009682099179504355,0.002158871515331003,-0.0011906615973805673,40.12028842730953,0.009876760064638066,0.008814843243370498,0.019648620963142516,0,2,1,1314.9357587060508,1.0,EURUSD=X
2016-01-07 00:00:00+00:00,1.0777952671051025,1.0875996351242065,1.0774004459381104,1.0778998136520386,-0.006978129118013876,0.006640953103515026,-0.016106553496447518,39.0396702763454,-0.00023651277170588791,0.0016797946579236247,-0.0019163074296295126,13.88491054945237,0.00992521635464212,0.009185980182364531,0.024080372895832963,0,3,1,1105.4340655663382,1.0,EURUSD=X
2016-01-08 00:00:00+00:00,1.0927051305770874,1.0928961038589478,1.0808006525039673,1.0925976037979126,0.0025115788964840124,0.006843191558262405,-0.014174416992074224,41.84426898673609,-0.0009622681664500643,0.001151382093048887,-0.0021136502594989513,23.261695628057918,0.010102005865622099,0.009207921022840182,0.02475153253975703,0,4,1,921.7493391414731,1.0,EURUSD=X
2016-01-11 00:00:00+00:00,1.093900442123413,1.0945948362350464,1.0852001905441284,1.0941038131713867,0.013635580932217062,0.006784641257362151,0.006162204530784088,54.195997853990995,-0.0003474406359782467,0.0008516175472434603,-0.0011990581832217071,74.29693773645823,0.010451597604285462,0.009245861267228782,0.024209646006525913,0,0,1,902.1070496370562,1.0,EURUSD=X
2016-01-12 00:00:00+00:00,1.085894227027893,1.0901999473571777,1.082399845123291,1.0857999324798584,0.0013785581885210618,0.0065773635864180835,0.008019779927222359,55.24504343296851,0.000258374736901823,0.000732968985175133,-0.00047459424827330995,79.52695934367058,0.010376101039044927,0.00955265622737416,0.023437706526961657,0,1,1,835.4995054978705,1.0,EURUSD=X
2016-01-13 00:00:00+00:00,1.0843987464904785,1.0883997678756714,1.0805997848510742,1.0843987464904785,-0.007589664336749347,0.006258707011363606,0.0028122363494016422,48.632105559879314,6.765413642217943e-05,0.0005999060154245423,-0.0005322518790023628,50.693334878676744,0.010470948682548555,0.009556181326468636,0.02247276990148706,0,2,1,673.1394190662246,1.0,EURUSD=X
2016-01-14 00:00:00+00:00,1.0888028144836426,1.0950000286102295,1.0839990377426147,1.0886012315750122,-0.0012904642443472003,0.006265790465211133,0.008555976843759305,47.596777365500074,-0.00019431734329367067,0.0004410613436808997,-0.0006353786869745704,45.827986721084834,0.010280165421266313,0.0096559948233401,0.022527274683681705,0,3,1,531.9489732898352,1.0,EURUSD=X
2016-01-15 00:00:00+00:00,1.0857763290405273,1.0981999635696411,1.0857763290405273,1.085894227027893,0.003875405701209589,0.006257352846485435,0.009928026508063015,50.968306664068265,-6.211023554913986e-05,0.0003404270278348918,-0.00040253726338403166,60.4203058124229,0.010331652953148343,0.009443462971645496,0.022410090883089793,0,4,1,477.90667816308365,1.0,EURUSD=X
2016-01-18 00:00:00+00:00,1.0919057130813599,1.0927051305770874,1.0875996351242065,1.0920010805130005,-0.0024866815033844913,0.006209559479774784,-0.006135265853337346,48.79072859529762,-0.000173764741951965,0.00023758867387752047,-0.00041135341582948547,51.02075451392051,0.010481080208574444,0.00951441926478071,0.022294362642253485,0,0,1,440.15111824932995,1.0,EURUSD=X
2016-01-19 00:00:00+00:00,1.0895025730133057,1.0910003185272217,1.0861997604370117,1.0895025730133057,0.005623801410034268,0.0062251244745515875,-0.0019218767296781403,53.60627900895431,0.00022789328451544577,0.00023564959600510553,-7.756311489659761e-06,77.04062484822528,0.010218924732904436,0.009598049301975636,0.022225255673112464,0,1,1,427.59979884595884,1.0,EURUSD=X
2016-01-20 00:00:00+00:00,1.0911551713943481,1.0975996255874634,1.0892889499664307,1.09129798412323,-0.0022880082669158863,0.006207027431646549,0.0034100578041027507,51.47358007248495,0.00034067440744700583,0.0002566545582934856,8.401984915352024e-05,67.7866720827244,0.009903381543124744,0.009379440660375233,0.022211464705960762,0,2,1,397.3348231876519,1.0,EURUSD=X
2016-01-21 00:00:00+00:00,1.0877013206481934,1.0922002792358398,1.0781996250152588,1.0877013206481934,0.0016479181916557728,0.006077587058367873,0.0063622700183672,52.92298826544003,0.00056837703495205,0.0003189990536251985,0.00024937798132685155,74.43650187427976,0.009789616834403884,0.009074864690675035,0.021712489909225235,0,3,1,423.7486189299167,1.0,EURUSD=X
2016-01-22 00:00:00+00:00,1.0860947370529175,1.0864002704620361,1.0795987844467163,1.0862009525299072,-0.003295766625946994,0.006066163494663522,-0.0008266671952197324,49.71924598159082,0.0004533859726245648,0.0003458764374250718,0.000107509535199493,61.115207495352934,0.010090405219130825,0.00900028036057726,0.02174333961798954,0,4,1,408.0491657904847,1.0,EURUSD=X
2016-01-25 00:00:00+00:00,1.079901933670044,1.0850000381469727,1.079202651977539,1.079901933670044,-0.001379393487719649,0.00577345891089272,0.00028246351659277913,48.40290811045245,0.00023843898304476419,0.0003243889465490103,-8.59499635042461e-05,55.558155655733,0.009948414575012698,0.009289630243491245,0.02072276461610892,0,0,1,314.1778220998084,1.0,EURUSD=X
2016-01-26 00:00:00+00:00,1.0853756666183472,1.0879995822906494,1.082000494003296,1.0853049755096436,-0.005799128462548264,0.0057139433488337344,-0.011079793837999286,43.22837130354887,-0.0004351698663651593,0.0001724771839661764,-0.0006076470503313357,29.62334655326563,0.009737692144823801,0.009212331476436048,0.020628773403414378,0,1,1,148.02895643097526,1.0,EURUSD=X
2016-01-27 00:00:00+00:00,1.0864014625549316,1.091200351715088,1.0853049755096436,1.0864958763122559,0.00500327082593266,0.005210301613298951,-0.00385276511284649,48.330852644439254,-0.0005269550020159386,3.259074676975341e-05,-0.000559545748785692,38.003427346557466,0.009620546178808207,0.008972309502452177,0.018716854504570654,0,2,1,96.04453265727706,1.0,EURUSD=X
2016-01-28 00:00:00+00:00,1.0904054641723633,1.0950000286102295,1.0870002508163452,1.090798020362854,0.0010972959946609073,0.005017412352175367,-0.004400363494515447,49.41013610861412,-0.0004978606140466635,-7.349952539352997e-05,-0.0004243610886531335,41.480554313813144,0.009354462609282216,0.008854655032342975,0.01800418663556993,0,3,1,109.57019409053936,1.0,EURUSD=X
2016-01-29 00:00:00+00:00,1.0936970710754395,1.0947147607803345,1.082000494003296,1.0936970710754395,0.003959650601896625,0.004861009651771703,0.002847012921539216,53.2122929980814,-0.00012620126201112747,-8.403987271704948e-05,-4.216138929407799e-05,62.990910445537175,0.00929372615847446,0.008575797200448213,0.017374164785590663,0,4,1,103.39351399147097,1.0,EURUSD=X
2016-02-01 00:00:00+00:00,1.0826259851455688,1.091200351715088,1.0826259851455688,1.0825908184051514,0.0026577337494810838,0.0051253467169715015,0.006901226267637561,55.63215397050476,0.00039768633573888934,1.2305368974138293e-05,0.00038538096676475104,77.4859186410371,0.009538050488371896,0.0084975322731146,0.0182703974317279,0,0,2,92.24727385230328,1.0,EURUSD=X
2016-02-02 00:00:00+00:00,1.0898945331573486,1.0939997434616089,1.0895264148712158,1.0897282361984253,-0.010154779567405514,0.005202978400828619,0.0024899341794575314,45.84888761725946,-8.236133015793179e-05,-6.627970852275724e-06,-7.573335930565607e-05,21.95559529131277,0.00964755301990752,0.00881039292613172,0.018737406448012642,0,1,2,-57.707976305396755,1.0,EURUSD=X
2016-02-03 00:00:00+00:00,1.0922038555145264,1.107800006866455,1.0906004905700684,1.0922038555145264,0.006592904421440338,0.005162625550170042,0.004075592380569981,51.724378163684264,0.00011183820092663943,1.7065263503507307e-05,9.477293742313213e-05,57.64208016689018,0.009773365308232519,0.008853173387122206,0.018470311347461996,0,2,2,-93.34964559091749,1.0,EURUSD=X
2016-02-04 00:00:00+00:00,1.1092008352279663,1.1238000392913818,1.107200264930725,1.1091023683547974,0.0022717767915581,0.0044736215376312005,0.005253567295298245,53.60472485749372,0.00046019962285082094,0.00010569213537297004,0.0003545074874778509,47.310979195025496,0.010366108548218038,0.008948297754935487,0.015968985600497743,0,3,2,-94.30806260012413,1.0,EURUSD=X
2016-02-05 00:00:00+00:00,1.119996428489685,1.1217050552368164,1.1110000610351562,1.119996428489685,0.015471940292968833,0.006004835552688552,0.016780694180077882,63.93192003250059,0.0020759174350029053,0.0004997371952989571,0.001576180239703948,67.76855831268104,0.01188254249312071,0.0093463947458653,0.021108203850748634,0,4,2,35.90189847737872,1.0,EURUSD=X
2016-02-08 00:00:00+00:00,1.1147029399871826,1.1190000772476196,1.108799934387207,1.114504098892212,0.009822411750006088,0.009100887599338291,0.024046290430663086,68.75972236933697,0.004187177869130032,0.0012372253300651722,0.00294995253906486,91.6588240214993,0.011933981378042021,0.010609446772204725,0.031680272375721984,0,0,2,309.72787015657815,0.0,EURUSD=X
2016-02-09 00:00:00+00:00,1.1190940141677856,1.1313996315002441,1.1164003610610962,1.1189812421798706,-0.004903881349764272,0.010526262288112735,0.02947861735431534,64.1012406198146,0.005355447610381425,0.002060869786128423,0.003294577824253002,79.61435099497025,0.011881303715501735,0.010707884690513106,0.03682258821433948,0,1,2,542.4270465263961,0.0,EURUSD=X
2016-02-10 00:00:00+00:00,1.1289994716644287,1.1309019327163696,1.1166322231292725,1.1289994716644287,0.004017161796092905,0.012039265234396733,0.02684431311378699,66.11648547127687,0.006566878950714727,0.0029620716190456842,0.003604807331669043,76.65716577707866,0.012239462922111057,0.010617965045022512,0.04194681300418458,0,2,2,785.5086718755954,0.0,EURUSD=X
2016-02-11 00:00:00+00:00,1.1284006834030151,1.1368002891540527,1.1276004314422607,1.128095269203186,0.008952991441609548,0.014210346853434268,0.03368933003131391,70.15395972627977,0.00824034484346825,0.004017726263930198,0.004222618579538052,95.40172657927191,0.012384480541038636,0.010840981975011038,0.04907188420367824,0,3,2,1095.149515228545,0.0,EURUSD=X
2016-02-12 00:00:00+00:00,1.131733775138855,1.133375644683838,1.122999906539917,1.1317979097366333,-0.000800888294402502,0.015827652396958894,0.01712456973341614,69.35074467747057,0.009385427670301594,0.005091266545204478,0.004294161125097116,84.88649816625411,0.012157007481806733,0.010978222211485946,0.05470065413296059,0,4,2,1412.371488145253,0.0,EURUSD=X
2016-02-15 00:00:00+00:00,1.1225990056991577,1.1239490509033203,1.112999439239502,1.1225990056991577,0.003282205532217697,0.017293611912098578,0.010537070428753514,70.82386414807891,0.010470983230513653,0.006167209882266313,0.00430377334824734,90.87153628283163,0.01202977395767203,0.010741323497085835,0.059571510898226064,0,0,2,1760.9286154246129,0.0,EURUSD=X
2016-02-16 00:00:00+00:00,1.117817997932434,1.1192004680633545,1.112999439239502,1.1174057722091675,-0.0081276913116195,0.017896770017917233,0.0072632364609444,62.75395961277894,0.01046834657264184,0.007027437220341419,0.0034409093523004213,74.08515229696276,0.012513252281919126,0.010716002683593911,0.06215438849149648,0,1,2,2134.735415987686,0.0,EURUSD=X
2016-02-17 00:00:00+00:00,1.1146035194396973,1.1180005073547363,1.1108001470565796,1.1147029399871826,-0.004626080607256444,0.018001631322630805,-0.0014079502956045875,58.6883373207378,0.009932708381972244,0.007608491452667584,0.0023242169293046597,64.60841342284215,0.01230513186604317,0.011198485450079424,0.06280912547135482,0,2,2,2388.6466612444488,0.0,EURUSD=X
2016-02-18 00:00:00+00:00,1.1121985912322998,1.115200161933899,1.1074001789093018,1.112297534942627,-0.00241884576687057,0.01797048323174283,-0.012663010068702185,56.63191154808321,0.009184245025340765,0.00792364216720222,0.0012606028581385442,59.67621939812136,0.011940505325479854,0.011038933714649268,0.06285247775112171,0,3,2,2578.1982313548056,0.0,EURUSD=X
2016-02-19 00:00:00+00:00,1.1110000610351562,1.1150000095367432,1.1067994832992554,1.1110987663269043,-0.0021578888493676285,0.01763190025504711,-0.014003900815679815,54.79185549434416,0.00830129418653014,0.007999172571067805,0.00030212161546233456,54.770523295345775,0.011644753732559661,0.010734992167447133,0.0618016314143835,0,4,2,2621.0501708620664,0.0,EURUSD=X
2016-02-22 00:00:00+00:00,1.1123965978622437,1.1124955415725708,1.1006003618240356,1.1123965978622437,-0.0010777409623446976,0.01708513620026608,-0.018288727370547653,53.8527602724691,0.0074192936775294704,0.007883196792360138,-0.00046390311483066743,45.63271316969352,0.011398737482911672,0.010480394799694679,0.05994977726329312,0,0,2,2566.8585782055998,0.0,EURUSD=X
2016-02-23 00:00:00+00:00,1.1027060747146606,1.1051994562149048,1.0991994142532349,1.102803349494934,0.001168061359324346,0.015926927302194516,-0.009088203165261155,54.756855234004775,0.006747248003182271,0.007656007034524565,-0.0009087590313422936,47.17792709107423,0.01143419764474192,0.010247008580228742,0.05582055366136119,0,1,2,2636.491748810203,0.0,EURUSD=X
2016-02-24 00:00:00+00:00,1.1024993658065796,1.1040000915527344,1.0959985256195068,1.1027060747146606,-0.00862394615890183,0.015063744623049375,-0.013068146842810435,47.36935010506334,0.0053785514027751,0.007200515908174672,-0.0018219645053995717,9.584711130274334,0.011560125213618124,0.01036830151992066,0.05325454296845442,0,2,2,2563.1740771521736,0.0,EURUSD=X
2016-02-25 00:00:00+00:00,1.1014914512634277,1.105000376701355,1.0991994142532349,1.1013944149017334,-8.82068233815092e-05,0.0141996542200988,-0.010762387755665181,47.299665535687666,0.004237156916818696,0.006607844109903477,-0.0023706871930847806,16.439360738598182,0.011305942407875939,0.010483414827119234,0.05020417049448653,0,3,2,2424.1075836755663,0.0,EURUSD=X
2016-02-26 00:00:00+00:00,1.1024993658065796,1.107000470161438,1.0926001071929932,1.1024993658065796,-0.001189491781177221,0.013638959159453554,-0.009802341278636328,46.31037661640822,0.003189981457937696,0.005924271579510321,-0.0027342901215726247,13.22464720834429,0.010912729553607666,0.010265116887200356,0.048279209774748096,0,4,2,2185.2624678097154,0.0,EURUSD=X
2016-02-29 00:00:00+00:00,1.0925976037979126,1.0962003469467163,1.0864002704620361,1.0923947095870972,0.0010032290793346998,0.0132083550630854,-0.007739546457020019,47.310143039699646,0.0024213360115321603,0.005223684465914689,-0.0028023484543825286,22.396420499598143,0.011161846226096034,0.009898173089309672,0.046708097773435216,0,0,2,1891.5314350343542,0.0,EURUSD=X
2016-03-01 00:00:00+00:00,1.0886961221694946,1.0894005298614502,1.0838005542755127,1.0888975858688354,-0.009165226332887633,0.012253974195647723,-0.017980896663640666,39.97854826289277,0.0009854579034034305,0.004376039153412437,-0.0033905812500090067,11.893724011674937,0.011514506877413707,0.010217777629401906,0.0437339966381634,0,1,3,1609.4473740649933,0.0,EURUSD=X
2016-03-02 00:00:00+00:00,1.0877013206481934,1.0879995822906494,1.0826002359390259,1.0875948667526245,-0.0032013371060571894,0.012332042454106625,-0.012609468072859231,37.7955233455606,-0.00042972094406201755,0.0034148871339175465,-0.003844608077979564,9.617088849602109,0.011305910336997333,0.010574462673848468,0.04415397121327032,0,2,3,1312.8810368082763,0.0,EURUSD=X
2016-03-03 00:00:00+00:00,1.0870037078857422,1.0937999486923218,1.0855995416641235,1.086897373199463,-0.0011963651431659006,0.012742793464938711,-0.013703749628790618,36.985335527357115,-0.0016375028088215782,0.0024044091453697216,-0.004041911954191299,9.836712174392806,0.010948156022198207,0.010395332566026982,0.0456792841076853,0,3,3,968.3100879666202,0.0,EURUSD=X
2016-03-04 00:00:00+00:00,1.0947985649108887,1.1040000915527344,1.090800404548645,1.094894528388977,-0.0006413174376633801,0.01383830312068333,-0.013162443449982408,36.533777034603,-0.0026207501622750318,0.001399377283840771,-0.004020127446115802,10.392407289417314,0.010751888236912494,0.010072851671331666,0.049638207957533306,0,4,3,615.6395489027708,0.0,EURUSD=X
2016-03-07 00:00:00+00:00,1.0993964672088623,1.0999042987823486,1.0941996574401855,1.0993964672088623,0.0073577831603117705,0.014011935994618679,-0.006897815684491437,44.84806754848182,-0.002723284852429453,0.0005748448565867263,-0.003298129709016179,33.59074993893005,0.011205518959509565,0.009820021890814245,0.049893923102575115,0,0,3,284.6090583698969,0.0,EURUSD=X
2016-03-08 00:00:00+00:00,1.1013944149017334,1.1060001850128174,1.1006003618240356,1.1016006469726562,0.004111755701719844,0.014086647129362221,0.006409549186128682,48.90596867047955,-0.002413454691249761,-2.2815052980571215e-05,-0.00239063963826919,47.44661720978317,0.010812599129699103,0.010192427658020435,0.04995455476634815,0,1,3,4.219316712894372,0.0,EURUSD=X
2016-03-09 00:00:00+00:00,1.1001946926116943,1.1015156507492065,1.0947985649108887,1.1004005670547485,0.0020048998059725154,0.01390147193602795,0.01166598334744684,50.81412196012842,-0.001967374501860464,-0.00041172694275654976,-0.001555647559103914,58.28360173768046,0.010511964749288815,0.0098153529225074,0.049199240549814484,0,2,3,-174.96640094707035,0.0,EURUSD=X
2016-03-10 00:00:00+00:00,1.0986958742141724,1.1160004138946533,1.0827666521072388,1.0989010334014893,-0.0010893965260511118,0.012961075615193825,0.01177432948020396,49.72527185494083,-0.0016911941246864348,-0.0006676203791425268,-0.0010235737455439081,54.939677470390635,0.010246973128751584,0.009552852901034366,0.045921073576665146,0,3,3,-383.26120744458734,0.0,EURUSD=X
2016-03-11 00:00:00+00:00,1.1179054975509644,1.12100088596344,1.1083770990371704,1.1178430318832397,-0.0013627161764127038,0.01189350861996667,0.011043968361696965,48.331646640414206,-0.0015751615379901995,-0.0008491286109120614,-0.0007260329270781382,48.80452279062463,0.011888886604370366,0.00932474610296212,0.04219618656584696,0,4,3,-544.1141000518983,0.0,EURUSD=X
2016-03-14 00:00:00+00:00,1.1162956953048706,1.1168005466461182,1.1095995903015137,1.1167943477630615,0.017237219645811264,0.010514559923740755,0.020959556285324643,62.593362132824566,4.4740356546668636e-05,-0.0006703548174203154,0.0007150951739669841,91.77656087021309,0.012618241315626102,0.010635559971547219,0.036671786746379754,0,0,3,-508.3418122723905,0.0,EURUSD=X
2016-03-15 00:00:00+00:00,1.1101982593536377,1.112999439239502,1.1074001789093018,1.1101982593536377,-0.000938131821971,0.010026559705744332,0.015824937657266336,61.579940914861965,0.0012297286876190583,-0.0002903381164124407,0.001520066804031499,89.04565886852431,0.012305755620347528,0.011298625696754673,0.03500261821116316,0,1,3,-414.5317955612657,0.0,EURUSD=X
2016-03-16 00:00:00+00:00,1.1110000610351562,1.1110987663269043,1.1057995557785034,1.1109012365341187,-0.0059062695138417665,0.009607841969963239,0.007804654440435321,55.493918283063664,0.0016179406557972342,9.131763802949433e-05,0.00152662301776774,71.86863607013362,0.012097785137019831,0.011084286537714438,0.033740157306021014,0,2,3,-311.00776340193306,0.0,EURUSD=X
2016-03-17 00:00:00+00:00,1.1217050552368164,1.1344043016433716,1.1207997798919678,1.1218937635421753,0.0006331996781279159,0.0093949034645059,0.009542588211741254,55.993095276637675,0.001959735213288072,0.00046500115308120986,0.001494734060206862,73.69927482243084,0.011612172666404191,0.010890063616063206,0.032971496995920495,0,3,3,-173.98989730925382,0.0,EURUSD=X
2016-03-18 00:00:00+00:00,1.1315417289733887,1.1339025497436523,1.1258002519607544,1.1317979097366333,0.009895143372377513,0.010132564483353505,0.02092338567515517,62.984437358057335,0.0030820865485656768,0.0009884182321781034,0.002093668316387573,75.85027751953682,0.012461522126607671,0.010350510042716407,0.03521189810092023,0,4,3,76.6690750719996,0.0,EURUSD=X
2016-03-21 00:00:00+00:00,1.1275991201400757,1.1289994716644287,1.1238000392913818,1.1279042959213257,0.008828060656284942,0.011898465018762064,0.012483754387128565,67.9282950540009,0.004716372487175047,0.0017340090831774921,0.0029823634039975546,94.96875028764462,0.012429183846241199,0.01101037739989062,0.04098678414550667,0,0,3,353.7661112337592,0.0,EURUSD=X
2016-03-22 00:00:00+00:00,1.1236965656280518,1.126199722290039,1.1191942691802979,1.1235954761505127,-0.003440202338077847,0.012927658637884934,0.009948069830866713,64.29279284103671,0.005632446436862448,0.0025136965539144835,0.003118749882947965,87.45271122320302,0.012112661460456217,0.011019714962685244,0.044685787813382574,0,1,3,611.3228397094998,0.0,EURUSD=X
2016-03-23 00:00:00+00:00,1.122296690940857,1.122296690940857,1.1165997982025146,1.122296690940857,-0.003820199804535185,0.013571384504815242,0.01206740929739425,60.43789255019822,0.005942257254052841,0.003199408693942155,0.0027428485601106857,79.06793668969084,0.01186961612335419,0.010780268982529838,0.047090789007427886,0,2,3,840.0351887680312,0.0,EURUSD=X
2016-03-24 00:00:00+00:00,1.1182055473327637,1.1190000772476196,1.1149640083312988,1.118105411529541,-0.0011559188669088005,0.014026172108879279,0.010257846541147808,59.28403472562109,0.006013661698043737,0.003762259294762472,0.0022514024032812656,76.55274627858013,0.011521477682257322,0.010576183837273469,0.048725160144786214,0,3,3,1074.0079483253928,0.0,EURUSD=X
2016-03-25 00:00:00+00:00,1.1166945695877075,1.1177055835723877,1.1156729459762573,1.1167943477630615,-0.003734555617198043,0.01417756215900113,-0.003376747545750902,55.59531908275516,0.005666726517953968,0.004143152739400771,0.001523573778553197,68.43603405607062,0.011222278034207377,0.010304464644792498,0.04943569049916162,0,4,3,1276.7734136305533,0.0,EURUSD=X
2016-03-28 00:00:00+01:00,1.1159967184066772,1.1218056678771973,1.115536093711853,1.1159967184066772,-0.001172576174804485,0.01425953223197042,-0.013256396609764964,54.45394332552876,0.005225746842575152,0.004359671560035648,0.000866075282539504,65.8970653418535,0.01059443428556997,0.010048652248899356,0.04977988235580751,0,0,3,1308.9757881284136,0.0,EURUSD=X
2016-03-29 00:00:00+01:00,1.1200968027114868,1.122399926185608,1.1170001029968262,1.1202723979949951,-0.0007142132819546454,0.013830623458800508,-0.01055725876540059,53.73120843221546,0.004757068722694102,0.004439150992567339,0.0003179177301267629,64.35239906918332,0.010285515705553847,0.00949324860085232,0.048317074876664715,0,1,3,1324.7247886983164,0.0,EURUSD=X
2016-03-30 00:00:00+01:00,1.1290122270584106,1.1361995935440063,1.1287955045700073,1.12920343875885,0.0038312653772156757,0.013115513930525288,-0.002957539635975226,57.024001014687684,0.004676739009346065,0.004486668595923084,0.0001900704134229804,72.63255826838548,0.010008207996509335,0.00918126316774592,0.0456439763172234,0,2,3,1407.3178519689538,0.0,EURUSD=X
2016-03-31 00:00:00+01:00,1.1334012746810913,1.1410002708435059,1.1311999559402466,1.1334655284881592,0.007972204599380639,0.012456968006873164,0.006154119381928336,62.95452407429975,0.005272954149459608,0.00464392570663039,0.000629028442829218,76.9863615330923,0.01043099282168804,0.008863069003323025,0.04300925808596882,0,3,3,1565.4152719528272,0.0,EURUSD=X
2016-04-01 00:00:00+01:00,1.1379023790359497,1.1437996625900269,1.1341983079910278,1.1379671096801758,0.0037744214930781617,0.011587012610856916,0.01373762867099071,65.40782112405756,0.00601997938978438,0.004919136443261188,0.0011008429465231917,78.59491677531877,0.010528552769042878,0.009202743761957299,0.03985519670434694,0,4,4,1702.8068985264995,0.0,EURUSD=X
2016-04-04 00:00:00+01:00,1.1397050619125366,1.1412007808685303,1.1359995603561401,1.1390039920806885,0.003971520155554131,0.011536267667417308,0.018958514573003793,67.830970044143,0.006895752315444259,0.005314459617697803,0.0015812926977464559,84.65121969582894,0.010514665721387506,0.009252071241322532,0.039523683067636935,0,0,4,1725.150478984062,0.0,EURUSD=X
2016-04-05 00:00:00+01:00,1.1387057304382324,1.140706181526184,1.134000301361084,1.1389002799987793,0.0009111707989557516,0.01161615109237369,0.020615897246417436,68.38039418507427,0.007586029388119808,0.0057687735717822045,0.0018172558163376037,87.37984992220048,0.010135133920744837,0.009231456425521145,0.03976113747196537,0,1,4,1729.6129081069446,0.0,EURUSD=X
2016-04-06 00:00:00+01:00,1.138096570968628,1.142799735069275,1.133144497871399,1.138200283050537,-9.10550644512842e-05,0.011543449708414892,0.016627993367616112,68.25482367614931,0.008032120952620625,0.006221443047949889,0.001810677904670736,83.0092893079941,0.009890187223913069,0.008899052971306408,0.0395158846875288,0,2,4,1793.4537618571942,0.0,EURUSD=X
2016-04-07 00:00:00+01:00,1.1399649381637573,1.145304799079895,1.134000301361084,1.1404979228973389,-0.0006146253192974571,0.01096788241528839,0.007967425516854476,67.35577670840638,0.00823424853631427,0.006624004145622766,0.0016102443906915046,80.58174963103215,0.009873405079196134,0.008689320650497444,0.03756867605527238,0,3,4,1862.9993524992817,0.0,EURUSD=X
2016-04-08 00:00:00+01:00,1.1369062662124634,1.14199960231781,1.1350003480911255,1.1373976469039917,0.0020186604071505965,0.009954506315780183,0.006204330200107355,68.80809376944026,0.008482060522299939,0.006995615420958201,0.0014864451013417383,84.15705041313547,0.00997562598202577,0.008657100447946087,0.034028830361226295,0,4,4,1973.2534657297113,0.0,EURUSD=X
2016-04-11 00:00:00+01:00,1.140706181526184,1.1450005769729614,1.1374363899230957,1.1403028964996338,-0.002718353037830301,0.010113475216381292,-0.0005004211205578146,64.6298720533471,0.00833223808994421,0.007262939954755403,0.0010692981351888078,73.93887245252773,0.009763027999501397,0.008770570265535125,0.03466649093699469,0,0,4,2032.4247912643777,0.0,EURUSD=X
2016-04-12 00:00:00+01:00,1.1412137746810913,1.1463998556137085,1.1353057622909546,1.141291856765747,0.0025542954159876174,0.010283513405977334,0.0011403861865071363,66.67220397516371,0.008351659364646213,0.007480683836733565,0.000870975527912648,83.51426427311338,0.009608735290177707,0.008561784793733998,0.035159531951668155,0,1,4,2129.9250467447127,0.0,EURUSD=X
2016-04-13 00:00:00+01:00,1.1386020183563232,1.1393024921417236,1.1273995637893677,1.138498306274414,0.0008672785705876596,0.009833312008628373,0.0020999000605832485,67.36304700110463,0.008350591275004149,0.007654665324387682,0.0006959259506164666,83.75103809968033,0.00971483229250458,0.008419174493549307,0.0335911517490528,0,2,4,2252.1107512529065,0.0,EURUSD=X
2016-04-14 00:00:00+01:00,1.128006100654602,1.1293998956680298,1.1236006021499634,1.1279042959213257,-0.0024477091243334526,0.009019810479477022,0.0002618372428078164,63.36727949399215,0.00803174368665971,0.007730080996842088,0.00030166268981762084,74.39861879306616,0.01001322234135278,0.008533023052353138,0.030887788690807192,0,3,4,2320.784968087805,0.0,EURUSD=X
2016-04-15 00:00:00+01:00,1.1265066862106323,1.1318004131317139,1.124758243560791,1.1270017623901367,-0.00930524911166175,0.008809717597385651,-0.011042218247991342,51.010011616641684,0.006845298240996334,0.007553124445672937,-0.0007078262046766037,40.07354077186911,0.010362113897288345,0.008877723382703765,0.030451699126625865,0,4,4,2271.9455271476468,0.0,EURUSD=X
2016-04-18 00:00:00+01:00,1.130096673965454,1.133199691772461,1.1274974346160889,1.1299946308135986,-0.0008001862697506468,0.00885117045632911,-0.009140061562596613,50.113411068222895,0.005765740892293536,0.0071956477349970575,-0.0014299068427035214,34.0195358908131,0.010124975016833668,0.00919440789099784,0.030619486509311733,0,0,4,2221.9511832037006,0.0,EURUSD=X
2016-04-19 00:00:00+01:00,1.1310042142868042,1.1386020183563232,1.1305055618286133,1.1309019327163696,0.002655602256659062,0.00882835951311605,-0.009039936421873729,53.059847243536474,0.005092974742420209,0.006775113136481688,-0.0016821383940614793,28.044903636002385,0.00984447175722585,0.00896019745646372,0.030459686171933422,0,1,4,2176.8938274936345,0.0,EURUSD=X
2016-04-20 00:00:00+01:00,1.1358860731124878,1.1385993957519531,1.1322002410888672,1.1359634399414062,0.0008029258529465011,0.008662653786611383,-0.009103652135765694,53.94784539833736,0.0045802165176132,0.006336133812707991,-0.0017559172950947907,32.024428247252345,0.00975610859904719,0.008704973855319112,0.029863988201197133,0,2,4,2105.5391018103023,0.0,EURUSD=X
2016-04-21 00:00:00+01:00,1.1305055618286133,1.1393998861312866,1.1278001070022583,1.1305055618286133,0.004475637611547123,0.008460047821066031,-0.0022264998718380946,58.64765661174461,0.004530053624190344,0.005974917775004462,-0.0014448641508141178,54.22474824055968,0.009609062487371213,0.008588400168539241,0.029035563420397814,0,3,4,2037.2011796333975,0.0,EURUSD=X
2016-04-22 00:00:00+01:00,1.1293054819107056,1.1309019327163696,1.1239995956420898,1.12920343875885,-0.004804624797673518,0.007827945123835587,0.002306282471566279,52.43368205970582,0.004003741381038761,0.005580682496211322,-0.0015769411151725608,30.285902517071538,0.009751256533203865,0.008499792315774527,0.026995841096460617,0,4,4,1915.6802085050463,0.0,EURUSD=X
2016-04-25 00:00:00+01:00,1.1233052015304565,1.1279042959213257,1.1226998567581177,1.123406171798706,-0.00115180598285336,0.006961089024599555,0.0019535695880759096,51.044121669251155,0.0034418887361833406,0.005152923744205726,-0.0017110350080223853,24.574649419097117,0.00954776228613786,0.008635517922192866,0.024034040566951718,0,0,4,1808.200215372564,1.0,EURUSD=X
2016-04-26 00:00:00+01:00,1.1266716718673706,1.1339025497436523,1.1257964372634888,1.1269001960754395,-0.005133943770589289,0.006151725125734799,-0.0058305224071275585,45.28945569130869,0.0025000069493914534,0.004622340385242871,-0.002122333435851418,2.980232382676928,0.009330320837180328,0.008498940566483416,0.021349214975498725,0,1,4,1631.0004876995076,1.0,EURUSD=X
2016-04-27 00:00:00+01:00,1.1298030614852905,1.134000301361084,1.1291996240615845,1.1299052238464355,0.0031102056980327752,0.005551196674600068,-0.003538535504416518,49.01991448223449,0.0020123008541867993,0.004100332479031657,-0.002088031624844858,17.722951561792666,0.009413610630592182,0.008279633697530847,0.019205382177887878,0,2,4,1433.6143524004224,1.0,EURUSD=X
2016-04-28 00:00:00+01:00,1.1327978372573853,1.1366000175476074,1.1299052238464355,1.132900595664978,0.002666631687048726,0.005522586861584068,-0.005333108339545811,52.048243031919284,0.0018469800507392442,0.0036496619933731747,-0.0018026819426339305,30.402394245762284,0.009248360248810206,0.008331327647593546,0.019055587054625275,0,3,4,1261.5083499516566,1.0,EURUSD=X
2016-04-29 00:00:00+01:00,1.1357957124710083,1.1460003852844238,1.1357957124710083,1.135589361190796,0.0026509938668533017,0.005526157623579145,0.0021185511307797444,54.92264679013042,0.001935354038682613,0.0033068004024350626,-0.0013714463637524497,43.04109451234847,0.00906596263826461,0.00816343488934411,0.019017492648561507,0,4,4,1153.912423836078,1.0,EURUSD=X
2016-05-02 00:00:00+01:00,1.1461974382400513,1.15280020236969,1.1450163125991821,1.146302580833435,0.0023733463784081366,0.005457675614637031,0.005655245293057831,57.39166711313141,0.0021970260194592584,0.003084845525839902,-0.0008878195063806438,54.38609727880891,0.00935409313692041,0.00798348676739795,0.018737351241390747,0,0,5,1080.6762195253118,1.0,EURUSD=X
2016-05-03 00:00:00+01:00,1.1526048183441162,1.1613997220993042,1.1503998041152954,1.1524986028671265,0.00943406129783142,0.006042701419152339,0.020381238424272752,65.5000837918644,0.0032316181580052117,0.0031142000522729643,0.00011741810573224739,78.41346534653465,0.009915289425632813,0.008160230373135327,0.020551979557348964,0,1,5,1028.6675409055456,1.0,EURUSD=X
2016-05-04 00:00:00+01:00,1.150244951248169,1.15280020236969,1.146999478340149,1.1504037380218506,0.0054052238364381555,0.007256857641220692,0.022715770998031903,69.15595187307873,0.0044996380509154665,0.0033912876520014647,0.0011083503989140018,76.99961187538119,0.010285421699935408,0.008603298434346096,0.024548784299633072,0,2,5,1012.0459265513606,1.0,EURUSD=X
2016-05-05 00:00:00+01:00,1.1491215229034424,1.1495997905731201,1.1390001773834229,1.1493064165115356,-0.0018176723512414172,0.00803303402980399,0.01814179963309992,66.5868080831652,0.005274711277921007,0.0037679723771853733,0.0015067389007356337,71.58650558468202,0.009965086152050094,0.008940706084301725,0.02722394862450078,0,3,5,973.2718085662918,0.0,EURUSD=X
2016-05-06 00:00:00+01:00,1.140198826789856,1.1471836566925049,1.1393284797668457,1.1406019926071167,-0.0009538577405892035,0.008553663405645411,0.014481253615131084,65.220016426109,0.0057343160928098325,0.004161241120310266,0.0015730749724995668,68.75103961951466,0.010067834329648497,0.008670521637125199,0.029016038512200405,0,4,5,1005.5408155865822,0.0,EURUSD=X
2016-05-09 00:00:00+01:00,1.1387965679168701,1.142999529838562,1.1375994682312012,1.1387965679168701,-0.007573632043958556,0.008614779264808026,0.004414123262888259,55.48988377324416,0.005334687005629002,0.004395930297374013,0.0009387567082549892,46.25890992428489,0.010061413073580027,0.008826772524424643,0.029446373884752828,0,0,5,1016.1437134102865,0.0,EURUSD=X
2016-05-10 00:00:00+01:00,1.1383687257766724,1.1405993700027466,1.1361995935440063,1.1387965679168701,-0.0015828700124570494,0.0085814165684666,-0.006548020602996085,53.70035357976867,0.004816770657127156,0.004480098369324642,0.0003366722878025141,41.593713613316986,0.009728459397421512,0.008835127675160407,0.029378838973137984,0,1,5,1044.0095620146064,0.0,EURUSD=X
2016-05-11 00:00:00+01:00,1.1375011205673218,1.1445995569229126,1.1373976469039917,1.1374363899230957,0.0,0.008516699958223763,-0.011888981831447931,53.70035357976867,0.004356103766909092,0.004455299448841533,-9.919568193244091e-05,41.593713613316986,0.009347839187515706,0.008542754405395847,0.0291572789479321,0,2,5,1051.067431531374,0.0,EURUSD=X
2016-05-12 00:00:00+01:00,1.1425960063934326,1.143105387687683,1.1379995346069336,1.142700433731079,-0.0011943994494666432,0.008502087129043675,-0.011271997534580858,52.22865196829184,0.0038370359785806496,0.004331646754789357,-0.000494610776208707,38.07902956523882,0.009194558532616078,0.008218340181772919,0.02914205857403209,0,3,5,1011.0477182808534,0.0,EURUSD=X
2016-05-13 00:00:00+01:00,1.1375269889831543,1.1380059719085693,1.1283994913101196,1.1376951932907104,0.004627989621766249,0.008430016302982318,-0.005747799442821777,57.12583897958914,0.0038065557532782623,0.004226628554487138,-0.0004200728012088758,51.681257277336606,0.008942732763471172,0.008046342034363756,0.028761916177898857,0,4,5,1036.048234211281,0.0,EURUSD=X
2016-05-16 00:00:00+01:00,1.1316953897476196,1.1344043016433716,1.1305439472198486,1.1316953897476196,-0.004380185998552388,0.00813271023606833,-0.002548478202955007,51.69894874091048,0.0033400172424475905,0.004049306292079229,-0.0007092890496316383,33.42038826499521,0.009325462024720335,0.007860394256922972,0.027869627859674284,0,0,5,1055.498312078782,0.0,EURUSD=X
2016-05-17 00:00:00+01:00,1.1316057443618774,1.1347993612289429,1.130399465560913,1.1316057443618774,-0.00527364761534832,0.008064314117952066,-0.006235686310716804,46.051422413878036,0.002457815935738905,0.003731008220811164,-0.001273192285072259,9.987501174022672,0.009170160885159012,0.008240258031624582,0.027781755391668533,0,1,5,984.950864104172,0.0,EURUSD=X
2016-05-18 00:00:00+01:00,1.1313753128051758,1.1316953897476196,1.1259993314743042,1.1316057443618774,-7.921335242178085e-05,0.008037447297938073,-0.006314405713521265,45.97061848228508,0.0017314720785062132,0.0033311009923501743,-0.001599628913843961,9.715850389775527,0.008829427655364068,0.008103671204258641,0.027691392080876828,0,2,5,845.2884006232052,0.0,EURUSD=X
2016-05-19 00:00:00+01:00,1.1221959590911865,1.123103380203247,1.118200421333313,1.122296690940857,0.0,0.008128731714187008,-0.005126128909602179,45.97061848228508,0.0011426673803496268,0.002893414269950065,-0.001750746889600438,15.837149784482758,0.008605615556646308,0.007802565247972526,0.028005893995168906,0,3,5,693.5899653588596,0.0,EURUSD=X
2016-05-20 00:00:00+01:00,1.1201595067977905,1.1239995956420898,1.1198960542678833,1.1205987930297852,-0.008226410538654472,0.008658216492045392,-0.017855723326892448,37.95090993305457,-7.42712444454785e-05,0.002299877167070956,-0.0023741484115164346,9.48225905260195,0.008948451804640462,0.007667861472024788,0.030077556575544347,0,4,5,483.1146847438232,0.0,EURUSD=X
2016-05-23 00:00:00+01:00,1.1220952272415161,1.1243029832839966,1.1190000772476196,1.1221708059310913,-0.0015128779446443863,0.009233612553962716,-0.015027223778167675,36.69355255523477,-0.0011623116386074717,0.0016074394059352706,-0.0027697510445427423,5.5518761969413495,0.008602386773895182,0.00798541981331816,0.03212501144313778,0,0,5,325.3155905410389,0.0,EURUSD=X
2016-05-24 00:00:00+01:00,1.1217050552368164,1.122999906539917,1.1145998239517212,1.121604323387146,0.0014028329417130614,0.009326326580970414,-0.008416208021005067,38.717964713922534,-0.00187611648363184,0.0009107282280218486,-0.0027868447116536884,11.475172613387358,0.008366709578358165,0.007665844386993815,0.0324021215653783,0,1,5,154.09657090921277,0.0,EURUSD=X
2016-05-25 00:00:00+01:00,1.1136974096298218,1.1171000003814697,1.112999439239502,1.113796591758728,-0.000504809553903196,0.009666958231650005,-0.008838255748137236,38.24337068891993,-0.002459174539693576,0.00023674767447876365,-0.0026959222141723395,20.012874615549674,0.008369093364775138,0.007459591055329959,0.03360252875602648,0,2,5,-61.26809781638689,0.0,EURUSD=X
2016-05-26 00:00:00+01:00,1.1156978607177734,1.1219995021820068,1.1156978607177734,1.1158970594406128,-0.006961217486073257,0.010783955945000553,-0.015737948213750186,32.356387412567685,-0.003510800616200349,-0.0005127619836570589,-0.00299803863254329,2.3319314543970875,0.008385935563551489,0.007514023140939958,0.03774800590956336,0,3,5,-319.56663081514534,0.0,EURUSD=X
2016-05-27 00:00:00+01:00,1.1192944049835205,1.1201996803283691,1.112599492073059,1.1192066669464111,0.0018858629101818902,0.011591564455024161,-0.005702263538600594,35.24434079071766,-0.004127156381105612,-0.0012356408631467696,-0.0028915155179588424,9.169650031499806,0.008372862339246298,0.007514972364704741,0.040498572488166414,0,4,5,-618.5691223990632,0.0,EURUSD=X
2016-05-30 00:00:00+01:00,1.1110987663269043,1.1150000095367432,1.1100010871887207,1.1110000610351562,0.002965871697392375,0.012048393391428644,-0.0012423055352488444,39.6186678108963,-0.0042990088017955674,-0.0018483144508765292,-0.0024506943509190384,20.64737963611438,0.008317671333250853,0.007481069034453134,0.04197016191549662,0,0,5,-836.2674735040836,0.0,EURUSD=X
2016-05-31 00:00:00+01:00,1.1150012016296387,1.1175994873046875,1.1121997833251953,1.1148396730422974,-0.007332520573385626,0.012608572533983205,-0.009954585199413057,33.564133702083694,-0.005039317479851757,-0.002486515056671575,-0.002552802423180182,2.8873353478067623,0.008381093363567965,0.0074866524539170575,0.044245961014921086,0,1,5,-1101.5973748274819,0.0,EURUSD=X
2016-06-01 00:00:00+01:00,1.113598108291626,1.1190000772476196,1.1117039918899536,1.113598108291626,0.0034559962162050706,0.012107378025134945,-0.006031227059128952,38.31394447577603,-0.005255609446649823,-0.003040333934667225,-0.002215275511982598,14.61618515010857,0.008253831428279628,0.007517756648089778,0.04234084111621742,0,2,6,-1330.574592333168,0.0,EURUSD=X
2016-06-02 00:00:00+01:00,1.1192944049835205,1.1219995021820068,1.1150000095367432,1.1189061403274536,-0.0011136711230264051,0.011564277141349423,-0.00017820441234128737,37.38322837715295,-0.00546421818198195,-0.0035251107841301702,-0.00193910739785178,12.844263202254366,0.00818542099466437,0.007411858341733226,0.04048664601847215,0,3,6,-1531.4910123906336,0.0,EURUSD=X
2016-06-03 00:00:00+01:00,1.1153992414474487,1.1350003480911255,1.113800287246704,1.115200161933899,0.004766559853420338,0.010535656624527585,0.002696557770614838,43.68200738792837,-0.005141955026669365,-0.0038484796326380094,-0.0012934753940313554,35.90997149353677,0.008200847630072691,0.007315556416795483,0.036710453077589626,0,4,6,-1640.5938962469907,0.0,EURUSD=X
2016-06-06 00:00:00+01:00,1.1350995302200317,1.1379995346069336,1.1333242654800415,1.1350995302200317,-0.0033121441200332224,0.010240461553998607,-0.003579772289458716,40.61045724597835,-0.005126505474537968,-0.004104084801018001,-0.0010224206735199668,20.796913818672543,0.009129362859669027,0.007353700178675887,0.03580045131616955,0,0,6,-1717.401179659651,0.0,EURUSD=X
2016-06-07 00:00:00+01:00,1.1364669799804688,1.1379995346069336,1.1340054273605347,1.1364023685455322,0.017843763806153712,0.010008526410867526,0.021691690243852202,57.77819040892501,-0.0034685654154325007,-0.003976980923900902,0.000508415508468401,89.64226714580104,0.010105792132052288,0.00804278621972415,0.03437620967120135,0,1,6,-1604.7332527739632,0.0,EURUSD=X
2016-06-08 00:00:00+01:00,1.1356538534164429,1.14199960231781,1.1356538534164429,1.1357828378677368,0.001147774526210954,0.009845132412011204,0.01934152149823687,58.621550613183665,-0.0020261515948349906,-0.0035868150580877197,0.001560663463252729,94.29551918524447,0.009669243211648476,0.008892793971369991,0.033776234042913,0,2,6,-1466.9957702864497,0.0,EURUSD=X
2016-06-09 00:00:00+01:00,1.1406019926071167,1.1416958570480347,1.130799651145935,1.140706181526184,-0.0005451684147652625,0.009738627529456676,0.019921666004034888,58.02798230453977,-0.000922386500631589,-0.0030539293465964936,0.0021315428459649046,80.57170957779326,0.009431850760914098,0.008513285189095691,0.033429066390370306,0,3,6,-1287.7171439126996,0.0,EURUSD=X
2016-06-10 00:00:00+01:00,1.131196141242981,1.1324002742767334,1.1273995637893677,1.1315033435821533,0.004334757925811061,0.009551802314747816,0.01948335111678845,61.37504188453264,0.0003456436114623873,-0.002374014754984718,0.002719658366447105,95.9578724624939,0.009536447556713065,0.008268431357402612,0.03264625169631542,0,4,6,-1050.3620023240408,0.0,EURUSD=X
2016-06-13 00:00:00+01:00,1.1241008043289185,1.1302001476287842,1.1236965656280518,1.1239995956420898,-0.008067667286345337,0.009194785724290343,0.014619063200262294,52.88546190418812,0.000601046015870077,-0.001779002600813759,0.002380048616683836,67.19766935024197,0.009805745426720445,0.008428121411044391,0.03168163346845181,0,0,6,-909.4034644305207,0.0,EURUSD=X
2016-06-14 00:00:00+01:00,1.1287955045700073,1.1299946308135986,1.1190000772476196,1.1291015148162842,-0.006631662188737231,0.009022962892698614,-0.009778820519633413,47.157662279738226,0.00019570850825445518,-0.0013840603790001163,0.0015797688872545715,43.74736889163745,0.009662962035819097,0.008723975938015235,0.03129715136444945,0,1,6,-764.830012159854,0.0,EURUSD=X
2016-06-15 00:00:00+01:00,1.1213024854660034,1.1260005235671997,1.1190940141677856,1.1213024854660034,0.004539075631321499,0.008925661448320398,-0.006424532305922881,51.040328276693906,0.00028289679386728217,-0.0010506689444266368,0.001333565738293919,59.69160615893571,0.009758075716544804,0.008558098549173724,0.030819757262418958,0,2,6,-598.5255331299212,0.0,EURUSD=X
2016-06-16 00:00:00+01:00,1.1261261701583862,1.1299996376037598,1.1132001876831055,1.1262656450271606,-0.0069072880054985575,0.008738650064067374,-0.012749226277197545,45.532717457918466,-0.000274161982314558,-0.0008953675520042211,0.0006212055696896631,35.31850847356598,0.009775891783112929,0.008702447237053464,0.03038388878280909,0,3,6,-461.2333513551447,0.0,EURUSD=X
2016-06-17 00:00:00+01:00,1.1270017623901367,1.129600167274475,1.1226003170013428,1.1252011060714722,0.004426245036899701,0.008763267950646364,-0.012659295384638836,49.28333547271342,-0.0003115581299166781,-0.0007786056675867125,0.0004670475376700344,50.829101828084774,0.010277574507223027,0.008679916524380158,0.03033521296881801,0,4,6,-326.515235730304,0.0,EURUSD=X
2016-06-20 00:00:00+01:00,1.13490629196167,1.1383998394012451,1.130799651145935,1.13490629196167,-0.0009451934899983305,0.008747658825872147,-0.005569791327994955,48.511718466656525,-0.0004222270724529853,-0.0007073299485599671,0.00028510287610698185,44.551385467738,0.01004345134764512,0.009133988983628142,0.030309828568161234,0,0,6,-200.90222615650794,0.0,EURUSD=X
2016-06-21 00:00:00+01:00,1.1322848796844482,1.1350003480911255,1.12440025806427,1.1322976350784302,0.00862529003733603,0.00909632290130866,0.009703469967308642,55.37192012736914,0.0002700810586522273,-0.0005118477471175283,0.0007819288057697556,76.58634285309556,0.010268828632082823,0.008849586453772453,0.03124839089922876,0,1,6,-96.07239735343964,0.0,EURUSD=X
2016-06-22 00:00:00+01:00,1.1252011060714722,1.1335041522979736,1.1237596273422241,1.1250618696212769,-0.0022985658831186084,0.009247741334639726,0.0028306757365974544,53.3156462959801,0.0006013118822665309,-0.00028921582124071644,0.0008905277035072474,66.31192903591666,0.01029249016028087,0.009069018881569543,0.031841745544749556,0,2,6,-32.470829381108146,0.0,EURUSD=X
2016-06-23 00:00:00+01:00,1.1327978372573853,1.1422044038772583,1.1320003271102905,1.1328235864639282,-0.006390338752806923,0.008881245227674627,0.003352694035732018,47.99196441534215,0.000276758594986104,-0.00017602093799535236,0.00045277953298145633,41.18723275672946,0.01025334978852863,0.009148377025474672,0.030776501487549245,0,3,6,9.751229528008087,0.0,EURUSD=X
2016-06-24 00:00:00+01:00,1.1330032348632812,1.1335169076919556,1.0919057130813599,1.1324002742767334,0.0068989244522741355,0.008742053504324623,0.005822730601544146,53.370634664682406,0.0006384933049921049,-1.31180893978609e-05,0.0006516113943899657,67.65705595857052,0.010745434393346688,0.009051144336192828,0.03008659024268349,0,4,6,27.731700181394416,0.0,EURUSD=X
2016-06-27 00:00:00+01:00,1.10349702835083,1.1081929206848145,1.0973997116088867,1.103594422340393,-0.0003736788254172785,0.00868734339880647,0.006398116893429284,53.048405780924,0.0008808589197792926,0.00016567731243756983,0.0007151816073417228,80.50818133555799,0.012950131551721618,0.009489077879471392,0.029909476864082178,0,0,6,101.2730531799817,1.0,EURUSD=X
2016-06-28 00:00:00+01:00,1.1016006469726562,1.1110000610351562,1.1016006469726562,1.1015034914016724,-0.025437870857757172,0.009515478827147301,-0.027589828202604028,36.776533524462145,-0.001237194487144322,-0.00011489704747880853,-0.0011222974396655134,23.238595426794586,0.014525162345730551,0.011734502539672382,0.03361576076975939,0,1,6,-80.92094701168074,1.0,EURUSD=X
2016-06-29 00:00:00+01:00,1.107800006866455,1.1128050088882446,1.10515558719635,1.1073951721191406,-0.0018946552251383197,0.010758029270163946,-0.027196156489918688,35.9153631146018,-0.0030493368667443566,-0.0007017850113319183,-0.002347551855412438,19.081566872701075,0.01415903746835694,0.013186669365202975,0.03807751847188163,0,2,6,-315.61571410779806,1.0,EURUSD=X
2016-06-30 00:00:00+01:00,1.1125946044921875,1.1154004335403442,1.1053999662399292,1.1128050088882446,0.005348762635305926,0.011207805959839503,-0.015702867530372644,40.166882259956935,-0.003964364635501871,-0.001354300936165909,-0.0026100636993359625,30.79495468507072,0.013954928898229463,0.01278589416392509,0.039458427306680414,0,3,6,-458.72307674397064,0.0,EURUSD=X
2016-07-01 00:00:00+01:00,1.1103708744049072,1.1170001029968262,1.1074001789093018,1.1106051206588745,0.004885190856261046,0.011475770046952232,-0.017671398984700604,43.850429875736296,-0.004204534858668119,-0.0019243477206663511,-0.0022801871380017675,41.550377308406965,0.013672467355528434,0.012540318193006005,0.040205415936331354,0,4,7,-612.648341540504,0.0,EURUSD=X
2016-07-04 00:00:00+01:00,1.1131023168563843,1.1150000095367432,1.1099998950958252,1.1131023168563843,-0.0019768856284785308,0.011729030938198047,-0.0192468635984564,42.69924264174726,-0.0045202771445895795,-0.002443533605450997,-0.0020767435391385826,37.17672822418566,0.013381571407813861,0.012310826864743019,0.041174113208012855,0,0,7,-721.107725921794,0.0,EURUSD=X
2016-07-05 00:00:00+01:00,1.1145538091659546,1.1180005073547363,1.1075999736785889,1.1146035194396973,0.002248500525576791,0.011757327967287618,0.00861538833788944,44.48100761646619,-0.00451693391530128,-0.002858213667421054,-0.0016587202478802261,42.14146221227864,0.01278289591017844,0.012021870051987673,0.0411808531906629,0,1,7,-864.4255488976241,0.0,EURUSD=X
2016-07-06 00:00:00+01:00,1.106439471244812,1.109000325202942,1.103399634361267,1.1065007448196411,0.0013486654017149657,0.011539665747007512,0.011892861112364761,45.57659515906881,-0.004343085493511367,-0.003155188032639117,-0.0011878974608722503,45.12603807212468,0.012612727179176228,0.011468558718174787,0.040364038649531045,0,2,7,-982.0971361506608,0.0,EURUSD=X
2016-07-07 00:00:00+01:00,1.1100010871887207,1.1108001470565796,1.1057995557785034,1.1099025011062622,-0.007269647438516436,0.01165583710767443,-0.0008076857494221379,40.88666536914698,-0.004803760796631806,-0.0034849025854376547,-0.0013188582111941516,29.01672291532365,0.01251209560055151,0.011398751639550044,0.041068945587962806,0,3,7,-1093.842895359526,0.0,EURUSD=X
2016-07-08 00:00:00+01:00,1.1065007448196411,1.1108001470565796,1.1010003089904785,1.1065741777420044,0.0030743370960637506,0.010969297354080443,-0.002608280659054718,43.51460135484046,-0.004838579854028469,-0.003755638039155818,-0.0010829418148726507,35.77983390846005,0.011975559577517558,0.011273148396440636,0.03853148733720828,0,4,7,-1248.4832939458784,0.0,EURUSD=X
2016-07-11 00:00:00+01:00,1.1047039031982422,1.107200264930725,1.1019999980926514,1.1043988466262817,-0.0029987529183332917,0.010979076369669818,-0.0036295014689637917,41.567492845610545,-0.005076226508066162,-0.0040197557329378865,-0.0010564707751282753,29.162716620530126,0.011820150898130667,0.010822193232408534,0.038681835026905066,0,0,7,-1431.590780584812,0.0,EURUSD=X
2016-07-12 00:00:00+01:00,1.1058032512664795,1.1124002933502197,1.1053999662399292,1.1058032512664795,-0.0019658249392385807,0.011331244283483262,-0.007819110694767817,40.29830340691975,-0.0053780988586882295,-0.004291424358087955,-0.001086674500600274,24.837890106556443,0.011347302036698028,0.010702791780559053,0.040001239783719916,0,1,7,-1450.0118862082295,0.0,EURUSD=X
2016-07-13 00:00:00+01:00,1.1060723066329956,1.1119993925094604,1.1044000387191772,1.1062926054000854,0.001271646239479507,0.011275097540936226,-0.007895424713571297,41.53934926976701,-0.005441287380228754,-0.004521396962516115,-0.0009198904177126392,27.630019718630315,0.011108312371500883,0.010261592216971628,0.03975248103975194,0,2,7,-1439.455901399137,0.0,EURUSD=X
2016-07-14 00:00:00+01:00,1.109594702720642,1.1170001029968262,1.1091995239257812,1.1094961166381836,0.0004425327317907346,0.011426790227605258,-0.00018810599136975803,41.991836123490366,-0.005389748286672713,-0.004695067227347435,-0.0006946810593252781,34.57457170686988,0.010857672472842476,0.010041025599627518,0.04026948162758923,0,3,7,-1423.356999186534,0.0,EURUSD=X
2016-07-15 00:00:00+01:00,1.1106421947479248,1.115700364112854,1.1058766841888428,1.1106051206588745,0.002895717843960144,0.011216441759738419,-0.000366144294362436,44.993381692134044,-0.00503239626803631,-0.0047625330354852105,-0.00026986323255109943,58.71814457329352,0.010846945695978065,0.00978612931583902,0.03941405453277453,0,4,7,-1434.3322105102357,0.0,EURUSD=X
2016-07-18 00:00:00+01:00,1.105534315109253,1.109000325202942,1.1038258075714111,1.1053143739700317,0.000999556468977314,0.010973787607340125,0.003642722736487025,46.03441414995993,-0.00460660281283265,-0.0047313469909546985,0.00012474417812204878,56.498232918209354,0.01077385528369472,0.009766698797087336,0.03852287334274255,0,0,7,-1448.0465313692487,0.0,EURUSD=X
2016-07-19 00:00:00+01:00,1.107137680053711,1.1080701351165771,1.100199580192566,1.1071866750717163,-0.004763841432411153,0.009959465331193965,0.0008289825243359417,41.95496761367181,-0.004642560920682159,-0.004713589776900191,7.102885621803126e-05,25.376556714910805,0.010488530841106767,0.009747322153241833,0.03512950257535834,0,1,7,-1437.16753974522,0.0,EURUSD=X
2016-07-20 00:00:00+01:00,1.1014549732208252,1.1030004024505615,1.0984002351760864,1.1013579368591309,0.0016939082181295362,0.00886179698210838,0.0012510578203241973,43.85124625723809,-0.004468469197402181,-0.004664565661000589,0.00019609646359840856,39.25129750544115,0.01030153256131423,0.009473136804529722,0.03120489603235678,0,2,7,-1398.7996856961029,1.0,EURUSD=X
2016-07-21 00:00:00+01:00,1.1017341613769531,1.1057995557785034,1.0986005067825317,1.1019526720046997,-0.005264458418638318,0.008501969408990624,-0.0044605455345785305,39.52247380549737,-0.004746120391877495,-0.004680876607175971,-6.524378470152466e-05,15.090105158162986,0.01019331165662249,0.009353482838369781,0.030096281901453473,0,3,7,-1381.0869508912517,1.0,EURUSD=X
2016-07-22 00:00:00+01:00,1.1033143997192383,1.1040000915527344,1.0968003273010254,1.1032899618148804,0.0005400016885199754,0.006792302091779035,-0.0067989824573165825,40.17144447763607,-0.004862123277453723,-0.0047171259412315215,-0.00014499733622220113,18.124426009159524,0.009979435752290291,0.009250226362334205,0.024031221412058407,0,4,7,-1427.2472616551152,1.0,EURUSD=X
2016-07-25 00:00:00+01:00,1.0969241857528687,1.0998003482818604,1.0953621864318848,1.097044587135315,0.0012135637438472902,0.003934876780231422,-0.006586642459972092,41.686697998712006,-0.004790921527421332,-0.0047318850584694835,-5.9036468951848865e-05,30.61122357174989,0.009780887787963054,0.00904516137885856,0.013904752540661456,0,0,7,-1441.207887319721,1.0,EURUSD=X
2016-07-26 00:00:00+01:00,1.0989856719970703,1.1023997068405151,1.0979998111724854,1.0991184711456299,-0.005660682953456786,0.004478281654825142,-0.007481841392339539,36.97668212952603,-0.0051787458113508045,-0.0048212572090457475,-0.00035748860230505695,7.775243510070959,0.009648522616179666,0.008915670249559903,0.01591508342306878,0,1,7,-1431.5761876164736,1.0,EURUSD=X
2016-07-27 00:00:00+01:00,1.0988044738769531,1.1010003089904785,1.0982855558395386,1.0987803936004639,0.001890428187363291,0.004654653570814923,-0.007287121591816326,39.4242477201702,-0.005258141659061133,-0.004908634099048825,-0.000349507560012308,17.35973379170523,0.009341850979681132,0.00877841913267352,0.016510668246263308,0,2,7,-1421.273812295078,1.0,EURUSD=X
2016-07-28 00:00:00+01:00,1.1068191528320312,1.1119993925094604,1.1060845851898193,1.1073460578918457,-0.00030758972216493596,0.004971580874271718,-0.002340332032306991,39.15727793246867,-0.005287393689684228,-0.004984386017175906,-0.0003030076725083217,15.797302657675525,0.00886848684905676,0.008502018268700557,0.017640277031638316,0,3,7,-1426.9309423037637,1.0,EURUSD=X
2016-07-29 00:00:00+01:00,1.1083648204803467,1.1196001768112183,1.1074001789093018,1.108438491821289,0.007795610789262497,0.004736276111419434,0.0048943897720528096,48.64590149474313,-0.004566755893399277,-0.00490085999242058,0.0003341040990213033,55.38366609370179,0.009179237710481033,0.008008776286195932,0.016675368603784897,0,4,7,-1389.8363420931453,1.0,EURUSD=X
2016-08-01 00:00:00+01:00,1.1167818307876587,1.1184005737304688,1.115599513053894,1.1168068647384644,0.0009865334523546654,0.004648493393635547,0.004666524834450181,49.72282356036801,-0.0038629651025834377,-0.004693281014453152,0.0008303159118697142,53.949626948254746,0.009398872082544713,0.008281233264823305,0.01635017529805285,0,0,8,-1326.4886647038156,1.0,EURUSD=X
2016-08-02 00:00:00+01:00,1.1167070865631104,1.1232004165649414,1.1163579225540161,1.1168068647384644,0.007549695340717699,0.005012046611921909,0.018014106112819173,57.13786371191986,-0.0025999771551028505,-0.0042746202425830914,0.001674643087480241,88.47547990143761,0.009439101355875782,0.00841584375893477,0.017496807770585866,0,1,8,-1228.2173891093962,1.0,EURUSD=X
2016-08-03 00:00:00+01:00,1.1218559741973877,1.1219995021820068,1.1164003610610962,1.1219062805175781,0.0,0.005229659555794403,0.01609325478298773,57.13786371191986,-0.001580827314141331,-0.0037358616568947396,0.0021550343427534087,77.03319573148798,0.009253629402665034,0.008451865451316192,0.01825648383550368,0,2,8,-1145.6976183502657,1.0,EURUSD=X
2016-08-04 00:00:00+01:00,1.1152374744415283,1.1155610084533691,1.1117781400680542,1.1151504516601562,0.004566067724080414,0.0063073996610675895,0.0210468689210368,61.18367656791958,-0.0003575419656050016,-0.003060197718636792,0.0027026557530317906,95.35122728284887,0.008992594525396863,0.008248130493035463,0.021918738994341786,0,3,8,-968.2721966575994,0.0,EURUSD=X
2016-08-05 00:00:00+01:00,1.1134493350982666,1.116146206855774,1.1049113273620605,1.1134741306304932,-0.006021740830530975,0.006542729249256394,0.007047836322430667,53.921941545886895,6.602051502757611e-05,-0.0024349540719039186,0.0025009745869314947,71.08305784416163,0.009073704948548795,0.008064019085504859,0.022874271844245418,0,4,8,-842.6727919870558,0.0,EURUSD=X
2016-08-08 00:00:00+01:00,1.1087703704833984,1.110600233078003,1.1073706150054932,1.1089547872543335,-0.0015032240960558552,0.00668918596368063,0.004543002472721769,52.264364445847676,0.00026339547594855794,-0.0018952841623334233,0.0021586796382819812,65.06140696459464,0.009228074558917693,0.008149003824104026,0.023421512230467224,0,0,8,-749.8889722189695,0.0,EURUSD=X
2016-08-09 00:00:00+01:00,1.1086843013763428,1.1121997833251953,1.107200264930725,1.1083648204803467,-0.004058777165842797,0.0066544825943482605,-0.007030828455705906,47.98194777890105,5.451489992869263e-05,-0.0015053243498810002,0.0015598392498096928,48.827101282951645,0.009004891777923572,0.008321416404870326,0.023394956787665115,0,1,8,-583.8269889442632,0.0,EURUSD=X
2016-08-10 00:00:00+01:00,1.111815333366394,1.1200001239776611,1.111815333366394,1.111580491065979,-0.000532002549398336,0.006639548276725905,-0.0075590905864414415,47.43553114466387,-0.00015682210199940982,-0.0012356239003046823,0.0010788017983052725,46.70783302786866,0.008718793679105474,0.00812448357393823,0.02335487752764734,0,2,8,-440.8422290231229,0.0,EURUSD=X
2016-08-11 00:00:00+01:00,1.1186057329177856,1.1190940141677856,1.113800287246704,1.1186434030532837,0.002901274495737516,0.006677999208301649,-0.009203789684496089,50.72908911767121,-6.409164822307467e-05,-0.0010013174498883608,0.0009372258016652861,58.25910827152669,0.008927115808977544,0.007843600845085326,0.02342217606057266,0,3,8,-261.303364654851,0.0,EURUSD=X
2016-08-12 00:00:00+01:00,1.1138957738876343,1.1219995021820068,1.1132633686065674,1.113908290863037,0.006353936619138967,0.007076484392111674,0.003132269182088754,57.08884136672034,0.0005727139843292317,-0.0006865111630448423,0.001259225147374074,83.63037632106337,0.00882614490132248,0.00798030523812272,0.024663100990326137,0,4,8,-70.2271597545054,0.0,EURUSD=X
2016-08-15 00:00:00+01:00,1.1166945695877075,1.1205737590789795,1.1155484914779663,1.1166945695877075,-0.004232905836947021,0.007163604345599105,0.0003899149702724092,52.222132459059964,0.0006873793737527389,-0.00041173305568532604,0.001099112429438065,63.12737111987814,0.008819715520902263,0.007923583093617279,0.02507286421938262,0,0,8,41.73554051049937,0.0,EURUSD=X
2016-08-16 00:00:00+01:00,1.1184431314468384,1.13237464427948,1.1179429292678833,1.1184055805206299,0.0025013537896478866,0.00732472284643415,0.006979348862848678,54.67086066449849,0.0009916507950840092,-0.000131056285531459,0.0011227070806154682,73.88768474791986,0.00866584071340513,0.007898055351123066,0.025572817907863775,0,1,8,138.05030739506327,0.0,EURUSD=X
2016-08-17 00:00:00+01:00,1.1279042959213257,1.129433035850525,1.1256000995635986,1.1275991201400757,0.0015322103102499707,0.007576374368383483,0.009059075003780448,56.15689231999776,0.0013552301221710916,0.00016620099600905112,0.0011890291261620405,49.135554889985634,0.009166857426145652,0.007748388298787893,0.02641094219631465,0,2,8,250.3640997131352,0.0,EURUSD=X
2016-08-18 00:00:00+01:00,1.1301988363265991,1.1340440511703491,1.129611611366272,1.1298924684524536,0.008220219730275424,0.008260316242554891,0.014410678491429074,63.14773357858324,0.002358029278310081,0.0006045666524692571,0.001753462625840824,82.61126231123497,0.009299757276413464,0.008129535809682878,0.028560364122762246,0,3,8,395.1290824202089,0.0,EURUSD=X
2016-08-19 00:00:00+01:00,1.1349449157714844,1.1352026462554932,1.130600094795227,1.1349449157714844,0.002033833009813746,0.008945870390805884,0.010055988680991668,64.66146425622792,0.0032997711688274034,0.0011436075557408865,0.002156163613086517,85.74941792186854,0.00909584111597489,0.008230656930699598,0.030867914025101726,0,4,8,581.6047444532916,0.0,EURUSD=X
2016-08-22 00:00:00+01:00,1.1300712823867798,1.1332728862762451,1.1273956298828125,1.1298158168792725,0.004471617839838071,0.0099535966005787,0.018885419096888567,67.79953684875252,0.00440304313506612,0.0017954946716059333,0.0026075484634601872,99.14916057331308,0.008825436593622366,0.008014345885493436,0.034192200064999095,0,0,8,809.7801883615268,0.0,EURUSD=X
2016-08-23 00:00:00+01:00,1.131861925125122,1.1357183456420898,1.1310003995895386,1.1319260597229004,-0.004519249190807928,0.009675554865802096,0.011750077101574385,61.79988481459221,0.004808093987469064,0.0023980145347785595,0.0024100794526905047,82.21659018819214,0.008734282971840188,0.007811394088993725,0.0333879706904354,0,1,8,1015.5849750593006,0.0,EURUSD=X
2016-08-24 00:00:00+01:00,1.1303266286849976,1.1313496828079224,1.1246000528335571,1.1300839185714722,0.0018677759791474458,0.009471830960235399,0.012089066290224215,63.24112893222201,0.005238986887989183,0.0029662090054206843,0.002272777882568499,87.69018836968131,0.008532014814052845,0.007716301693750537,0.03262403498716477,0,2,8,1235.453150452507,0.0,EURUSD=X
2016-08-25 00:00:00+01:00,1.1262530088424683,1.1299996376037598,1.1260627508163452,1.1263798475265503,-0.0016274394741642162,0.008781815241203384,0.002203618632735216,61.07486898054691,0.005369926055656116,0.003446952415467771,0.0019229736401883447,81.71057315770737,0.008445871390859304,0.007549894900582321,0.030296704775099194,0,3,8,1372.4202893401027,0.0,EURUSD=X
2016-08-26 00:00:00+01:00,1.1289230585098267,1.1340440511703491,1.1234692335128784,1.1290504932403564,-0.0032776955622942916,0.008474121233711045,-0.003108809930129297,56.8575162322195,0.005115836533228668,0.0037807292390199506,0.0013351072942087176,67.25411429311909,0.008129821131164136,0.007498244406099625,0.029331319128031014,0,4,8,1467.9955499511475,0.0,EURUSD=X
2016-08-29 00:00:00+01:00,1.1196954250335693,1.12100088596344,1.116071343421936,1.1199462413787842,0.002370999196825707,0.008245775308676822,-0.0051935758724652725,59.05295631845292,0.0050715063770636615,0.004038884666628693,0.0010326217104349687,76.61885991129763,0.008304463740186034,0.007200582418445859,0.02847343909890759,0,0,8,1621.1059163275222,0.0,EURUSD=X
2016-08-30 00:00:00+01:00,1.1191942691802979,1.1191942691802979,1.1140000820159912,1.1192818880081177,-0.00806363569749946,0.00819106207748669,-0.008735561454387808,49.757194293868665,0.004252714722996043,0.004081650677902163,0.00017106404509387944,34.01624832305137,0.008638369888631346,0.007415055681567601,0.028514439206131476,0,1,8,1608.0115014850803,0.0,EURUSD=X
2016-08-31 00:00:00+01:00,1.1150758266448975,1.1164453029632568,1.1125946044921875,1.1153244972229004,-0.0005932011253045877,0.008140109836414345,-0.0111704926361339,49.149200186323476,0.0035097504547931813,0.003967270633280367,-0.0004575201784871854,26.802607689285754,0.008446069136785746,0.007717778676830242,0.028353885601018963,0,2,8,1580.7379948469254,0.0,EURUSD=X
2016-09-01 00:00:00+01:00,1.1158223152160645,1.1200001239776611,1.112999439239502,1.116071343421936,-0.003535651588412514,0.008246663733185711,-0.01306046489647339,45.57663453358379,0.0025719694930808057,0.003688210405240455,-0.0011162409121596491,11.805584195983009,0.00832044159243892,0.007572746010525203,0.028826959557794782,0,3,9,1453.7182990514207,0.0,EURUSD=X
2016-09-02 00:00:00+01:00,1.1200717687606812,1.125112533569336,1.1154004335403442,1.1200717687606812,0.0006696223394135892,0.008214964126309968,-0.00915188968202063,46.36892995461004,0.0018675081002881289,0.0033240699442499896,-0.0014565618439618608,15.035365199818534,0.008226173245704653,0.007455116235605503,0.028696934604065496,0,4,9,1329.5348329163442,0.0,EURUSD=X
2016-09-05 00:00:00+01:00,1.116071343421936,1.1184431314468384,1.1141316890716553,1.1161960363388062,0.0035843813769822486,0.00802642821523212,-0.007952456097783944,50.5238028338636,0.0016134197642931891,0.0029819399082586296,-0.0013685201439654405,32.33544356002805,0.008332310873082298,0.007344326921842352,0.027938190147868868,0,0,9,1224.7193987758315,0.0,EURUSD=X
2016-09-06 00:00:00+01:00,1.115200161933899,1.1253999471664429,1.1144545078277588,1.1153244972229004,-0.003460253646213496,0.007589434901538652,-0.0033485580837889772,46.74536618592511,0.0010867859202239316,0.00260290911065169,-0.0015161231904277585,15.57460716789706,0.008161437217078269,0.007464917095040766,0.026508842092379373,0,1,9,1137.5829113123327,0.0,EURUSD=X
2016-09-07 00:00:00+01:00,1.1248594522476196,1.1265066862106323,1.1232799291610718,1.1253657341003418,-0.0007808118713308332,0.007088399420844905,-0.003535651588412514,45.91383702787026,0.0005922715440265236,0.002200781597326657,-0.0016085100533001335,11.805584195983009,0.008360294511478685,0.007317545017077829,0.02477814180926432,0,2,9,1028.5862454666444,0.0,EURUSD=X
2016-09-08 00:00:00+01:00,1.1241008043289185,1.1329994201660156,1.1238480806350708,1.1241008043289185,0.009002973486589294,0.006674183712015034,0.009002973486589294,55.69290020584092,0.0009990923216276482,0.0019604437421868555,-0.0009613514205592073,55.22951292943457,0.008561858402639632,0.007428957767371696,0.02312204613640164,0,3,9,954.6358864852986,0.0,EURUSD=X
2016-09-09 00:00:00+01:00,1.126887559890747,1.128668189048767,1.1206001043319702,1.1271415948867798,-0.0011240166046414535,0.006608851025070683,0.0071943975215451594,54.359530266038234,0.0012055348029778035,0.001809461954345045,-0.0006039271513672416,49.75924856683301,0.008603964197518575,0.007616628659696593,0.022921471650507123,0,4,9,870.6949799505559,0.0,EURUSD=X
2016-09-12 00:00:00+01:00,1.1241008043289185,1.1262530088424683,1.1214659214019775,1.1241133213043213,0.0027050870759555146,0.006304096103380462,0.006311940291041429,57.02325372309453,0.0015961093863949838,0.001766791440755033,-0.00017068205436004914,62.909328989153295,0.008565687091752738,0.007633436860594994,0.021805504660036334,0,0,9,770.1618918083359,1.0,EURUSD=X
2016-09-13 00:00:00+01:00,1.1241259574890137,1.1260005235671997,1.1219995021820068,1.1243535280227661,-0.002686684260607586,0.00608586716582628,0.007093095395217741,53.66419983556184,0.0016423541515955264,0.0017419039829231317,-9.954983132760527e-05,53.70169676153637,0.008359257548399132,0.00761994981236756,0.021107372202050598,0,1,9,708.6251369762506,1.0,EURUSD=X
2016-09-14 00:00:00+01:00,1.121956706047058,1.1275228261947632,1.1214534044265747,1.12186861038208,0.0002136855011789507,0.005938988822785012,0.008095429466803195,53.89619369206169,0.0016790313081203045,0.0017293294479625663,-5.029813984226174e-05,54.8215704909104,0.00804795496531297,0.007434723456686545,0.020593559313537416,0,2,9,643.6236208286174,1.0,EURUSD=X
2016-09-15 00:00:00+01:00,1.1245431900024414,1.1281588077545166,1.1220952272415161,1.1247328519821167,-0.002210085688133967,0.005912117455478418,-0.0031075441630159517,51.048741820775994,0.001490405663882699,0.001681544691146593,-0.00019113902726389394,43.23657402004102,0.007906631165518364,0.007173705450740831,0.020545790281547353,0,3,9,584.0173430014892,0.0,EURUSD=X
2016-09-16 00:00:00+01:00,1.1247961521148682,1.124985933303833,1.115599513053894,1.124593734741211,0.0025530989757001077,0.005754819617037333,0.0005622695498164187,54.06145550688318,0.0015541238689544823,0.001656060526708171,-0.00010193665775368871,59.48717049915872,0.007791171608869661,0.007029785919015798,0.019948219063713017,0,4,9,571.8421504472415,1.0,EURUSD=X
2016-09-19 00:00:00+01:00,1.116071343421936,1.1209995746612549,1.1153992414474487,1.1158473491668701,-0.00012368914152427468,0.005131951560583982,-0.0022604614691952296,53.88797851416448,0.0015752370546340266,0.0016398958322933423,-6.465877765931562e-05,58.80538418395962,0.007905117940374611,0.0069279877418688875,0.017791340962803492,0,0,9,507.22724371888984,1.0,EURUSD=X
2016-09-20 00:00:00+01:00,1.1179429292678833,1.1213276386260986,1.1165997982025146,1.118067979812622,-0.007777373556463463,0.005147162094159091,-0.007353326378038205,44.269777734629,0.0008761099371463743,0.0014871386532639488,-0.0006110287161175745,15.941063750233688,0.007997216179902298,0.007084408047639172,0.017983940340449707,0,1,9,437.1365983910677,1.0,EURUSD=X
2016-09-21 00:00:00+01:00,1.1155734062194824,1.1169440746307373,1.112599492073059,1.1153992414474487,0.0019900846181244436,0.004740756918692811,-0.0055903664225588345,46.86295234542621,0.0004955209372128344,0.0012888151100537261,-0.0007932941728408917,25.342727034308467,0.00781743569985417,0.007152710143118988,0.016531081672859466,0,2,9,396.2511826887948,1.0,EURUSD=X
2016-09-22 00:00:00+01:00,1.1193194389343262,1.1258726119995117,1.1182055473327637,1.1193194389343262,-0.002386919591079395,0.004538715367817393,-0.005766601253268,44.20107424358127,-2.1199099697222223e-05,0.0010268122681035365,-0.0010480113678007588,13.724310015368703,0.0076496537026905145,0.007008643550545649,0.0158644272421532,0,3,9,294.82251113109055,1.0,EURUSD=X
2016-09-23 00:00:00+01:00,1.1209505796432495,1.122999906539917,1.1196001768112183,1.1210134029388428,0.003514613728614613,0.0043833977372855805,-0.0048130656433218455,48.80154237111502,-0.00011307284362560566,0.0007988352457577081,-0.0009119080893833138,32.94103209896743,0.007851347763359977,0.006834200708578369,0.01526787610067765,0,4,9,242.66931081871164,1.0,EURUSD=X
2016-09-26 00:00:00+01:00,1.123974323272705,1.1279042959213257,1.1221996545791626,1.123923897743225,0.0015133874616966025,0.003933338595703381,-0.0031836668583185013,50.693289707095246,-4.8634086017074196e-05,0.0006293413794027517,-0.0006779754654198259,41.244806488748125,0.007553427752090752,0.007003794729640989,0.013679566106993914,0,0,9,173.80752988278343,1.0,EURUSD=X
2016-09-27 00:00:00+01:00,1.1250745058059692,1.1260005235671997,1.1193996667861938,1.124985933303833,0.002596306874433685,0.004008671665486981,0.0072380407431045235,53.848575470355144,0.00023458257839648056,0.0005503896192014975,-0.0003158070408050169,55.511988172526834,0.007506103839975907,0.006720586480328075,0.013905460466787013,0,1,9,155.29485071868532,1.0,EURUSD=X
2016-09-28 00:00:00+01:00,1.1218308210372925,1.123721718788147,1.1184005737304688,1.121956706047058,0.0009449354736030813,0.0041111408011253806,0.006187417595458156,54.980685051857115,0.0005385234561663399,0.000548016386594466,-9.492930428126089e-06,60.71806319283339,0.00744144333576376,0.006672175729284145,0.01424744709240734,0,2,9,157.7357270233337,1.0,EURUSD=X
2016-09-29 00:00:00+01:00,1.1224603652954102,1.1249998807907104,1.1199462413787842,1.1224982738494873,-0.0026926801190115812,0.003900617375179266,0.005879029100916089,51.128196889462295,0.0005288689956886028,0.0005441869084132934,-1.5317912724690575e-05,58.232562280220186,0.007380294495592367,0.006632558364913989,0.013554360937013404,0,3,9,115.64838738708684,1.0,EURUSD=X
2016-09-30 00:00:00+01:00,1.1222084760665894,1.1249998807907104,1.1154004335403442,1.121956706047058,0.0004826993764646126,0.0037142035017464496,0.002839971150851772,51.7787389688523,0.0005584799525373274,0.0005470455172381002,1.1434435299227164e-05,63.619647413059965,0.007214104846759074,0.006574882712543013,0.01290035932514813,0,4,9,79.14988522052934,1.0,EURUSD=X
2016-10-03 00:00:00+01:00,1.1235954761505127,1.1243535280227661,1.1206001043319702,1.1234692335128784,-0.00048246649019068055,0.003698769748819674,0.0008414735325574796,51.04697383035967,0.0005321129863129492,0.0005440590110530701,-1.1946024740120851e-05,60.13898146658392,0.007384486447016727,0.006429931572115844,0.012852955154593643,0,0,10,28.35955403150794,1.0,EURUSD=X
2016-10-04 00:00:00+01:00,1.1213276386260986,1.1249998807907104,1.1140000820159912,1.121038556098938,0.001348115713973863,0.0034870496745025036,-0.00040453293257636247,53.04295359883379,0.0006260486027971357,0.0005604569294018832,6.559167339525247e-05,69.8600225251109,0.007125124821572382,0.006572931618186656,0.012100929881715114,0,1,10,65.8893271706663,1.0,EURUSD=X
2016-10-05 00:00:00+01:00,1.121076226234436,1.1239995956420898,1.1192004680633545,1.121076226234436,-0.0021635460424137554,0.0031266388711536485,-0.003508823611067302,49.546721524105315,0.0004986102339414877,0.0005480875903098041,-4.9477356368316395e-05,54.2380153385279,0.007401887246797158,0.006355824947151549,0.01087374056916226,0,2,10,70.7881267236509,1.0,EURUSD=X
2016-10-06 00:00:00+01:00,1.120824933052063,1.1212018728256226,1.114951491355896,1.120824933052063,3.3602890188833e-05,0.0030505554000574957,-0.0007847716474944644,49.602163536672364,0.00039608821520320525,0.0005176877152884843,-0.00012159950008527908,55.38610128830246,0.0072159758419356,0.006602483465071088,0.010608783034023244,0,3,10,89.56937882339675,1.0,EURUSD=X
2016-10-07 00:00:00+01:00,1.1145787239074707,1.1201971769332886,1.110600233078003,1.1144545078277588,-0.00022415352006621703,0.0030237666999728156,-0.0014907290607100165,49.2136524646001,0.00029120469064380927,0.00047239111035954936,-0.0001811864197157401,53.744177714080976,0.00714700481534924,0.006438093612252301,0.010517978785879888,0,4,10,56.39475564737235,1.0,EURUSD=X
2016-10-10 00:00:00+01:00,1.1195449829101562,1.1201971769332886,1.1150758266448975,1.1196954250335693,-0.005683693355176489,0.003194265909156506,-0.006686709191954021,40.54399861141211,-0.00030246965208213794,0.0003174189578712119,-0.0006198886099533498,22.273813870498838,0.007366840183828584,0.00641300722923167,0.01117456214874732,0,0,10,-37.24914393346566,1.0,EURUSD=X
2016-10-11 00:00:00+01:00,1.1143302917480469,1.1143302917480469,1.105600357055664,1.1140819787979126,0.004702674868286794,0.0031399295873642866,-0.003359067045840769,48.57091145704551,-0.00034607330985614304,0.00018472050432574092,-0.0005307938141818839,52.561020136817376,0.007250827963950097,0.006579325072805151,0.010933061709813851,0,1,10,-87.40934284950622,1.0,EURUSD=X
2016-10-12 00:00:00+01:00,1.1061947345733643,1.1061947345733643,1.1006003618240356,1.1061947345733643,-0.00501336891279025,0.0034009859164403715,-0.0062054755058856825,42.02633795192019,-0.0008240881453172033,-1.704122560284793e-05,-0.0008070469197143554,38.027461397441996,0.007739702250661181,0.0065083432834751485,0.011901713133499718,0,2,10,-200.54838174531815,1.0,EURUSD=X
2016-10-13 00:00:00+01:00,1.1013215780258179,1.1048502922058105,1.0986005067825317,1.1011881828308105,-0.007079590528031532,0.0046538785795569694,-0.013274290643961795,34.90892755791987,-0.001818391750610271,-0.00037731133060433256,-0.0014410804200059384,20.489255245762784,0.008149839016605164,0.006996690554350016,0.01640231905032433,0,3,10,-315.86421375172466,1.0,EURUSD=X
2016-10-14 00:00:00+01:00,1.1049723625183105,1.1058276891708374,1.098538875579834,1.1049723625183105,-0.004525922593985765,0.006086293912336526,-0.017519908455088107,31.286830133166816,-0.002976065178657672,-0.0008970621002150005,-0.0020790030784426715,8.830516886476987,0.008110152500478546,0.007400950304111034,0.02154830791340633,0,4,10,-479.65636052329836,0.0,EURUSD=X
2016-10-17 00:00:00+01:00,1.0968520641326904,1.1012003421783447,1.0965272188186646,1.0967799425125122,0.003436451413574071,0.006623493971385709,-0.008508328731991366,36.63824411577001,-0.003547287118111919,-0.0014271071037943843,-0.002120180014317535,23.42716992598702,0.008051485435516037,0.007339688100428985,0.02336993603570203,0,0,10,-622.2176760504844,0.0,EURUSD=X
2016-10-18 00:00:00+01:00,1.1012003421783447,1.1029006242752075,1.09719979763031,1.1015641689300537,-0.007414140193630958,0.008097110860689063,-0.020465817765014216,31.00799739021413,-0.00460792713247038,-0.0020632711095295835,-0.002544656022940796,0.8876012158461938,0.008079603882953892,0.007341021770576539,0.028782756243868914,0,1,10,-834.4221996095552,0.0,EURUSD=X
2016-10-19 00:00:00+01:00,1.0975743532180786,1.100473165512085,1.0955997705459595,1.0976948738098145,0.0043620659278120755,0.0087584089828239,-0.01123598631526701,37.08808552725149,-0.005004753217163982,-0.002651567531056463,-0.0023531856861075187,17.690478383560954,0.007939680874363994,0.007334664752940892,0.030998252685080645,0,2,10,-998.4359348629795,0.0,EURUSD=X
2016-10-20 00:00:00+01:00,1.0975743532180786,1.1029006242752075,1.0916005373001099,1.0975141525268555,-0.0035125462768069715,0.00965222874738429,-0.007683873822476706,34.444259971509055,-0.0055672843390695,-0.003234710892659071,-0.0023325734464104296,7.126174855854614,0.007798589267916154,0.007233049059259445,0.03428212732497742,0,3,10,-1154.62640971817,0.0,EURUSD=X
2016-10-21 00:00:00+01:00,1.0930275917053223,1.093135118484497,1.0862481594085693,1.0930395126342773,-0.00016463708382985498,0.010338001036171727,-0.0033364236569541905,34.32119825989453,-0.005958985527361849,-0.003779565819599627,-0.002179419707762222,17.705782834952565,0.008048696247000548,0.007105684468816294,0.036723852646090675,0,4,10,-1309.654861971197,0.0,EURUSD=X
2016-10-24 00:00:00+01:00,1.0884946584701538,1.0901999473571777,1.0860475301742554,1.0882576704025269,-0.004077068056276056,0.011175448221632772,-0.010799229273786848,31.335937592592643,-0.006554916586231085,-0.0043346359729259185,-0.002220280613305167,17.52529431850692,0.00827850316637809,0.007363591301107502,0.03986124719857617,0,0,10,-1447.7939136952893,0.0,EURUSD=X
2016-10-25 00:00:00+01:00,1.0875475406646729,1.0900002717971802,1.0853402614593506,1.0875475406646729,-0.004374811867711936,0.012058228925311377,-0.007770266194385811,28.484581268783174,-0.007328571735328415,-0.004933423125406418,-0.002395148609921997,5.823504468141913,0.008186608830209796,0.007607116762444708,0.0431989888770239,0,1,10,-1695.1787309874394,0.0,EURUSD=X
2016-10-26 00:00:00+01:00,1.0887197256088257,1.0948106050491333,1.0876659154891968,1.0887316465377808,-0.0006525382335154095,0.01261088416969899,-0.012724295743020697,28.07600675042532,-0.007907843848491858,-0.005528307270023507,-0.002379536578468351,6.1549917062517245,0.007934708937896924,0.007527587093072192,0.04520839408386368,0,2,10,-1895.9982337677977,0.0,EURUSD=X
2016-10-27 00:00:00+01:00,1.0911074876785278,1.0942115783691406,1.0893957614898682,1.091202735900879,0.0010887853899097522,0.012968489454507324,-0.008165499799525078,29.882050084062925,-0.008177113054414598,-0.0060580684269017256,-0.002119044627512872,9.72944688971652,0.007886734326937175,0.007288030033047796,0.04643979995543187,0,3,10,-2043.371959005552,0.0,EURUSD=X
2016-10-28 00:00:00+01:00,1.0900014638900757,1.0952903032302856,1.089751958847046,1.0900371074676514,0.0022696955406378283,0.012904335047241061,-0.005750647143315191,33.62767271467828,-0.00809776854513955,-0.006466008450549291,-0.0016317600945902587,16.81868393062951,0.007714819862967367,0.007227560990695297,0.046105419542641114,0,4,10,-2141.102906915723,0.0,EURUSD=X
2016-10-31 00:00:00+00:00,1.0984183549880981,1.0984183549880981,1.0939244031906128,1.0984665155410767,-0.0010682051967778605,0.012743114110044518,-0.002746840468182188,32.73924950675797,-0.008036306385307945,-0.0067800680375010225,-0.0012562383478069228,16.2015905520877,0.007559357328701109,0.007077575442262013,0.04557808599070022,0,0,10,-2235.1568910502606,0.0,EURUSD=X
2016-11-01 00:00:00+00:00,1.0973334312438965,1.1050944328308105,1.0961787700653076,1.0973334312438965,0.007733138638746251,0.01192978877873652,0.0093809080479752,44.21677642517841,-0.007224139019066378,-0.006868882233814094,-0.0003552567852522842,62.94215159483252,0.0076180637709686565,0.006881736695430868,0.04234164488703775,0,1,11,-2255.9209711565004,0.0,EURUSD=X
2016-11-02 00:00:00+00:00,1.1059499979019165,1.1119760274887085,1.10515558719635,1.1057054996490479,-0.001031514644415088,0.011167005156283128,0.008998126714757415,43.150853442474364,-0.0065958876758422935,-0.006814283322219734,0.00021839564637744086,58.53916828134364,0.00771074941343539,0.006942341820692642,0.03967527083626091,0,2,11,-2287.0362998997643,0.0,EURUSD=X
2016-11-03 00:00:00+00:00,1.1097548007965088,1.1128422021865845,1.1060845851898193,1.1097548007965088,0.007629466274130747,0.010241796628304456,0.015590483812282674,52.300561655737475,-0.005360643842696078,-0.006523555426315004,0.0011629115836189257,76.45824102543446,0.008205881329962292,0.006973601393755201,0.036112576265244535,0,3,11,-2211.3787770922386,0.0,EURUSD=X
2016-11-04 00:00:00+00:00,1.1102476119995117,1.1125946044921875,1.1084016561508179,1.1102476119995117,0.0036621877604354758,0.009361925412682104,0.01700148312065375,55.99005015294262,-0.004008749080260721,-0.006020594157104147,0.0020118450768434265,88.77387810301556,0.008129511416217601,0.007394319289335492,0.03288970197862105,0,4,11,-2077.7675090491553,0.0,EURUSD=X
2016-11-07 00:00:00+00:00,1.1096316576004028,1.1112345457077026,1.1033873558044434,1.1101243495941162,0.00044407215237929343,0.009067690234110675,0.01854111607155562,56.43173081134942,-0.002864575947283843,-0.005389390515140087,0.002524814567856244,90.56579238241375,0.007848328339442745,0.007322250755916218,0.0318418741690022,0,0,11,-1907.8357144013473,0.0,EURUSD=X
2016-11-08 00:00:00+00:00,1.1050456762313843,1.1068068742752075,1.1030588150024414,1.1052166223526,-0.00011102244586103094,0.0081829701229496,0.010612826051686453,56.27959088926813,-0.0019453321637890042,-0.004700578844869871,0.0027552466810808664,90.11759708369635,0.007848247022572497,0.007069774068384547,0.02873830375750862,0,1,11,-1689.445742388298,0.0,EURUSD=X
2016-11-09 00:00:00+00:00,1.1020498275756836,1.1301988363265991,1.093398094177246,1.1019041538238525,-0.004420880636759716,0.007569898725135357,0.00718395237422742,50.447865358356154,-0.0015944575018123075,-0.004079354576258358,0.0024848970744460507,72.27257556251978,0.00779233899179409,0.007101093906700808,0.026703270505602963,0,2,11,-1520.9971503893225,0.0,EURUSD=X
2016-11-10 00:00:00+00:00,1.0920368432998657,1.0955302715301514,1.0866104364395142,1.0920606851577759,-0.002997121525096569,0.0074168674191286265,-0.0034379369790616954,46.91434326113197,-0.0015656277489750625,-0.003576609210801699,0.0020109814618266366,36.92469592161594,0.009864367788762584,0.007071703073949708,0.026242094166210844,0,3,11,-1332.6271366270187,0.0,EURUSD=X
2016-11-11 00:00:00+00:00,1.0889687538146973,1.0925379991531372,1.0856997966766357,1.0889687538146973,-0.008933144168590035,0.007546030188722353,-0.015944166788945835,38.323896322949935,-0.0023104323917784164,-0.003323373846997043,0.0010129414552186265,14.981358008615443,0.010252178474160854,0.00903280186058289,0.026939749912733183,0,4,11,-1230.3171000543248,0.0,EURUSD=X
2016-11-14 00:00:00+00:00,1.082602620124817,1.0874292850494385,1.0710800886154175,1.0824854373931885,-0.002831281617497239,0.007660920008332382,-0.019165867104629086,36.088544691438216,-0.0031142888727184737,-0.0032815568521413294,0.00016726797942285578,8.088737473458748,0.010008323045756612,0.009414575430421762,0.027427568165451104,0,0,11,-1137.2346186780114,0.0,EURUSD=X
2016-11-15 00:00:00+00:00,1.0746910572052002,1.0816657543182373,1.072369933128357,1.0750375986099243,-0.005953629430410667,0.008375660326381757,-0.024897131759188174,31.88842794524598,-0.0042257881222054205,-0.003470403106154148,-0.0007553850160512726,19.292270589848446,0.010571204628151124,0.009245688394532475,0.030166073697882594,0,1,11,-1110.5656750592962,0.0,EURUSD=X
2016-11-16 00:00:00+00:00,1.0726161003112793,1.0760787725448608,1.067121982574463,1.0727311372756958,-0.006880313144165595,0.009606824863335807,-0.027305980684977138,27.874926233757108,-0.005642593327480405,-0.0039048411504193996,-0.0017377521770610056,6.694170881022092,0.010538654602199726,0.009833334798541189,0.034839989362458544,0,2,11,-1150.918051644447,0.0,EURUSD=X
2016-11-17 00:00:00+00:00,1.0705492496490479,1.0750375986099243,1.0666905641555786,1.0706638097763062,-0.0021454703883946324,0.010856229720142876,-0.026475094450746806,26.75201001217306,-0.006872314055398121,-0.004498335731415145,-0.0023739783239829764,8.892572104617606,0.010425664271356742,0.009824134152536726,0.03945571626119083,0,3,11,-1279.8706998005064,0.0,EURUSD=X
2016-11-18 00:00:00+00:00,1.0624734163284302,1.0639996528625488,1.057305932044983,1.062304139137268,-0.0019271627601300523,0.012036291015525303,-0.019593119386381308,25.750695792203004,-0.00792236851106387,-0.00518314228734489,-0.002739226223718981,6.256264711513555,0.01027719071299881,0.00973757044569852,0.043828978669637635,0,4,11,-1463.0615086320968,0.0,EURUSD=X
2016-11-21 00:00:00+00:00,1.0585371255874634,1.0650999546051025,1.0585371255874634,1.0584250688552856,-0.0078079323898924136,0.013852777027168204,-0.024486115495988336,22.14167770085662,-0.009321645659658984,-0.006010842961807709,-0.003310802697851275,6.856918573274241,0.01049723978573627,0.009674433464361018,0.05084049428554676,0,0,11,-1698.296985350338,0.0,EURUSD=X
2016-11-22 00:00:00+00:00,1.0638750791549683,1.065870761871338,1.0587276220321655,1.0638864040374756,-0.0036515628049164084,0.01569678562859396,-0.02222696740922847,20.692454543042885,-0.0106211573437629,-0.006932905838198747,-0.003688251505564152,1.5353165322910363,0.010216210445157903,0.009917792099434407,0.057819243288303526,0,1,11,-2023.1793344640203,0.0,EURUSD=X
2016-11-23 00:00:00+00:00,1.0634112358093262,1.0645092725753784,1.0529640913009644,1.0633772611618042,0.005159869454052668,0.01674391915745882,-0.010372841458631599,27.852291744046042,-0.011082592382658074,-0.007762843147090612,-0.0033197492355674617,9.027589252130113,0.010018316343078927,0.009602726763296465,0.0613597601903783,0,2,11,-2256.5050510366773,0.0,EURUSD=X
2016-11-24 00:00:00+00:00,1.0546298027038574,1.0587612390518188,1.0522550344467163,1.0545185804367065,-0.0004785688337957117,0.017680170283770596,-0.00871968360837061,27.60210952718012,-0.011358433598283035,-0.008481961237329097,-0.0028764723609539383,13.482493995912899,0.010127378123888581,0.009421224911404734,0.06482176741256959,0,3,11,-2526.07161036226,0.0,EURUSD=X
2016-11-25 00:00:00+00:00,1.0564124584197998,1.0628122091293335,1.0541073083877563,1.0561892986297607,-0.008330703550515128,0.01911972265500815,-0.01507964422835295,23.625675376220585,-0.012151783057560817,-0.009215925601375442,-0.0029358574561853742,2.9040743912883884,0.010198438737545676,0.009603792964647946,0.07068856181594221,0,4,11,-2817.0615402239932,0.0,EURUSD=X
2016-11-28 00:00:00+00:00,1.0611205101013184,1.0684902667999268,1.056747317314148,1.0612331628799438,0.0015843421102759159,0.020180706394930744,-0.00575620510381647,25.796840010055092,-0.01250159462355982,-0.009873059405812318,-0.002628535217747502,5.047565153554387,0.010091757452119352,0.009655881526897257,0.07449315959536612,0,0,11,-3077.941207382286,0.0,EURUSD=X
2016-11-29 00:00:00+00:00,1.062022089958191,1.0633999109268188,1.056859016418457,1.062134861946106,0.004775530538632333,0.020488071355706135,0.002653087221087036,32.074834757383655,-0.012230835658175954,-0.010344614656285046,-0.001886221001890908,11.518720176189893,0.010249558217694115,0.009509462957916461,0.0752682916481495,0,1,11,-3276.7731228035586,0.0,EURUSD=X
2016-11-30 00:00:00+00:00,1.0648492574691772,1.066699743270874,1.058500051498413,1.0648492574691772,0.0008496710220731174,0.020622743310015013,-0.0016463619468417567,33.16350198081243,-0.011807389413259317,-0.010637169607679901,-0.0011702198055794158,22.83020998900884,0.009984653667027523,0.009649959327118094,0.07569872530130746,0,2,11,-3395.988228770689,0.0,EURUSD=X
2016-12-01 00:00:00+00:00,1.0592098236083984,1.0637166500091553,1.0587612390518188,1.0592098236083984,0.0025556034551939,0.01999267976109727,0.001384265360127035,36.46472996609327,-0.011124539414253398,-0.010734643568994602,-0.00038989584525879646,31.26438958563912,0.009857156388844195,0.009376588842967321,0.07319891962780652,0,3,12,-3486.134188944081,0.0,EURUSD=X
2016-12-02 00:00:00+00:00,1.0663254261016846,1.0691757202148438,1.0627998113632202,1.0663141012191772,-0.005295992668654326,0.018976854844297484,0.004448706033941319,32.83596623114232,-0.010912636966156741,-0.01077024224842703,-0.00014239471772971128,19.772387591802428,0.00958793224802378,0.009306141398182968,0.06984961708476067,0,4,12,-3568.1301350977906,0.0,EURUSD=X
2016-12-05 00:00:00+00:00,1.0570825338363647,1.0741138458251953,1.054185152053833,1.0582010746002197,0.006707148529435658,0.01724015838525207,0.009586162823796762,40.824980553733056,-0.010055532994097005,-0.010627300397561025,0.0005717674034640199,47.80252518087672,0.009614929702196748,0.008991658496367398,0.06303443912477946,0,0,12,-3533.046647577483,0.0,EURUSD=X
2016-12-06 00:00:00+00:00,1.0758472681045532,1.078515887260437,1.07260000705719,1.0757315158843994,-0.00760847728608427,0.015241283737355593,-0.002857136759179091,35.61499021196806,-0.009916612826114113,-0.010485162883271643,0.0005685500571575297,24.95846843601137,0.010351627135708573,0.009086108427766618,0.05615328190627975,0,1,12,-3493.1005519247406,0.0,EURUSD=X
2016-12-07 00:00:00+00:00,1.071926236152649,1.0769003629684448,1.0713521242141724,1.0720411539077759,0.016566266756818937,0.01302008136542776,0.012801250034652822,50.35718022698906,-0.008296322645325649,-0.010047394835682445,0.0017510721903567956,89.39725455304777,0.011063283244602052,0.009622872420167137,0.04718800315789627,0,2,12,-3316.6330368950057,0.0,EURUSD=X
2016-12-08 00:00:00+00:00,1.0760092735290527,1.0856584310531616,1.0609999895095825,1.0761945247650146,-0.003430560434579788,0.010596527424376561,0.006753910366328775,47.87220821809705,-0.007226707389049958,-0.009483257346355948,0.0022565499573059897,75.34454269787373,0.010669351495292797,0.010319830730634236,0.038536645052494725,0,3,12,-3135.5682033304047,0.0,EURUSD=X
2016-12-09 00:00:00+00:00,1.062134861946106,1.063151240348816,1.0538407564163208,1.062134861946106,0.003874264380708814,0.009204302570732709,0.016035256450657398,50.81403899029532,-0.0059750110670138135,-0.008781608090487522,0.0028065970234737083,71.66783246730999,0.011668572213027532,0.009913961881215138,0.03334432286353333,0,4,12,-2830.8226839004597,0.0,EURUSD=X
2016-12-12 00:00:00+00:00,1.0546298027038574,1.062699317932129,1.0527424812316895,1.0547411441802979,-0.013064239313035575,0.007700895967286921,-0.003919332275820864,42.143636746080325,-0.006047814560180331,-0.008234849384426084,0.0021870348242457524,29.577313995317763,0.01243180050843227,0.010985961040434816,0.028267238729510154,0,0,12,-2622.2735107853587,1.0,EURUSD=X
2016-12-13 00:00:00+00:00,1.0642826557159424,1.065303087234497,1.0606703758239746,1.0641694068908691,-0.006961185467786013,0.007021746056724337,-0.0032696341961560016,38.4300067050747,-0.006625745613806355,-0.007913028630302138,0.0012872830164957823,7.442685433677839,0.012255017379289926,0.011786589133292759,0.0259549995310191,0,1,12,-2463.067533805462,1.0,EURUSD=X
2016-12-14 00:00:00+00:00,1.0630381107330322,1.0666667222976685,1.0615001916885376,1.062925100326538,0.008938935171528328,0.006568936438376621,-0.010748136335881786,45.076305465367916,-0.006250921401259157,-0.0075806071844935425,0.001329685783234385,35.668146519728204,0.012134083498926303,0.01151603992741607,0.024066120343015886,0,2,12,-2265.2013917428244,1.0,EURUSD=X
2016-12-15 00:00:00+00:00,1.0515247583389282,1.052520751953125,1.0403661727905273,1.051414132118225,-0.0011692748882591308,0.006236781092529485,-0.008503454879514871,44.395180220720704,-0.005985281058654479,-0.007261541959325731,0.0012762609006712515,30.935212716256398,0.011636401149655199,0.011415746504808878,0.022875975988826916,0,3,12,-2109.7838594231366,1.0,EURUSD=X
2016-12-16 00:00:00+00:00,1.041775107383728,1.0472300052642822,1.0403661727905273,1.0418837070465088,-0.010829519600935922,0.006544654883218262,-0.02302594194316343,38.58643340725062,-0.0066272038261241395,-0.007134674332685413,0.0005074705065612733,24.392599864715127,0.012416581605823453,0.011067381343079339,0.024268041775685693,0,4,12,-1996.6423196072215,1.0,EURUSD=X
2016-12-19 00:00:00+00:00,1.0448229312896729,1.0481960773468018,1.0413411855697632,1.0449975728988647,-0.009064387457410228,0.008006414031012052,-0.01906646286187408,34.555140227350606,-0.007814872908054937,-0.007270714047759318,-0.0005441588602956189,3.350537849496893,0.012318822871671617,0.011917435239506233,0.02995991605277442,0,0,12,-1994.2364670375905,1.0,EURUSD=X
2016-12-20 00:00:00+00:00,1.040474534034729,1.0419923067092896,1.0355182886123657,1.0405826568603516,0.0029886884988181706,0.008799638884428921,-0.009237879204006427,36.87562719067138,-0.008407924936638445,-0.007498156225535144,-0.0009097687111033004,10.225588844525042,0.01192854207919783,0.011788374625118711,0.032830036256328694,0,1,12,-1959.9895779751666,1.0,EURUSD=X
2016-12-21 00:00:00+00:00,1.0393929481506348,1.0451505184173584,1.0385295152664185,1.039047360420227,-0.0042248098493339326,0.009850577131594132,-0.02216446918863213,34.98174775479366,-0.009128937065391307,-0.007824312393506377,-0.0013046246718849304,10.10042652743898,0.011753595094005058,0.011463329703368932,0.036906842083650304,0,2,12,-2091.848594259823,0.0,EURUSD=X
2016-12-22 00:00:00+00:00,1.0427528619766235,1.0497585535049438,1.0427528619766235,1.0428615808486938,-0.001475419977454595,0.010819672894277533,-0.022464179177794974,34.32160929808329,-0.009712272927126175,-0.008201904500230337,-0.001510368426895838,7.0384159997717575,0.01138698138378612,0.011311895435884168,0.040597620703632584,0,3,12,-2237.6069997583495,0.0,EURUSD=X
2016-12-23 00:00:00+00:00,1.0439503192901611,1.0467915534973145,1.0429704189300537,1.0437650680541992,0.003670882169340306,0.011342565918436718,-0.008134331666534544,37.47823430378999,-0.009754352979181924,-0.008512394196020656,-0.001241958783161268,14.645535251518048,0.011338710790995453,0.010918976777837814,0.042403962090336665,0,4,12,-2346.980821294393,0.0,EURUSD=X
2016-12-26 00:00:00+00:00,1.0455876588821411,1.0470107793807983,1.044600248336792,1.045478343963623,0.0008663539074573734,0.01177006237105334,0.0018057303276424186,38.23548628536952,-0.009604087909792947,-0.008730732938775115,-0.0008733549710178319,16.44745914228518,0.01080951520939725,0.010863278661100652,0.04396406082839861,0,0,12,-2418.7383880348343,0.0,EURUSD=X
2016-12-27 00:00:00+00:00,1.0455766916275024,1.0461344718933105,1.0435363054275513,1.0456969738006592,0.001641438252592442,0.01201217323937574,0.00046006907310292,39.72631219876775,-0.009240238989037808,-0.008832634148827654,-0.00040760484021015383,19.8644336980452,0.010269243503483098,0.010339300925561172,0.04479487609644348,0,1,12,-2423.6496546354133,0.0,EURUSD=X
2016-12-28 00:00:00+00:00,1.0462440252304077,1.048218011856079,1.0387451648712158,1.046233057975769,0.00020911943159651614,0.012162978744681615,0.004914858907737907,39.92558327920151,-0.008832429745160741,-0.008832593268094272,1.6352293353075198e-07,20.300471224851762,0.009721309429359967,0.009820477404805725,0.045347765333513874,0,2,12,-2559.2035066783774,0.0,EURUSD=X
2016-12-29 00:00:00+00:00,1.041775107383728,1.0490977764129639,1.041775107383728,1.0416991710662842,0.0005126572884317504,0.012131150161900275,0.006915659313773581,40.44550658538293,-0.0083695020586938,-0.008739975026214179,0.0003704729675203782,34.39906311712567,0.009703562111895919,0.009291724587797449,0.04520592229146559,0,3,12,-2670.411538571561,0.0,EURUSD=X
2016-12-30 00:00:00+00:00,1.0569037199020386,1.0590976476669312,1.0509997606277466,1.0575296878814697,-0.004333534363994307,0.0124156592719734,-0.0011146347739301454,37.490279993657424,-0.008273108074227764,-0.008646601635816896,0.0003734935615891319,19.843317055248534,0.009533498320277342,0.009315128956052968,0.04646749500828588,0,4,12,-2761.6320163290366,0.0,EURUSD=X
2017-01-02 00:00:00+00:00,1.0530749559402466,1.0540739297866821,1.0465724468231201,1.052698016166687,0.015196821937547789,0.012101265020517747,0.013187469334388302,50.96295641209635,-0.0068404720376173955,-0.008285375716176996,0.0014449036785596,70.66615127902882,0.010095282483160887,0.009014875354823966,0.04461285307395991,0,0,1,-2616.0575173047714,0.0,EURUSD=X
2017-01-03 00:00:00+00:00,1.0459157228469849,1.0492078065872192,1.0347682237625122,1.0460032224655151,-0.004568828440610462,0.012047996590852827,0.006905616213620069,47.591462460420196,-0.006025514800567677,-0.007833403533055132,0.001807888732487455,55.15438666319673,0.010156850952817225,0.00958991308820171,0.044620334886014426,0,1,1,-2455.310446873633,0.0,EURUSD=X
2017-01-04 00:00:00+00:00,1.0418403148651123,1.0478885173797607,1.0391337871551514,1.0419923067092896,-0.006359652624358891,0.010885529382350703,0.00029286559350261143,43.31548492177582,-0.005852406322624182,-0.007437204090968943,0.0015847977683447608,46.178646675486306,0.010712061056485622,0.009710152640712422,0.040573112566159836,0,2,1,-2392.41060662554,0.0,EURUSD=X
2017-01-05 00:00:00+00:00,1.0498688220977783,1.060895323753357,1.048657774925232,1.0500892400741577,-0.0038345156784235224,0.009949904227128924,-0.004053352390417153,40.942103485722704,-0.005970045024759285,-0.007143772277727011,0.001173727252967726,29.692782595913567,0.010572251711351604,0.010280364823724396,0.0372285551929425,0,3,1,-2315.6277736451048,0.0,EURUSD=X
2017-01-06 00:00:00+00:00,1.0605578422546387,1.060895323753357,1.0539628267288208,1.0605915784835815,0.0077706268201145345,0.007834263213781088,0.008054214922035063,47.22828965298424,-0.005348268183653415,-0.006784671458912293,0.0014364032752588775,58.64032486197929,0.011167306377974159,0.010067955472627248,0.029086652628659858,0,4,1,-2159.9959374672076,1.0,EURUSD=X
2017-01-09 00:00:00+00:00,1.0534077882766724,1.0560777187347412,1.0513478517532349,1.0531858205795288,0.010001377034090986,0.007702469730825678,0.002895323542401629,54.05891736741636,-0.00396237878336092,-0.0062202129238020185,0.002257834140441098,98.83743213030981,0.011141504756633091,0.010529318358289259,0.028314155962209094,0,0,1,-1842.1281183941965,1.0,EURUSD=X
2017-01-10 00:00:00+00:00,1.0587612390518188,1.0625863075256348,1.0561892986297607,1.0588620901107788,-0.0069826670834416404,0.0076461241618950345,0.0004633849454929173,49.22080101089695,-0.0034221853961802218,-0.00566060741827766,0.002238422022097438,70.49231190400145,0.011005949183326919,0.010578859436696876,0.028304672654957456,0,1,1,-1609.9212446784786,1.0,EURUSD=X
2017-01-11 00:00:00+00:00,1.0554089546203613,1.056747317314148,1.0456969738006592,1.0552419424057007,0.0053896182614066035,0.007155214150369606,0.012293334637109687,52.71397302832919,-0.0025071498693016725,-0.005029915908482462,0.0025227660391807898,86.61224314885047,0.010891273309239708,0.01039412902408799,0.026345414183039748,0,2,1,-1309.8006538399673,1.0,EURUSD=X
2017-01-12 00:00:00+00:00,1.0596587657928467,1.0686043500900269,1.0575296878814697,1.0597710609436035,-0.00341890387699062,0.006510197756635912,0.012715675164872042,50.33571833744103,-0.0020504568960064695,-0.004434024105987264,0.0023835672099807945,73.59859441623279,0.011053690666445418,0.010321114875712953,0.02405270530976363,0,3,1,-1047.3464539375943,1.0,EURUSD=X
2017-01-13 00:00:00+00:00,1.0617965459823608,1.0667804479599,1.0600003004074097,1.0616837739944458,0.004292019067757558,0.006991735310622425,0.009219998167738552,53.18162732109058,-0.0013079847754895457,-0.0038088162398877204,0.0025008314643981747,73.89391131560961,0.01121859902486547,0.010430262793365376,0.025721406706576293,0,4,1,-729.2320365221735,1.0,EURUSD=X
2017-01-16 00:00:00+00:00,1.0626879930496216,1.0633434057235718,1.058133840560913,1.0628687143325806,0.001804836083313388,0.00740831902873972,0.0010297984002718419,54.37078825068633,-0.0005587889416782676,-0.00315881078024583,0.0026000218385675623,79.54678372874668,0.010917941024253393,0.010566798984463109,0.027204847161670404,0,0,1,-516.4728687990754,1.0,EURUSD=X
2017-01-17 00:00:00+00:00,1.0603891611099243,1.071799874305725,1.0601418018341064,1.0602991580963135,0.0011160953639486326,0.007910079618174744,0.009193908201046153,55.131116155813224,0.00012908097151997922,-0.0025012324298926683,0.0026303134014126475,83.04878134710644,0.010510199891282343,0.010272144505739095,0.029015030078414484,0,1,1,-307.20403075516566,0.0,EURUSD=X
2017-01-18 00:00:00+00:00,1.0697818994522095,1.0714668035507202,1.0659617185592651,1.0696789026260376,-0.002417566912655489,0.007864545781534425,0.0013571814487987055,53.0661091206656,0.00046156053741142067,-0.0019086738364318507,0.002370234373843271,68.9435495293648,0.010592190789877793,0.009912485368895895,0.028917918028182856,0,2,1,-62.402775366986376,0.0,EURUSD=X
2017-01-19 00:00:00+00:00,1.0629477500915527,1.0676802396774292,1.058974266052246,1.062778353691101,0.00884631894508403,0.008326064702143738,0.013681184987230477,59.08993592443331,0.0014650320055107358,-0.0012339326680433334,0.002698964673554069,94.27254349029758,0.010633294694487002,0.009902215294584387,0.03034646758167921,0,3,1,278.06506462884283,0.0,EURUSD=X
2017-01-20 00:00:00+00:00,1.0661321878433228,1.0695186853408813,1.0626766681671143,1.0659730434417725,-0.00645104705533206,0.00826421480606325,0.002837681512854129,53.63589077849715,0.001684060938635934,-0.00065033394670748,0.002334394885343414,75.6383512960173,0.010638390543008752,0.01000518561330954,0.030316613753477353,0,4,1,495.1727353785701,0.0,EURUSD=X
2017-01-23 00:00:00+00:00,1.0711455345153809,1.0756157636642456,1.070835828781128,1.0713750123977661,0.003005979317866281,0.008335547813811933,0.0040400631076698,55.67564286803249,0.0020913202716095203,-0.00010200310304407995,0.0021933233746536003,84.26526828137675,0.010367221016634346,0.009979980833905451,0.030486650968293512,0,0,1,553.9931543931015,0.0,EURUSD=X
2017-01-24 00:00:00+00:00,1.0757546424865723,1.077284336090088,1.0727771520614624,1.0760787725448608,0.005067641240300125,0.008791007423214505,0.008003150295497141,58.963226101367866,0.002817491685424889,0.0004818958546497139,0.002335595830775175,88.37576339806492,0.010315470959908547,0.009676556664722119,0.03199034528385996,0,1,1,718.9225849042685,0.0,EURUSD=X
2017-01-25 00:00:00+00:00,1.0727887153625488,1.076878309249878,1.0712143182754517,1.0728693008422852,0.004390395606266306,0.009476538349910708,0.014882228593747548,61.631824533415326,0.0037295499651290864,0.0011314266767455884,0.002598123288383498,96.18339912595198,0.010000746155080922,0.009586167131160004,0.03433424122988153,0,2,1,921.757244099436,0.0,EURUSD=X
2017-01-26 00:00:00+00:00,1.0755001306533813,1.076658010482788,1.0670650005340576,1.0751993656158447,-0.002982562043283732,0.009645690018624762,0.0029825756200436704,58.821112732519055,0.004145597313806926,0.001734260804157856,0.0024113365096490695,86.02277959346955,0.009690977927891304,0.009321495309102017,0.035051634659134676,0,3,1,1134.58263237117,0.0,EURUSD=X
2017-01-27 00:00:00+00:00,1.0682847499847412,1.0724780559539795,1.0660525560379028,1.068296194076538,0.0021718067352010095,0.009376575671770025,0.011687302325649185,60.23882982771687,0.004610191175034473,0.0023094468783331793,0.0023007442967012933,93.39935238929102,0.009683980215094102,0.009013191634781682,0.03399985440986007,0,4,1,1291.347388711133,0.0,EURUSD=X
2017-01-30 00:00:00+00:00,1.071914792060852,1.0740330219268799,1.0620898008346558,1.0713980197906494,-0.006420364222734398,0.00949102158106476,0.0021793709034749753,54.27679487304414,0.004370971072575447,0.0027217517171816328,0.0016492193553938141,71.5451327300037,0.009645610883868946,0.00906488319324696,0.034637223641051096,0,0,1,1303.8587910504032,0.0,EURUSD=X
2017-01-31 00:00:00+00:00,1.0707095861434937,1.0810343027114868,1.0686043500900269,1.0708587169647217,0.002903525942814511,0.009522465452145397,2.147464017454581e-05,56.366529587068975,0.004381175367528689,0.003053636447251044,0.001327538920277645,81.36496410968623,0.009809725898751457,0.009002826872644112,0.034651366048164114,0,1,1,1393.1171204189134,0.0,EURUSD=X
2017-02-01 00:00:00+00:00,1.080263614654541,1.0808473825454712,1.0739407539367676,1.0803803205490112,-0.0005033636575444422,0.00889716495216416,-0.0048509976344891514,55.8882574865302,0.004296220953044383,0.003302153348409712,0.0009940676046346708,56.70813659209519,0.009996884950373494,0.009160616375759146,0.032392260777923954,0,2,2,1484.388957291087,0.0,EURUSD=X
2017-02-02 00:00:00+00:00,1.076843500137329,1.0826611518859863,1.076843500137329,1.0767391920089722,0.008891559113678227,0.008131167357133881,0.007000871122726071,62.016194686393405,0.004940259564339966,0.003629774591595763,0.0013104849727442031,97.14424032940661,0.009996297852543209,0.009253116481512204,0.029342561875963933,0,3,2,1622.867777742843,0.0,EURUSD=X
2017-02-03 00:00:00+00:00,1.0763335227966309,1.079715371131897,1.0728923082351685,1.0761713981628418,-0.0033702284934149507,0.007664807217147774,0.0014321310469203041,58.66025142221344,0.005098088569262416,0.003923437387129094,0.001174651182133322,75.85565006075335,0.009697823130837068,0.009283861799338974,0.027753164440409643,0,4,2,1719.5276043134945,0.0,EURUSD=X
2017-02-06 00:00:00+00:00,1.0783414840698242,1.0788882970809937,1.0706638097763062,1.0782949924468994,-0.000527327184098314,0.007801122237975882,0.007371742153505778,58.13197174571001,0.005118351801128629,0.004162420269929001,0.0009559315311996278,72.6019124308002,0.00949248311411503,0.00901141133038144,0.028261644657001313,0,0,2,1809.9563917835937,0.0,EURUSD=X
2017-02-07 00:00:00+00:00,1.0743216276168823,1.0743446350097656,1.0656777620315552,1.0743216276168823,0.001973286307072275,0.0073882394149853625,0.006437358039543151,59.597498619966686,0.005245302289767606,0.004378996673896723,0.0008663056158708833,81.56718671363865,0.009401911984870207,0.008803233976422725,0.02671315387811006,0,1,2,1861.8431670283371,0.0,EURUSD=X
2017-02-08 00:00:00+00:00,1.067896842956543,1.0707440376281738,1.0642147064208984,1.0678056478500366,-0.0036848588353365352,0.007103515881960705,0.0032337698683315708,55.67094569121476,0.00496802582246314,0.004496802503610006,0.0004712233188531338,64.79265223955713,0.009631577587046924,0.008751487211260962,0.025778689229272886,0,2,2,1880.7855693361255,1.0,EURUSD=X
2017-02-09 00:00:00+00:00,1.0692099332809448,1.0710078477859497,1.0657345056533813,1.0692213773727417,-0.0060652039383213285,0.006283126985571496,-0.01163911676268281,49.86844480565412,0.004174377488360026,0.004432317500560011,-0.00025794001219998485,27.785472140932402,0.009665530701970992,0.009019972507580883,0.022940634072872106,0,3,2,1816.7947482598065,1.0,EURUSD=X
2017-02-10 00:00:00+00:00,1.0656890869140625,1.066894292831421,1.0609854459762573,1.0658594369888306,0.0013258307123169555,0.0057988214451240765,-0.006982020058361349,51.06193446287761,0.003617937672986571,0.004269441535045323,-0.000651503862058752,34.66751658795236,0.00935180294701366,0.009039784376291504,0.021144328485751505,0,4,2,1794.9493746146686,1.0,EURUSD=X
2017-02-13 00:00:00+00:00,1.061931848526001,1.0658026933670044,1.0593445301055908,1.061954379081726,-0.003144288409358209,0.00552925442393139,-0.009582080690506256,48.131504654330136,0.002872561517234029,0.003990065531483064,-0.0011175040142490352,22.485962085255927,0.009272097836261567,0.008773955197538548,0.020224995484371604,0,0,2,1764.32275607688,1.0,EURUSD=X
2017-02-14 00:00:00+00:00,1.0599170923233032,1.0633207559585571,1.056178092956543,1.059849739074707,-0.0036637644435899563,0.005601790603572667,-0.01515412153411999,44.90764245953127,0.0019443270149552827,0.003580917828177508,-0.0016365908132222255,11.193083632422262,0.009075155625331437,0.008731163992448684,0.020565667245675236,0,1,2,1620.8333313537012,1.0,EURUSD=X
2017-02-15 00:00:00+00:00,1.0578652620315552,1.0587948560714722,1.0522106885910034,1.0578316450119019,-0.0019818553870826205,0.005646757134744751,-0.01347072251936099,43.22714220560123,0.001027028677681896,0.003070139998078386,-0.00204311132039649,13.864131511190335,0.008937120437951631,0.008562681379017393,0.020771918311926017,0,2,2,1480.6692396076808,1.0,EURUSD=X
2017-02-16 00:00:00+00:00,1.0601868629455566,1.0674750804901123,1.0600519180297852,1.0607378482818604,-0.0019041322447906905,0.006343970172384699,-0.009340653758684314,41.61887955314383,0.0001356560531249329,0.0024832432090876955,-0.0023475871559627626,18.459346140144145,0.008844401155505345,0.00844852815671919,0.023381177105602568,0,3,2,1245.95500795199,1.0,EURUSD=X
2017-02-17 00:00:00+00:00,1.06670081615448,1.0676915645599365,1.0625863075256348,1.0672245025634766,0.0027473211674677867,0.006483845460564689,-0.007934305533365604,44.80366347113568,-0.000332424871110959,0.0019201095930479648,-0.0022525344641589236,28.00338243872266,0.008901475035698566,0.00833797075293499,0.023831225922601368,0,4,2,1043.8554142019527,1.0,EURUSD=X
2017-02-20 00:00:00+00:00,1.0626766681671143,1.063151240348816,1.0605241060256958,1.062665343284607,0.006115228463020372,0.006448260905392109,0.0012807181953582436,51.202285748588565,-0.000177912719530271,0.0015005051305323177,-0.0016784178500625887,49.30569964413926,0.00876234941015411,0.008340770863409896,0.023556383038643703,0,0,2,905.2046536923319,1.0,EURUSD=X
2017-02-21 00:00:00+00:00,1.061030387878418,1.061255693435669,1.0526647567749023,1.0609403848648071,-0.004271977702834273,0.006650223661043023,0.000669486577658418,47.0719347015545,-0.00041852231282235586,0.001116699641861383,-0.0015352219546837388,34.33331897884801,0.008615067062127443,0.008245633929370881,0.024398410197822195,0,1,2,699.6424765429583,0.0,EURUSD=X
2017-02-22 00:00:00+00:00,1.0542184114456177,1.0556206703186035,1.0496814250946045,1.0542073249816895,-0.0016232376737422838,0.006745372596626512,0.001029056997317701,45.57399856012737,-0.0007398681380601513,0.0007453860858770761,-0.0014852542239372274,28.668517090319728,0.008714032736954381,0.0081202178605212,0.024787729986093847,0,2,2,485.4876059714622,0.0,EURUSD=X
2017-02-23 00:00:00+00:00,1.0551751852035522,1.0595015287399292,1.0538963079452515,1.0554089546203613,-0.006346313119163338,0.007428121686808805,-0.0034261784919202842,40.19696175744606,-0.0015203134546282193,0.000292246177776017,-0.0018125596324042362,15.069281543841266,0.008895813239329257,0.008265957303138389,0.027471019308577857,0,3,2,235.9285072249352,0.0,EURUSD=X
2017-02-24 00:00:00+00:00,1.0584698915481567,1.0618078708648682,1.0566245317459106,1.0584474802017212,0.0011398418605113037,0.007730320307383933,-0.00502376121501702,41.5229932762205,-0.002018591455639429,-0.00016992134890707225,-0.0018486701067323569,19.610212036489052,0.008660770921854148,0.008428783174887074,0.028556074657401186,0,4,2,-2.749048150020883,0.0,EURUSD=X
2017-02-27 00:00:00+00:00,1.0552864074707031,1.0614584684371948,1.0552864074707031,1.055275321006775,0.002879003032955074,0.007954407335201924,-0.008224157467030535,44.85288668107982,-0.0021435868065722286,-0.0005646544404401035,-0.001578932366132125,35.543042196336216,0.008499209873472198,0.008182523066901308,0.029299506638261218,0,0,2,-170.52628878145555,0.0,EURUSD=X
2017-02-28 00:00:00+00:00,1.0582793951034546,1.062699317932129,1.0576637983322144,1.0584250688552856,-0.002996992533197518,0.008245248429120852,-0.0069542328867054914,42.15413959107818,-0.0024701390337480422,-0.0009457513591016913,-0.0015243876746463508,26.229883900972055,0.00833298495154502,0.00805402126277682,0.030462094265154983,0,1,2,-338.4314725087387,0.0,EURUSD=X
2017-03-01 00:00:00+00:00,1.0569260120391846,1.05880606174469,1.0515247583389282,1.0569148063659668,0.0029847640571236678,0.008305115851341607,-0.0023708363310555036,45.650928485764005,-0.0024465731265688184,-0.0012459157125951168,-0.0012006574139737016,40.99911123035903,0.008268057235388518,0.007873004142425841,0.03059196483332998,0,2,3,-440.1967657536411,0.0,EURUSD=X
2017-03-02 00:00:00+00:00,1.053629755973816,1.0545185804367065,1.050045132637024,1.0535852909088135,-0.0014268959926961866,0.0076638014577280495,0.002568262731739601,44.26908453605259,-0.0025207054135214513,-0.0015008736527803838,-0.0010198317607410675,40.16282764098491,0.008197574818986603,0.007822822791003294,0.028270016185981253,0,3,3,-531.296006749947,0.0,EURUSD=X
2017-03-03 00:00:00+00:00,1.0508506298065186,1.057373046875,1.05035400390625,1.0509721040725708,-0.003150221226062011,0.007367685001921686,-0.0017279213934695559,41.30095555732191,-0.002815662650154316,-0.0017638314522551704,-0.0010518311978991455,21.675933280381255,0.008102724741126336,0.007780646607087165,0.02726359645705389,0,4,3,-677.7981757102554,0.0,EURUSD=X
2017-03-06 00:00:00+00:00,1.0618754625320435,1.0638071298599243,1.057820439338684,1.062044620513916,-0.0024802802950946168,0.007102878628245564,-0.007062585786236419,39.085939430895365,-0.0032231265273288123,-0.0020556904672698988,-0.0011674360600589136,7.166401906274821,0.008025318900242311,0.007709742922507517,0.026349052264042886,0,0,3,-842.941862899267,0.0,EURUSD=X
2017-03-07 00:00:00+00:00,1.0581226348876953,1.060400366783142,1.0560777187347412,1.0579211711883545,0.010535499846702434,0.00590938478701033,0.0064147236009299835,51.062212259317846,-0.0026223561562632725,-0.0021690236050685738,-0.0004533325511946987,68.64575059571088,0.008368869392178827,0.0075564799681946656,0.021693084117486997,0,1,3,-880.0542340804368,1.0,EURUSD=X
2017-03-08 00:00:00+00:00,1.0568925142288208,1.0575296878814697,1.0537296533584595,1.0570154190063477,-0.003882557517749352,0.00498268841242019,-0.00047608251331021645,47.3302125896241,-0.002450718846997324,-0.002225362653454324,-0.0002253561935430001,45.750595710881655,0.008197300276964253,0.007910673895275337,0.01836251719419496,0,2,3,-939.4501344431503,1.0,EURUSD=X
2017-03-09 00:00:00+00:00,1.0544073581695557,1.0614020824432373,1.052565097808838,1.0547411441802979,-0.0008561622611157338,0.00465071083623718,9.519465502316748e-05,46.525817531642446,-0.002360570487054403,-0.0022524042201743396,-0.00010816626688006344,40.72147206777866,0.00791117295931645,0.007755137843372392,0.01715377893752595,0,3,3,-935.2167429153203,1.0,EURUSD=X
2017-03-10 00:00:00+00:00,1.058133840560913,1.0669056177139282,1.058133840560913,1.0578428506851196,-0.0021516004262148725,0.0041265884842137165,0.0010970666366150184,44.48158888905182,-0.0024444639747949193,-0.0022908161710984555,-0.0001536478036964638,35.81923287902443,0.00797730236467952,0.007500582491701975,0.015253414365491902,0,4,3,-957.8088776360389,1.0,EURUSD=X
2017-03-13 00:00:00+00:00,1.068798542022705,1.0715816020965576,1.0656890869140625,1.0690041780471802,0.0029407277055000236,0.00375726740879805,0.006537515682789596,47.847138800709594,-0.0022349057727846233,-0.0022796340914356893,4.472831865106599e-05,47.38350162990442,0.00827638601960458,0.007541103444158044,0.013847543690743865,0,0,3,-973.7459698925916,1.0,EURUSD=X
2017-03-14 00:00:00+00:00,1.065200924873352,1.0662117004394531,1.0627444982528687,1.0651443004608154,0.010551025943817516,0.004403170035959733,0.0065529803539672304,57.76820553975273,-0.001154890687936616,-0.0020546854107358747,0.0008997947227992586,88.23103553387911,0.00866655497616411,0.007742145624466684,0.016058606200819135,0,1,3,-864.7202773434179,1.0,EURUSD=X
2017-03-15 00:00:00+00:00,1.0612443685531616,1.0641003847122192,1.0610530376434326,1.0612443685531616,-0.0036107226385362345,0.004638141949145816,0.006827663033104114,53.9462645439601,-0.0006034743384588648,-0.0017644431962804729,0.001160968857821608,70.10976359037092,0.008494635320317497,0.008136507863220675,0.016976860581537155,0,2,3,-789.1538510275126,1.0,EURUSD=X
2017-03-16 00:00:00+00:00,1.0737909078598022,1.0745755434036255,1.0707095861434937,1.0737909078598022,-0.003661411797412417,0.004662675892538271,0.004000839979032111,50.32354663407059,-0.0004756814608350979,-0.001506690849191398,0.0010310093883563,52.00126203220396,0.00818010871296502,0.008004410267824162,0.017129379195869144,0,3,3,-720.2223723652363,1.0,EURUSD=X
2017-03-17 00:00:00+00:00,1.077052354812622,1.078299641609192,1.0729843378067017,1.077470064163208,0.011822479042923772,0.005715224986907521,0.018061079521373147,59.69984585331964,0.0006307255698652092,-0.0010792075653800765,0.0017099331352452857,96.80137625379054,0.008548042008500652,0.007617971667565137,0.020750826692219948,0,4,3,-525.1174395656525,1.0,EURUSD=X
2017-03-20 00:00:00+00:00,1.0742292404174805,1.0777000188827515,1.0742292404174805,1.0742985010147095,0.003426324693639682,0.006789055219884589,0.018553997378133014,61.96684915469221,0.0017838748794334336,-0.0005065910764173745,0.002290465955850808,97.06391129712762,0.008317132136642766,0.007933438053463963,0.02456551777154298,0,0,3,-310.40242375979403,0.0,EURUSD=X
2017-03-21 00:00:00+00:00,1.0736756324768066,1.0818997621536255,1.0736756324768066,1.073767900466919,-0.002943527856582917,0.007478916586824353,0.0049525746262291115,58.89140955379641,0.0024140081912726874,7.752877712063784e-05,0.0023364794141520497,85.83893070510008,0.007970964017259068,0.007741919148902253,0.027141604246829,0,1,3,-175.17617397772372,0.0,EURUSD=X
2017-03-22 00:00:00+00:00,1.0811277627944946,1.0820754766464233,1.0776559114456177,1.081244707107544,-0.0004939042056647525,0.00802740073208869,0.008096180022155286,58.36947912113253,0.002837865207377055,0.0006295960631719213,0.0022082691442051336,74.47196275672115,0.007989047278656196,0.007423358449989948,0.029146493958336905,0,2,3,-39.311493124853584,0.0,EURUSD=X
2017-03-23 00:00:00+00:00,1.0789697170257568,1.0804970264434814,1.077052354812622,1.0790164470672607,0.0069631497061644065,0.008977058191790399,0.018846119844809772,63.30467654112863,0.003734046986683781,0.0012504862478742932,0.0024835607388094877,97.38104990999591,0.008011799343002496,0.007388750415276328,0.03236919059731794,0,3,3,201.16854586836448,0.0,EURUSD=X
2017-03-24 00:00:00+00:00,1.078399658203125,1.08119797706604,1.0761598348617554,1.0783880949020386,-0.002060828622453159,0.00950081792639899,0.004866440169319031,60.9843686165055,0.004215877528662926,0.00184356450403202,0.002372313024630906,89.63405520478608,0.007738981696711023,0.007425094737692241,0.034328491910490144,0,4,3,439.62738762202054,0.0,EURUSD=X
2017-03-27 00:00:00+01:00,1.0845986604690552,1.0904886722564697,1.0839051008224487,1.0849517583847046,-0.0005823378938569768,0.009934009860772103,0.0008520243572089914,60.31302805189351,0.00449521094263261,0.002373893791752138,0.0021213171508804723,87.50479699132704,0.00754606459010914,0.0071764346558499765,0.03591462168025701,0,0,3,677.3288184415545,0.0,EURUSD=X
2017-03-28 00:00:00+01:00,1.0862716436386108,1.0874292850494385,1.0846928358078003,1.0860947370529175,0.006086550392845558,0.010613031164936908,0.00991647792483441,64.6862011762081,0.00518643151980025,0.0029364013373617604,0.0022500301824384893,85.39981013812137,0.007871386930417857,0.0069552074843805545,0.03813737572763465,0,1,3,855.8674353699269,0.0,EURUSD=X
2017-03-29 00:00:00+01:00,1.0817476511001587,1.0826494693756104,1.0740907192230225,1.0817711353302002,0.0010534834008790739,0.011301358274120073,0.011479982387849752,65.40116921929953,0.005760059255845329,0.0035011329210584744,0.0022589263347868546,88.41371029089103,0.007504605666933594,0.007247422035923503,0.04056810558303513,0,2,3,1088.9970980646958,0.0,EURUSD=X
2017-03-30 00:00:00+01:00,1.0759977102279663,1.0769003629684448,1.0721906423568726,1.0759629011154175,-0.0039808697853092045,0.01141067210987103,0.00048687241583311724,60.41805150397302,0.005798938293318123,0.0039606939955104045,0.0018382442978077188,73.0564602891545,0.007825992250002268,0.006937332141555881,0.04112421593020668,0,3,3,1298.362384743127,0.0,EURUSD=X
2017-03-31 00:00:00+01:00,1.0687528848648071,1.0700910091400146,1.0672245025634766,1.0687072277069092,-0.005369189494051185,0.010903893917892944,-0.002829934576199178,54.419414007277396,0.005299979387670906,0.0042285510739425046,0.001071428313728401,50.65242746756087,0.007951313730239794,0.007273477776872514,0.03950991673231141,0,4,3,1402.4306262476653,0.0,EURUSD=X
2017-04-03 00:00:00+01:00,1.0668145418167114,1.068376064300537,1.064373254776001,1.0668829679489136,-0.006743423403340887,0.00994225664194663,-0.008977164381630875,48.00716666024982,0.004269858384702507,0.004236812536094505,3.304584860800222e-05,26.003142667379436,0.008007534074647018,0.007440123472637752,0.03627003852880867,0,0,4,1405.3040433654323,0.0,EURUSD=X
2017-04-04 00:00:00+01:00,1.0670194625854492,1.067463755607605,1.0636826753616333,1.067008137702942,-0.0017069780298106796,0.00976970919620741,-0.01665400355006763,46.52288381399753,0.003268599175075604,0.004043169863890725,-0.0007745706888151209,19.805689199915765,0.0077451368500942456,0.007505541202932063,0.0357015152382044,0,1,4,1344.2088572541354,0.0,EURUSD=X
2017-04-05 00:00:00+01:00,1.0679539442062378,1.0689127445220947,1.065405249595642,1.0680338144302368,0.00011732285338572623,0.009317406562806769,-0.01757360449215184,46.64477854248694,0.0024568728895060232,0.0037259104690137847,-0.0012690375795077614,12.40566562159518,0.007461989949799777,0.007258742062425126,0.03404466840905547,0,2,4,1316.419872818686,0.0,EURUSD=X
2017-04-06 00:00:00+01:00,1.0673270225524902,1.0683988332748413,1.0631964206695557,1.0672472715377808,0.0009612642031981977,0.008708186766765188,-0.012698916112020453,47.69683892892775,0.0018747268162144781,0.0033556737384539234,-0.0014809469222394453,16.23196139906166,0.0071795260195606945,0.006986660767646686,0.03178809673816438,0,3,4,1284.5732773641405,0.0,EURUSD=X
2017-04-07 00:00:00+01:00,1.064305305480957,1.0660412311553955,1.0611655712127686,1.0644639730453491,-0.000736440065688071,0.007783271578520089,-0.008100306775077004,46.93258997020323,0.001334520894821889,0.0029514431697275165,-0.0016169222749056276,14.84249423439793,0.007038303632826762,0.006727143944079446,0.028432753843942376,0,4,4,1195.8672913622433,0.0,EURUSD=X
2017-04-10 00:00:00+01:00,1.0584250688552856,1.060782790184021,1.0570378303527832,1.0582010746002197,-0.0026079227997661825,0.007230594449014483,-0.0039704556604007735,44.23173484855782,0.0006740449126270143,0.002495963518307416,-0.0018219186056804017,11.248475485811854,0.0069699748251257215,0.006612063734473529,0.026482856675228744,0,0,4,1061.417743079708,0.0,EURUSD=X
2017-04-11 00:00:00+01:00,1.0597823858261108,1.0629477500915527,1.0579211711883545,1.0597598552703857,-0.005883617110320483,0.007931977032547525,-0.008137624846879743,38.81840246330268,-0.00035070788286484245,0.0019266292380729644,-0.0022773371209378066,3.477473753234072,0.007002558244228593,0.006586626107669495,0.029223689425261986,0,1,4,851.3309870287638,0.0,EURUSD=X
2017-04-12 00:00:00+01:00,1.0609629154205322,1.0623831748962402,1.0596587657928467,1.0611318349838257,0.0014730477104787365,0.008284898466613212,-0.0067930901147205125,40.761649452316405,-0.0010252330351845362,0.0013362567834214643,-0.0023614898186060003,8.137388366606558,0.006861416862726425,0.006607684004450206,0.030479056597628455,0,2,4,639.2061547003885,0.0,EURUSD=X
2017-04-13 00:00:00+01:00,1.0671560764312744,1.0678056478500366,1.0611768960952759,1.0670650005340576,0.00129461378124196,0.00829291881791303,-0.006462322965020695,42.49296228887474,-0.0014325779148733897,0.0007824898437624935,-0.002215067758635883,12.238868734096918,0.006565916308488363,0.006466130443472192,0.030469116681482344,0,3,4,422.9473092372751,0.0,EURUSD=X
2017-04-14 00:00:00+01:00,1.0617965459823608,1.063151240348816,1.0607041120529175,1.0616387128829956,0.0055913557153077775,0.008369975384170777,-0.00017078610419918316,49.382593016944575,-0.001262096133815005,0.00037357264824699387,-0.0016356687820619988,29.97583800774039,0.0065736232054685465,0.0061532486823222335,0.030581240580394242,0,4,4,277.4406443111113,0.0,EURUSD=X
2017-04-17 00:00:00+01:00,1.0611205101013184,1.0669853687286377,1.0609742403030396,1.0610530376434326,-0.005085245648902559,0.008578735812591023,-0.0026541623144563653,44.17054148740295,-0.0015470111762747596,-1.054411665735682e-05,-0.0015364670596174027,15.138737438319303,0.0065584278680165175,0.006191958832790824,0.031504191657331926,0,0,4,128.37022233216447,0.0,EURUSD=X
2017-04-18 00:00:00+01:00,1.0643846988677979,1.0708587169647217,1.063795804977417,1.0644525289535522,-0.0005516709521382612,0.008840857616041618,0.002695105034069556,43.63522482294771,-0.00179932598732635,-0.0003683004907911555,-0.0014310254965351945,15.677275816165999,0.006519335050700919,0.006181055645043523,0.032484717712764705,0,1,4,-21.171491092143093,0.0,EURUSD=X
2017-04-19 00:00:00+01:00,1.0728347301483154,1.0736525058746338,1.070159673690796,1.0728693008422852,0.0032038844332133998,0.008911362801921187,0.0044280538273164805,47.60452188297668,-0.0017053189001654534,-0.0006357041726660151,-0.0010696147274994383,37.33007640185093,0.0067540739271715,0.00612458975235841,0.03263920868230524,0,2,4,-161.9899084586089,0.0,EURUSD=X
2017-04-20 00:00:00+01:00,1.0714898109436035,1.077818512916565,1.0710651874542236,1.0715012550354004,0.007907136917610913,0.008552294400747165,0.011061270118842836,55.88745641934401,-0.0009408093917482319,-0.0006967252164824585,-0.00024408417526577335,95.28606483275216,0.00692878128387936,0.0062953371131684276,0.031078325993632763,0,3,4,-249.35977148451238,0.0,EURUSD=X
2017-04-21 00:00:00+01:00,1.071329116821289,1.0737563371658325,1.0687072277069092,1.0714898109436035,-0.0012751281128192682,0.008283920382326379,0.004157436050402197,54.38261655953776,-0.00044024509035511805,-0.0006454291912569905,0.00020518410090187243,69.60033501414058,0.006916248725198071,0.006466423862145123,0.030141511437665754,0,4,4,-282.93899451508776,0.0,EURUSD=X
2017-04-24 00:00:00+01:00,1.0875357389450073,1.0877995491027832,1.0821690559387207,1.087393879890442,-1.0680427804499182e-05,0.00802785634526218,0.009279143592885841,54.36942803890571,-4.3960963078237825e-05,-0.00052513554562124,0.00048117458254300213,69.54526419651103,0.006782881634749875,0.006454796540815729,0.029210119976048395,0,0,4,-241.34804627031866,0.0,EURUSD=X
2017-04-25 00:00:00+01:00,1.086767554283142,1.0940918922424316,1.085198998451233,1.0864840745925903,0.014842949307033004,0.008297086266540207,0.02482518904569697,66.52074541089152,0.0015357196903831305,-0.00011296449842036589,0.0016486841888034964,98.68125310019842,0.007463371386494862,0.006237741227156134,0.029748187844961495,0,1,4,-48.32635935782119,0.0,EURUSD=X
2017-04-26 00:00:00+01:00,1.0928484201431274,1.0950744152069092,1.0860711336135864,1.0928245782852173,-0.000836684217813688,0.008339317752441625,0.020697537034081614,65.44704677630514,0.0026832830881051706,0.0004462850188847414,0.0022369980692204293,79.46833015905698,0.007565480129687996,0.006869287420796735,0.029924641146550583,0,2,4,118.15052511262176,0.0,EURUSD=X
2017-04-27 00:00:00+01:00,1.0909289121627808,1.0930753946304321,1.085257887840271,1.090893268585205,0.005835799935681951,0.00950427509577844,0.018599914665528905,69.18050114757925,0.004057587661936202,0.0011685455474950335,0.002889042114441168,94.08507117471183,0.007668180234233336,0.0069228678417529825,0.033907075882352526,0,3,4,326.074004539676,0.0,EURUSD=X
2017-04-28 00:00:00+01:00,1.0866730213165283,1.0948106050491333,1.0858235359191895,1.0864251852035522,-0.0017672641505214193,0.010550188079110049,0.01809798491478576,66.8124245121283,0.004934017107963262,0.0019216398595886795,0.0030123772483745827,89.00756564307966,0.007678846416799607,0.007029267165777187,0.03770506848557333,0,4,4,496.11969586806646,0.0,EURUSD=X
2017-05-01 00:00:00+01:00,1.0906076431274414,1.0925379991531372,1.0885419845581055,1.0907504558563232,-0.004095802504536117,0.011123980411406924,0.013938885939378087,61.56217397769626,0.005208021935710683,0.00257891627481308,0.0026291056608976028,76.72012166949023,0.007772290896309909,0.007067993748102314,0.03991923266961161,0,0,5,699.2285008661256,0.0,EURUSD=X
2017-05-02 00:00:00+01:00,1.0909645557403564,1.0925379991531372,1.0889095067977905,1.090893268585205,0.0039811951266213175,0.011875421288511151,0.00308680785128157,64.47263939207582,0.005708383241024739,0.003204809668055412,0.002503573572969327,87.79082292115467,0.0076537568286866985,0.007125636165980844,0.0424468450819812,0,1,5,975.8010901774309,0.0,EURUSD=X
2017-05-03 00:00:00+01:00,1.0935654640197754,1.0939722061157227,1.0905719995498657,1.0935654640197754,0.0001309307074914834,0.012476235850256014,0.004058222385144639,64.56803692716034,0.006046743874660088,0.0037731965093763475,0.00227354736528374,87.83500220242162,0.00736623793773384,0.0070160455189286885,0.04458852521383225,0,2,5,1233.993798498656,0.0,EURUSD=X
2017-05-04 00:00:00+01:00,1.0888738632202148,1.0968520641326904,1.0876303911209106,1.0888975858688354,0.0024495480094361977,0.013150844739395783,0.0006779548605326813,66.38677586134212,0.006456099062463361,0.0043097770199937505,0.0021463220424696103,95.60972395159529,0.007082949982599775,0.006735982600124095,0.046884647825010714,0,3,5,1441.0457922003327,0.0,EURUSD=X
2017-05-05 00:00:00+01:00,1.098140835762024,1.0999890565872192,1.0953261852264404,1.098152995109558,-0.004268494483888996,0.013367923353008264,-0.001829402356618992,60.5407722137102,0.006330878812234708,0.004713997378441942,0.0016168814337927662,77.82898343661223,0.00723571591325549,0.006504698030851325,0.047862866601904766,0,4,5,1574.5648224151416,0.0,EURUSD=X
2017-05-08 00:00:00+01:00,1.0966956615447998,1.0996261835098267,1.0919533967971802,1.0965152978897095,0.008499797741160053,0.013936593897197546,0.010794861961717528,66.7861355902192,0.006898948255763093,0.005150987553906173,0.0017479607018569205,94.92706127248354,0.007511126970764654,0.006588987095130231,0.049478393334273785,0,0,5,1792.3772412661024,0.0,EURUSD=X
2017-05-09 00:00:00+01:00,1.0927289724349976,1.093400478363037,1.087263822555542,1.0927767753601074,-0.001491319722426554,0.013736664944924037,0.005285207081449528,64.83083551212164,0.007134753901892665,0.005547740823503472,0.0015870130783891935,88.89528259104992,0.0075226740951847846,0.006849997428417222,0.048841433752687305,0,1,5,1934.3512220462653,0.0,EURUSD=X
2017-05-10 00:00:00+01:00,1.0886961221694946,1.0900371074676514,1.0859414339065552,1.0886842012405396,-0.003409457703688168,0.01318873355721177,0.0017265729188566947,60.47796876040676,0.0069399644610070865,0.005826185551004195,0.0011137789100028918,76.94418298013422,0.007646159897969263,0.006883998877726703,0.04705366239441284,0,2,5,2023.9712815527937,0.0,EURUSD=X
2017-05-11 00:00:00+01:00,1.0866730213165283,1.0892000198364258,1.0839990377426147,1.087074637413025,-0.003745114475203981,0.012381209568781457,-0.0044636219228184615,56.04199871526187,0.006381790587971725,0.005937306558397701,0.000444484029574024,63.86127105952113,0.007588244294796619,0.007023303809549708,0.04433869923688923,0,3,5,1997.660226736597,0.0,EURUSD=X
2017-05-12 00:00:00+01:00,1.0866022109985352,1.0933741331100464,1.0857645273208618,1.0864958763122559,-0.0014784487785168832,0.01184683824946328,-0.0016741229657112333,54.35344523950416,0.005743349663165365,0.005898515179351234,-0.00015516551618586973,27.528514566678933,0.0074177255661547915,0.006980426213286336,0.04248786314379408,0,4,5,1956.3778639232119,0.0,EURUSD=X
2017-05-15 00:00:00+01:00,1.0928006172180176,1.099000096321106,1.0923231840133667,1.0927289724349976,-0.0005324023584492021,0.010652379468235754,-0.010615204665666123,53.726591378214124,0.00513152640448733,0.0057451174243784535,-0.0006135910198911236,15.614982032892481,0.007431431296371205,0.006827200846202713,0.038224370372085884,0,0,5,1950.3327884462567,0.0,EURUSD=X
2017-05-16 00:00:00+01:00,1.0980684757232666,1.108930230140686,1.0979599952697754,1.0981770753860474,0.0057368796869232686,0.009161294668092759,-0.003453053014398355,59.18591086234071,0.005090925805291802,0.0056142791005611235,-0.0005233532952693219,54.596150118538176,0.007793773347262555,0.006800800092095365,0.032686332041921506,0,1,5,1913.6267423669985,0.0,EURUSD=X
2017-05-17 00:00:00+01:00,1.109570026397705,1.1150261163711548,1.1083157062530518,1.1093976497650146,0.004985776975336753,0.007897770786016233,0.004941814419656243,63.26542297285055,0.0054357064737518,0.005578564575199259,-0.000142858101447459,56.868670447264485,0.008394307944292977,0.007097009691740991,0.02803844638868654,0,2,5,1910.5966557211289,0.0,EURUSD=X
2017-05-18 00:00:00+01:00,1.1154240369796753,1.11720609664917,1.1104941368103027,1.115635633468628,0.010217454571270101,0.008368315103936543,0.019026131270089452,69.93142487355573,0.00653897695962824,0.005770647052085055,0.0007683299075431846,81.85950190952612,0.008998217447208296,0.0075665456349858,0.02940847994329321,0,3,5,1929.3337023003332,0.0,EURUSD=X
2017-05-19 00:00:00+01:00,1.111086368560791,1.1198208332061768,1.1100751161575317,1.1113580465316772,0.005622856425677947,0.009012219746335157,0.0262732613499026,72.8780514870548,0.007826461345607383,0.006181809910789521,0.0016446514348178619,95.27069474908548,0.00891323383556165,0.008065552208324412,0.03149424411432622,0,4,5,2083.2365835742976,0.0,EURUSD=X
2017-05-22 00:00:00+01:00,1.1202348470687866,1.1263290643692017,1.116233468055725,1.120485782623291,-0.003834215050707246,0.008574186503965756,0.022882894230402018,67.9598748617164,0.008404751734573779,0.0066263982755463725,0.0017783534590274062,76.37531406512588,0.008972696922210463,0.008020128043683171,0.030078814937813392,0,0,5,2159.4802119103406,0.0,EURUSD=X
2017-05-23 00:00:00+01:00,1.1237092018127441,1.1266716718673706,1.1196328401565552,1.123885989189148,0.008213137179417185,0.010215982384340171,0.02540136748313837,72.26155739423031,0.009490186095236552,0.007199155839484409,0.0022910302557521437,86.19589399870455,0.009401148416161461,0.008007863251244035,0.03554639634863862,0,1,5,2259.427515610085,0.0,EURUSD=X
2017-05-24 00:00:00+01:00,1.1180930137634277,1.1202473640441895,1.1169440746307373,1.11793053150177,0.0030345825164299622,0.011713149244034838,0.023410535859222037,73.67921050218743,0.010503688911889908,0.007860062453965509,0.0026436264579243994,93.4719692483043,0.009232411508636743,0.008364859520087198,0.04063246909734307,0,2,5,2418.0116248349536,0.0,EURUSD=X
2017-05-25 00:00:00+01:00,1.12311589717865,1.1250998973846436,1.119557499885559,1.1230907440185547,-0.005298987392550969,0.012474573431726721,0.007691454672328568,67.20095774656123,0.010702964420965522,0.008428642847365511,0.0022743215736000105,79.51581723301784,0.009068804583620594,0.00825848409045095,0.04350434963608119,0,3,5,2567.1194492970976,0.0,EURUSD=X
2017-05-26 00:00:00+01:00,1.1210637092590332,1.123204231262207,1.1163455247879028,1.121076226234436,0.004615861514984054,0.013410840703842448,0.006682388341028522,69.68790199296264,0.011148761736583301,0.00897266662520907,0.002176095111374232,91.60837402643841,0.00893313039071009,0.008074863613577041,0.04655463755800862,0,4,5,2785.3662523082344,0.0,EURUSD=X
2017-05-29 00:00:00+01:00,1.1175181865692139,1.11906898021698,1.1162956953048706,1.1176055669784546,-0.0017937266377162642,0.01371185166582424,0.008744418356520844,67.53501089354035,0.011210279448529814,0.009420189189873219,0.0017900902586565955,86.88750824105217,0.008784957253823954,0.007968352357908284,0.04768510655951313,0,0,5,2956.7317093909123,0.0,EURUSD=X
2017-05-30 00:00:00+01:00,1.1129412651062012,1.1201595067977905,1.1110740900039673,1.1129041910171509,-0.003095828075526108,0.013827635062865414,-0.002570506194280564,63.873893798843014,0.010853862906717193,0.009706923933242014,0.001146938973475179,78.75428814070689,0.008498926802091203,0.007860516727359244,0.048237095166659055,0,1,5,3104.3486336366745,0.0,EURUSD=X
2017-05-31 00:00:00+01:00,1.1173683404922485,1.125226378440857,1.1165823936462402,1.117168664932251,-0.004206650450045868,0.013627380126171854,-0.00977127420186108,59.1927613057762,0.01007588989377739,0.00978071712534909,0.00029517276842829995,67.7369791375669,0.008540818944357776,0.007636710213413354,0.04773933735551422,0,2,5,3196.8531127911156,0.0,EURUSD=X
2017-06-01 00:00:00+01:00,1.123822808265686,1.1257203817367554,1.1203100681304932,1.1243535280227661,0.0038318428032897422,0.013623279339417035,-0.0006814972380221329,61.91898343111557,0.009691727875228207,0.009762919275324914,-7.119140009670746e-05,76.76932222850382,0.008810916692882653,0.00764505773609012,0.047542794992817036,0,3,6,3267.053663516525,0.0,EURUSD=X
2017-06-02 00:00:00+01:00,1.1213276386260986,1.1281461715698242,1.1206239461898804,1.1215791702270508,0.006431314550834566,0.013587211097343444,0.0011243828790654664,66.03598279613462,0.009853450667058672,0.009781025553671666,7.242511338700561e-05,93.25110364550073,0.008792402415141348,0.007836429088613352,0.04711391888215108,0,4,6,3351.648104027241,0.0,EURUSD=X
2017-06-05 00:00:00+01:00,1.127548336982727,1.1279042959213257,1.1236207485198975,1.128082513809204,-0.0024675137548544335,0.013723146866569239,0.0004486260441933787,63.19490586599009,0.00964655023060601,0.009754130489058536,-0.00010758025845252622,78.24500434404865,0.008701675484055812,0.007839306086044223,0.04770298658274206,0,0,6,3400.147378636618,0.0,EURUSD=X
2017-06-06 00:00:00+01:00,1.125821828842163,1.1279042959213257,1.1241259574890137,1.1256824731826782,0.005798381206417069,0.014030071823165022,0.009374458342288783,66.80061956682407,0.009893301795715459,0.009781964750389921,0.00011133704532553801,99.6789900811542,0.00853192192764289,0.007713687055278255,0.048488731286696174,0,1,6,3425.5006292742805,0.0,EURUSD=X
2017-06-07 00:00:00+01:00,1.127052664756775,1.1279934644699097,1.120523452758789,1.1271415948867798,-0.0021275399601946576,0.013766191844262338,0.01148192474129206,64.29715393071365,0.00978242525918982,0.009782056852149902,3.6840703991798673e-07,86.36660487759828,0.008205110098539142,0.00757933265454539,0.047678184217561856,0,2,6,3393.6093277649875,0.0,EURUSD=X
2017-06-08 00:00:00+01:00,1.12546706199646,1.1270145177841187,1.1196452379226685,1.125517725944519,0.0012962107333662765,0.012976253183523545,0.008926968923831824,65.15220884406062,0.009700472721108744,0.009765740025941671,-6.526730483292706e-05,94.44096285399529,0.008152603070866389,0.007279573512113478,0.04488411100068781,0,3,6,3379.9278341877803,0.0,EURUSD=X
2017-06-09 00:00:00+01:00,1.1193194389343262,1.1217050552368164,1.1167818307876587,1.1184805631637573,-0.0014406964924613685,0.011530139930341167,0.001035437602797673,63.33429111581624,0.00939617879164989,0.009691827779083315,-0.00029564898743342574,84.60383629749111,0.008105728348955312,0.00724342485501491,0.03993962958640951,0,4,6,3285.1507199970256,0.0,EURUSD=X
2017-06-12 00:00:00+01:00,1.1202348470687866,1.1230995655059814,1.1194071769714355,1.1201971769332886,-0.006252378455307017,0.009203815783061012,-0.002762718090303151,56.03715475819609,0.00848932379555567,0.009451326982377786,-0.0009620031868221163,43.3835389739615,0.008150740263805672,0.00724708914567749,0.03208198786083624,0,0,6,3175.9116849976404,0.0,EURUSD=X
2017-06-13 00:00:00+01:00,1.1199086904525757,1.1225234270095825,1.1185808181762695,1.1196202039718628,0.001534773000145373,0.007105113454857001,-0.0069900355509359136,57.32869848799049,0.007819018286834067,0.009124865243269043,-0.0013058469564349758,53.43863250727947,0.00789847326940699,0.007276165689079464,0.024728532107397356,0,1,6,3033.0654057384836,0.0,EURUSD=X
2017-06-14 00:00:00+01:00,1.121076226234436,1.1295095682144165,1.1198583841323853,1.1208877563476562,-0.0005150637524415913,0.005147837780453316,-0.005385416718513336,56.725487679584056,0.007158718198612801,0.008731635834337795,-0.0015729176357249935,50.05900384746982,0.007615911523971703,0.007054600516663672,0.017925691583099562,0,2,6,2888.170911415808,1.0,EURUSD=X
2017-06-15 00:00:00+01:00,1.1216169595718384,1.1228384971618652,1.1133625507354736,1.1215791702270508,0.0011321271010444889,0.00449508330357208,-0.005548405424388392,57.776591127775454,0.006660923524729245,0.008317493372416086,-0.001656569847686841,53.232502198541205,0.007778301003870418,0.006794535385762159,0.015634982994358684,0,3,6,2727.6657936323872,1.0,EURUSD=X
2017-06-16 00:00:00+01:00,1.114740252494812,1.1199712753295898,1.113908290863037,1.1146905422210693,0.0006168448852073016,0.004341056594607719,-0.0034993280218337253,58.37056947218487,0.006250161015345146,0.0079040269010019,-0.0016538658856567537,56.982954839377165,0.00789956139119336,0.00693513325706271,0.015089932833988837,0,4,6,2504.428808850459,1.0,EURUSD=X
2017-06-19 00:00:00+01:00,1.1203352212905884,1.1213276386260986,1.1159842014312744,1.120824933052063,-0.006141900802764444,0.004005225102590103,-0.0033885443051128172,50.71568045438997,0.005307591447511806,0.007384739810303881,-0.002077148362792075,19.616807200869072,0.007883226960680525,0.007086775290524257,0.014008589433916505,0,0,6,2248.976889209915,1.0,EURUSD=X
2017-06-20 00:00:00+01:00,1.114466905593872,1.1165997982025146,1.1120872497558594,1.1144545078277588,0.005503223180462813,0.004003214068602483,0.000560397876106844,56.22158180916313,0.004997978758975119,0.006907387600038129,-0.0019094088410630096,46.21523650619043,0.007794217635276866,0.007033415057259744,0.013924923721553874,0,1,6,2008.3502383869184,1.0,EURUSD=X
2017-06-21 00:00:00+01:00,1.1136353015899658,1.1154489517211914,1.112866997718811,1.1136974096298218,-0.005683693355176489,0.004209789188104101,-0.004613793253979037,49.97740710352608,0.004190265623180256,0.006363963204666555,-0.002173697581486299,13.587503164578616,0.007861608039628777,0.006993751275203669,0.014727186857157072,0,2,6,1765.4774416996033,1.0,EURUSD=X
2017-06-22 00:00:00+01:00,1.1168441772460938,1.117817997932434,1.114715337753296,1.1167196035385132,-0.0006793441927142041,0.00445276522380562,-0.006414867748456565,49.276945652082254,0.003449294328654373,0.005781029429464119,-0.0023317351008097457,9.241938022155471,0.007484489894111033,0.007059016184873655,0.015587784088166703,0,3,6,1540.934107370299,1.0,EURUSD=X
2017-06-23 00:00:00+01:00,1.114976406097412,1.120862603187561,1.1146284341812134,1.1149640083312988,0.002713658021074039,0.0044803385697603304,-0.0043327897107378055,52.159396845187565,0.0030705397592358796,0.0052389314954184715,-0.002168391736182592,26.588618464717513,0.007244211209003981,0.0067022105373588615,0.015641863363442945,0,4,6,1317.7378981271822,1.0,EURUSD=X
2017-06-26 00:00:00+01:00,1.1199712753295898,1.12186861038208,1.1172560453414917,1.1198835372924805,-0.0015721002852027155,0.004617550861136657,0.0002453291742159358,50.36877173771707,0.00259875533921039,0.004710896264176856,-0.0021121409249664656,16.51191592142266,0.007172065337385672,0.006497260140124134,0.01614628572183335,0,0,6,1132.835590364993,1.0,EURUSD=X
2017-06-27 00:00:00+01:00,1.118067979812622,1.1330161094665527,1.1180554628372192,1.118355631828308,0.004412276023639805,0.004588379264633549,-0.0008399132922739527,55.027845842026885,0.002591949282370498,0.004287106867815585,-0.0016951575854450866,44.74885219878343,0.007152960816913928,0.006404295713396616,0.015973799981556173,0,1,6,1013.4033884545536,1.0,EURUSD=X
2017-06-28 00:00:00+01:00,1.1336840391159058,1.1387965679168701,1.129726529121399,1.1339154243469238,-0.0013643431779222226,0.004302600585329092,0.0035004784611201156,53.35267748811022,0.0024351948215235453,0.003916724458557177,-0.001481529637033632,29.950901095896654,0.007710652660658182,0.006395962619886965,0.01499936580441735,0,2,6,909.7199847665584,1.0,EURUSD=X
2017-06-29 00:00:00+01:00,1.13779878616333,1.1435105800628662,1.13779878616333,1.1382650136947632,0.013913098906810362,0.005215543582806972,0.018153956848855568,65.02839368085985,0.003525866999592564,0.003838552966764255,-0.00031268596717169087,81.72494130879163,0.00861995861979417,0.006800024494859585,0.017932494648720727,0,3,6,913.8369431196288,1.0,EURUSD=X
2017-06-30 00:00:00+01:00,1.1440469026565552,1.1445000171661377,1.1392894983291626,1.144164800643921,0.0038359027970225057,0.006460899268400594,0.019293482525049033,67.47887558598174,0.004687177206744053,0.004008277814760214,0.0006788993919838388,83.30677774489943,0.008689615555233328,0.0075728925303731555,0.02212948854404978,0,4,6,947.1124071236533,0.0,EURUSD=X
2017-07-03 00:00:00+01:00,1.1425045728683472,1.1425960063934326,1.1356925964355469,1.1423088312149048,0.005183140022908317,0.008179084444561288,0.02618989679884387,70.49849902287465,0.006014258781433579,0.004409474008094888,0.0016047847733386914,98.96578864132873,0.008514286120671984,0.007594723723665442,0.02787005996517285,0,0,7,1088.4690678470665,0.0,EURUSD=X
2017-07-04 00:00:00+01:00,1.1375269889831543,1.1379153728485107,1.1337867975234985,1.1371389627456665,-0.0016221172229486935,0.009211038240476303,0.020024666115408207,68.34851376119494,0.0068374019549419796,0.0048950595974643065,0.001942342357477673,93.23974431588316,0.008511280269793559,0.007453576377954286,0.031437416214881234,0,1,7,1164.6584270052551,0.0,EURUSD=X
2017-07-05 00:00:00+01:00,1.1359893083572388,1.1368803977966309,1.1315033435821533,1.1360150575637817,-0.004525806268817711,0.009693104372511795,0.01679549007738368,62.61975740607863,0.006991984427182407,0.005314444563407927,0.0016775398637744804,77.28964538172403,0.008512048371337321,0.007484819840525681,0.03323312206399944,0,2,7,1240.4264276517524,0.0,EURUSD=X
2017-07-06 00:00:00+01:00,1.1344943046569824,1.1409013271331787,1.1330673694610596,1.1346874237060547,-0.0009883622131555692,0.010034763558929375,0.001851666510372496,61.41461634752414,0.006943759062693955,0.005640307463265133,0.0013034515994288223,73.8221686073454,0.008306589142207025,0.007492901009245127,0.034438549403532345,0,3,7,1317.0891985901678,0.0,EURUSD=X
2017-07-07 00:00:00+01:00,1.142126202583313,1.1438244581222534,1.1382910013198853,1.1424784660339355,-0.0011686762854835608,0.010286003478184348,-0.003143020250702233,59.94695136298206,0.006720936386051646,0.005856433247822436,0.0008645031382292102,69.72614730523946,0.008272829751486462,0.00732059681694232,0.035342089261693924,0,4,7,1366.9089716746541,0.0,EURUSD=X
2017-07-10 00:00:00+01:00,1.1406410932540894,1.1417349576950073,1.1383039951324463,1.140380859375,0.006866245421522477,0.010863732694611694,-0.0014738563964179496,65.20236439383689,0.0070912759973331685,0.006103401797724582,0.0009878741996085863,93.76310233984803,0.008334558656108767,0.007241125323092725,0.03707258264882262,0,0,7,1547.8583194023604,0.0,EURUSD=X
2017-07-12 00:00:00+01:00,1.1473942995071411,1.149100422859192,1.1394842863082886,1.1473942995071411,-0.0018360141755821013,0.011204732087953985,-0.0016877851131154031,62.81272651699833,0.007133285406629275,0.006309378519505521,0.0008239068871237539,86.97829716193657,0.008037409530778802,0.007308574663973776,0.03830657747441426,0,2,7,1659.0355840064615,0.0,EURUSD=X
2017-07-13 00:00:00+01:00,1.1419044733047485,1.1455278396606445,1.137255311012268,1.1418914794921875,0.006150085802023142,0.011908188518906022,0.00901854311342265,67.14805104316878,0.00764438446540372,0.006576379708685161,0.0010680047567185585,95.05069647130428,0.008150175746501983,0.007004923707770939,0.040462695191303855,0,3,7,1847.730306858336,0.0,EURUSD=X
2017-07-14 00:00:00+01:00,1.140393853187561,1.1466838121414185,1.139237642288208,1.140393853187561,-0.004795927622542107,0.012112906612657797,0.005172838061678453,61.12665991713647,0.00751873131122327,0.006764850029192784,0.0007538812820304863,79.08753267951253,0.008292233799957058,0.007137434592406681,0.04135664790981923,0,4,7,1890.742756458681,0.0,EURUSD=X
2017-07-17 00:00:00+01:00,1.1475127935409546,1.1487255096435547,1.1436283588409424,1.1475391387939453,-0.0013115312019776892,0.012180217309750668,0.005029076168719948,59.56124303269331,0.00721513279505781,0.006854906582365789,0.00036022621269202106,72.65900497884925,0.008231800660903729,0.00727137714464095,0.04164107790002157,0,0,7,1876.013299280598,0.0,EURUSD=X
2017-07-18 00:00:00+01:00,1.1473416090011597,1.1584800481796265,1.1472363471984863,1.1474337577819824,0.006265629708904763,0.012132202407851527,0.004429556364049292,64.26355570662784,0.0074650412675736355,0.0069769335194073585,0.00048810774816627697,94.97089361963567,0.008238933217695867,0.007173437822395571,0.04121866621236279,0,1,7,1884.871776148416,0.0,EURUSD=X
2017-07-19 00:00:00+01:00,1.154961109161377,1.1553213596343994,1.1510659456253052,1.1549744606018066,-9.183217234198793e-05,0.01226885229726751,0.0061846867640762415,64.14508675146288,0.0075673603460253425,0.007095018884730956,0.0004723414612943866,61.58282269632922,0.008453559486513315,0.007180312729879873,0.04168675686148836,0,2,7,1892.7790931475706,0.0,EURUSD=X
2017-07-20 00:00:00+01:00,1.1528840065002441,1.1649987697601318,1.1480133533477783,1.1528440713882446,0.00657179795232854,0.0122857680410164,0.006606413416836432,68.60507218044114,0.008162824688319414,0.007308580045448648,0.0008542446428707667,87.00513042594467,0.008413133941220721,0.0073192609662628685,0.04147168913204151,0,3,7,2021.2370627179691,0.0,EURUSD=X
2017-07-21 00:00:00+01:00,1.1628042459487915,1.1675150394439697,1.1620204448699951,1.1628718376159668,-0.0018445336119830014,0.011712603654415928,0.009591622402619127,66.10334463584495,0.008366387358968552,0.0075201415081526295,0.0008462458508159227,63.712363869314544,0.009025439832015921,0.007297720611157499,0.03960998434918563,0,4,7,2106.1146194733724,0.0,EURUSD=X
2017-07-24 00:00:00+01:00,1.1681560277938843,1.1681697368621826,1.1631693840026855,1.1681697368621826,0.00869828494294711,0.011929287005078759,0.019710720437133844,71.39154723040168,0.009230466103609114,0.007862206427243926,0.001368259676365188,87.10640608034745,0.009428691847995148,0.007761336666746703,0.039994882791925625,0,0,7,2268.680767027143,0.0,EURUSD=X
2017-07-25 00:00:00+01:00,1.1638869047164917,1.1706860065460205,1.1631559133529663,1.1638869047164917,0.004555875441164092,0.012009226569287096,0.017978121504352185,73.72391026974286,0.010224884819437507,0.008334742105682642,0.0018901427137548651,100.0,0.009133635233582337,0.00807133719567289,0.04008029241554194,0,1,7,2377.134806908622,0.0,EURUSD=X
2017-07-26 00:00:00+01:00,1.1643340587615967,1.1655012369155884,1.1615750789642334,1.1644561290740967,-0.003666275551012843,0.011662851097991752,0.014339082167421635,68.83803593070516,0.010545814470422687,0.008776956578630653,0.0017688578917920347,82.6476780411819,0.009019096516401755,0.007847528137458662,0.039067510998053515,0,2,7,2498.220574543233,0.0,EURUSD=X
2017-07-27 00:00:00+01:00,1.1730343103408813,1.1774957180023193,1.1654876470565796,1.1728004217147827,0.0004890718808658878,0.010685254773424262,0.008209418299474303,69.13085251629661,0.010722483069146804,0.009166061876733883,0.0015564211924129212,83.43938548902297,0.008655315190326985,0.007745329593115012,0.03577532143912207,0,3,7,2600.64454443062,0.0,EURUSD=X
2017-07-28 00:00:00+01:00,1.1690027713775635,1.1763322353363037,1.1672561168670654,1.1688660383224487,0.0071658282629512016,0.011660696806218661,0.017310537324017217,73.11848660112891,0.011404346676872512,0.00961371883676161,0.0017906278401109022,88.33188668122206,0.008968477600176676,0.007380040994248466,0.03876342865607327,0,4,7,2761.8375005309767,0.0,EURUSD=X
2017-07-31 00:00:00+01:00,1.1746878623962402,1.1824663877487183,1.1723741292953491,1.1747292280197144,-0.003354691317881242,0.012173680205338246,0.00515465291409134,68.61760047223787,0.011494752290638122,0.009989925527536914,0.001504826763101208,78.55469085587494,0.008976166233681079,0.007672801934641026,0.040604946500523265,0,0,7,2917.9981653092855,0.0,EURUSD=X
2017-08-01 00:00:00+01:00,1.1823545694351196,1.1837540864944458,1.1791062355041504,1.182410478591919,0.005016134873488509,0.013206565210449257,0.005615186689522655,71.43912772559108,0.011902307407864354,0.010372401903602403,0.0015299055042619514,82.88658380311028,0.009306465033151681,0.007641051247879942,0.043830245144934096,0,1,8,3021.2230429246297,0.0,EURUSD=X
2017-08-02 00:00:00+01:00,1.180930256843567,1.186760425567627,1.1794956922531128,1.1811256408691406,0.006538741344806143,0.01461662469132531,0.01591526960253864,74.65417395919893,0.012698727475179084,0.010837667017917739,0.0018610604572613446,97.11044454699277,0.009286350278978808,0.007870756561828125,0.048194848560970234,0,2,8,3198.006187323133,0.0,EURUSD=X
2017-08-03 00:00:00+01:00,1.1851431131362915,1.18948495388031,1.1833997964859009,1.1851149797439575,-0.0010866257920078004,0.015231614293019738,0.014315276787884246,73.17045200379658,0.013075494291056922,0.011285232472545577,0.001790261818511345,88.1429825661608,0.009141949067231333,0.007862288276245848,0.05027726328734054,0,3,8,3282.131162938113,0.0,EURUSD=X
2017-08-04 00:00:00+01:00,1.1887779235839844,1.1891002655029297,1.1736950874328613,1.1884952783584595,0.0033775736778360876,0.01574386843034506,0.010500130969572252,74.84233576232938,0.01353991134432464,0.01173616824690139,0.00180374309742325,90.47034754193822,0.00908604649179834,0.007713976469360331,0.05179320164038639,0,4,8,3473.8323988492652,0.0,EURUSD=X
2017-08-07 00:00:00+01:00,1.177773118019104,1.1812511682510376,1.177773118019104,1.1778424978256226,0.0028522959141332738,0.01601560410658754,0.01679340437008725,76.19591309109622,0.014019123325741845,0.01219275926266948,0.0018263640630723638,97.65749547836245,0.009537413033103343,0.007645000074672503,0.05253728891557449,0,0,8,3663.7822323381843,0.0,EURUSD=X
2017-08-08 00:00:00+01:00,1.18002450466156,1.1824523210525513,1.1718658208847046,1.1800941228866577,-0.008963250192756678,0.015765357433287826,0.0026502020479701738,64.43073658042275,0.013385017760691564,0.0124312109622739,0.0009538067984176651,71.92667776215977,0.009622037840692781,0.008097358560851775,0.05218412375451955,0,1,8,3698.7958478925966,0.0,EURUSD=X
2017-08-09 00:00:00+01:00,1.1753367185592651,1.1760278940200806,1.169235110282898,1.1754610538482666,0.0019116520801309989,0.015234533515470631,-0.001959011483067763,65.63843227159575,0.012915292405356382,0.012528027250890396,0.00038726515446598636,77.35599573427156,0.00969092800691806,0.008153618981811446,0.050330854881701075,0,2,8,3795.480826622611,0.0,EURUSD=X
2017-08-10 00:00:00+01:00,1.1764705181121826,1.1764705181121826,1.1704667806625366,1.1761523485183716,-0.003926016534221866,0.014797682227462803,-0.004795922486879323,61.04546419465951,0.012030501592212417,0.012428522119154801,-0.0003980205269423845,49.75290977042178,0.009774362620978182,0.008244363328918088,0.04908030426996443,0,3,8,3793.984732123924,0.0,EURUSD=X
2017-08-11 00:00:00+01:00,1.1769968271255493,1.1831799745559692,1.1749224662780762,1.177024483680725,0.0005881051250842262,0.013735383535030113,-0.007562668077592205,61.478592429124085,0.011255335696997326,0.012193884834723306,-0.0009385491377259803,52.22979177789642,0.00950503225159731,0.008310456237485893,0.04553014198599705,0,4,8,3771.1027651377008,0.0,EURUSD=X
2017-08-14 00:00:00+01:00,1.1826341152191162,1.1839994192123413,1.1773293018341064,1.182550311088562,0.0007415154707228755,0.012174317403429712,-0.009651527344372579,62.05185590685704,0.01058931809179442,0.011872971486137529,-0.0012836533943431094,55.35461825947677,0.009415923396332722,0.008075475390175153,0.04032560738196022,0,0,8,3735.2258314163605,0.0,EURUSD=X
2017-08-15 00:00:00+01:00,1.1777037382125854,1.1792453527450562,1.1689002513885498,1.1775789260864258,0.004694742959430176,0.01123849189160871,0.003996980302230835,65.550013606268,0.010387640181883873,0.011575905225286799,-0.0011882650434029262,75.15344367325147,0.00924156712028154,0.0079623871458502,0.037051876164991344,0,1,8,3668.7374808675527,0.0,EURUSD=X
2017-08-16 00:00:00+01:00,1.1739845275878906,1.1757513284683228,1.1683608293533325,1.1741223335266113,-0.00420395221710268,0.009706443049889745,-0.0021313527043753666,60.17556647350989,0.009714675036548659,0.011203659187539171,-0.0014889841509905122,50.38598338830823,0.00955645944740516,0.007847938609936772,0.032136004519473765,0,2,8,3535.8149119624586,0.0,EURUSD=X
2017-08-17 00:00:00+01:00,1.1774264574050903,1.1790227890014648,1.1666978597640991,1.1774264574050903,-0.002935338331250592,0.008687044354004685,-0.0011388895593541504,56.69491458114683,0.00880097501720889,0.010723122353473115,-0.0019221473362642256,30.888780440716687,0.009532290682097167,0.008139236580826494,0.02884566023998499,0,3,8,3378.679250451134,0.0,EURUSD=X
2017-08-18 00:00:00+01:00,1.1717286109924316,1.176816701889038,1.1712207794189453,1.1715501546859741,0.002814122331320279,0.0070768938252565,0.001083285586534588,59.12853807717802,0.008248394000713644,0.010228176682921222,-0.001979782682207578,47.08190340671298,0.009731764864616351,0.008095869276714927,0.02343315059076936,0,4,8,3184.3940932654277,1.0,EURUSD=X
2017-08-21 00:00:00+01:00,1.175723671913147,1.1824663877487183,1.1731857061386108,1.1756268739700317,-0.004990802340272604,0.0065006391457699585,-0.004650989907730718,53.382769693446065,0.007252696474576048,0.009633080641252187,-0.002380384166676139,21.294048715158617,0.009479901516154113,0.008306741991105693,0.021633010796918803,0,0,8,2922.6641919675594,1.0,EURUSD=X
2017-08-22 00:00:00+01:00,1.1811814308166504,1.1825922727584839,1.1746463775634766,1.1811953783035278,0.003479765051245698,0.006236817167546828,-0.005854666015991383,56.5381418874679,0.006715148139440519,0.009049494140889854,-0.0023343460014493347,39.184523311291535,0.00958249662662483,0.008063699228090093,0.02068308428267596,0,1,8,2721.2478335160904,1.0,EURUSD=X
2017-08-23 00:00:00+01:00,1.1760832071304321,1.1818654537200928,1.1743566989898682,1.176221489906311,0.004736625588263044,0.005580440605612415,0.0030710911489568726,60.47367031241898,0.006661677303593905,0.008571930773430665,-0.0019102534698367604,63.62162049049971,0.009465596524366435,0.00811254158510807,0.018419105910977635,0,2,8,2538.3294451117144,1.0,EURUSD=X
2017-08-24 00:00:00+01:00,1.1816420555114746,1.1818934679031372,1.1785225868225098,1.1816558837890625,-0.0042108938864631185,0.004716052860923136,0.0017878515038503018,55.628241133845336,0.006147090226117369,0.008086962663968007,-0.0019398724378506382,42.51164028202741,0.009325822110499161,0.008047460963428234,0.0156318848955316,0,3,8,2350.1401711710355,1.0,EURUSD=X
2017-08-25 00:00:00+01:00,1.1798295974731445,1.188424825668335,1.1774818897247314,1.1802195310592651,0.004620213054587374,0.00463504386587743,0.0035920938903422073,59.451071800565906,0.006107384304483654,0.007691046992071137,-0.001583662687587483,86.45477345386396,0.009064833245236806,0.007892164071146719,0.015292715911510012,0,4,8,2160.186891870739,1.0,EURUSD=X
2017-08-28 00:00:00+01:00,1.1951429843902588,1.197604775428772,1.1917815208435059,1.1951857805252075,-0.0012155423160857826,0.004086481229466839,0.007399919105994135,58.02805155136209,0.005892095010747056,0.007331256595806321,-0.0014391615850592654,62.234512424626494,0.009198983437977286,0.007680633142124821,0.013499214710262199,0,0,8,1972.1618207962038,1.0,EURUSD=X
2017-08-29 00:00:00+01:00,1.1965157985687256,1.2066947221755981,1.196300983428955,1.1963869333267212,0.01268090306259384,0.005365896985228982,0.016637001916370187,66.91445850036064,0.006850163527059916,0.0072350379820570404,-0.0003848744549971245,92.17328920876629,0.009783716361657967,0.0076966975242417305,0.017503653488070953,0,1,8,1902.064709174251,1.0,EURUSD=X
2017-08-30 00:00:00+01:00,1.1970313787460327,1.1986095905303955,1.189668893814087,1.1970456838607788,0.001004992546837169,0.006505607816457012,0.012861170389112164,67.50902410893082,0.00761854092398373,0.007311738570442379,0.0003068023535413508,74.2285063692559,0.009906946739424586,0.008177719171884446,0.02120010498565754,0,2,8,1853.2478055069323,1.0,EURUSD=X
2017-08-31 00:00:00+01:00,1.1890040636062622,1.1908164024353027,1.1824384927749634,1.1893434524536133,0.0005506166238591348,0.007480469559737832,0.017704313458961174,67.85025355021828,0.0081862749280055,0.007486645841955003,0.0006996290860504959,75.8755118950399,0.009837928880630587,0.008276164287625303,0.0243635140694756,0,3,8,1850.4956219634075,1.0,EURUSD=X
2017-09-01 00:00:00+01:00,1.191085934638977,1.1978631019592285,1.1851149797439575,1.1910432577133179,-0.006434367134864782,0.007650380837988678,0.0065057592231505534,59.9256626757184,0.007923366871006587,0.00757399004776532,0.000349376823241267,56.61842285659786,0.01017859046671522,0.00827173081109158,0.025078269370722855,0,4,9,1813.4781554172478,1.0,EURUSD=X
2017-09-04 00:00:00+01:00,1.1882553100585938,1.1923214197158813,1.1879446506500244,1.1882835626602173,0.0014291962983425943,0.007791875155932256,0.009170943514498653,61.008013436829984,0.007762686996684476,0.007611729437549152,0.00015095755913532415,60.86826936259754,0.010362128448754919,0.008545945246570708,0.025505641113692436,0,0,9,1821.443967341436,1.0,EURUSD=X
2017-09-05 00:00:00+01:00,1.18944251537323,1.193816065788269,1.187042236328125,1.1893434524536133,-0.0023170401538554763,0.007870164586044748,-0.005775016719122283,58.25697766834665,0.007328187922860829,0.007555021134611487,-0.00022683321175065788,53.96849051317664,0.00993460277854792,0.008720248915635222,0.025821740901051795,0,1,9,1806.1534779117803,0.0,EURUSD=X
2017-09-06 00:00:00+01:00,1.1923640966415405,1.1949286460876465,1.1903769969940186,1.1924067735671997,0.0008919502269502111,0.008009900468212811,-0.00588729338051408,59.02125729214679,0.0069888059206446584,0.007441778091818122,-0.0004529721711734637,56.61842285659786,0.009708833255804785,0.008353014226506946,0.026256789802810817,0,2,9,1789.0431487188387,0.0,EURUSD=X
2017-09-07 00:00:00+01:00,1.1927480697631836,1.205690860748291,1.1915684938430786,1.1927765607833862,0.0025756404571504188,0.008102826634312827,-0.0038752992940230824,61.23065236840256,0.006887631324885124,0.007330948738431523,-0.0004433174135463989,59.722693622154935,0.009414287568535388,0.008142215786614391,0.02649316879675957,0,3,9,1831.8240192791152,0.0,EURUSD=X
2017-09-08 00:00:00+01:00,1.2028627395629883,1.2093360424041748,1.2018941640853882,1.2029062509536743,0.00031011834583960507,0.008159930962474351,0.002886557556347924,61.50049708971404,0.006759370649442875,0.007216633120633794,-0.0004572624711909187,58.46442826954684,0.009750578949726602,0.007892750308869514,0.02667160692924439,0,4,9,1836.4308978320094,0.0,EURUSD=X
2017-09-11 00:00:00+01:00,1.2015330791473389,1.2029350996017456,1.1962437629699707,1.2017642259597778,0.008492529534312121,0.00895108308238451,0.009960169929623008,68.05897718568019,0.007389918103641424,0.00725129011723532,0.00013862798640610404,81.6183186335319,0.010236929140516743,0.008105851093546368,0.029011193814358346,0,0,9,1948.249668124458,0.0,EURUSD=X
2017-09-12 00:00:00+01:00,1.1958575248718262,1.1977481842041016,1.1927480697631836,1.1959433555603027,-0.0009493881946254223,0.009608573389751799,0.01134465183493849,66.67984219849434,0.007708619464498856,0.007342755986688028,0.00036586347781082836,78.35346320051256,0.009983672532749469,0.008518250851027883,0.0311717678905343,0,1,9,1938.585301128579,0.0,EURUSD=X
2017-09-13 00:00:00+01:00,1.1971603631973267,1.1996002197265625,1.188565969467163,1.1974613666534424,-0.00484360432249209,0.009578134411851189,0.00554919867181658,60.00548683398451,0.007406123809776677,0.007355429551305758,5.069425847091871e-05,57.95622951065072,0.009914564223024095,0.008347947656828688,0.031224256863073112,0,2,9,1866.0053734496325,0.0,EURUSD=X
2017-09-14 00:00:00+01:00,1.1890465021133423,1.1910008192062378,1.1845674514770508,1.1890605688095093,0.0012693001604815457,0.009276625091372212,0.0042389838755456655,61.099056846015564,0.007205820420375542,0.007325507725119715,-0.00011968730474417374,62.721734053859855,0.009994541797050904,0.008279652687862848,0.03020301430924324,0,3,9,1835.3005651859298,0.0,EURUSD=X
2017-09-15 00:00:00+01:00,1.1922788619995117,1.198552131652832,1.1902352571487427,1.1921650171279907,-0.007015506368619584,0.008889904929032973,-0.003115413310466497,52.53761682267452,0.006296620838048161,0.007119730347705405,-0.0008231095096572433,24.619625675322315,0.01020163989557524,0.008405410169355348,0.02914841425611833,0,4,9,1749.9982472945153,0.0,EURUSD=X
2017-09-18 00:00:00+01:00,1.1937447786331177,1.1968880891799927,1.1916821002960205,1.193716287612915,0.002610841196752256,0.007862887594357095,-0.008929402284814647,55.044552664228675,0.005760176919031634,0.006847819661970651,-0.0010876427429390165,36.161377103526526,0.010150920106128633,0.008557238091209644,0.02571387257216267,0,0,9,1692.1871499259303,1.0,EURUSD=X
2017-09-19 00:00:00+01:00,1.1961722373962402,1.2005378007888794,1.196000576019287,1.1959290504455566,0.0013012212761127628,0.007088240962357394,-0.006696769776480371,56.287039169789615,0.005397991130348556,0.006557853955646232,-0.001159862825297676,41.92870723697332,0.009797710733117457,0.008503628719373107,0.023150434535731595,0,1,9,1618.6219034821306,1.0,EURUSD=X
2017-09-20 00:00:00+01:00,1.1992852687835693,1.2019230127334595,1.198667049407959,1.199256420135498,0.0018536756644800256,0.0067506473430580275,-1.1961364791757134e-05,58.067341562784236,0.005229228460561508,0.006292128856629288,-0.0010629003960677796,50.15534075246085,0.009585125193320807,0.008192551831956262,0.022007048435725783,0,2,9,1532.4356189143352,1.0,EURUSD=X
2017-09-21 00:00:00+01:00,1.187295913696289,1.1953572034835815,1.1866196393966675,1.1872113943099976,0.002782246730022697,0.00582935797970996,0.001499049181914236,60.66181227106313,0.00530284584883689,0.006094272255070809,-0.0007914264062339185,59.30482158499139,0.009328613557219522,0.00799255691475709,0.01895092740352693,0,3,9,1469.316555798434,1.0,EURUSD=X
2017-09-22 00:00:00+01:00,1.1944862604141235,1.2002496719360352,1.1940582990646362,1.194557547569275,-0.010043745126784076,0.005369851434190939,-0.0015551558499354856,48.873291201731945,0.004339235237060146,0.0057432648514686765,-0.0014040296144085303,10.674579109994513,0.009564911213048881,0.007857584253258682,0.01763420999565327,0,4,9,1337.9281559052959,1.0,EURUSD=X
2017-09-25 00:00:00+01:00,1.1926769018173218,1.1938873529434204,1.185185194015503,1.1927196979522705,0.0061877381690282895,0.00438896423422624,0.0020068785838456282,54.66036351961478,0.004120837607638261,0.005418779402702594,-0.0012979417950643325,40.33372799291538,0.009813008813976648,0.008007074445690689,0.01432441052832391,0,0,9,1209.7365239034393,1.0,EURUSD=X
2017-09-26 00:00:00+01:00,1.185564637184143,1.186380386352539,1.1765259504318237,1.185564637184143,-0.0015385191117365249,0.004391180325829047,-0.0008348630834529303,53.04276081502128,0.0037561581552232326,0.005086255153206722,-0.0013300969979834895,32.913646558279666,0.009781533438247742,0.008227422445377722,0.01435372674411546,0,1,9,1081.7906052474125,1.0,EURUSD=X
2017-09-27 00:00:00+01:00,1.1781338453292847,1.1795234680175781,1.1719207763671875,1.1786059141159058,-0.00599894575432236,0.004730826306734637,-0.008666411487832204,47.18788246939141,0.002856861336013594,0.004640376389768097,-0.0017835150537545029,27.548495627309425,0.010239548729833388,0.008250527328041806,0.015557276135453171,0,2,9,927.9932466980039,1.0,EURUSD=X
2017-09-28 00:00:00+01:00,1.175046682357788,1.1802752017974854,1.172195553779602,1.1749638319015503,-0.005869543380414122,0.005688056204715169,-0.017219425031103075,42.297857919756616,0.0015646154199526752,0.004025224195805013,-0.0024606087758523376,17.867406694661984,0.010482713878913544,0.008687847742147353,0.018815556034490175,0,3,9,692.9643373672144,1.0,EURUSD=X
2017-09-29 00:00:00+01:00,1.1780644655227661,1.1831939220428467,1.1773293018341064,1.178175449371338,-0.0030901611562736964,0.006890210266241815,-0.010316243987504414,39.96359396810588,0.0002438051903272953,0.0032689403947094697,-0.0030251352043821744,9.811774744683223,0.010311066317411383,0.008921733243438156,0.022862818627825486,0,4,9,522.0340115267678,1.0,EURUSD=X
2017-10-02 00:00:00+01:00,1.1807630062103271,1.1807630062103271,1.17311692237854,1.1807351112365723,0.0027333756006684418,0.0075337444931913205,-0.013713946415785383,42.953250143734174,-0.0005375986408813205,0.0025076325875913116,-0.003045231228472632,20.847355936378772,0.010162425161974598,0.008751723966844887,0.024930024899315156,0,0,10,300.21684202433005,0.0,EURUSD=X
2017-10-03 00:00:00+01:00,1.1733232736587524,1.177163004875183,1.169741153717041,1.173378348350525,0.002172564253142495,0.007866153057495112,-0.010048116700238974,45.291571876144246,-0.0009394935890076894,0.0018182073522715115,-0.002757700941279201,29.378926163296608,0.009982686495532635,0.008606862847782676,0.025973573719138453,0,1,10,137.23079722181942,0.0,EURUSD=X
2017-10-04 00:00:00+01:00,1.1747844219207764,1.1786754131317139,1.1747430562973022,1.1747568845748901,-0.006230663267346004,0.008775331262601467,-0.010278890286878006,40.19233235059192,-0.001830526344529071,0.0010884606129113951,-0.002918986957440466,11.302002881897756,0.010054920140103965,0.008507645048645889,0.029157295852402586,0,2,10,-49.99217746502418,0.0,EURUSD=X
2017-10-05 00:00:00+01:00,1.1756960153579712,1.177994966506958,1.1703845262527466,1.175723671913147,0.0011748437546192925,0.009383263538783597,-0.003265747689636278,41.520963215611964,-0.002397799530021949,0.0003912085843247263,-0.0027890081143466753,15.585584584439975,0.009715073328752892,0.00855914978846244,0.03114065257128102,0,3,10,-261.13959043446863,0.0,EURUSD=X
2017-10-06 00:00:00+01:00,1.1713991165161133,1.1738742589950562,1.1671334505081177,1.1712344884872437,0.0008229680123190697,0.009795637224390608,0.00064669225636238,42.48594455950689,-0.0027377963460313293,-0.00023459240174648484,-0.0025032039442848446,18.589722219135357,0.009564742394857073,0.008263058370632657,0.032482483353297245,0,4,10,-364.2577148631056,0.0,EURUSD=X
2017-10-09 00:00:00+01:00,1.1742877960205078,1.1750881671905518,1.1720993518829346,1.1742464303970337,-0.0038182300255964474,0.009857991605220323,-0.0058912795100236615,39.24739447970078,-0.0033310871578369206,-0.000853891352964572,-0.0024771958048723486,11.788127578502994,0.009495133752726518,0.008166377005522448,0.03281454491765753,0,0,10,-561.8256062564269,0.0,EURUSD=X
2017-10-10 00:00:00+01:00,1.1741912364959717,1.1817677021026611,1.1741912364959717,1.1741636991500854,0.002571595986453845,0.009552503348213112,-0.005495458530697106,42.418787519808475,-0.003517686163936773,-0.0013866503151590123,-0.0021310358487777606,20.445729793445633,0.00909217267776806,0.00808615083421292,0.031716097474242,0,1,10,-755.0364147767805,0.0,EURUSD=X
2017-10-11 00:00:00+01:00,1.181404709815979,1.1858035326004028,1.179634690284729,1.1814883947372437,-7.045475703104653e-05,0.009513092733230663,0.0006693073897814372,42.35338703476337,-0.0036303940184558847,-0.001835399055818387,-0.0017949949626374978,21.22901810301693,0.008983907886976731,0.007743530722632116,0.03158747235023969,0,2,10,-898.8320039994692,0.0,EURUSD=X
2017-10-12 00:00:00+01:00,1.1865352392196655,1.1880717277526855,1.1831799745559692,1.1865493059158325,0.006238223505342644,0.008995947095291335,0.0057301304216570426,49.741550537168585,-0.0030930196807879007,-0.0020869231808122897,-0.001006096499975611,43.34716827634369,0.009173616855786779,0.007603890082199835,0.029685148551657686,0,3,10,-969.5674297404157,0.0,EURUSD=X
2017-10-13 00:00:00+01:00,1.1831378936767578,1.1874369382858276,1.1806235313415527,1.1831799745559692,0.004283504773412883,0.00892980758168272,0.009207634634990303,54.11714399240693,-0.0022330324027755033,-0.0021161450252049326,-0.00011688737757057071,72.57204983335413,0.00898859658147643,0.007731340627860522,0.029341215777021055,0,4,10,-920.5030514850808,0.0,EURUSD=X
2017-10-16 00:00:00+01:00,1.1815024614334106,1.182102918624878,1.1781060695648193,1.181404709815979,-0.0028396050152021957,0.008680607065874656,0.010199055941525703,50.93759165658089,-0.0018025841036635182,-0.0020534328408966496,0.00025084873723313144,76.63726991681992,0.008833225893104892,0.00759698167208224,0.028603625375227808,0,0,10,-929.9784392067485,0.0,EURUSD=X
2017-10-17 00:00:00+01:00,1.1795096397399902,1.1795096397399902,1.1738604307174683,1.1794538497924805,-0.0015004181765808644,0.008294263455145735,0.006096062320176676,49.294236836679254,-0.0015864125767384163,-0.001960028788065003,0.00037361621132658666,68.15870828897252,0.00856470297153668,0.0074768839329248955,0.027371646470433678,0,1,10,-952.7660289219801,0.0,EURUSD=X
2017-10-18 00:00:00+01:00,1.1772878170013428,1.1779812574386597,1.1732269525527954,1.1771907806396484,-0.0016513054394394766,0.007651380315731932,0.004505462608173083,47.48137829151997,-0.0015545928059310654,-0.0018789415916382155,0.0003243487857071501,58.84151375232717,0.008491815552034827,0.007261583802574047,0.025291851954862034,0,2,10,-942.6203060845761,0.0,EURUSD=X
2017-10-19 00:00:00+01:00,1.179356575012207,1.1857191324234009,1.1769968271255493,1.1795234680175781,-0.001918743283792046,0.006429616087445378,-0.0036374577327532576,45.39573872420495,-0.0016924763617245375,-0.00184164854565548,0.00014917218393094246,48.03322648781904,0.008330035672581271,0.007213627299578954,0.021294134052376082,0,3,10,-939.6042229561002,1.0,EURUSD=X
2017-10-20 00:00:00+01:00,1.18519926071167,1.1858035326004028,1.1764997243881226,1.184805989265442,0.0019815712255766282,0.006218836969388679,-0.005921235521545887,47.934430416754864,-0.0015951339851272284,-0.0017923456335498297,0.0001972116484226013,59.17400636518392,0.00835805493152915,0.007062204270154573,0.020555326501947507,0,4,10,-897.090840788813,1.0,EURUSD=X
2017-10-23 00:00:00+01:00,1.1754748821258545,1.1778993606567383,1.1734058856964111,1.175364375114441,0.004478521531023016,0.005325711458390475,0.0013742750422081063,53.23665798548914,-0.0010792927189020585,-0.0016497350506202756,0.0005704423317182171,84.40302203902233,0.008425608737297087,0.00705436586855118,0.017524764322606887,0,0,10,-820.3178687891781,1.0,EURUSD=X
2017-10-24 00:00:00+01:00,1.175530195236206,1.1777175664901733,1.174384355545044,1.1759172677993774,-0.007968911565727876,0.004367809731454208,-0.0051128412231223885,44.51156132630934,-0.0014160211438039028,-0.0016029922692570012,0.0001869711254530984,39.31041943032173,0.008638072653849494,0.007168507839517185,0.014488151620417994,0,1,10,-825.4810003071374,1.0,EURUSD=X
2017-10-25 00:00:00+01:00,1.1759862899780273,1.1817537546157837,1.1753782033920288,1.1759034395217896,0.00047040109147666875,0.004072220718186497,-0.0029984912031321143,45.07920468314467,-0.0016195973178625422,-0.0016063132789781095,-1.3284038884432692e-05,41.9510028865369,0.008259153960369487,0.00734581665767598,0.013501323249079386,0,2,10,-770.4283685975556,1.0,EURUSD=X
2017-10-26 00:00:00+01:00,1.1822147369384766,1.1835579872131348,1.1692214012145996,1.182075023651123,-1.1759566737046256e-05,0.004097321679359304,-0.0010935705061837497,45.066786971255425,-0.0017617404813015103,-0.0016373987194427898,-0.00012434176185872046,41.884959833298225,0.008124610907754157,0.007023666810370312,0.01358470446841562,0,3,10,-757.5666947663173,1.0,EURUSD=X
2017-10-27 00:00:00+01:00,1.1639004945755005,1.1644154787063599,1.157594919204712,1.163724422454834,0.005248376628478324,0.004136746359075866,0.0021632088743712696,51.48944534522433,-0.0013607092915557395,-0.0015820608338653799,0.0002213515423096404,68.18779722756248,0.008568323414238514,0.006873177036309711,0.013643809474634566,0,4,10,-737.0644853094806,1.0,EURUSD=X
2017-10-30 00:00:00+00:00,1.160725712776184,1.1642799377441406,1.1598103046417236,1.1604562997817993,-0.015524057973586802,0.00526196435930784,-0.01779326489029487,37.46363267562234,-0.002494870029874141,-0.0017646226730671322,-0.0007302473568070089,20.11202465794147,0.009704879202250844,0.007362845746730957,0.017628669973841087,0,0,10,-809.0326351108075,1.0,EURUSD=X
2017-10-31 00:00:00+00:00,1.164985179901123,1.1658952236175537,1.1625608205795288,1.1652703285217285,-0.0028083304001996767,0.006436734605796886,-0.0126837903617677,35.60353529676125,-0.0036157308782018838,-0.0021348443140940827,-0.001480886564107801,9.388714610925533,0.009330933052262711,0.008362985494650383,0.021625124002209683,0,1,10,-880.0097907752906,1.0,EURUSD=X
2017-11-01 00:00:00+00:00,1.1651616096496582,1.165745735168457,1.160833477973938,1.165175199508667,0.004148392956145219,0.006885193150430037,-0.009054156758471321,40.30525673500483,-0.004068668214552984,-0.002521609094185863,-0.0015470591203671212,25.184426069201823,0.009052932393940687,0.008007526514555647,0.023036220873027133,0,2,11,-900.2828907633807,0.0,EURUSD=X
2017-11-02 00:00:00+00:00,1.162912368774414,1.168729543685913,1.1628854274749756,1.1628718376159668,-8.163686205087117e-05,0.0073056696844089,-0.00912340218809582,40.242729202406814,-0.004384755698895182,-0.002894238415127727,-0.001490517283767455,25.401365381312093,0.008757169879696285,0.007769588983492047,0.024445031097491993,0,3,11,-948.1715643018418,0.0,EURUSD=X
2017-11-03 00:00:00+00:00,1.1663167476654053,1.1686748266220093,1.1605236530303955,1.1661807298660278,-0.0019768373834866404,0.007843567817333008,-0.016245319164127636,38.67810980108014,-0.004766177831072138,-0.0032686262983166094,-0.0014975515327555287,18.706762850176013,0.008549094617642087,0.00753064060580363,0.026296841998285216,0,4,11,-1074.963643140331,0.0,EURUSD=X
2017-11-06 00:00:00+00:00,1.1615345478057861,1.1626555919647217,1.1582788228988647,1.1614941358566284,0.0028454487786415683,0.008049951387421447,0.0021107294508886376,42.15727583120397,-0.004746740201507116,-0.003564249078954711,-0.0011824911225524048,30.436840481593705,0.008520671687211493,0.0073308488115939084,0.02691219933566218,0,0,11,-1176.4577904133173,0.0,EURUSD=X
2017-11-07 00:00:00+00:00,1.1611839532852173,1.1617100238800049,1.1555883884429932,1.1612648963928223,-0.004018754460072271,0.008579340128609156,0.0008943344743135295,38.79954666040816,-0.005051276735201782,-0.0038616546102041255,-0.0011896221249976563,13.822787377816093,0.008476474207208035,0.007335957560325781,0.02879775670534863,0,1,11,-1257.123404541724,0.0,EURUSD=X
2017-11-08 00:00:00+00:00,1.1602543592453003,1.1609547138214111,1.1581177711486816,1.1601063013076782,-0.00019736601049391567,0.009047135576956019,-0.003437341560037499,38.637440987471244,-0.005250596236090033,-0.004139442935381307,-0.0011111533007087254,18.786962988680795,0.008308271437908297,0.007299345940394886,0.03037397243371615,0,2,11,-1347.2753814872522,0.0,EURUSD=X
2017-11-09 00:00:00+00:00,1.1595547199249268,1.1652567386627197,1.1586410999298096,1.15968918800354,-0.0009977009455318653,0.009308657374333545,-0.004350331351994252,37.77834542333498,-0.005439345923223593,-0.004399423532949765,-0.0010399223902738284,14.952478270990243,0.007939618138353463,0.007161646677156367,0.031283191532240816,0,3,11,-1442.2019998903245,0.0,EURUSD=X
2017-11-10 00:00:00+00:00,1.164523959159851,1.1675150394439697,1.1623986959457397,1.164686679840088,-0.0003595474860088599,0.009094313026275147,-0.0027368876857071234,37.45545494226206,-0.005558513879875493,-0.004631241602334911,-0.0009272722775405823,14.661631703221296,0.007845048180821799,0.006846332810967991,0.030573846748375655,0,4,11,-1592.9096257889314,0.0,EURUSD=X
2017-11-13 00:00:00+00:00,1.1661127805709839,1.1675150394439697,1.163873314857483,1.1661127805709839,0.004309337267471847,0.008729189054893654,-0.0012811479281702454,43.66775085869385,-0.005189873883113094,-0.004742968058490548,-0.0004469058246225465,32.52921671085046,0.007843676985079505,0.006735758480468694,0.029220428802941973,0,0,11,-1597.2756860369611,0.0,EURUSD=X
2017-11-14 00:00:00+00:00,1.1664936542510986,1.177412509918213,1.166330337524414,1.1664936542510986,0.0012244501079825554,0.008350985098074184,0.003976468388236176,45.33632054908204,-0.004728146489645368,-0.004740003744721512,1.18572550761439e-05,37.62796961973524,0.007543537528037171,0.006726345097803379,0.02792022716280946,0,1,11,-1528.675820800701,0.0,EURUSD=X
2017-11-15 00:00:00+00:00,1.1791757345199585,1.1859441995620728,1.1786059141159058,1.1792869567871094,0.0003266182194900935,0.008023185861081472,0.0045026400733529925,45.79808166571109,-0.004282129161424786,-0.004648428828062167,0.0003662996666373812,38.98971128519431,0.00781183694369373,0.006466848319788077,0.026815522671092502,0,2,11,-1499.7077795661173,0.0,EURUSD=X
2017-11-17 00:00:00+00:00,1.1777315139770508,1.1821727752685547,1.177467942237854,1.1777453422546387,0.01096731430075737,0.008152381008431643,0.016533532709727128,58.48396603560104,-0.0028633378425795275,-0.004291410630965639,0.0014280727883861115,78.06929701582214,0.008643173255642329,0.006624203633165393,0.026951737455383148,0,4,11,-1355.9179754015665,0.0,EURUSD=X
2017-11-20 00:00:00+00:00,1.1732131242752075,1.1807490587234497,1.1725940704345703,1.1731857061386108,-0.0013072429264127106,0.008038410929181342,0.015569822016003432,56.76000931838944,-0.001842096369236046,-0.0038015477786197205,0.0019594514093836746,72.99081459140837,0.008361863239575069,0.0073387454363403465,0.026609738243008173,0,0,11,-1247.9040440725137,0.0,EURUSD=X
2017-11-21 00:00:00+00:00,1.1738742589950562,1.1756683588027954,1.1715501546859741,1.1741223335266113,-0.0038714957745441536,0.007190630478540575,0.007297264101697953,51.88812885171871,-0.001384717510553246,-0.003318181725006426,0.0019334642144531798,57.97017785684272,0.00834708645738252,0.007127484758655185,0.023895823522953583,0,1,11,-1129.601333392157,0.0,EURUSD=X
2017-11-22 00:00:00+00:00,1.174094796180725,1.179815649986267,1.1735574007034302,1.173722743988037,0.0007983624272778211,0.007130155235694747,0.006868592034216192,52.78464633739571,-0.00093587527965866,-0.002841720435936873,0.0019058451562782128,61.05567402206226,0.008045023433056719,0.007109213596432569,0.023675950876478155,0,2,11,-946.2405983293751,0.0,EURUSD=X
2017-11-23 00:00:00+00:00,1.181516408920288,1.185499906539917,1.1814465522766113,1.1814744472503662,-0.000340330412908485,0.0070193560307295995,0.0061972816659510155,52.3365784865227,-0.0006054291043464666,-0.0023944621696187916,0.001789033065272325,59.739321324363914,0.007917396708041018,0.006854279236101023,0.023315973048985344,0,3,11,-782.9833193436035,0.0,EURUSD=X
2017-11-24 00:00:00+00:00,1.1850868463516235,1.1943720579147339,1.183726191520691,1.1853959560394287,0.00660437339400155,0.007447857538395814,0.001854926360939757,59.51596974519326,0.0002787364397374148,-0.0018598224477475505,0.0021385588874849653,85.27546408108607,0.008193094268315224,0.006701284760298539,0.024576997295243486,0,4,11,-549.8697496113161,0.0,EURUSD=X
2017-11-27 00:00:00+00:00,1.1928761005401611,1.1960434913635254,1.1908164024353027,1.1926485300064087,0.00331916513149233,0.007800796156447559,0.006495983053640408,62.58622624440081,0.001281109160415017,-0.0012316361261150372,0.0025127452865300543,76.85597573008013,0.008529131153747541,0.0069116941276647186,0.02565649240670821,0,0,11,-307.9770526401251,0.0,EURUSD=X
2017-11-28 00:00:00+00:00,1.1904053688049316,1.192099690437317,1.1867464780807495,1.1904903650283813,0.006118271224082594,0.00940091160122072,0.016589721274270497,67.49590085402644,0.002630397287537889,-0.00045922944338445206,0.003089626730922341,91.60807633146905,0.008680445737343908,0.007151420505839814,0.030731183488008625,0,1,11,0.7006546039386219,0.0,EURUSD=X
2017-11-29 00:00:00+00:00,1.1849744319915771,1.1884952783584595,1.1820051670074463,1.184805989265442,-0.0018095565656847112,0.010184335236314502,0.013940652549046417,64.77203392820215,0.0034853945138166864,0.0003296953480557757,0.0031556991657609107,85.35788825186079,0.008481989036509286,0.007291487602368765,0.0333525155693577,0,2,11,289.20015019659195,0.0,EURUSD=X
2017-11-30 00:00:00+00:00,1.1850025653839111,1.1929757595062256,1.1815024614334106,1.18519926071167,-0.004774818788897961,0.010500364226282912,0.00944281376004219,58.119141511607104,0.003662090063130563,0.0009961742910707333,0.0026659157720598297,69.9551240780994,0.008482218249682556,0.007158968736955798,0.03455245553666398,0,3,11,510.43791422081836,0.0,EURUSD=X
2017-12-01 00:00:00+00:00,1.18990957736969,1.1939870119094849,1.185213327407837,1.1898245811462402,0.00033192898229006396,0.010732551274731208,0.0031526822014411593,58.43721096918647,0.003790165608153595,0.0015549725544873058,0.002235193053666289,67.76847498343567,0.008695866808477726,0.007156786652557719,0.0353047706111827,0,4,12,647.0574090988316,0.0,EURUSD=X
2017-12-04 00:00:00+00:00,1.1857051849365234,1.1878741979599,1.1831238269805908,1.1859863996505737,0.003902567768893972,0.011035642350793785,0.0037359880335749995,62.084401119702235,0.004216288356349462,0.002087235714859737,0.0021290526414897253,80.6687096786147,0.00870242997914467,0.0073085284555983844,0.03616067045864149,0,0,12,835.8317819842647,0.0,EURUSD=X
2017-12-05 00:00:00+00:00,1.186859130859375,1.187930703163147,1.1808885335922241,1.1867746114730835,-0.003225838124783831,0.011119569662100875,-0.005585996367093338,57.56982482420911,0.004195916619739171,0.002508971895835624,0.0016869447239035466,66.15272896506347,0.008559453135323579,0.007337714818406569,0.03655359242945984,0,1,12,974.6120156297236,0.0,EURUSD=X
2017-12-06 00:00:00+00:00,1.183053970336914,1.1848341226577759,1.1781338453292847,1.1832919120788574,0.0006646044362246251,0.010855034869505344,-0.0031211958235456416,58.241381611416266,0.004195016440205146,0.0028461808047095284,0.0013488356354956176,62.15754508067067,0.008451075737866383,0.007212366234140416,0.03566028172694818,0,2,12,1113.778239087374,0.0,EURUSD=X
2017-12-07 00:00:00+00:00,1.1804981231689453,1.1809163093566895,1.1777175664901733,1.1804285049438477,-0.0029345920957166705,0.010282086936997918,-0.0012779114895622445,54.16229693439501,0.003868682542281787,0.0030506811522239803,0.0008180013900578069,47.93857834667705,0.008464625052575845,0.007142004142510511,0.03387748561022408,0,3,12,1220.370511080371,0.0,EURUSD=X
2017-12-08 00:00:00+00:00,1.1774401664733887,1.1777175664901733,1.1731857061386108,1.1772184371948242,-0.002419865382143338,0.009379842330795099,-0.004025277373998382,50.99965458202292,0.003340500343198327,0.00310864499041885,0.00023185535277947707,36.248022777602024,0.008258176519440719,0.007170807056187196,0.030979731106829504,0,4,12,1213.3430666078607,0.0,EURUSD=X
2017-12-11 00:00:00+00:00,1.1769275665283203,1.1810418367385864,1.176885962486267,1.1769968271255493,-0.002719408871930007,0.008221140216163983,-0.010594960090059335,47.64111331094857,0.002632540220425028,0.003013424036420086,-0.0003808838159950578,23.14214099725014,0.008185649539854725,0.00701499081098237,0.0272268120970747,0,0,12,1166.0207694925389,0.0,EURUSD=X
2017-12-12 00:00:00+00:00,1.1777175664901733,1.1792994737625122,1.1718933582305908,1.1777591705322266,-0.00018824889440482995,0.007442622995632804,-0.007579827667225314,47.408997778118504,0.002030191854088814,0.0028167775999538317,-0.0007865857458650176,16.673185741479568,0.007897808447887912,0.006954691254219981,0.0246531559142907,0,1,12,1073.1092587659234,0.0,EURUSD=X
2017-12-13 00:00:00+00:00,1.1743566989898682,1.177024483680725,1.1730480194091797,1.1742602586746216,0.0006477021765123325,0.006668048171999019,-0.007596590669955883,48.34141576771102,0.0015959441253940998,0.0025726109050418855,-0.0009766667796477857,24.288943954666166,0.007862687525318874,0.0067057923601808265,0.02207313543884666,0,2,12,990.137199331169,0.0,EURUSD=X
2017-12-14 00:00:00+00:00,1.1839923858642578,1.1859863996505737,1.177163004875183,1.1835860013961792,-0.002970821153550296,0.005958424710480688,-0.007632650330862689,44.446452740380806,0.000958418672671657,0.00224977245856784,-0.001291353785896183,9.800775966749924,0.007637577782299445,0.006695864453586659,0.019782851320416073,0,3,12,917.163784939493,1.0,EURUSD=X
2017-12-15 00:00:00+00:00,1.1775233745574951,1.1814005374908447,1.1761661767959595,1.1774957180023193,0.007941802213491833,0.005950752289673556,0.0026748730982921742,54.881096407361554,0.0011919446613162243,0.002038206899117517,-0.0008462622378012925,48.41647497852764,0.007929618010417496,0.006452913242713265,0.019601704885299647,0,4,12,872.6510465952455,1.0,EURUSD=X
2017-12-18 00:00:00+00:00,1.1746740341186523,1.18343186378479,1.174315333366394,1.1743566989898682,-0.005145619656430234,0.005959839529180699,0.00023553896093897464,48.47722849343442,0.0008754886305581966,0.001805663245405653,-0.0009301746148474563,25.357325923328027,0.00789320419540337,0.006734307300811668,0.019733177566892298,0,0,12,752.6901759668942,1.0,EURUSD=X
2017-12-19 00:00:00+00:00,1.1782865524291992,1.1832919120788574,1.1777037382125854,1.1784253120422363,-0.0026658432506035945,0.005876618129127529,-0.0022431055673521882,45.52844088727609,0.00036716984044615764,0.001517964564413754,-0.0011507947239675963,11.149540022122103,0.007980584639902843,0.00672130043809753,0.019509639071961987,0,1,12,614.1226750166339,1.0,EURUSD=X
2017-12-20 00:00:00+00:00,1.183712124824524,1.1901220083236694,1.1830118894577026,1.1841325759887695,0.003464546211443098,0.0056556619697968845,0.0005656007838246158,49.79148848372947,0.00028929183139703163,0.0012722300178104095,-0.0009829381864133778,29.564842042787387,0.008048772386266159,0.00677224475607395,0.01871126614136821,0,2,12,504.6674292757478,1.0,EURUSD=X
2017-12-21 00:00:00+00:00,1.1877753734588623,1.189202070236206,1.1850166320800781,1.1878176927566528,0.004843127424547955,0.0053223109506629965,0.008407265119651397,55.09989294363223,0.0006802598390573955,0.0011538359820598067,-0.0004735761430024112,55.39698384007338,0.008309338378778083,0.006797188549217393,0.01752353455251235,0,3,12,477.4011399811357,1.0,EURUSD=X
2017-12-22 00:00:00+00:00,1.185157060623169,1.1861974000930786,1.1817537546157837,1.1857331991195679,0.0031120812336458137,0.005443863161977573,0.003575313796785329,58.174804426259534,0.0012727909850720476,0.001177626982662255,9.516400240979265e-05,87.35882495275091,0.008077920940825115,0.006995466079894813,0.017868134143695393,0,4,12,496.139954026589,1.0,EURUSD=X
2017-12-25 00:00:00+00:00,1.1856770515441895,1.1884952783584595,1.1849043369293213,1.1856067180633545,-0.0017548935748273875,0.005452696495933059,0.0069957631193970915,55.84508201037075,0.001556235655656879,0.0012533487172611798,0.0003028869383956993,75.92356437974534,0.007934065026542545,0.006812595739769404,0.017928590144893376,0,0,12,496.39460056422433,1.0,EURUSD=X
2017-12-26 00:00:00+00:00,1.187126874923706,1.1877895593643188,1.1847498416900635,1.187253713607788,-0.00010666906881517946,0.0049956740939154426,0.009579729125880787,55.69932522765836,0.001750483154842719,0.0013527756047774877,0.0003977075500652314,75.22970578041108,0.007623841912442233,0.006691987237979346,0.016427642409658567,0,1,12,505.51611775161626,1.0,EURUSD=X
2017-12-27 00:00:00+00:00,1.1860989332199097,1.1910432577133179,1.185564637184143,1.1857894659042358,0.0013891584109138044,0.004770899009020371,0.00749169376738168,57.263531754222456,0.0020141071004293742,0.001485041903907865,0.0005290651965215091,84.2649088043528,0.007296404466857457,0.00642140919422787,0.015666734396464724,0,2,12,503.22333132217807,1.0,EURUSD=X
2017-12-28 00:00:00+00:00,1.1900228261947632,1.195500135421753,1.1898245811462402,1.1900794506072998,-0.0012333064843425001,0.004802533957672791,0.0013992435889897958,55.39099759113564,0.0020808912056577977,0.0016042117642578518,0.0004766794413999459,72.56491182201306,0.007166562757022981,0.006153203984902589,0.01579009163610775,0,3,12,535.1513824059477,1.0,EURUSD=X
2017-12-29 00:00:00+00:00,1.1939870119094849,1.202284336090088,1.193801760673523,1.1941723823547363,0.0036178299996894037,0.005068999281034502,0.001904128777033165,59.563103390388534,0.0024517220768855985,0.0017737138267834012,0.0006780082501021973,77.03759064374735,0.007348284668486846,0.006021919589793665,0.01660611600377271,0,4,12,570.335215010723,1.0,EURUSD=X
2018-01-01 00:00:00+00:00,1.200494647026062,1.2015043497085571,1.199903964996338,1.200494647026062,0.003439208823703188,0.005470616671777412,0.0071172699233139625,63.108185215465234,0.0030408209093879535,0.002027135243304312,0.0010136856660836416,73.30801998917384,0.00769518472665122,0.006153453870702557,0.01786039483979893,0,0,1,696.7413392772091,1.0,EURUSD=X
2018-01-02 00:00:00+00:00,1.2010858058929443,1.2080942392349243,1.200855016708374,1.2011579275131226,0.00529426468468408,0.006725278053629674,0.012557223854995136,67.8036438856094,0.003972052550691885,0.0024161187047818267,0.001555933845910058,93.87854125552494,0.007669240628591904,0.006410011694524584,0.021840964393392337,0,1,1,864.7720123709203,0.0,EURUSD=X
2018-01-03 00:00:00+00:00,1.2061998844146729,1.2067092657089233,1.200494647026062,1.2063454389572144,0.0005525059930118204,0.007772036617837306,0.011711240610132734,68.26006245146272,0.0047092956982519585,0.002874754103475853,0.0018345415947761054,79.4655524107313,0.0076642657414683615,0.0063848728405517,0.025226472162980983,0,2,1,998.1080196518051,0.0,EURUSD=X
2018-01-04 00:00:00+00:00,1.2011290788650513,1.209189772605896,1.200494647026062,1.2010425329208374,0.004318758861985739,0.009193727489912434,0.01733526367372762,71.64557170310093,0.0056470592401909325,0.0034292151308188694,0.002217844109372063,94.82280366179886,0.0075607195229964305,0.006353292758410463,0.02971267373758304,0,3,1,1157.3258087221902,0.0,EURUSD=X
2018-01-05 00:00:00+00:00,1.2066218852996826,1.2084592580795288,1.202154278755188,1.2068840265274048,-0.004395843731925475,0.009739787083696787,0.00921205916793455,64.11671939936133,0.005894396471113561,0.003922251398877808,0.0019721450722357528,76.63836361896168,0.007641748527056256,0.0062951305351438116,0.031616432912214394,0,4,1,1225.5924616273405,0.0,EURUSD=X
2018-01-08 00:00:00+00:00,1.203948974609375,1.2054002285003662,1.195971965789795,1.2037460803985596,0.0048636858782689085,0.010484531552664982,0.01064473133066679,68.09416458181116,0.006486994686507375,0.004435200056403722,0.0020517946301036524,92.67692447486786,0.007625675429315909,0.006331800205396731,0.03386922706716789,0,0,1,1382.541361176882,0.0,EURUSD=X
2018-01-09 00:00:00+00:00,1.1969597339630127,1.1975760459899902,1.1917957067489624,1.1970456838607788,-0.0026000394900196344,0.01071474167545961,0.0027084113873827587,63.99083767367501,0.006627034683315269,0.004873566981786032,0.0017534677015292374,80.15859222246361,0.007860417237051191,0.006334953486860828,0.03470312726879442,0,1,1,1533.228693742148,0.0,EURUSD=X
2018-01-10 00:00:00+00:00,1.1929330825805664,1.2016342878341675,1.1924494504928589,1.1929330825805664,-0.0055662873149811,0.010486197403263465,-0.0034235661757299196,56.20286557864262,0.006126726299642948,0.005124198845357416,0.0010025274542855324,55.73669346078644,0.008152556980804474,0.0065665139961069265,0.03415301886191518,0,2,1,1597.3040943236372,0.0,EURUSD=X
2018-01-11 00:00:00+00:00,1.1954858303070068,1.2059234380722046,1.1931180953979492,1.1956144571304321,-0.0034356260046385367,0.009794050814206324,-0.011118172244462432,52.018182707586554,0.005336855796638895,0.005166730235613712,0.00017012556102518304,40.74690419291766,0.008226291292269055,0.006834043836867002,0.03200870207478081,0,3,1,1615.1476689730302,0.0,EURUSD=X
2018-01-12 00:00:00+00:00,1.2042099237442017,1.2156133651733398,1.2041373252868652,1.2042099237442017,0.002247715809897244,0.009670103594733167,-0.004519470078386489,54.40201293871444,0.0048710913404668155,0.005107602456584333,-0.00023651111611751752,44.45436232117336,0.008566581592223992,0.006880387940450967,0.03153274384355494,0,4,1,1588.9593928018376,0.0,EURUSD=X
2018-01-15 00:00:00+00:00,1.2193039655685425,1.2299003601074219,1.2188136577606201,1.2192296981811523,0.007189162495073287,0.009431413645832665,-0.0022157081578894067,61.07767132315306,0.005136343404217092,0.005113350646110885,2.2992758106206608e-05,63.05204285791535,0.009383176338701402,0.007113860651129882,0.03053489175738853,0,0,1,1615.016608893346,0.0,EURUSD=X
2018-01-16 00:00:00+00:00,1.2269939184188843,1.2281240224838257,1.2196757793426514,1.2268433570861816,0.012472721027119826,0.010044837193809757,0.012862860394499576,69.48473315439799,0.0064837867892573176,0.005387437874740172,0.0010963489145171456,75.93213503085383,0.010547980626167032,0.007695987353899951,0.03212026823205068,0,1,1,1729.936941649634,0.0,EURUSD=X
2018-01-17 00:00:00+00:00,1.227144479751587,1.2321492433547974,1.2199138402938843,1.227129340171814,0.006244646858903913,0.01147489332865701,0.024892678389096812,72.7033512344672,0.00807294414843085,0.005924539129478308,0.0021484050189525417,92.37194360164197,0.010429862317346054,0.008597658833332274,0.03646542967593643,0,2,1,1887.5779768137381,0.0,EURUSD=X
2018-01-18 00:00:00+00:00,1.218145489692688,1.2262566089630127,1.2175078392028809,1.218397855758667,0.00023310480835259106,0.012736599148649035,0.02866569641716521,72.81932084357716,0.009248824557480884,0.006589396215078824,0.00265942834240206,87.56019024548758,0.010558829513315129,0.008499399350915803,0.04046550220591076,0,3,1,2006.291511644826,0.0,EURUSD=X
2018-01-19 00:00:00+00:00,1.223585844039917,1.2294830083847046,1.222030758857727,1.2236607074737549,-0.007115374172313782,0.013034725796217426,0.0190558072398328,63.89393650772678,0.009368170001044396,0.007145150972271939,0.002223019028772457,65.92272015597767,0.010491877474430698,0.008666158975419733,0.04170946003433274,0,4,1,2113.9167756322586,0.0,EURUSD=X
2018-01-22 00:00:00+00:00,1.2255953550338745,1.2266627550125122,1.2214635610580444,1.2255502939224243,0.004319485371886866,0.013376848356122937,0.016152319745942334,66.55485243231666,0.009774743120697593,0.00767106940195707,0.002103673718740523,78.96458007148976,0.010534254270974047,0.008574172080830444,0.04262011164124012,0,0,1,2197.8186435546695,0.0,EURUSD=X
2018-01-23 00:00:00+00:00,1.225730538368225,1.2306995391845703,1.2223594188690186,1.2256253957748413,0.0015442078323903985,0.013563832583122912,0.0051840893891454964,67.48149427601861,0.010132626471081041,0.008163380815781865,0.0019692456552991757,83.64715961123748,0.01015317853408074,0.008595529961694784,0.04314923259232181,0,1,1,2273.1458175304497,0.0,EURUSD=X
2018-01-24 00:00:00+00:00,1.2309662103652954,1.240199327468872,1.2295132875442505,1.2310267686843872,6.128010640571446e-05,0.013578901040266935,-0.000992760244659996,67.52001223043088,0.010303538913641663,0.008591412435353826,0.0017121264782878377,83.83326932734631,0.010023674375614385,0.008284079759673952,0.04319452136819426,0,2,1,2392.7182454057515,0.0,EURUSD=X
2018-01-25 00:00:00+00:00,1.23960280418396,1.2529915571212769,1.2386507987976074,1.239111304283142,0.004407034097177132,0.013575323185556789,0.0031760535625589004,70.24940758576867,0.010750904177222464,0.009023310783727553,0.0017275933934949115,81.0498498912666,0.010348692755501269,0.00814253160906225,0.04299366565207869,0,3,1,2566.2201084312833,0.0,EURUSD=X
2018-01-26 00:00:00+00:00,1.239234209060669,1.2490164041519165,1.2387429475784302,1.239234209060669,0.00656731096708385,0.014281261047953596,0.017000562194503743,73.79846428109173,0.011623806819789362,0.009543409990939914,0.0020803968288494474,77.31831038593702,0.01117841387560044,0.008351705548750728,0.04493430539703234,0,4,1,2822.262031755433,0.0,EURUSD=X
2018-01-29 00:00:00+00:00,1.2428226470947266,1.243193507194519,1.2338062524795532,1.2428072690963745,9.918784301454764e-05,0.014861621840502723,0.012726976924073652,73.84953771522022,0.012185044236306508,0.010071736840013234,0.0021133073962932743,77.51914880354067,0.011113774068306574,0.009020420670983253,0.046755704660380204,0,0,1,3002.0074222714816,0.0,EURUSD=X
2018-01-30 00:00:00+00:00,1.238175392150879,1.245221495628357,1.2336845397949219,1.2381141185760498,0.0028832806660605836,0.015781538089808173,0.014081001211887045,75.3536398763395,0.01277092968814908,0.010611575409640403,0.0021593542785086767,83.17817368429343,0.010990451257353663,0.008942475912928335,0.04950708288597925,0,1,1,3135.646702330292,0.0,EURUSD=X
2018-01-31 00:00:00+00:00,1.2408334016799927,1.2476606369018555,1.2400639057159424,1.2409565448760986,-0.0037762496543305435,0.01606642713169615,0.010189673650906395,69.68418814100542,0.012710036713605044,0.011031267670433331,0.0016787690431717128,75.15186508845109,0.011029487298502335,0.008876767571307351,0.05059183439038772,0,2,1,3214.801468651,0.0,EURUSD=X
2018-02-01 00:00:00+00:00,1.2417423725128174,1.2487823963165283,1.2386507987976074,1.241865873336792,0.002295770848100842,0.016575180976836062,0.008066255295425817,71.10229697913107,0.012744231076987633,0.011373860351744192,0.001370370725243441,75.36546621801332,0.010923560943309716,0.00888789163814238,0.05207430699367175,0,3,2,3306.444437723249,0.0,EURUSD=X
2018-02-02 00:00:00+00:00,1.2512669563293457,1.251799464225769,1.241187572479248,1.2510008811950684,0.000732764144278919,0.01663670293822074,0.002223019872491294,71.56062526318809,0.012698327152548039,0.011638753711904962,0.001059573440643077,68.6456650059296,0.010866992127281943,0.008796087546845136,0.052229318993627274,0,4,2,3463.6735157490316,0.0,EURUSD=X
2018-02-05 00:00:00+00:00,1.2447099685668945,1.2478163242340088,1.2401562929153442,1.244694471359253,0.007355873169887062,0.017432762903609733,0.009495115651559027,75.72578248392485,0.013246370834031351,0.01196027713633024,0.0012860936977011107,94.38988910128704,0.010848770671513302,0.008686638267513301,0.054328836194258136,0,0,2,3628.6878717722543,0.0,EURUSD=X
2018-02-06 00:00:00+00:00,1.2368277311325073,1.2428536415100098,1.231618046760559,1.2367818355560303,-0.005041091441751022,0.017307625464582293,0.0015184995371411159,68.29000401374118,0.013021718565281892,0.012172565422120571,0.0008491531431613214,76.61720290668181,0.010848471929242645,0.008716010973894694,0.05421213635376475,0,1,2,3685.359275791815,0.0,EURUSD=X
2018-02-07 00:00:00+00:00,1.2381447553634644,1.2403254508972168,1.2278525829315186,1.2381294965744019,-0.006357090824531175,0.016010522664653033,-0.0010760583374590516,60.29062737575958,0.012066105885345957,0.01215127351476565,-8.516762941969229e-05,54.31786037042387,0.011007611405632016,0.008771532389433427,0.05047010467941388,0,2,2,3669.8852644872595,0.0,EURUSD=X
2018-02-08 00:00:00+00:00,1.2268433570861816,1.2294527292251587,1.2216575145721436,1.2268133163452148,0.0010896513674667485,0.013802259195802745,-0.0022781203043488185,61.12585345728489,0.01128740673432227,0.011978500158676974,-0.0006910934243547044,52.86075107004038,0.011112272588493888,0.008890517055031284,0.04346161924013371,0,3,2,3638.8561804931896,0.0,EURUSD=X
2018-02-09 00:00:00+00:00,1.2260762453079224,1.2285465002059937,1.2226433753967285,1.2260762453079224,-0.009139738824166632,0.011162713898254042,-0.012120920072577701,51.35754906439909,0.00964596815914831,0.011511993758771242,-0.0018660255996229315,16.96826933256704,0.011495108975191346,0.009057834994486634,0.035474240537378326,0,4,2,3494.1898833446617,0.0,EURUSD=X
2018-02-12 00:00:00+00:00,1.2253400087356567,1.2297097444534302,1.2236307859420776,1.2252799272537231,-0.0006008013016098879,0.00918759786378949,-0.019923755659816744,50.78823547977034,0.008191217532784956,0.010847838513573986,-0.00265662098078903,14.10201294279225,0.011095681534768045,0.009375525395897718,0.029215027122125533,0,0,2,3312.137369474859,0.0,EURUSD=X
2018-02-13 00:00:00+00:00,1.2301182746887207,1.2371996641159058,1.228606939315796,1.2303755283355713,-0.0006494849380261902,0.008796322433514187,-0.015597839110129907,50.14152970999224,0.006894584490338529,0.010057187708926895,-0.003162603218588366,11.560629867338282,0.010737344175952651,0.009055629891560626,0.027989015030143116,0,1,2,3067.555087367848,0.0,EURUSD=X
2018-02-14 00:00:00+00:00,1.2352999448776245,1.2416189908981323,1.2278525829315186,1.235376238822937,0.004158724034000194,0.00869142429488794,-0.005179819945834496,54.16358295546031,0.0062066198340924306,0.009287074133960002,-0.0030804542998675716,27.822818424266405,0.010821800796397649,0.008726883726692718,0.027540705488623696,0,2,2,2864.0761719523084,0.0,EURUSD=X
2018-02-15 00:00:00+00:00,1.2467117309570312,1.2511996030807495,1.2450509071350098,1.2467273473739624,0.004064377397143604,0.008561359314612446,-0.002223723575831449,57.76445693791573,0.0059958025515916,0.008628819817486323,-0.0026330172658947226,45.51372558325325,0.011032129879984516,0.00875992305526989,0.0270187513501309,0,3,2,2644.21403152311,1.0,EURUSD=X
2018-02-16 00:00:00+00:00,1.250734806060791,1.2558081150054932,1.2430543899536133,1.2503595352172852,0.009188381801677359,0.008171139607925593,0.016232323829083573,64.5686444944858,0.0066678056186415535,0.00823661697771737,-0.0015688113590758158,83.17256544419791,0.01137436090697223,0.008848871329582996,0.025552473037165162,0,4,2,2507.909095801851,1.0,EURUSD=X
2018-02-19 00:00:00+00:00,1.241187572479248,1.2437996864318848,1.2371032238006592,1.241187572479248,0.0029133778536047927,0.008321480287164423,0.019805693163286175,66.43217336045906,0.007408064537665071,0.00807090648970691,-0.0006628419520418385,84.04543487063489,0.011472886917322777,0.009096872208836808,0.02594701914734591,0,0,2,2337.332197615023,1.0,EURUSD=X
2018-02-20 00:00:00+00:00,1.2399102449417114,1.2409104108810425,1.2321947813034058,1.2398641109466553,-0.0073354603053779055,0.00793496055544271,0.012982866095896606,58.11936310157361,0.00717195054312314,0.007891115300390156,-0.000719164757267016,57.188036694173334,0.01160027438155872,0.00924347550016627,0.02492465454309544,0,1,2,2138.251678960234,1.0,EURUSD=X
2018-02-21 00:00:00+00:00,1.233547568321228,1.2347005605697632,1.2300727367401123,1.233532428741455,-0.0010662864839592334,0.007428805386113549,0.0077119402918555124,57.0108003816904,0.006799654037185521,0.0076728230477492295,-0.0008731690105637088,53.31266842597635,0.011414025581150402,0.00935608529930085,0.023359669075596966,0,2,2,2013.8500295116448,1.0,EURUSD=X
2018-02-22 00:00:00+00:00,1.2280335426330566,1.2353304624557495,1.2261663675308228,1.2281843423843384,-0.0051067549655630096,0.007320217999096129,-0.0014925089406274683,51.90952308665943,0.00592538834764933,0.00732333610772925,-0.00139794776007992,34.77219732193971,0.011298121911535586,0.009253121616588443,0.023136370875682287,0,3,2,1829.7074597473816,1.0,EURUSD=X
2018-02-23 00:00:00+00:00,1.2326048612594604,1.233500361442566,1.2280486822128296,1.2326656579971313,-0.004335586347391951,0.0076651123392926035,-0.014873344222922524,48.00246956924784,0.004746268586930613,0.006807922603569523,-0.0020616540166389094,19.11189768078303,0.011145691412492099,0.009199044086168656,0.024331941394368898,0,4,2,1651.4677599014628,1.0,EURUSD=X
2018-02-26 00:00:00+00:00,1.2288333177566528,1.2354830503463745,1.228244662284851,1.228712558746338,0.0036487320821019242,0.007743813787306451,-0.014151031540763248,51.309501198457944,0.004125852144232001,0.006271508511702019,-0.002145656367470018,32.234113852469314,0.010738976256580973,0.009041942022301425,0.024492403090716434,0,0,2,1480.0523447607989,1.0,EURUSD=X
2018-02-27 00:00:00+00:00,1.2316029071807861,1.2345678806304932,1.2223145961761475,1.2315573692321777,-0.0032069517189410313,0.00787936248282906,-0.010050869030207576,48.38607017228878,0.0032774056788724693,0.005672687945136109,-0.00239528226626364,20.658624108127732,0.010488934242648292,0.008740023189425204,0.025001299170148147,0,1,2,1310.6484282992526,1.0,EURUSD=X
2018-02-28 00:00:00+00:00,1.2222100496292114,1.224289894104004,1.2189176082611084,1.2230321168899536,0.0023152774549177746,0.007959334516374327,-0.006699719462107234,50.56878331936551,0.0028022555162345864,0.005098601459355805,-0.0022963459431212183,28.988815817031792,0.010614959257769535,0.008516805229453245,0.025196713881386362,0,2,2,1176.137214669234,1.0,EURUSD=X
2018-03-01 00:00:00+00:00,1.2190959453582764,1.2221801280975342,1.2157995700836182,1.2191256284713745,-0.006922334724479118,0.00842734015689007,-0.008512392221592946,44.49598142970036,0.0017179752245746194,0.004422476212399568,-0.002704500987824949,11.153299295547082,0.010759587951576664,0.008679215460639168,0.026864233652941404,0,3,3,949.0857153483885,0.0,EURUSD=X
2018-03-02 00:00:00+00:00,1.227129340171814,1.2330456972122192,1.2252799272537231,1.2270842790603638,-0.003194101254276882,0.009050042522625187,-0.007375695651173797,42.006617984466715,0.0005372611025660223,0.003645433190432859,-0.003108172087866837,8.313370041952707,0.01050765644120229,0.008825659718980555,0.028941694348729733,0,4,3,692.7994110049783,0.0,EURUSD=X
2018-03-05 00:00:00+00:00,1.231845736503601,1.2348270416259766,1.2275512218475342,1.2315422296524048,0.006528162810397475,0.008300361420925306,-0.004527893594307164,48.34680785512407,0.0002409556567799509,0.0029645376837022777,-0.0027235820269223268,28.205747044241036,0.010751400176891036,0.008563109006048467,0.02637208124589317,0,0,3,471.7933923468882,1.0,EURUSD=X
2018-03-06 00:00:00+00:00,1.2337758541107178,1.2419891357421875,1.233121633529663,1.2336541414260864,0.003632962028863096,0.007857453756853658,0.002302955956561492,51.54250271246542,0.00036168157233218423,0.002443966461428259,-0.0020822848890960748,39.348243230358506,0.010536497490371163,0.00873002964740036,0.02487449768198835,0,1,3,367.6721523559839,1.0,EURUSD=X
2018-03-07 00:00:00+00:00,1.2419275045394897,1.2440595626831055,1.2386049032211304,1.2416653633117676,0.0017148512838880414,0.007801193868896125,0.0017025371665924105,53.02521915734023,0.0006206172707670099,0.0020792966232960094,-0.0014586793525289995,44.626895022883296,0.010530098104614844,0.008540884463931782,0.024654116492072324,0,2,3,272.8379644793454,1.0,EURUSD=X
2018-03-08 00:00:00+00:00,1.2416189908981323,1.24447762966156,1.2306329011917114,1.2414649724960327,0.0064938961550604635,0.00797448557095909,0.015235287908216488,58.244583527162995,0.0014554863898144088,0.0019545345765996894,-0.0004990481867852806,64.65067219679634,0.010521192615500859,0.008480624825137255,0.02503916857549283,0,3,3,266.62404102464416,1.0,EURUSD=X
2018-03-09 00:00:00+00:00,1.2307844161987305,1.2333801984786987,1.2275512218475342,1.2306632995605469,-0.00016138874583759844,0.008083215150605104,0.018324070549373017,58.07077375004095,0.0020770137953363133,0.0019790304203470143,9.7983374989299e-05,89.49490582743412,0.010758588033668557,0.008474820352238718,0.025384666491037457,0,4,3,255.82696641663065,0.0,EURUSD=X
2018-03-12 00:00:00+00:00,1.2308601140975952,1.2342007160186768,1.229135513305664,1.2308752536773682,-0.008700747242001095,0.007928872246322551,0.0029166867844836464,49.49660606837253,0.0016786238783663698,0.0019189491119508855,-0.00024032523358451566,51.829620607808984,0.010983956791870699,0.008742105202544273,0.02511851525880892,0,0,3,159.2567287492958,1.0,EURUSD=X
2018-03-13 00:00:00+00:00,1.2338672876358032,1.2398948669433594,1.231496810913086,1.2339584827423096,0.00017222754338819257,0.007715595817080034,-0.0005415778354793677,49.65369207672224,0.0013642734299070813,0.0018080139755421248,-0.0004437405456350434,52.5687017030457,0.010561188643380843,0.008923696173966439,0.024438650611285837,0,1,3,106.45466852900407,1.0,EURUSD=X
2018-03-14 00:00:00+00:00,1.2392956018447876,1.2416189908981323,1.235010027885437,1.239234209060669,0.0025049078334542507,0.007671351392191616,0.0002466990593257279,51.99291131778433,0.0013483957853841488,0.0017160903375105297,-0.00036769455212638086,63.319879119919854,0.010451076116424441,0.008558787666753583,0.024237795813125327,0,2,3,26.652157787412634,1.0,EURUSD=X
2018-03-15 00:00:00+00:00,1.2375319004058838,1.2386969327926636,1.2320733070373535,1.2375624179840088,0.004275448803297444,0.007754204514886574,-0.0019579786333205895,55.77901788442015,0.0017414453623889603,0.001721161342486216,2.0284019902744354e-05,81.71626435658793,0.010251749833524322,0.008433495492628697,0.02439527126078184,0,3,3,41.76840068498873,1.0,EURUSD=X
2018-03-16 00:00:00+00:00,1.2307692766189575,1.23350191116333,1.2261513471603394,1.2309207916259766,-0.0013490517486015596,0.007231500874679138,-0.003143507548326263,54.31714756934761,0.0018961824053527199,0.0017561655550595169,0.000140016850293203,75.88675182587947,0.010030974989937973,0.008283824463758716,0.022781542427451024,0,4,3,57.83156983702015,1.0,EURUSD=X
2018-03-19 00:00:00+00:00,1.228078842163086,1.2332433462142944,1.226046085357666,1.228078842163086,-0.005366700104590616,0.006107079519399431,0.00020923031142761062,48.840722112144384,0.0014659898673718974,0.001698130417521993,-0.00023214055015009566,52.72749190460949,0.010129553263775935,0.008149163665265273,0.019343063673285497,0,0,3,-20.005217534434593,1.0,EURUSD=X
2018-03-20 00:00:00+00:00,1.2338062524795532,1.2354220151901245,1.2264971733093262,1.2336845397949219,-0.002308799625633573,0.005860737764010138,-0.002271888646658282,46.67228952178858,0.0008855297751348967,0.0015356102890445738,-0.0006500805139096771,42.81765314732987,0.009920103806122542,0.008248292305023486,0.0186057779788951,0,1,3,-82.6225629952519,1.0,EURUSD=X
2018-03-21 00:00:00+00:00,1.224814772605896,1.229619026184082,1.2246992588043213,1.2251899242401123,0.004564607286908551,0.00559035136706013,-0.00022200337468314402,51.268226526209055,0.0008678400008492737,0.001402056231405514,-0.0005342162305562402,62.36464382360155,0.009849013668599384,0.008041037628445585,0.017666754614275772,0,2,3,-103.75442613152188,1.0,EURUSD=X
2018-03-22 00:00:00+00:00,1.234872817993164,1.2386815547943115,1.230042576789856,1.2347661256790161,-0.006885565378181413,0.0057674251602941075,-0.011333035125944524,44.946754632347755,0.0001664574268702701,0.0011549364704984651,-0.000988479043628195,2.4808182601725,0.009787318477313756,0.008038764826365955,0.018352716039948865,0,3,3,-178.09172424463293,1.0,EURUSD=X
2018-03-23 00:00:00+00:00,1.2326048612594604,1.2360174655914307,1.2319974899291992,1.2324985265731812,0.007816095488087926,0.005759483455484516,-0.002259516178220622,52.114867544251254,0.0003789577195700833,0.0009997407203127888,-0.0006207830007427056,50.89836239474906,0.010051912197091289,0.00792645528069663,0.01818530638490499,0,4,3,-164.2583288931075,1.0,EURUSD=X
2018-03-26 00:00:00+01:00,1.2353914976119995,1.2448959350585938,1.2352389097213745,1.235437273979187,-0.0018364604103372484,0.005758239558215242,0.0012817518055898702,50.44009625843639,0.0003602368496291586,0.0008718399461760629,-0.0005116030965469043,39.43331746156118,0.009621059587458443,0.008155719443364741,0.018214829649529928,0,0,3,-125.93629988984141,1.0,EURUSD=X
2018-03-27 00:00:00+01:00,1.2455006837844849,1.2478163242340088,1.237332820892334,1.2457488775253296,0.0023843820845586006,0.005767037437042113,0.005991823621959158,52.567502952230676,0.0005758942306430814,0.0008126508030694667,-0.00023675657242638523,53.16723920152047,0.009819370223026596,0.007787574318905101,0.0181992656564807,0,1,3,-89.26018919198707,1.0,EURUSD=X
2018-03-28 00:00:00+01:00,1.240802526473999,1.2422360181808472,1.2337149381637573,1.240787148475647,0.008346521319475997,0.006520611601021158,0.009779110737995644,59.187553798585334,0.0015608717296409225,0.0009622949883837579,0.0005985767412571646,91.0566212871287,0.010002204511011966,0.007882303087065749,0.020407021486956778,0,2,3,-10.836296403675883,1.0,EURUSD=X
2018-03-29 00:00:00+01:00,1.231284499168396,1.2338062524795532,1.2285163402557373,1.2310267686843872,-0.003982928774167616,0.0063251275663435075,0.012730454215258424,55.19563591640495,0.001918982589796947,0.0011536325086663958,0.0007653500811305512,69.59313118811882,0.01014732842890913,0.008061176748405273,0.019874389469481977,0,3,3,-10.672453764171452,1.0,EURUSD=X
2018-03-30 00:00:00+01:00,1.2302544116973877,1.2333498001098633,1.2298005819320679,1.2302846908569336,-0.00786628053268501,0.0053697896461074365,-0.003028392921430867,48.29524163128021,0.0013990792337528202,0.0012027218536836807,0.00019635738006913944,27.371596534653467,0.010299005556837739,0.008242979508685825,0.01700636791559879,0,4,3,-50.471988931358865,1.0,EURUSD=X
2018-04-02 00:00:00+01:00,1.231284499168396,1.2345678806304932,1.228380560874939,1.231420874595642,-0.0006028120966424799,0.005188307805743855,-0.0017962177386149358,47.805893396472925,0.0009166065300036941,0.0011454987889476834,-0.00022889225894398937,24.161509900990097,0.009816877886906144,0.008371237676430927,0.016441517822977734,0,0,4,-21.80609742669899,1.0,EURUSD=X
2018-04-03 00:00:00+01:00,1.2293318510055542,1.2336997985839844,1.2255052328109741,1.229271411895752,0.0009235128642599566,0.005191959818209925,-0.0032509941768298356,48.66356918567397,0.0006187909318067231,0.0010401572175194915,-0.0004213662857127684,29.07642326732673,0.00955762373466672,0.007971992427146147,0.016437910267266126,0,1,4,21.652999133199714,1.0,EURUSD=X
2018-04-04 00:00:00+01:00,1.2279430627822876,1.2310571670532227,1.225760579109192,1.2278525829315186,-0.0017455142626162656,0.005318104633004364,-0.013226956031708426,47.08715560868304,0.00020694076420468832,0.0008735139268565309,-0.0006665731626518426,19.77825907590759,0.009460262451691256,0.007775031325203592,0.016866729889091325,0,2,4,-2.537817890484506,1.0,EURUSD=X
2018-04-05 00:00:00+01:00,1.2287880182266235,1.2291052341461182,1.2219412326812744,1.228682279586792,-0.0011542031731180957,0.005196793124041107,-0.01042448381256933,46.02725271646495,-0.00023127510515674743,0.0006525561204538753,-0.0008838312256106227,13.640676567656765,0.009162857129715507,0.007704721709429255,0.016501027741168368,0,3,4,-30.65472189227112,1.0,EURUSD=X
2018-04-06 00:00:00+01:00,1.2250999212265015,1.2280033826828003,1.2218068838119507,1.2251598834991455,0.000675729861065566,0.004950574758161536,-0.00190449887625177,46.78164809361294,-0.0005057843852314114,0.00042088801931681796,-0.0009266724045482295,26.052263010467346,0.00902008172508181,0.007457466655087589,0.01570861234285244,0,4,4,-106.83975481255423,1.0,EURUSD=X
2018-04-09 00:00:00+01:00,1.227144479751587,1.2330456972122192,1.2262566089630127,1.227144479751587,-0.0028668079178540973,0.005226537403322202,-0.004165545906467005,43.97168183736553,-0.0009960806955837676,0.00013749427633670086,-0.0011335749719204684,12.891471837860879,0.008866889871493203,0.007362371104838825,0.016631946863992848,0,0,4,-118.91339827429867,1.0,EURUSD=X
2018-04-10 00:00:00+01:00,1.2322251796722412,1.2377768754959106,1.2303755283355713,1.2322403192520142,0.0016198671529901176,0.005357108808018891,-0.003472732135923362,45.94185932067085,-0.0012105492639491455,-0.00013211443172046842,-0.001078434832228677,20.521763840445864,0.008796813003034669,0.0072256282921862175,0.017019882726472247,0,1,4,-130.49662849571948,1.0,EURUSD=X
2018-04-11 00:00:00+01:00,1.2363842725753784,1.2393723726272583,1.235406756401062,1.2363078594207764,0.004152599457122541,0.005345163668701627,0.002415176443161249,50.73242912283257,-0.00095827904523893,-0.00029734735442416075,-0.0006609316908147693,40.11403271565612,0.008927926055983887,0.007138877754279659,0.01691170470701793,0,2,4,-203.43449024853695,1.0,EURUSD=X
2018-04-12 00:00:00+01:00,1.237623691558838,1.2379761934280396,1.230042576789856,1.2371643781661987,0.0033009309184357516,0.005184422561121871,0.006886230974952001,54.21984783290441,-0.0004252347402484702,-0.0003229248315890227,-0.00010230990865944752,55.752739672660105,0.008799649435931048,0.007221442448943677,0.016349164203653146,0,3,4,-182.55495370333898,1.0,EURUSD=X
2018-04-13 00:00:00+01:00,1.2333498001098633,1.234872817993164,1.2308752536773682,1.2329696416854858,0.0006928037696238842,0.005163488837823731,0.006903410849433911,54.94310690496554,6.556482586317358e-05,-0.0002452269000985834,0.000310791725961757,59.04584683499631,0.008737789950377658,0.007112756874696336,0.016271876136163113,0,4,4,-159.668025609776,1.0,EURUSD=X
2018-04-16 00:00:00+01:00,1.2333041429519653,1.2394031286239624,1.232635259628296,1.233258605003357,-0.003390605609685071,0.005157441816190592,0.00637448082615566,50.71715961953861,0.0001147243697869893,-0.0001732366461214689,0.0002879610159084582,42.918100860287005,0.008562885274552866,0.007086784341610377,0.016308114337352273,0,0,4,-159.59836069823882,1.0,EURUSD=X
2018-04-17 00:00:00+01:00,1.238466739654541,1.2415003776550293,1.2338367700576782,1.2385127544403076,0.00023436369242313404,0.005064276597966762,0.004982400485562755,50.996773196676514,0.00017498348659694685,-0.00010359261957778574,0.0002785761061747326,56.055831757813415,0.008434669826060984,0.006943300650660822,0.01600976869096377,0,1,4,-170.68161437269472,1.0,EURUSD=X
2018-04-18 00:00:00+01:00,1.2373021841049194,1.2396950721740723,1.2344460487365723,1.237317442893982,0.004260379303768547,0.005233710819067262,0.005090269398181135,55.89658229509024,0.0006393353595628426,4.4992976250339926e-05,0.0005943423833125027,84.829389652605,0.008420891456461797,0.0068103213275931655,0.01647521281658592,0,2,4,-164.02550344347412,1.0,EURUSD=X
2018-04-19 00:00:00+01:00,1.2378535270690918,1.240199327468872,1.2330456972122192,1.237914800643921,-0.0009651184794344791,0.005004825452830421,0.00081661170841274,54.56001046570891,0.0009005054459738648,0.00021609547019504492,0.0006844099757788199,78.75981380257988,0.008194329455107383,0.006805764765399279,0.01576992378166409,0,3,4,-103.66334832335586,1.0,EURUSD=X
2018-04-20 00:00:00+01:00,1.2344155311584473,1.2352694272994995,1.2255052328109741,1.2345526218414307,0.00048278455409289656,0.005098943751672417,0.0006065665088372807,55.13734835404728,0.0011425161838012343,0.0004013796129162828,0.0007411365708849515,81.79308841956163,0.008119993798074914,0.006619461574290067,0.016058732344891132,0,4,4,-1.184183855239429,1.0,EURUSD=X
2018-04-23 00:00:00+01:00,1.227385401725769,1.2289692163467407,1.2212249040603638,1.2273402214050293,-0.0027160017803659064,0.005097336176740985,0.001283876019672947,51.19470183917644,0.0010508976131391456,0.0005312832129608555,0.0005196144001782902,64.72055253902822,0.008426391943422904,0.006577276378841848,0.016097389950682925,0,0,4,98.39225473783273,1.0,EURUSD=X
2018-04-24 00:00:00+01:00,1.2211204767227173,1.223466157913208,1.2184869050979614,1.22089684009552,-0.005842116657322816,0.005266872723526701,-0.004798980176839329,43.93675687592422,0.0003917924575724818,0.0005033850618831807,-0.0001115926043106989,30.1611566117719,0.00877648664611176,0.006865571417334124,0.016730528139208535,0,1,4,102.9142782159572,1.0,EURUSD=X
2018-04-25 00:00:00+01:00,1.2236157655715942,1.2236157655715942,1.21690034866333,1.2241400480270386,-0.00524987383052844,0.005091019867644187,-0.014223442012713305,38.6631839745384,-0.0006430672697135265,0.0002740945955638393,-0.0009171618652773657,10.471844227691129,0.008781974479037195,0.007188557098259922,0.01625726991033325,0,2,4,32.15266505805306,1.0,EURUSD=X
2018-04-26 00:00:00+01:00,1.2170779705047607,1.2210012674331665,1.2099798917770386,1.2171669006347656,0.0026564143873653023,0.004938226580741601,-0.010649970985717738,42.41005921666183,-0.001187808961571779,-1.8286115863284364e-05,-0.0011695228457084947,29.429637526652453,0.008634363223981978,0.007173994914381905,0.015727572670506958,0,3,4,-51.642764095063576,1.0,EURUSD=X
2018-04-27 00:00:00+01:00,1.2107563018798828,1.2116997241973877,1.2056035995483398,1.2109616994857788,-0.00569636407493701,0.0058484281275865534,-0.016760361858799144,37.15472022532176,-0.0021573270709687176,-0.00044609430688437107,-0.0017112327640843466,22.80107256451082,0.009029062725840408,0.007093820263662333,0.018733150291962094,0,4,4,-173.26162856449326,1.0,EURUSD=X
2018-04-30 00:00:00+01:00,1.2128562927246094,1.2138574123382568,1.2066364288330078,1.2122827768325806,-0.005098069250610404,0.007298639003586427,-0.019108883605515437,33.2108424184384,-0.003387337908495658,-0.0010343430272066285,-0.0023529948812890293,14.92640905407739,0.009210079751596505,0.007456109247447295,0.02349812827116383,0,0,4,-296.34940435197484,0.0,EURUSD=X
2018-05-01 00:00:00+01:00,1.208313226699829,1.2084592580795288,1.1983511447906494,1.2081234455108643,0.0010909323947758676,0.008230526306825636,-0.012268354210058674,34.7976696251168,-0.004207034384209329,-0.0016688812986071688,-0.0025381530856021604,18.606620528420187,0.009068001448285972,0.007597303143793192,0.02646948345559106,0,1,5,-425.71922439770844,0.0,EURUSD=X
2018-05-02 00:00:00+01:00,1.1992132663726807,1.2031089067459106,1.1954143047332764,1.1991558074951172,-0.0034309910205799765,0.009408122069167604,-0.010462304565925784,32.20345394165817,-0.005133101820940178,-0.002361725403073771,-0.002771376417866407,22.647681248307833,0.009415403633546343,0.0075058566920299255,0.030360814971274692,0,2,5,-605.3819435958923,0.0,EURUSD=X
2018-05-03 00:00:00+01:00,1.1951714754104614,1.2009127140045166,1.1950715780258179,1.19510018825531,-0.007422782869638822,0.011341136686849933,-0.020409625983717095,27.45160247036506,-0.006515523479795116,-0.00319248501841804,-0.0033230384613770754,8.118510701038288,0.009650670572406454,0.007851693311825687,0.03687251522518925,0,3,5,-883.8616997415903,0.0,EURUSD=X
2018-05-04 00:00:00+01:00,1.1989257335662842,1.1997599601745605,1.1914832592010498,1.1989257335662842,-0.003382061959303573,0.013257299194319025,-0.018129569878993168,25.6110366619332,-0.00784789157375676,-0.0041235663294857845,-0.0037243252442709755,0.061621729876011944,0.009378560958570188,0.008075197935074524,0.04324864813326401,0,4,5,-1219.9209651495241,0.0,EURUSD=X
2018-05-07 00:00:00+01:00,1.1955716609954834,1.1978917121887207,1.18995201587677,1.195500135421753,0.003201024774800665,0.014423216001253493,-0.009939179682235677,30.354520657165267,-0.008497163342523484,-0.004998285732093324,-0.0034988776104301596,14.879854328437892,0.009299856673923083,0.007822470313213677,0.04690202778008984,0,0,5,-1473.2736317948245,0.0,EURUSD=X
2018-05-08 00:00:00+01:00,1.1932604312896729,1.1938873529434204,1.183936357498169,1.1933743953704834,-0.0028572229693840656,0.015637714432570497,-0.013843833907033476,28.596097288104346,-0.009182285368414256,-0.005835085659357511,-0.003347199709056745,11.041624654511809,0.00927656103217959,0.007779051125445707,0.05099709555226278,0,1,5,-1701.6005255316784,0.0,EURUSD=X
2018-05-09 00:00:00+01:00,1.186676025390625,1.1896122694015503,1.1823545694351196,1.1867886781692505,-0.001778117783750477,0.01661600247198391,-0.012208231033993489,27.530312227333084,-0.00978399516067019,-0.006624867559620047,-0.0031591276010501422,16.77486609261645,0.009439933667279904,0.007773387017659013,0.05428397309529529,0,2,5,-1931.5937857098054,0.0,EURUSD=X
2018-05-10 00:00:00+01:00,1.1847639083862305,1.1942437887191772,1.184469223022461,1.184721827507019,-0.005518567539894659,0.01764480423970498,-0.010313196374122646,24.485569025888793,-0.01066927804916662,-0.007433749657529362,-0.003235528391637258,8.37970451606508,0.009552783115000182,0.007954182442860863,0.05796492040827904,0,3,5,-2214.518375271226,0.0,EURUSD=X
2018-05-11 00:00:00+01:00,1.191525936126709,1.1967878341674805,1.1893434524536133,1.1917530298233032,-0.0017415490223751107,0.01838305780796127,-0.00868409263949832,23.603296219669076,-0.011406165515498001,-0.00822823282912309,-0.0031779326863749114,5.078356758526157,0.009568624727979905,0.008063313170402093,0.06049551201735452,0,4,5,-2478.2781971729296,0.0,EURUSD=X
2018-05-14 00:00:00+01:00,1.1951572895050049,1.1996996402740479,1.1951572895050049,1.1952143907546997,0.005934897250166937,0.0185075420726632,-0.005982608882407869,32.512179603831285,-0.011292620576247803,-0.008841110378548032,-0.0024515101976997702,22.777963966670903,0.009747009151728585,0.008029033271598738,0.060545835217853214,0,0,5,-2667.5630871261556,0.0,EURUSD=X
2018-05-15 00:00:00+01:00,1.1932035684585571,1.1940299272537231,1.182396411895752,1.1931180953979492,0.0029044280524377353,0.01820228743587777,-0.00023901684206206752,36.44155816498842,-0.010798850072891941,-0.009232658317416815,-0.0015661917554751267,31.166865054142445,0.009618409244515446,0.008155029948705676,0.059374771125563754,0,1,5,-2809.4313465978476,0.0,EURUSD=X
2018-05-16 00:00:00+01:00,1.1822566986083984,1.1853959560394287,1.176567554473877,1.1820889711380005,-0.0017539073934901284,0.01733320701190169,-0.0002147691231925153,35.10834647523896,-0.010456154862848122,-0.009477357626503077,-0.0009787972363450442,27.851088244003552,0.00984694993126061,0.008061573520354118,0.05663922280037434,0,2,5,-2912.2243700025783,0.0,EURUSD=X
2018-05-17 00:00:00+01:00,1.1814186573028564,1.1836841106414795,1.1778563261032104,1.1816978454589844,-0.009243950202825535,0.016845646469688117,-0.003960020109477158,29.080326374223688,-0.010948319184971078,-0.009771549938196677,-0.0011767692467744006,14.806751702311308,0.010325777859318585,0.008330125880271873,0.055559625630324544,0,3,5,-3034.9177573378142,0.0,EURUSD=X
2018-05-18 00:00:00+01:00,1.1792036294937134,1.182228684425354,1.175046682357788,1.1795234680175781,-0.00033087668404485626,0.01580240250650716,-0.0025524827666912886,28.890880531950472,-0.011240351751513389,-0.01006531030086002,-0.0011750414506533687,13.75787219078674,0.01000449262210076,0.008738086389002376,0.05213609146422543,0,4,5,-3114.0937311905573,0.0,EURUSD=X
2018-05-21 00:00:00+01:00,1.1763737201690674,1.1778979301452637,1.1718658208847046,1.1766643524169922,-0.0018400451940925322,0.014707179044306176,-0.010261825646491807,27.80637093169966,-0.011514511629440616,-0.01035515056657614,-0.0011593610628644752,13.398505093030309,0.009802886153919698,0.008481808877372557,0.048612122920474274,0,0,5,-3223.6949895223274,0.0,EURUSD=X
2018-05-22 00:00:00+01:00,1.1788839101791382,1.1828161478042603,1.1759449243545532,1.1792453527450562,-0.002423958215423405,0.014081739922987582,-0.01552026019866981,26.402892954550964,-0.011826167346616234,-0.01064935392258416,-0.0011768134240320739,15.358699052982608,0.009649654795273544,0.008331081105485638,0.04665793529463733,0,1,5,-3332.940617871236,0.0,EURUSD=X
2018-05-23 00:00:00+01:00,1.1789672374725342,1.1791006326675415,1.168620228767395,1.1788560152053833,0.0021934890121912964,0.01348492757164734,-0.011627300521551476,29.845276336659765,-0.011729679151889938,-0.010865418968445317,-0.000864260183444621,25.405580658532482,0.009451195413447366,0.008182906782554627,0.044582686881753784,0,2,5,-3364.3103916214636,0.0,EURUSD=X
2018-05-24 00:00:00+01:00,1.1707134246826172,1.174936294555664,1.1692214012145996,1.1710150241851807,-0.00033015821412107904,0.012115878058433359,-0.002734951438980837,29.62021052049481,-0.011551469695916916,-0.011002629113939637,-0.000548840581977279,32.87050329417079,0.00953504745374835,0.008017260201026971,0.04006968458205093,0,3,5,-3350.7368370685745,0.0,EURUSD=X
2018-05-25 00:00:00+01:00,1.1723191738128662,1.1733232736587524,1.1648359298706055,1.1722642183303833,-0.006651355991797336,0.011659895526453355,-0.009040230812686678,25.456652778197878,-0.011905698383636087,-0.011183242967878928,-0.0007224554157571599,7.705407862285348,0.009542159349250873,0.008142549204595437,0.038819861891140804,0,4,5,-3333.5196301539513,0.0,EURUSD=X
2018-05-28 00:00:00+01:00,1.1687567234039307,1.1730204820632935,1.1608469486236572,1.1688934564590454,0.0010667618428481518,0.011327673101864366,-0.006154391908280932,27.212066574737634,-0.011947899692817288,-0.0113361743128666,-0.0006117253799506877,21.306649159879367,0.009466815380600594,0.008139939102501525,0.037673588736282605,0,0,5,-3363.386315889231,0.0,EURUSD=X
2018-05-29 00:00:00+01:00,1.1627501249313354,1.1639816761016846,1.1514369249343872,1.162696123123169,-0.002875428438939065,0.010726655681430315,-0.006604173859762641,25.469182736329444,-0.012113697680427027,-0.011491678986378685,-0.0006220186940483416,20.710297005400097,0.009660152384817424,0.008098954894724645,0.03577760021043998,0,1,5,-3431.2912346761705,0.0,EURUSD=X
2018-05-30 00:00:00+01:00,1.153761863708496,1.1670994758605957,1.1520073413848877,1.1539349555969238,-0.005301880425141681,0.010739075787684103,-0.014033745889575733,22.602820808026863,-0.012599922721098,-0.01171332773332255,-0.0008865949877754509,23.328977886019015,0.010217036609091765,0.008308406807850074,0.03600994656272248,0,2,5,-3504.253379265549,0.0,EURUSD=X
2018-05-31 00:00:00+01:00,1.1666160821914673,1.1724016666412354,1.1642934083938599,1.1667250394821167,-0.007535216942765155,0.01212440348330564,-0.02114003685523691,19.296556006409787,-0.013536175957664875,-0.012077897378191016,-0.0014582785794738599,5.175901614644183,0.01056525788527864,0.008854083637501519,0.04096385735854057,0,3,5,-3543.37950549961,0.0,EURUSD=X
2018-06-01 00:00:00+01:00,1.1693308353424072,1.1715501546859741,1.1629935503005981,1.1693171262741089,0.011083886334456894,0.012179316417052758,-0.00366347537346845,34.385840677884616,-0.013095157688262526,-0.012281349440205319,-0.0008138082480572077,31.67686368273242,0.011129647396638132,0.009055482249672403,0.04069829252316778,0,4,6,-3504.9744163559894,0.0,EURUSD=X
2018-06-04 00:00:00+01:00,1.1669973134994507,1.174425721168518,1.1668747663497925,1.1668611764907837,0.002221677519788967,0.011627962234234296,-0.002514016900107996,36.958395685524316,-0.012393621833520552,-0.012303803918868365,-8.98179146521863e-05,41.97919931933187,0.010945858610119406,0.00951807439278807,0.03876975851962988,0,0,6,-3480.931107499329,0.0,EURUSD=X
2018-06-05 00:00:00+01:00,1.1701792478561401,1.171385407447815,1.1655282974243164,1.1700559854507446,-0.00210032824127937,0.011268921974415855,-0.001738635764476082,35.5367246195343,-0.011898663846469093,-0.012222775904388512,0.0003241120579194189,45.42017558948148,0.010703365482162705,0.00938060056384596,0.037651733448755186,0,1,6,-3463.186384482766,0.0,EURUSD=X
2018-06-06 00:00:00+01:00,1.1726628541946411,1.1797001361846924,1.1714677810668945,1.1726216077804565,0.002737951201332356,0.01076079008785686,0.0063299964463681135,38.83292655825606,-0.011120422385774154,-0.012002305200665642,0.0008818828148914881,57.73855953036683,0.010357204377972409,0.009147737899088145,0.035855791270909036,0,2,6,-3438.882941386975,0.0,EURUSD=X
2018-06-07 00:00:00+01:00,1.1783976554870605,1.1841003894805908,1.1783559322357178,1.178550362586975,0.0021927346739083475,0.01051635407652855,0.016193852255620644,41.423279901597574,-0.01017929555823538,-0.011637703272179589,0.0014584077139442094,67.51181485252329,0.01030627197482779,0.00883252049020022,0.03496464324416842,0,3,6,-3357.3206518603088,0.0,EURUSD=X
2018-06-08 00:00:00+01:00,1.1793843507766724,1.181199550628662,1.1728416681289673,1.1795234680175781,0.005055982908024781,0.010331668427241595,0.010135484115526783,47.0080657592376,-0.00885299301011977,-0.011080761219767626,0.002227768209647856,83.00845617351762,0.01039002266949254,0.008744871922320761,0.03417780032006009,0,4,6,-3188.84360678801,0.0,EURUSD=X
2018-06-11 00:00:00+01:00,1.1786893606185913,1.1820330619812012,1.1776067018508911,1.1783976554870605,0.0008256799721879649,0.00966277276977464,0.008728463403243403,47.88630816906841,-0.0076353516288401035,-0.010391679301582121,0.0027563276727420177,85.98764238086723,0.010244869800221273,0.008808661252798151,0.0319386808457159,0,0,6,-3026.638592561274,0.0,EURUSD=X
2018-06-12 00:00:00+01:00,1.1773293018341064,1.1808466911315918,1.174315333366394,1.177412509918213,-0.0009544638670138106,0.00846320654978615,0.00988676222048257,46.917516241161856,-0.006684154946467569,-0.00965017443055921,0.002966019484091642,82.54093963160719,0.009829261966656186,0.008693898661896793,0.028000440548843816,0,1,6,-2848.704782979242,0.0,EURUSD=X
2018-06-13 00:00:00+01:00,1.1747568845748901,1.1789672374725342,1.1733646392822266,1.17482590675354,-0.0008360043524021643,0.007247220643837178,0.006287326896271761,46.039765367069975,-0.005941329785468685,-0.008908405501541107,0.0029670757160724214,79.52489224491882,0.009593697380837726,0.008348188832594415,0.02399742438335099,0,2,6,-2642.032012351123,1.0,EURUSD=X
2018-06-14 00:00:00+01:00,1.1806375980377197,1.1841607093811035,1.1628854274749756,1.1807769536972046,-0.002196853815365496,0.00696085700565076,0.001879804157161935,43.72665379482333,-0.005497975512517961,-0.008226319503736479,0.002728343991218518,71.6059430440035,0.009308618867228433,0.008166058754482619,0.02309994742461333,0,3,6,-2387.0665585672987,1.0,EURUSD=X
2018-06-15 00:00:00+01:00,1.156336784362793,1.1626555919647217,1.1545344591140747,1.1566576957702637,0.0050654713259681294,0.006902778219453573,0.0018892625897988236,49.95627147261231,-0.004613235793047288,-0.007503702761598641,0.0028904669685513532,89.65964438065332,0.010163380512864112,0.007883469302209562,0.0227917591047745,0,4,6,-2135.784374123905,1.0,EURUSD=X
2018-06-18 00:00:00+01:00,1.1597026586532593,1.1623716354370117,1.156644344329834,1.159595012664795,-0.020426599495713016,0.0076070816124260855,-0.019385601785223416,33.68174184063653,-0.005791534527884279,-0.0071612691148557695,0.0013697345869714906,15.954055816427267,0.011311888660740238,0.008786852454300163,0.025641003491916968,0,0,6,-2073.7205478545284,1.0,EURUSD=X
2018-06-19 00:00:00+01:00,1.163007140159607,1.164686679840088,1.153322696685791,1.1630746126174927,0.002539486751588216,0.00797698790007487,-0.01595611017614762,36.399138106461564,-0.006414386781222525,-0.007011892648129121,0.0005975058669065959,23.59837165674287,0.010912988835485773,0.009755033901659401,0.0268197291998993,0,1,6,-1952.6475043114224,1.0,EURUSD=X
2018-06-20 00:00:00+01:00,1.1589365005493164,1.1600120067596436,1.1546010971069336,1.1588560342788696,0.0030007027580272183,0.007907013552095513,-0.012177463021618595,39.55863078836344,-0.006551703088537808,-0.006919854736210859,0.0003681516476730512,31.62303624443345,0.01094520271540085,0.009382879410398405,0.026504932405136638,0,2,6,-1798.4950607771593,1.0,EURUSD=X
2018-06-21 00:00:00+01:00,1.1577022075653076,1.1628313064575195,1.151410460472107,1.1579033136367798,-0.0036270917556433524,0.00800580452459161,-0.013593394887588817,37.14914347955239,-0.006921148574688729,-0.006920113503906433,-1.035070782295748e-06,17.94323664027709,0.010768653629340723,0.009444833863433094,0.02693377881558596,0,3,6,-1678.540842183017,1.0,EURUSD=X
2018-06-22 00:00:00+01:00,1.1606987714767456,1.1675995588302612,1.1601735353469849,1.1605775356292725,-0.0008221216561060674,0.008369555895496043,-0.01937168572676129,36.606855526000714,-0.007207727185433166,-0.00697763624021178,-0.00023009094522138604,19.82535516818392,0.010815238797631571,0.009300131973470386,0.028180708737957073,0,4,6,-1637.2640039734251,1.0,EURUSD=X
2018-06-25 00:00:00+01:00,1.1660583019256592,1.1700011491775513,1.1629935503005981,1.1661399602890015,0.002309538249867682,0.00849604240538486,0.0033889368249078178,39.28594345340173,-0.007136786995755484,-0.007009466391320521,-0.00012732060443496323,27.99085644398662,0.01073531068304942,0.009318842098531125,0.02854067928349577,0,0,6,-1602.4374353181977,1.0,EURUSD=X
2018-06-26 00:00:00+01:00,1.1701792478561401,1.17205810546875,1.1652023792266846,1.1702749729156494,0.004792807450570757,0.008500770794187075,0.00564416675884627,44.536477623141685,-0.006556149985451398,-0.006918803110146697,0.00036265312469529846,44.97523013587936,0.010641618030565805,0.00920585096868554,0.028420350052241083,0,1,6,-1523.4739369923539,1.0,EURUSD=X
2018-06-27 00:00:00+01:00,1.164808750152588,1.1671879291534424,1.1583592891693115,1.1650259494781494,0.0035458973772095614,0.008433446845544779,0.006190798268696174,48.127737326571896,-0.005696662431828647,-0.006674374974483087,0.00097771254265444,57.60112692871885,0.010371197188530063,0.009093262931234903,0.028095643818344722,0,2,6,-1419.6742028127212,0.0,EURUSD=X
2018-06-28 00:00:00+01:00,1.156243085861206,1.1596999168395996,1.1528042554855347,1.1563634872436523,-0.004485290687215593,0.007793038275362462,0.0053241429623474,44.21405088968759,-0.005377081033755671,-0.006414916186337605,0.001037835152581934,41.5736962606787,0.01048151765694491,0.008902116895486867,0.026079124306271993,0,3,6,-1331.235044454869,1.0,EURUSD=X
2018-06-29 00:00:00+01:00,1.15644371509552,1.1682379245758057,1.15644371509552,1.1562966108322144,-0.0074354242825039885,0.008258843521203768,-0.001329840216357181,38.63097222808633,-0.005756442099171144,-0.006283221368904313,0.0005267792697331687,15.123630923564676,0.010605815966635611,0.00906420668982641,0.02784496404984441,0,4,6,-1415.1495240561662,0.0,EURUSD=X
2018-07-02 00:00:00+01:00,1.1678422689437866,1.1678422689437866,1.1592589616775513,1.1678558588027954,-5.7833382129168776e-05,0.008664445582394301,-0.00368861593959513,38.590457804833704,-0.005993396697783204,-0.006225256434680092,0.00023185973689688732,14.919429692533368,0.010696431778458304,0.009172227841265012,0.029214154365670864,0,0,7,-1375.9221025346721,0.0,EURUSD=X
2018-07-03 00:00:00+01:00,1.1640766859054565,1.1675423383712769,1.1622636318206787,1.1642121076583862,0.009996784442930728,0.008663503623725874,0.001471434452317899,48.62054712808574,-0.0051886388192958766,-0.006017932911603249,0.0008292940923073722,50.21457509036178,0.01075709080225216,0.009159034223130535,0.028921852808967904,0,1,7,-1263.9013413382077,0.0,EURUSD=X
2018-07-04 00:00:00+01:00,1.16593599319458,1.1681833267211914,1.1631423234939575,1.1659224033355713,-0.003120034991428211,0.008672698444204187,-0.005180718546990759,46.06633805806125,-0.004789670329786722,-0.0057722803952399435,0.000982610065453222,39.08870195720146,0.01038817195795677,0.009239803238164401,0.029043164074361787,0,2,7,-1220.0831891462403,0.0,EURUSD=X
2018-07-05 00:00:00+01:00,1.1661807298660278,1.1719757318496704,1.165080189704895,1.166235089302063,0.0014690584867949052,0.008583103140621499,0.0007694711502550522,47.46149005640623,-0.004286071199030683,-0.005475038555998092,0.0011889673569674087,70.28376778961346,0.010006231334333706,0.008909831330316144,0.028700963601895283,0,3,7,-1167.3273416720606,0.0,EURUSD=X
2018-07-06 00:00:00+01:00,1.169385552406311,1.1767336130142212,1.1680742502212524,1.1695905923843384,0.0002681876303234354,0.0081342354070189,0.008536763887228016,47.72771880202715,-0.00381772574941297,-0.005143575994681068,0.0013258502452680974,71.79815825178257,0.009784039249365255,0.008579943637540494,0.027192705961856557,0,4,7,-1128.804543638404,0.0,EURUSD=X
2018-07-09 00:00:00+01:00,1.1751710176467896,1.179078459739685,1.1742877960205078,1.1752262115478516,0.0028772098465015272,0.007567633106292913,0.01149703408933811,50.61950744092875,-0.0031396061256345753,-0.00474278202087177,0.0016031758952371944,71.79253010460113,0.009835073853850466,0.008365353922195477,0.025225977036507072,0,0,7,-975.0895761866727,1.0,EURUSD=X
2018-07-10 00:00:00+01:00,1.1757513284683228,1.1762906312942505,1.1691941022872925,1.1756960153579712,0.004818454594461397,0.007318901858184248,0.006311012347544054,55.111122392179816,-0.002122971773441007,-0.004218819971385617,0.0020958481979446103,86.0768819798704,0.009810273389671624,0.00836866448111042,0.024279863924276616,0,1,7,-835.170165793329,1.0,EURUSD=X
2018-07-11 00:00:00+01:00,1.1730343103408813,1.1755163669586182,1.1698368787765503,1.1727042198181152,0.00039975606866438085,0.00718239154584451,0.009864102618450499,55.4747136255661,-0.0012647927403059978,-0.0036280145251696935,0.0023632217848636957,87.77488625396387,0.00961643450519208,0.008344226110764382,0.023817480840887528,0,2,7,-729.5530273637881,1.0,EURUSD=X
2018-07-12 00:00:00+01:00,1.167569637298584,1.169700026512146,1.1650530099868774,1.1676785945892334,-0.0025447016071965534,0.007052756512386597,0.005816696259667076,52.5553279902143,-0.0008166784099430391,-0.0030657473021243626,0.0022490688921813235,75.73955100633383,0.009348056082065567,0.008200221626799956,0.023447265262132803,0,3,7,-605.88019536953,1.0,EURUSD=X
2018-07-13 00:00:00+01:00,1.16637122631073,1.1675423383712769,1.1614537239074707,1.1665889024734497,-0.0042855011041584845,0.006098053032731163,0.0012377481182068717,47.98694628275741,-0.0008571893840714218,-0.0026240357185137748,0.001766846334442353,56.61194896644344,0.00922685277843501,0.008005675641724023,0.020360557807322998,0,4,7,-464.9754135754816,1.0,EURUSD=X
2018-07-16 00:00:00+01:00,1.1678968667984009,1.1726078987121582,1.1676650047302246,1.1679104566574097,-0.0009332123761051081,0.005797564439116201,-0.0025664449854794213,47.03230483141833,-0.0009660872176640023,-0.0022924460183438205,0.0013263588006798182,52.46456507141431,0.009012425485815559,0.007909258144725925,0.019375349163371386,0,0,7,-283.31913441863514,1.0,EURUSD=X
2018-07-17 00:00:00+01:00,1.1710561513900757,1.1745359897613525,1.1664528846740723,1.170946478843689,0.001132836238333823,0.00566422456048364,-0.006224975939573829,48.373691828667745,-0.0009349733664287818,-0.002020951487960813,0.001085978121532031,57.49441933903196,0.008798609111022197,0.007716709302877,0.018908309827743885,0,1,7,-183.24589728459122,1.0,EURUSD=X
2018-07-18 00:00:00+01:00,1.1657729148864746,1.166534423828125,1.1603754758834839,1.1653246879577637,0.002599533353754291,0.0057446326674921505,-0.004039765766184145,51.41756758874517,-0.0006577516462829003,-0.0017483115196252304,0.0010905598733423302,69.04956352879258,0.008747501680754917,0.007514100148890523,0.01912700681308986,0,2,7,-66.49622876103716,1.0,EURUSD=X
2018-07-19 00:00:00+01:00,1.1646188497543335,1.1657049655914307,1.157594919204712,1.164564609527588,-0.004801065622979439,0.005491841215597685,-0.006292747766778017,46.00821080913651,-0.00088152134765207,-0.0015749534852305984,0.0006934321375785283,39.236019676206325,0.008877751772144215,0.007506493058243665,0.018373539136662228,0,3,7,-1.653386542963342,1.0,EURUSD=X
2018-07-20 00:00:00+01:00,1.1654739379882812,1.172236680984497,1.1628042459487915,1.1655147075653076,-0.0006522460547092601,0.005138538787130033,-0.0026668169443844203,45.314088894914995,-0.0011074266995918514,-0.001481448128102849,0.0003740214285109977,32.442000477202484,0.008822915673185253,0.007623236786961544,0.017202748694655136,0,4,7,102.6666574517064,1.0,EURUSD=X
2018-07-23 00:00:00+01:00,1.1741775274276733,1.1750881671905518,1.1688660383224487,1.1741912364959717,0.0008158396966100323,0.004940852038056709,-0.0009207998686294738,46.40261465605084,-0.0011960065284493115,-0.0014243598081721417,0.00022835327972283012,36.86444675030658,0.008866452770508132,0.007569973691379502,0.016527451224933102,0,0,7,143.8631515856245,1.0,EURUSD=X
2018-07-24 00:00:00+01:00,1.169864296913147,1.1716599464416504,1.1657185554504395,1.1694128513336182,0.007444375325635244,0.005188567990053728,0.005377792280871985,55.177164873880734,-0.0005596322172338741,-0.0012514142899844882,0.0006917820727506141,77.25131369404662,0.008916953260132133,0.007551114754498979,0.017227825782120097,0,1,7,158.31085431462725,1.0,EURUSD=X
2018-07-25 00:00:00+01:00,1.168770432472229,1.1713716983795166,1.1667522192001343,1.1685519218444824,-0.004069511859595587,0.005167016227558822,-0.0013097332267357764,50.2938373815834,-0.00043585250239819295,-0.0010883019324672292,0.0006524494300690362,55.00923886203854,0.008885219530517853,0.007625154153183017,0.017226369451600467,0,2,7,153.6058430500418,1.0,EURUSD=X
2018-07-26 00:00:00+01:00,1.1739845275878906,1.174315333366394,1.1650937795639038,1.1737502813339233,-0.0007362066255334199,0.005143175373206036,0.0027693860089539335,49.444758877363206,-0.0004025852491400528,-0.0009511585958017939,0.0005485733466617411,51.00184777240771,0.00858052379115103,0.007603615521416557,0.01715951912955631,0,3,7,153.59863821527364,1.0,EURUSD=X
2018-07-27 00:00:00+01:00,1.1644561290740967,1.1663167476654053,1.1623716354370117,1.1642934083938599,0.004448548149435849,0.004594925455920622,0.007887644645204972,54.4456389694987,4.275065213299456e-05,-0.0007523767462148363,0.0007951273983478308,75.19878812764611,0.008626311649103829,0.0073103486555927254,0.015262460562800074,0,4,7,218.41906942509607,1.0,EURUSD=X
2018-07-30 00:00:00+01:00,1.1663167476654053,1.1719207763671875,1.1649445295333862,1.16604483127594,-0.008056971819692449,0.0037570219954780604,-0.001047862513892217,45.60713136967424,-0.000363221063195196,-0.0006745456096109082,0.00031132454641571224,35.829013396586134,0.008822906952518672,0.007409053067648821,0.012580650366943055,0,0,7,206.80812419637041,1.0,EURUSD=X
2018-07-31 00:00:00+01:00,1.170864224433899,1.1748120784759521,1.1692761182785034,1.1707408428192139,0.0015042796510340573,0.003802738174048117,-0.006937886237630475,47.313007141645535,-0.0005374361536916172,-0.00064712371842705,0.00010968756473543281,47.149717965091526,0.008737511311147883,0.007566524644566402,0.012714607855701028,0,1,7,160.72248727135482,1.0,EURUSD=X
2018-08-01 00:00:00+01:00,1.168961763381958,1.169864296913147,1.166534423828125,1.168961763381958,0.004027299309011356,0.0036736143040857782,0.0011356053459488091,51.68805473405721,-0.0002931942222390571,-0.0005763378191894515,0.0002831435969503944,75.14855803303712,0.008739635303209621,0.007463232674199214,0.012233608605590179,0,2,8,129.4659696354643,1.0,EURUSD=X
2018-08-02 00:00:00+01:00,1.1663848161697388,1.1669973134994507,1.1604158878326416,1.1665889024734497,-0.0015196184947060543,0.003599790746880236,0.00035072599669239146,49.994299216907926,-0.00024041620572812228,-0.0005091534964971857,0.00026873729076906346,64.9784658997983,0.00841583413805814,0.007476408191423407,0.012006011212095933,0,3,8,97.1589262787675,1.0,EURUSD=X
2018-08-03 00:00:00+01:00,1.1585606336593628,1.1612001657485962,1.1562163829803467,1.1586008071899414,-0.0020298875316873133,0.00358531220566753,-0.00610127978187569,47.7469636812064,-0.00038561417175331236,-0.0004844456315484111,9.883145979509871e-05,51.414027149321264,0.008425122810290873,0.007214052971200517,0.011982044628225757,0,4,8,85.75381689153791,1.0,EURUSD=X
2018-08-06 00:00:00+01:00,1.156136155128479,1.1570056676864624,1.1530966758728027,1.1562297344207764,-0.0068473952277203765,0.004296239148693725,-0.0048893184165419434,41.05611877120737,-0.0011322057726312895,-0.0006139976597649868,-0.0005182081128663027,12.63486368345251,0.008564222573348884,0.0072718081655105005,0.01445694122723675,0,0,8,14.396546198133503,1.0,EURUSD=X
2018-08-07 00:00:00+01:00,1.155748724937439,1.1609008312225342,1.1552013158798218,1.1558021306991577,-0.0020464967350711794,0.004835303632262274,-0.008417426664825145,39.295891754071576,-0.0018933849882651899,-0.0008698751254650275,-0.0010235098628001624,14.246685241600625,0.008345644626476726,0.007407025021406501,0.016304271960962208,0,1,8,-125.13713733250968,1.0,EURUSD=X
2018-08-08 00:00:00+01:00,1.1603351831436157,1.1629259586334229,1.1574609279632568,1.1602946519851685,-0.00036982591684764365,0.0051434431303782014,-0.012760050366127818,38.97138932133675,-0.0025022842718880334,-0.0011963569547496287,-0.0013059273171384046,12.302279946660306,0.00815663539192213,0.0072206517056932155,0.01734971102214227,0,2,8,-249.79415233407502,1.0,EURUSD=X
2018-08-09 00:00:00+01:00,1.1610087156295776,1.1621150970458984,1.156176209449768,1.1610760688781738,0.0038869294031265156,0.005132051903432064,-0.007414366892304902,44.18627911458223,-0.0025924482886983125,-0.0014755752215393656,-0.0011168730671589468,32.730732119819166,0.008082863430660918,0.007029796593448742,0.017244259252270407,0,3,8,-301.52431226487124,1.0,EURUSD=X
2018-08-10 00:00:00+01:00,1.1528706550598145,1.1539349555969238,1.1396141052246094,1.1523923873901367,0.0006734641857293333,0.005236431190099995,-0.004725600923844997,45.06557206934766,-0.0025712107914444005,-0.0016947023355203727,-0.0008765084559240277,36.28400134433374,0.007929722299623021,0.006961527885481734,0.017583143526491353,0,4,8,-355.95903417041234,1.0,EURUSD=X
2018-08-13 00:00:00+01:00,1.1395881175994873,1.143379807472229,1.1365960836410522,1.1394712924957275,-0.007478994461084021,0.006022683706039656,-0.005358549520487976,37.916819143199746,-0.0032179855115423983,-0.001999358970724778,-0.0012186265408176203,36.304028286741946,0.008896310967761695,0.006881095698299205,0.020375649866811365,0,0,8,-412.26079540929277,1.0,EURUSD=X
2018-08-14 00:00:00+01:00,1.139847993850708,1.1431001424789429,1.134751796722412,1.1402509212493896,-0.011212409102833498,0.00825698625561928,-0.014494041647738931,30.232017768220615,-0.004718788255201334,-0.0025432448276200893,-0.0021755434275812446,7.5235745323305645,0.009389167594999036,0.007807402456165916,0.028251399564500186,0,1,8,-600.6596657365407,0.0,EURUSD=X
2018-08-15 00:00:00+01:00,1.1348161697387695,1.1349449157714844,1.1302244663238525,1.1345715522766113,0.0006842021899073902,0.009574609209189336,-0.013454906369103958,31.13889387519214,-0.005778662888770825,-0.0031903284398502366,-0.002588334448920588,13.727123939889898,0.009314823177965588,0.008234299503754127,0.03273726691371718,0,2,8,-800.2048146490166,0.0,EURUSD=X
2018-08-16 00:00:00+01:00,1.134429931640625,1.140836238861084,1.1338382959365845,1.134429931640625,-0.00498080630055997,0.011337170420731218,-0.022169454685106893,28.257380640294784,-0.006996250364310175,-0.003951512824742225,-0.00304473753956795,9.74953746778316,0.00936565401707784,0.00820999183284177,0.03895781392409818,0,3,8,-1028.975756144102,0.0,EURUSD=X
2018-08-17 00:00:00+01:00,1.137229561805725,1.1422044038772583,1.1367381811141968,1.1371389627456665,-0.00012482300979799188,0.012698429215246424,-0.022949518943486846,28.187334761252075,-0.007881768689448787,-0.0047375639976835375,-0.0031442046917652495,9.431914188242592,0.009196531796179389,0.008255824142027995,0.04364094233096449,0,4,8,-1258.8083076640487,0.0,EURUSD=X
2018-08-20 00:00:00+01:00,1.1437852382659912,1.1449376344680786,1.1395231485366821,1.1437721252441406,0.002388010955532316,0.013499077897618126,-0.013236311530150924,31.676281329242997,-0.008269625081797072,-0.005443976214506245,-0.002825648867290827,15.507662527939084,0.009094956113354669,0.008087430030516238,0.04628202547732672,0,0,8,-1440.7940805027858,0.0,EURUSD=X
2018-08-21 00:00:00+01:00,1.1489102840423584,1.1539082527160645,1.1486594676971436,1.149134635925293,0.005833203078767113,0.013247380260381405,0.0037744107962502937,39.43525842796041,-0.007950119263025801,-0.005945204824210157,-0.0020049144388156444,34.17688400501619,0.009002364371144485,0.007951720375606576,0.04515566978968248,0,1,8,-1569.9016479165252,0.0,EURUSD=X
2018-08-22 00:00:00+01:00,1.15763521194458,1.162520408630371,1.1554415225982666,1.1576753854751587,0.004688443233400008,0.012948996624498856,0.0077910173193891374,44.88453290300446,-0.00718141591178223,-0.006192447041724572,-0.0009889688700576577,51.424273761398894,0.009083347449771581,0.00783403797057749,0.043932609156450766,0,2,8,-1654.1559856661443,0.0,EURUSD=X
2018-08-23 00:00:00+01:00,1.1586277484893799,1.1589634418487549,1.154521107673645,1.1584800481796265,0.0074323314978568256,0.012577596800924394,0.020363487126208613,52.25300376120632,-0.005816002599430936,-0.0061171581532658455,0.00030115555383490936,83.94393409157189,0.009390663539436335,0.007846195543013463,0.042357728568348414,0,3,8,-1713.6307434976634,0.0,EURUSD=X
2018-08-24 00:00:00+01:00,1.1542812585830688,1.1636972427368164,1.1539349555969238,1.154334545135498,0.0006950676455279581,0.011790261919685706,0.021200178052618757,52.892004081491166,-0.004615765485415313,-0.00581687961969574,0.0012011141342804267,86.40456401283173,0.009037211441984442,0.008106020948908287,0.039678631801448476,0,4,8,-1776.0554243415636,0.0,EURUSD=X
2018-08-27 00:00:00+01:00,1.164442539215088,1.1680878400802612,1.1597161293029785,1.164890170097351,-0.0035783983078884196,0.011531104401656408,0.01512179509557221,49.236163300182916,-0.003953502855613689,-0.00544420426687933,0.001490701411265641,72.02891840877524,0.009089002563263596,0.007828936143398219,0.03894583373428318,0,0,8,-1761.6181287268198,0.0,EURUSD=X
2018-08-28 00:00:00+01:00,1.1683471202850342,1.1732999086380005,1.1663440465927124,1.1683608293533325,0.009144337754020793,0.011466644264714528,0.018463507185666694,57.32462593155034,-0.0025475378027652873,-0.0048648709740565215,0.002317333171291234,91.55471458121472,0.00942216630479928,0.007802454511659257,0.03837718828511213,0,1,8,-1556.555395401051,0.0,EURUSD=X
2018-08-29 00:00:00+01:00,1.1693034172058105,1.1706311702728271,1.1654006242752075,1.1691256761550903,0.0029793875380470514,0.011286415247359004,0.0167310190007095,59.60373677676253,-0.001140104754583593,-0.004119917730161936,0.002979812975578343,88.53388608607334,0.009349850035931433,0.008064431867348964,0.037661778978677805,0,2,8,-1334.6191500097864,0.0,EURUSD=X
2018-08-30 00:00:00+01:00,1.1709327697753906,1.1717559099197388,1.1644154787063599,1.1709738969802856,0.0006546323554694755,0.011298574992961496,0.009890761109369262,60.1093361603529,3.659102238962042e-05,-0.003288615979651625,0.0033252070020412454,90.30948434036358,0.009055614033194877,0.007997301082874454,0.03767768994962643,0,3,8,-1102.2450987156037,0.0,EURUSD=X
2018-08-31 00:00:00+01:00,1.1665889024734497,1.1689343452453613,1.1596487760543823,1.1664663553237915,0.0015808572704292256,0.01161167795245099,0.010784690526428387,61.36762638496684,0.001105523095562111,-0.0024097881646088777,0.0035153112601709886,94.60014446107992,0.008933100974636593,0.007733403841492579,0.038660686559300134,0,4,8,-865.7018576958111,0.0,EURUSD=X
2018-09-03 00:00:00+01:00,1.1598505973815918,1.1627906560897827,1.1590977907180786,1.1601063013076782,-0.003849395505841957,0.01192776540937911,0.010509786993223358,56.67244792630773,0.0015708309626798478,-0.0016136643391511326,0.00318449530183098,84.13584876419358,0.009103959542584217,0.0076582585805973925,0.03986655111233716,0,0,9,-645.7302611090374,0.0,EURUSD=X
2018-09-04 00:00:00+01:00,1.16130530834198,1.1615750789642334,1.153322696685791,1.161548137664795,-0.005452411025046566,0.012001561633723564,-0.0041067122999870476,50.77007894486553,0.0014101324645474644,-0.0010089049784114132,0.0024190374429588777,69.37093011349327,0.008980002761379122,0.007847521845474147,0.04033311531144889,0,1,9,-425.651519224842,0.0,EURUSD=X
2018-09-05 00:00:00+01:00,1.1588022708892822,1.1632641553878784,1.1546810865402222,1.1586545705795288,0.0012428484833599818,0.01211677285564578,-0.0058309826188783775,51.990806219332164,0.0013831774820820542,-0.0005304884863127198,0.0019136659683947738,70.21973971990285,0.008928029869740783,0.007731063801998548,0.04066975420723352,0,2,9,-230.9292044204319,0.0,EURUSD=X
2018-09-06 00:00:00+01:00,1.1634942293167114,1.165623426437378,1.1607661247253418,1.1635212898254395,-0.002491129718552476,0.012079021454682233,-0.008956355838491081,49.3462897285054,0.0011154703353761786,-0.0002012967219749401,0.0013167670573511186,59.943528245658655,0.008903389796734745,0.00770551473790434,0.04064429243875057,0,3,9,-93.26140449893936,0.0,EURUSD=X
2018-09-07 00:00:00+01:00,1.1623852252960205,1.1650937795639038,1.1563901901245117,1.1620069742202759,0.004200319378601769,0.012164962337833811,-0.00636445199509994,53.61939469013577,0.001281244672127979,9.521155684564373e-05,0.0011860331152823353,71.04926942895462,0.008765208801100058,0.007652107335372008,0.040762257521562484,0,4,9,73.34823804853356,0.0,EURUSD=X
2018-09-10 00:00:00+01:00,1.1558955907821655,1.161440134048462,1.1527643203735352,1.1561094522476196,-0.0013014936799229382,0.012276529350062331,-0.0038229830489004968,52.145343322910456,0.0012757236663547555,0.0003313139787474661,0.0009444096876072895,54.16910580118917,0.008760807418120917,0.007543163677637688,0.041189703503582066,0,0,9,248.85499918238403,0.0,EURUSD=X
2018-09-11 00:00:00+01:00,1.1593396663665771,1.1642799377441406,1.1566845178604126,1.159595012664795,-0.005075289652726522,0.011738963069001056,-0.003445243815634269,46.7545526287548,0.0007864023373307383,0.0004223316504641206,0.0003640706868666177,16.28943778480829,0.00879522502016519,0.007577835646174179,0.03958699883732274,0,1,9,321.02769029018805,0.0,EURUSD=X
2018-09-12 00:00:00+01:00,1.159595012664795,1.1648223400115967,1.1570860147476196,1.1596084833145142,0.003014905215417807,0.011193948353893653,-0.0016814843368666565,50.04179336059225,0.0006721194793535279,0.00047228921624200204,0.00019983026311152586,33.26270571503207,0.008750600768476318,0.007584738571747921,0.03763559219216955,0,2,9,377.19769766851164,0.0,EURUSD=X
2018-09-13 00:00:00+01:00,1.1626555919647217,1.1700832843780518,1.16096830368042,1.1629259586334229,1.1616684766790897e-05,0.009936656292758337,0.0008232934639944567,50.05462685432724,0.0005759967281597778,0.0004930307186255572,8.29660095342206e-05,33.328302324906396,0.008678152518154942,0.007546168292477851,0.03340801546526769,0,3,9,405.33823786723724,0.0,EURUSD=X
2018-09-14 00:00:00+01:00,1.1690436601638794,1.1721267700195312,1.1655691862106323,1.1691803932189941,0.002860858097059049,0.008321536248176569,-0.0005116633423234429,53.240385192677316,0.0007587647208622261,0.000546177519072891,0.0002125872017893351,49.48306388413201,0.008806484557110845,0.007462343112843409,0.027898010820624097,0,4,9,433.59320767910816,0.0,EURUSD=X
2018-09-17 00:00:00+01:00,1.162358283996582,1.1695905923843384,1.162358283996582,1.1628988981246948,0.005378188128950967,0.006789789523811037,0.006173301157277322,58.60163226247032,0.0013922413804225986,0.0007153902913428326,0.000676851089079766,79.93962789887674,0.008834650759182099,0.00753218631460692,0.02264105095054527,0,0,9,527.9529661217995,0.0,EURUSD=X
2018-09-18 00:00:00+01:00,1.1669156551361084,1.1720443964004517,1.1669156551361084,1.1669156551361084,-0.005372562806159498,0.005482936958106236,0.0058726670419273486,52.13624822904588,0.0013716010761974928,0.0008466324483137646,0.0005249686278837282,52.34140274836231,0.008720197732651688,0.007597092725282452,0.018382013783792946,0,1,9,538.8286861576064,1.0,EURUSD=X
2018-09-19 00:00:00+01:00,1.167883276939392,1.1716461181640625,1.165338158607483,1.167992353439331,0.0034540896185308867,0.004712001215172734,0.006313102756875688,55.516006221690986,0.0016602241769181347,0.0010093507940346386,0.0006508733828834961,73.08648968132788,0.008750576342873484,0.007472860351363244,0.015743008192454614,0,2,9,555.8534873611292,1.0,EURUSD=X
2018-09-20 00:00:00+01:00,1.1674060821533203,1.1776995658874512,1.1672834157943726,1.167460560798645,0.0009226873411831704,0.004701276963661696,0.007229914445652685,56.40463893465754,0.001953323916179528,0.0011981454184636165,0.0007551784977159115,78.64724424961828,0.008576103715281063,0.007491980848253058,0.015692698531070894,0,3,9,558.6443099345938,1.0,EURUSD=X
2018-09-21 00:00:00+01:00,1.1776067018508911,1.180163860321045,1.1735711097717285,1.1775927543640137,-0.0004553048991460251,0.004656935708536718,0.003899304277763971,55.81160976997656,0.0021182781574700105,0.0013821719662648953,0.0007361061912051152,58.93762071405351,0.00870753559940946,0.007345947266444923,0.015551769764985802,0,4,9,517.3146797065651,1.0,EURUSD=X
2018-09-24 00:00:00+01:00,1.1751019954681396,1.1815024614334106,1.172525405883789,1.1751019954681396,0.008678831564500333,0.0050958400711594905,0.007195092556982141,63.652741153226756,0.0030316420422429324,0.0017120659814605027,0.0013195760607824297,90.61624406118933,0.00899294730819449,0.007394352221632144,0.016871063448229997,0,0,9,590.9733828303855,1.0,EURUSD=X
2018-09-25 00:00:00+01:00,1.1753228902816772,1.1792453527450562,1.1732544898986816,1.175295352935791,-0.002115127565657682,0.005593044205225989,0.010493687252712824,60.79670633500254,0.0035139988828671864,0.0020724525617418395,0.001441546321125347,77.72832295611703,0.00899181218258214,0.007652907869169144,0.018556432323322245,0,1,9,717.0856483672984,1.0,EURUSD=X
2018-09-26 00:00:00+01:00,1.1766090393066406,1.1776995658874512,1.1728966236114502,1.1763184070587158,0.0001645452636427347,0.005992951202049877,0.007181065540426967,60.9432128186713,0.0038672927425094095,0.0024314205978953536,0.001435872144614056,78.40114819992284,0.00877745865856731,0.007650683005017704,0.019879960467451045,0,2,9,810.395646107369,1.0,EURUSD=X
2018-09-27 00:00:00+01:00,1.1747153997421265,1.1759172677993774,1.1664528846740723,1.1748534440994263,0.0008704655560571872,0.0064133251073180955,0.0071285172328974244,61.757546467357756,0.004181629368929629,0.0027814623521022087,0.0014001670168274204,81.96106573527521,0.008493564631241143,0.0074618050741164545,0.021255932241587127,0,3,9,933.0581907839008,1.0,EURUSD=X
2018-09-28 00:00:00+01:00,1.1636837720870972,1.1653001308441162,1.1570591926574707,1.1637378931045532,-0.0012453796102303016,0.006626380616188881,0.006332448006401092,59.83372561359428,0.004263387465595514,0.00307784737480087,0.001185540090794644,76.86343970498562,0.00859156161362703,0.007229467363694722,0.021989455600882953,0,4,9,1014.8343338945804,0.0,EURUSD=X
2018-10-01 00:00:00+01:00,1.160496711730957,1.1621285676956177,1.156510591506958,1.1605371236801147,-0.009461223483405279,0.00664882201470594,-0.011765409737887755,47.693587662065525,0.003392146721619138,0.0031407072441645236,0.0002514394774546145,28.420466117163333,0.009248896601364782,0.007382729104667164,0.022274672397130636,0,0,10,961.1740189805712,1.0,EURUSD=X
2018-10-02 00:00:00+01:00,1.157755732536316,1.1582117080688477,1.1506686210632324,1.157755732536316,-0.0027504212446839427,0.006629148386230825,-0.012394559658817084,44.870364236496265,0.0024155617205812163,0.0029956781394478624,-0.0005801164188666461,16.11136815694954,0.009104496958238383,0.00796949654831904,0.02227001435229356,0,1,10,980.5693766119148,1.0,EURUSD=X
2018-10-03 00:00:00+01:00,1.155041217803955,1.159326195716858,1.1516358852386475,1.1551746129989624,-0.0023966412508881207,0.006817545825318363,-0.014923585255112726,42.515196681267895,0.0014010258966665745,0.002676747690891605,-0.0012757217942250304,22.984848426269945,0.009159068790998664,0.007863918702689557,0.02295794016933685,0,2,10,956.5787144080124,1.0,EURUSD=X
2018-10-04 00:00:00+01:00,1.147736668586731,1.153599500656128,1.1464602947235107,1.147631287574768,-0.0022294163309379833,0.007052634991544916,-0.01797455003073678,40.396185229098094,0.00038429426644115416,0.0022182570060015148,-0.0018339627395603606,14.613787584137821,0.009054157482942363,0.007928731022940937,0.02380266397064723,0,3,10,911.6677304465034,0.0,EURUSD=X
2018-10-05 00:00:00+01:00,1.1517553329467773,1.1542545557022095,1.1487782001495361,1.1518083810806274,-0.0065300304727187175,0.008127555077299549,-0.02317068282974233,34.91864143104944,-0.0010184165234596865,0.0015709223001092747,-0.0025893388235689613,3.3416679423721316,0.009029883253835885,0.007889430674268269,0.027610821950298483,0,4,10,790.1682566768931,0.0,EURUSD=X
2018-10-08 00:00:00+01:00,1.1523923873901367,1.1531364917755127,1.146092414855957,1.1522595882415771,0.0036397522018474238,0.008625580977994644,-0.010251029973855075,39.7875107940096,-0.0017725851358949551,0.0009022208129084287,-0.0026748059488033837,15.261859808474085,0.008857982173379136,0.0078397443551887,0.029196441101820743,0,0,10,589.1040364758849,0.0,EURUSD=X
2018-10-09 00:00:00+01:00,1.1494648456573486,1.150483250617981,1.1433275938034058,1.1494120359420776,0.00039173804285597136,0.00886066923909159,-0.007132503794699097,40.30700576239215,-0.0023072638463494943,0.00026032388105684415,-0.0025675877274063384,17.41645092764972,0.008728417512391746,0.007687488360931751,0.02998043903026954,0,1,10,428.5028018015385,0.0,EURUSD=X
2018-10-10 00:00:00+01:00,1.1504037380218506,1.1541999578475952,1.1480661630630493,1.1506949663162231,-0.002471276723194915,0.009416298076753218,-0.007206784954508105,38.07441845285563,-0.0029270332320350256,-0.0003771475415615299,-0.0025498856904734957,15.93834508515648,0.008742958721376006,0.007593810782777985,0.03193936307385558,0,2,10,226.2300672319522,0.0,EURUSD=X
2018-10-11 00:00:00+01:00,1.1532163619995117,1.1597565412521362,1.1532163619995117,1.1533360481262207,0.0011161622934408033,0.009823429049370162,-0.003877895715791002,39.69509596682696,-0.0032769090088420327,-0.0009570998350176304,-0.0023198091738244023,19.299012597038416,0.008556589868745284,0.007597981200322161,0.033283170782106485,0,3,10,28.681315703030783,0.0,EURUSD=X
2018-10-12 00:00:00+01:00,1.1590440273284912,1.1609547138214111,1.1536953449249268,1.1590440273284912,0.002295205842824277,0.01007237878638656,0.004970900160371494,43.00220143218338,-0.0033029999259550635,-0.0014262798532051171,-0.0018767200727499464,26.21739103280726,0.008592660230685842,0.007418991093399739,0.03404849948232343,0,4,10,-133.07469777068283,0.0,EURUSD=X
2018-10-15 00:00:00+01:00,1.1550945043563843,1.1605640649795532,1.1543611288070679,1.1551345586776733,0.004949103265734278,0.009988996566735329,0.006281987843390402,49.453823716434755,-0.0028304631306237393,-0.0017071165086888418,-0.0011233466219348976,43.75672087620312,0.00852308919243617,0.007413575350102337,0.03360034405988215,0,0,10,-261.20934770513725,0.0,EURUSD=X
2018-10-16 00:00:00+01:00,1.1583324670791626,1.1620069742202759,1.156711220741272,1.1583458185195923,-0.003373011342656995,0.010114223252536402,0.00249507182707287,45.643111679238906,-0.002739852449667124,-0.0019136636968844984,-0.0008261887527826256,34.350559942843866,0.008357363976725398,0.007378438406511598,0.03413671706361457,0,1,10,-421.4352388806535,0.0,EURUSD=X
2018-10-17 00:00:00+01:00,1.15763521194458,1.1582117080688477,1.1521799564361572,1.1575279235839844,0.0027799876800456147,0.010072120696589533,0.00777248044926937,49.11180346588603,-0.002381468909395279,-0.0020072247393866545,-0.0003742441700086245,46.08277062864417,0.00825129623143091,0.007214912717003986,0.03390037326546166,0,2,10,-540.2928416562746,0.0,EURUSD=X
2018-10-18 00:00:00+01:00,1.1500862836837769,1.1527377367019653,1.1482902765274048,1.1500862836837769,-0.0007060887366547863,0.009987147869636582,0.0059381134599345575,48.2669761060949,-0.0021387900176137453,-0.002033537795032073,-0.0001052522225816724,64.62762927316228,0.008102336649431207,0.007128377694667542,0.03363812635297773,0,3,10,-670.1636003068746,0.0,EURUSD=X
2018-10-19 00:00:00+01:00,1.145514726638794,1.151450276374817,1.1433666944503784,1.1460003852844238,-0.006428907457512012,0.010145515207231065,-0.002817708201979463,41.30489024200943,-0.0025179183990822196,-0.0021304139158421025,-0.0003875044832401171,35.948615848941756,0.008183430249941805,0.007044981549974726,0.03439263702207677,0,4,10,-796.3874795223621,0.0,EURUSD=X
2018-10-22 00:00:00+01:00,1.1511188745498657,1.1551998853683472,1.1462368965148926,1.1509466171264648,-0.0035526885741700154,0.009726484679826496,-0.011253793416400204,38.05888690436167,-0.003112202691074817,-0.0023267716708886455,-0.0007854310201861714,14.308780170268166,0.008176298226691569,0.007140861691691992,0.03308970820238444,0,0,10,-933.5643891901871,0.0,EURUSD=X
2018-10-23 00:00:00+01:00,1.1464734077453613,1.1489763259887695,1.1439945697784424,1.1467890739440918,0.004316082180734426,0.009031738631653336,-0.003625501046391144,43.81512197408404,-0.003147772143942129,-0.002490971765499342,-0.000656800378442787,40.78841563812271,0.008249384073636696,0.007103976939525741,0.030594120599120436,0,1,10,-1016.1684635538604,0.0,EURUSD=X
2018-10-24 00:00:00+01:00,1.1472625732421875,1.1475785970687866,1.138407588005066,1.147315263748169,-0.0036122815085490867,0.008257712572599328,-0.009976938139484526,40.41532795136021,-0.0034714237680710802,-0.00268706216601369,-0.0007843616020573904,18.531022247182406,0.00815671716466425,0.007193462390834454,0.0280735936650867,0,2,10,-1081.2469710606404,0.0,EURUSD=X
2018-10-25 00:00:00+01:00,1.1398738622665405,1.143079161643982,1.1366219520568848,1.1399258375167847,0.00045883747589914314,0.006915188358813342,-0.008822819413457084,41.03889696174373,-0.003643461338011411,-0.0028783420004132344,-0.0007651193375981767,37.74537041714234,0.008229166586025426,0.007109394795304158,0.023498656705316655,0,3,10,-1119.806495279012,0.0,EURUSD=X
2018-10-26 00:00:00+01:00,1.1375141143798828,1.139847993850708,1.133619785308838,1.1377859115600586,-0.006440624007078677,0.005804280581178118,-0.008834507733148311,35.4311524179779,-0.004326197579778368,-0.0031679131162862615,-0.0011582844634921066,13.015097795205335,0.008405176950686766,0.007219036813791192,0.019851512188740497,0,4,10,-1194.5676227689523,1.0,EURUSD=X
2018-10-29 00:00:00+00:00,1.1398738622665405,1.1415785551071167,1.1364411115646362,1.1398738622665405,-0.001877250156367749,0.006094134542258915,-0.007167950229202136,33.98295939512967,-0.004982509838909799,-0.003530832460810969,-0.0014516773780988298,14.67607893200744,0.00825523946906248,0.007387309743677639,0.020882057156623234,0,0,10,-1308.3825610968222,0.0,EURUSD=X
2018-10-30 00:00:00+00:00,1.1375141143798828,1.1387057304382324,1.1347389221191406,1.137617588043213,0.0018350998067984126,0.006209660966179422,-0.00962056336511019,36.70152968011993,-0.005273373691115024,-0.00387934070687178,-0.001394032984243244,22.03133595656136,0.008032539760020909,0.007242239463801417,0.021238942445084594,0,1,10,-1361.7223381675155,0.0,EURUSD=X
2018-10-31 00:00:00+00:00,1.1345844268798828,1.1360150575637817,1.1311705112457275,1.1346358060836792,-0.0019794069309048146,0.006566760111755707,-0.00799753512591106,35.02312850444193,-0.005621150736257796,-0.004227702712748984,-0.0013934480235088123,14.083123013156735,0.00782556835911941,0.007060843507032514,0.022504877207839464,0,2,10,-1425.6605984446046,0.0,EURUSD=X
2018-11-01 00:00:00+00:00,1.1313880681991577,1.1413179636001587,1.1313753128051758,1.1316697597503662,-0.0026210758262471545,0.00718264797626726,-0.011051415478485982,32.882945057660166,-0.006067429879665909,-0.004595648146132369,-0.0014717817335335396,11.23765342611385,0.007727104676145548,0.006896986960186126,0.024680269140271684,0,3,11,-1504.0184338444715,0.0,EURUSD=X
2018-11-02 00:00:00+00:00,1.1402769088745117,1.1455409526824951,1.1375658512115479,1.1403288841247559,-0.002614095481043077,0.008091160763587214,-0.007242644648184693,30.86264473062272,-0.006584541965851898,-0.004993426910076275,-0.0015911150557756226,1.6190200057987822,0.007885357970348216,0.006828056161764066,0.027874874023626397,0,4,11,-1556.243671628078,0.0,EURUSD=X
2018-11-05 00:00:00+00:00,1.1397050619125366,1.1406410932540894,1.135524868965149,1.1397570371627808,0.007651635381950683,0.008176942382177593,0.0022350185029189618,42.055441441417635,-0.006223892887090798,-0.00523952010547918,-0.0009843727816116182,29.699816371895235,0.008312917610475408,0.006914985737996557,0.027956487598613907,0,0,11,-1574.7923157004254,0.0,EURUSD=X
2018-11-06 00:00:00+00:00,1.140862226486206,1.1438113451004028,1.1393284797668457,1.141291856765747,-0.0005014754689950385,0.008226335683047524,-0.00010248950136237944,41.5767377377619,-0.005916022934747911,-0.0053748206713329265,-0.0005412022634149844,31.75349809114875,0.008084582373222909,0.007293587439625654,0.0281394716591957,0,1,11,-1633.1355833647701,0.0,EURUSD=X
2018-11-07 00:00:00+00:00,1.144099235534668,1.149993658065796,1.1400558948516846,1.1438506841659546,0.001346619983840558,0.00826554079953648,0.0032297924725779303,43.43768460404286,-0.005484959466040218,-0.005396848430274385,-8.81110357658331e-05,42.12072053300789,0.00782731687038964,0.007083711607417777,0.02823555634577559,0,2,11,-1664.377874346258,0.0,EURUSD=X
2018-11-08 00:00:00+00:00,1.1433275938034058,1.144426703453064,1.1405109167099,1.1434059143066406,0.002242044736443516,0.008198213847784463,0.008121441287915587,46.49746906652677,-0.004880602033092929,-0.005293599150838094,0.0004129971177451652,52.76946813313291,0.007978063037798331,0.006842953349367425,0.027942914394420197,0,3,11,-1689.3714162393003,0.0,EURUSD=X
2018-11-09 00:00:00+00:00,1.1368545293807983,1.1369191408157349,1.132502794265747,1.1368415355682373,-0.00038883559320357364,0.008001016593737484,0.010370653147843578,46.031350489415075,-0.004386963440123903,-0.0051122720086952565,0.0007253085685713532,50.918525794625275,0.0076879004453244545,0.0069774547586070644,0.027281392307946045,0,4,11,-1650.1092734843944,0.0,EURUSD=X
2018-11-12 00:00:00+00:00,1.1324771642684937,1.1332728862762451,1.1241639852523804,1.132502794265747,-0.005741074675465474,0.0074831289911214335,-0.0030581954075425966,39.704974692045866,-0.004473869815760034,-0.004984591570108212,0.0005107217543481781,30.127929069031033,0.007917558987865104,0.006762508410182027,0.025662862254828514,0,0,11,-1639.6985071963145,0.0,EURUSD=X
2018-11-13 00:00:00+00:00,1.1224100589752197,1.1291906833648682,1.1223218441009521,1.1233429908752441,-0.003816487317488404,0.007414697615476747,-0.006364727446730112,36.166897275265306,-0.004837085002388664,-0.004955090256564303,0.00011800525417563976,32.28383523710627,0.008257558368435948,0.006991204814641024,0.02552559981411886,0,1,11,-1701.3761666725636,0.0,EURUSD=X
2018-11-14 00:00:00+00:00,1.1316057443618774,1.1339668035507202,1.126481294631958,1.1311193704605103,-0.00808810665799875,0.007684454504263474,-0.015726797474370335,30.074037022418352,-0.00579722839625596,-0.0051235178845026345,-0.0006737105117533256,3.690205403915081,0.008394943496747303,0.007350878970635794,0.02666996574100333,0,2,11,-1804.6820169980124,0.0,EURUSD=X
2018-11-15 00:00:00+00:00,1.1313625574111938,1.1351124048233032,1.1274974346160889,1.131183385848999,0.006922533588078261,0.006941487491227965,-0.011130223447588738,39.406792549889964,-0.00586307424053234,-0.005271429155708576,-0.0005916450848237644,31.79237317342156,0.008554148438085073,0.007421801549848349,0.023925768682227535,0,3,11,-1830.6899819233465,0.0,EURUSD=X
2018-11-16 00:00:00+00:00,1.13252854347229,1.141422152519226,1.1322592496871948,1.1324899196624756,5.6594723917280376e-05,0.00674477646632089,-0.01068957953138916,39.478402510337425,-0.005842740563427373,-0.005385691437252336,-0.0004570491261750376,32.02371105596912,0.008487064278737164,0.007562123476260957,0.023246433758252732,0,4,11,-1785.9351923558602,0.0,EURUSD=X
2018-11-19 00:00:00+00:00,1.1412137746810913,1.1462894678115845,1.1394453048706055,1.141396164894104,0.001155015031003126,0.006662710295733119,-0.0038278122056708552,41.010702049902974,-0.005656000762188418,-0.005439753302239552,-0.0002162474599488656,36.74524400330852,0.008612185878129298,0.007494163198615161,0.022937093179922378,0,0,11,-1743.465501698786,0.0,EURUSD=X
2018-11-20 00:00:00+00:00,1.1454753875732422,1.1472758054733276,1.1387057304382324,1.1455016136169434,0.00786430419997286,0.006005939276514978,0.00785284652133944,50.25621110899308,-0.004734769095877667,-0.005298756460967175,0.0005639873650895083,68.93050385993935,0.00898271175462784,0.007545308231282095,0.020514754395037874,0,1,11,-1667.6939732527758,1.0,EURUSD=X
2018-11-21 00:00:00+00:00,1.137268304824829,1.1422044038772583,1.1366348266601562,1.1372424364089966,0.0035968657063256693,0.00590901643650151,0.01972560733604123,53.847140619167,-0.0036315487287594816,-0.004965314914525637,0.0013337661857661552,83.76671491590847,0.008953237703232654,0.007841727718099633,0.020111352896246923,0,2,11,-1540.1994956828182,1.0,EURUSD=X
2018-11-22 00:00:00+00:00,1.1388872861862183,1.1434059143066406,1.1386280059814453,1.1388354301452637,-0.007210096528688648,0.0054479181287775,0.005413280073166327,46.564573680547156,-0.003384668859671036,-0.004649185703554717,0.001264516843883681,53.91982009925558,0.008947062649915115,0.007872760826182115,0.0186766641513029,0,3,11,-1478.2434945381879,1.0,EURUSD=X
2018-11-23 00:00:00+00:00,1.1402637958526611,1.1419435739517212,1.1332343816757202,1.1403158903121948,0.001400751225303587,0.0054234264436308355,0.006764636390518941,48.02466854510999,-0.0030255963125103147,-0.004324467825345837,0.0012988715128355224,59.67655776123518,0.008748235167610039,0.007856326219824296,0.018566693936989807,0,4,11,-1389.8279543282883,1.0,EURUSD=X
2018-11-26 00:00:00+00:00,1.1338896751403809,1.1383557319641113,1.132733702659607,1.1337354183197021,0.001299977264267449,0.00547119111180436,0.006910410868868233,49.40823172536237,-0.002591692550705682,-0.003977912770417806,0.001386220219712124,65.02662324234905,0.008745446389637963,0.007671764676729142,0.018705895459653524,0,0,11,-1264.5465827507273,1.0,EURUSD=X
2018-11-27 00:00:00+00:00,1.1334270238876343,1.1344943046569824,1.1279425621032715,1.1333370208740234,-0.005770744798348049,0.005483108959450001,-0.006711733235158168,43.824053451903964,-0.0027471424398533006,-0.003731758704304905,0.0009846162644516045,41.246208988144474,0.008662356479848672,0.007713833623191821,0.018855452351359103,0,1,11,-1162.078989658664,1.0,EURUSD=X
2018-11-28 00:00:00+00:00,1.129713773727417,1.130799651145935,1.1267732381820679,1.1298797130584717,-0.00035140248707166144,0.0055350008936690415,-0.010619446186993953,43.50347956586717,-0.0028694081898108514,-0.0035592886014060945,0.000689880411595243,44.14199656999269,0.008511598342267406,0.007643230848638748,0.019040590544662898,0,2,11,-1014.7409343867904,1.0,EURUSD=X
2018-11-29 00:00:00+00:00,1.1366606950759888,1.1401468515396118,1.1349579095840454,1.1368545293807983,-0.0030505557939733974,0.005724529295125105,-0.006474189772388117,40.71975093532027,-0.003208297270478999,-0.0034890903352206757,0.00028079306474167653,30.2872511692121,0.008372468652959418,0.007533189811176765,0.01975283178043249,0,3,11,-943.156178309161,1.0,EURUSD=X
2018-11-30 00:00:00+00:00,1.1392766237258911,1.1401208639144897,1.1314777135849,1.1392766237258911,0.0061730609388910285,0.005615333262657108,-0.0017394091473011963,47.9551146590457,-0.002880851262150541,-0.003367442520606649,0.00048659125845610784,58.237989002957065,0.008507802212115185,0.007364591015456995,0.01925716864355334,0,4,11,-830.0817923729694,1.0,EURUSD=X
2018-12-03 00:00:00+00:00,1.1341854333877563,1.1380059719085693,1.132169485092163,1.1342240571975708,0.0021305226680250478,0.005583996666163412,-0.0009113848146229397,50.22700360732382,-0.0023982595271034857,-0.0031736059219060163,0.0007753463948025306,67.94424088396734,0.008517469934791947,0.007467722969941455,0.019108991089169684,0,0,12,-725.0357611044708,1.0,EURUSD=X
2018-12-04 00:00:00+00:00,1.135589361190796,1.14177405834198,1.1343270540237427,1.135486125946045,-0.004434890019770932,0.0055567673011463125,0.0004309990408457587,45.74136922642005,-0.002395883736638016,-0.0030180614848524163,0.0006221777482144004,37.234646319301525,0.008416731984715953,0.007509512675861261,0.019100518195691227,0,1,12,-696.3867736800428,1.0,EURUSD=X
2018-12-05 00:00:00+00:00,1.1343655586242676,1.1360280513763428,1.1315033435821533,1.1342884302139282,0.001112715552509469,0.005434288061001971,0.0018962630113010803,47.014288973094665,-0.0022660409950943095,-0.0028676573869007953,0.0006016163918064858,42.49656952810661,0.008354822638979754,0.007412448106931684,0.018658753085831738,0,2,12,-659.9726010475521,1.0,EURUSD=X
2018-12-06 00:00:00+00:00,1.1347260475158691,1.1412267684936523,1.132336139678955,1.13490629196167,-0.001054786760268711,0.0051227474900074595,0.0039019349621940425,45.9134586710202,-0.002234031201915787,-0.002740932149903794,0.0005069009479880069,36.654882898806896,0.008081243007209018,0.007365695017627945,0.01760764367703984,0,3,12,-629.2722900194435,1.0,EURUSD=X
2018-12-07 00:00:00+00:00,1.137682318687439,1.1410704851150513,1.1361312866210938,1.1374752521514893,0.0005447130829194791,0.004778876420746606,-0.0017137086309446659,46.60799698286124,-0.0021342051424615427,-0.0026195867484153437,0.00048538160595380103,39.668465241761055,0.008139056279172465,0.007120625785976303,0.016416765331968737,0,4,12,-627.7614695561425,1.0,EURUSD=X
2018-12-10 00:00:00+00:00,1.140380859375,1.1445575952529907,1.1362345218658447,1.1400948762893677,0.0022635879349817145,0.004792846575919616,-0.0015811538101349054,49.51104442059085,-0.0018267411190007188,-0.0024610176225324186,0.0006342765035316999,52.19840919133893,0.007997994627330243,0.007155369986096632,0.016427571435369926,0,0,12,-585.4822156851278,1.0,EURUSD=X
2018-12-11 00:00:00+00:00,1.135499119758606,1.1399389505386353,1.1307612657546997,1.1356538534164429,0.002303016380289069,0.00487053216592956,0.005176066452251549,52.355857439502536,-0.0013560600740196715,-0.0022400261128298696,0.000883966038810198,74.9064925663266,0.008021214538745654,0.007015200922015433,0.01665548240181489,0,1,12,-510.7497902258907,1.0,EURUSD=X
2018-12-12 00:00:00+00:00,1.1322848796844482,1.138044834136963,1.1316184997558594,1.1323105096817017,-0.003895309912609113,0.003934725529086335,0.00014771424024062618,47.47240172348247,-0.0013261088283673672,-0.002057242655937369,0.0007311338275700018,49.93498049414824,0.008114957109882963,0.007063080457672065,0.013507975311280214,0,2,12,-472.22119288774513,1.0,EURUSD=X
2018-12-13 00:00:00+00:00,1.137268304824829,1.139250636100769,1.1333627700805664,1.1373459100723267,-0.0029439813237839285,0.0038626922754042186,-0.0017437544803781124,44.13486193023212,-0.0015542358845068716,-0.00195664130165127,0.00040240541714439823,31.135629348598393,0.007994341200684431,0.007166724180776278,0.0132998384820186,0,3,12,-411.7745601246729,1.0,EURUSD=X
2018-12-14 00:00:00+00:00,1.1363248825073242,1.1366219520568848,1.1270780563354492,1.1363636255264282,0.004447013736577077,0.0036809241414599288,0.002149620746608072,49.85315637470368,-0.0013135714570504664,-0.0018280273327311092,0.0005144558756806428,59.44927808239379,0.007919040144854643,0.007028944430965643,0.01261787123439732,0,4,12,-358.0105917337593,1.0,EURUSD=X
2018-12-17 00:00:00+00:00,1.130671739578247,1.1353960037231445,1.1304799318313599,1.1305949687957764,-0.0008636638486140269,0.003556836301469044,-0.000977275437824665,48.80369531108394,-0.0011884061120546185,-0.0017001030885958111,0.0005116969765411926,53.92597160591476,0.008086812544284842,0.006968755393931316,0.012203048802273776,0,0,12,-330.93024787888777,1.0,EURUSD=X
2018-12-18 00:00:00+00:00,1.1349965333938599,1.1403002738952637,1.133863925933838,1.1349835395812988,-0.005076417971386138,0.0036297056003928093,-0.008332558711701576,43.06958054556073,-0.0015369767506190346,-0.0016674778210004559,0.00013050107038142128,21.48928183609722,0.00792944691219795,0.007152705228202367,0.012516593473580365,0,1,12,-322.2875299077417,1.0,EURUSD=X
2018-12-19 00:00:00+00:00,1.1375658512115479,1.1439684629440308,1.1375658512115479,1.1375399827957153,0.003881647191652293,0.0028969763066081945,-0.0005902448471666322,48.06851570846437,-0.0014424725814115025,-0.0016224767730826652,0.00018000419167116277,45.227069679258534,0.008056293925575763,0.006986398159680063,0.009951239396021641,0,2,12,-302.15211896574255,1.0,EURUSD=X
2018-12-20 00:00:00+00:00,1.138783574104309,1.1484880447387695,1.1378376483917236,1.1389521360397339,0.0022524055418104982,0.0029062784336500347,0.004618409057674189,50.77979504403968,-0.0011480596273905075,-0.0015275933439442338,0.00037953371655372633,59.85241664336523,0.008122624599658347,0.007082207260773311,0.009960756942159326,0,3,12,-213.88526828989902,1.0,EURUSD=X
2018-12-21 00:00:00+00:00,1.1457772254943848,1.147446870803833,1.138783574104309,1.1456853151321411,0.0012414097661410661,0.0029130670158007944,0.0014122580942019791,52.262429875702715,-0.0007916605057440851,-0.0013804067763042041,0.000588746270560119,55.46046770601336,0.008324441552758051,0.0071316645736331265,0.009971644713493622,0,4,12,-166.8612436574415,1.0,EURUSD=X
2018-12-24 00:00:00+00:00,1.137203574180603,1.143837571144104,1.137203574180603,1.1372811794281006,0.005911731388308583,0.0035422002867321243,0.008203086931258152,58.65705656298661,3.371104714222639e-05,-0.0010975832116149181,0.0011312942587571445,86.90924276169265,0.008348645491812757,0.007265905779544645,0.012053954874657578,0,0,12,-105.86182475838899,1.0,EURUSD=X
2018-12-25 00:00:00+00:00,1.1405109167099,1.1422044038772583,1.1370097398757935,1.140393853187561,-0.007335466024604886,0.003514179631354397,0.005913886773656785,49.70692607918096,9.570115923063227e-06,-0.000876152546107322,0.0008857226620303852,47.65590200445434,0.008358152310364566,0.007340880727500478,0.01204697194575983,0,1,12,-67.00057015222633,1.0,EURUSD=X
2018-12-26 00:00:00+00:00,1.1413440704345703,1.1419435739517212,1.137617588043213,1.1415525674819946,0.002736942996828473,0.003573116693321677,0.004766865260669828,52.59218173813625,0.0002388516792162232,-0.000653151701042613,0.0008920033802588362,62.194320712694875,0.008132188859728872,0.007329180429202031,0.012215580953006747,0,2,12,13.529043853169343,1.0,EURUSD=X
2018-12-27 00:00:00+00:00,1.1363636255264282,1.1434321403503418,1.1359118223190308,1.1361312866210938,0.001016065012271694,0.0033868261937747826,0.0035274229890518427,53.65798843729321,0.0005081993243243321,-0.000420881495969224,0.000929080820293556,67.60634743875278,0.007860317220355973,0.007123797091242702,0.011566948148572485,0,3,12,123.73012090855708,1.0,EURUSD=X
2018-12-28 00:00:00+00:00,1.1430922746658325,1.147315263748169,1.1430922746658325,1.143105387687683,-0.004749041800903631,0.0033930267490820034,-0.00247670585038684,48.198271056596425,0.00028096838700841786,-0.00028051151937369563,0.0005614799063821135,42.28507795100223,0.00783603156399562,0.006918493762928504,0.011643419847399342,0,4,12,132.15910471184094,1.0,EURUSD=X
2018-12-31 00:00:00+00:00,1.1438899040222168,1.1465917825698853,1.14223051071167,1.1439945697784424,0.006138464056676618,0.0036266038243569555,-0.002251863937140941,54.59826078839586,0.0006560750780473246,-9.319419988949159e-05,0.0007492692779368161,74.85913140311804,0.008075170532787017,0.006855038606586083,0.01236902984688328,0,0,12,183.02477612421745,1.0,EURUSD=X
2019-01-01 00:00:00+00:00,1.1494252681732178,1.155001163482666,1.146499752998352,1.1493064165115356,0.0007778653659904489,0.0038530163855975304,0.005903017188517712,55.35559781032749,0.0010134173523059786,0.00012812811054960246,0.0008852892417563761,79.01224944320712,0.007809892056031898,0.007058749006431855,0.013131026775720329,0,1,1,270.2431129924411,1.0,EURUSD=X
2019-01-02 00:00:00+00:00,1.1461317539215088,1.1497001647949219,1.1345715522766113,1.14617121219635,0.004643244708864236,0.004600535425259912,0.00781533791949407,59.68225461327849,0.0017055745162333213,0.00044361739168634627,0.0012619571245469751,79.6056114346215,0.008038227888045594,0.006795308843517197,0.015606098433564848,0,2,1,381.9636032401256,1.0,EURUSD=X
2019-01-03 00:00:00+00:00,1.131733775138855,1.1409143209457397,1.131733775138855,1.1318106651306152,-0.002727909868198375,0.004804646287651295,0.004045932571062449,56.21908167589017,0.0019783243771731573,0.0007505587887837085,0.0012277655883894487,68.37761915333253,0.008544683933064519,0.007013112702981209,0.016343072925570818,0,3,1,454.65204100015677,1.0,EURUSD=X
2019-01-04 00:00:00+00:00,1.1390948295593262,1.14177405834198,1.1348161697387695,1.1391078233718872,-0.012529146529702495,0.004989505589608414,-0.0038029244871234935,43.70833924410864,0.0010239015749202718,0.0008052273460110212,0.00021867422890925058,5.426861579297906,0.008965594870523846,0.007549570079442952,0.017187215622703252,0,4,1,393.07843654196273,1.0,EURUSD=X
2019-01-07 00:00:00+00:00,1.141291856765747,1.147446870803833,1.1405240297317505,1.1410444974899292,0.0064473312242818714,0.004979392891821647,-0.0034971091544606647,49.81922498000506,0.0008465755174740242,0.0008134969803036218,3.3078537170402314e-05,31.692634016630716,0.00903686618058391,0.007870716613976609,0.017042502029325078,0,0,1,370.32617859163236,1.0,EURUSD=X
2019-01-08 00:00:00+00:00,1.1479343175888062,1.1486331224441528,1.1424654722213745,1.1479737758636475,0.0017001675155818852,0.004995696642167819,-0.002578746758461037,51.32935611278681,0.0008524897836779122,0.00082129554097848,3.119424269943218e-05,40.016190100470844,0.008987021984252616,0.007919819253730434,0.017069282709789316,0,1,1,420.94182705767145,1.0,EURUSD=X
2019-01-09 00:00:00+00:00,1.1457247734069824,1.1540148258209229,1.144164800643921,1.1456066370010376,0.00607275035194621,0.00531508252645069,-0.0011595172781972973,56.386594642494764,0.0014001714319269443,0.0009370707191681728,0.0004631007127587714,69.79726510264831,0.00888713648210769,0.007828595193728593,0.018050940674852523,0,2,1,500.705159505259,1.0,EURUSD=X
2019-01-10 00:00:00+00:00,1.1555217504501343,1.157139539718628,1.151145339012146,1.1554949283599854,-0.0020620147536288824,0.005187647323317873,-0.0004925749218832598,54.31048430041815,0.0016244787806098948,0.0010745523314565173,0.0005499264491533775,59.623631398548014,0.008955914246028707,0.007757581175832207,0.017654552604947082,0,3,1,553.5328202368964,1.0,EURUSD=X
2019-01-11 00:00:00+00:00,1.1515165567398071,1.1539002656936646,1.1459741592407227,1.151012897491455,0.008631489238603907,0.006151276950724742,0.020925994036853135,60.80295623512469,0.0025705151447577013,0.0013737448941167543,0.001196770250640947,93.52662127731455,0.00913998485114025,0.007750717053115928,0.020754822864267636,0,4,1,702.4262807550857,1.0,EURUSD=X
2019-01-14 00:00:00+00:00,1.1462763547897339,1.148369312286377,1.1451605558395386,1.146013617515564,-0.003878884068224897,0.00641718506911641,0.01045122671910681,56.859009096973814,0.002924877182486574,0.0016839713517907183,0.0012409058306958555,75.88483429445522,0.00916718372743471,0.007940818796262102,0.021736327465164833,0,0,1,738.1300089077866,1.0,EURUSD=X
2019-01-15 00:00:00+00:00,1.147315263748169,1.1491611003875732,1.1386150121688843,1.1472889184951782,-0.004343374419858104,0.005894027640422003,0.004354887155203713,52.749042692169155,0.002770376362887017,0.0019012523540099782,0.0008691240088770388,56.20709556632679,0.008930409293469124,0.007999192668677178,0.020051376142756032,0,1,1,768.0957645068679,1.0,EURUSD=X
2019-01-16 00:00:00+00:00,1.141409158706665,1.14223051071167,1.1378893852233887,1.1416828632354736,0.0011128148567545182,0.005689444539927332,-0.0005965792798307001,53.669068342937614,0.0027194908830801,0.0020649000598240027,0.0006545908232560974,61.226826327075486,0.009045814930984827,0.007783923604162884,0.019333873089126492,0,2,1,725.0238879347435,1.0,EURUSD=X
2019-01-17 00:00:00+00:00,1.1398999691009521,1.1407711505889893,1.1372424364089966,1.1398088932037354,-0.004886350046035215,0.005543253383723492,-0.0034250620054329106,49.139570618444154,0.002201425305441873,0.002092205108947577,0.00010922019649429624,39.160750566584866,0.009071080526756592,0.007923229140314349,0.018929582801726012,0,3,1,661.5516545895814,1.0,EURUSD=X
2019-01-18 00:00:00+00:00,1.1391856670379639,1.1410315036773682,1.1354217529296875,1.13926362991333,-0.0016414103181224826,0.005509624933088796,-0.013575165733105798,47.690635140966016,0.0016209555163793077,0.001997955190433923,-0.00037699967405461533,31.784589830094923,0.008740319548165195,0.007958422311708688,0.018845678941460647,0,4,1,701.3910945192517,1.0,EURUSD=X
2019-01-21 00:00:00+00:00,1.1365444660186768,1.1388224363327026,1.1357957124710083,1.1365574598312378,-0.0004783813266034942,0.005563853204171542,-0.010207763617359644,47.25403398594184,0.0011042022793736894,0.0018192046082218763,-0.0007150023288481869,29.638371050915218,0.00851670749098773,0.007671902550623966,0.019040275322364828,0,0,1,653.7929314983792,1.0,EURUSD=X
2019-01-22 00:00:00+00:00,1.1369578838348389,1.1375269889831543,1.1336840391159058,1.136932134628296,-0.002375367747233459,0.005606578856967947,-0.008251348448045648,45.049701004715104,0.0004708783147220341,0.001549539349521908,-0.0010786610347998738,18.986575575148155,0.008156079630368733,0.007493424478734525,0.019232171897383743,0,1,1,596.3119294773293,1.0,EURUSD=X
2019-01-23 00:00:00+00:00,1.1363766193389893,1.1393154859542847,1.1351640224456787,1.1364023685455322,0.0003296575934785828,0.005748311265589927,-0.009027180250696265,45.42926255143001,-7.932215184691671e-07,0.0012394728353138326,-0.0012402660568323017,20.46133850102525,0.007847998933003005,0.0071737611964281835,0.019711856505479484,0,2,1,488.115337073053,1.0,EURUSD=X
2019-01-24 00:00:00+00:00,1.1387057304382324,1.1393414735794067,1.131324052810669,1.1388224363327026,-0.00046596104255325344,0.0059287613378674765,-0.004625185206841742,44.95641820251609,-0.0004125879505709751,0.000909060678136871,-0.0013216486287078461,11.589304682377934,0.007583960688403216,0.006906003674603006,0.020340125673482517,0,3,1,385.23867600614363,1.0,EURUSD=X
2019-01-25 00:00:00+00:00,1.1309914588928223,1.1411616802215576,1.1305822134017944,1.1313496828079224,0.002129587067182692,0.005800128547611513,-0.0008654581280376217,47.63762268126537,-0.0005374634509880405,0.0006197558523118888,-0.0011572193032999291,29.046066606328154,0.007614922122712829,0.006659476004727739,0.01985653191346455,0,4,1,316.25251339755914,1.0,EURUSD=X
2019-01-28 00:00:00+00:00,1.141265869140625,1.1445575952529907,1.1390948295593262,1.1413049697875977,-0.006561824992528664,0.0063450856848801356,-0.006946545907034474,40.99694297327619,-0.0012252925321978303,0.00025074617540994497,-0.0014760387076077752,2.8898594571301603,0.007826675315359284,0.006730829767692321,0.02186565169390434,0,0,1,190.86280686284476,1.0,EURUSD=X
2019-01-29 00:00:00+00:00,1.1429747343063354,1.1450556516647339,1.1411746740341187,1.143000841140747,0.008799478296548369,0.006335379313367018,0.004177096296622551,50.830602161155966,-0.0009560725657391522,9.382427180125533e-06,-0.0009654549929192778,40.375888212084625,0.00821104939605279,0.006857654634427699,0.021641766538609573,0,1,1,130.19223666103372,1.0,EURUSD=X
2019-01-30 00:00:00+00:00,1.1435105800628662,1.1450294256210327,1.140862226486206,1.1435366868972778,0.0014859055187195214,0.0061133906346917365,0.005337791348852372,52.28934853409654,-0.0005989666428691809,-0.00011228738682973576,-0.00048667925603944513,46.76158883916347,0.007901758555664393,0.00718376496368798,0.02085246453759481,0,2,1,42.86633576143206,1.0,EURUSD=X
2019-01-31 00:00:00+00:00,1.1485539674758911,1.1513707637786865,1.1450556516647339,1.1487650871276855,0.0004688060911626213,0.006042961176160625,0.006277986168646166,52.766185041713236,-0.0002696114390414728,-0.00014375219727208317,-0.0001258592417693896,55.55555555555556,0.00763500431131884,0.0069099300846254316,0.02060257462399846,0,3,1,3.6826032135008457,1.0,EURUSD=X
2019-02-01 00:00:00+00:00,1.145081877708435,1.1488442420959473,1.1435105800628662,1.1449507474899292,0.0045721316074203155,0.005765356802592317,0.00873064182595562,57.25520094809626,0.00040858324261150436,-3.328510929536567e-05,0.00044186835190687,87.46580880455538,0.007649223780610973,0.006646271197542242,0.019566662569739757,0,4,2,8.285658921363638,1.0,EURUSD=X
2019-02-04 00:00:00+00:00,1.1457247734069824,1.1462632417678833,1.1425436735153198,1.1455278396606445,-0.0033203826269594394,0.005729760279319454,0.012021981257156478,53.27711604767793,0.0006309983270187391,9.957157796745528e-05,0.0005314267490512839,69.11753743111585,0.007483826512930265,0.006680832164510425,0.019510636666254695,0,0,2,12.351835236150489,0.0,EURUSD=X
2019-02-05 00:00:00+00:00,1.14357590675354,1.1442956924438477,1.1403288841247559,1.1436283588409424,0.0005040323105429678,0.00574347537413858,0.0037000363485955035,53.800126532385235,0.000844100138084336,0.0002484772899908314,0.0005956228480935046,71.89354711073646,0.007214950922904065,0.0065330813043769425,0.01954748592152492,0,1,2,41.645790297649434,0.0,EURUSD=X
2019-02-06 00:00:00+00:00,1.1408753395080566,1.141096591949463,1.1375399827957153,1.140992522239685,-0.0016581708047050947,0.005629051900413406,0.000549008957481556,51.74688800832552,0.0008499153362009348,0.00036876489923285213,0.0004811504369680827,62.7563981260071,0.0070709512524029655,0.00630882477434921,0.019189874334767622,0,2,2,49.901756666796345,0.0,EURUSD=X
2019-02-07 00:00:00+00:00,1.1366348266601562,1.1370097398757935,1.1326054334640503,1.1365960836410522,-0.0023048017136692023,0.005604520468864899,-0.0022248211944084773,48.95485753984401,0.000634519590622995,0.0004219158375108807,0.0002126037531121143,50.077127308801686,0.007000767309033257,0.006197193333505117,0.01915038261743262,0,3,2,60.57152540053893,0.0,EURUSD=X
2019-02-08 00:00:00+00:00,1.1339925527572632,1.1350995302200317,1.132182240486145,1.1338768005371094,-0.0038531703871318435,0.0048631186261248426,-0.010593117446718425,44.62947152534412,0.00010781819701000117,0.00035909630941070484,-0.00025127811240070367,28.92876189165477,0.007099790270933365,0.006159415301350066,0.016681323402560153,0,4,2,-11.583942094092748,1.0,EURUSD=X
2019-02-11 00:00:00+00:00,1.1324259042739868,1.133144497871399,1.1273448467254639,1.1324259042739868,-0.002392479741115894,0.004634968061864499,-0.009671985434392849,42.14889100826026,-0.0005229911561011047,0.00018267881630834294,-0.0007056699724094476,15.84808500633648,0.006907936905502927,0.006261518242167266,0.015936856798675507,0,0,2,-27.63489285703192,1.0,EURUSD=X
2019-02-12 00:00:00+00:00,1.128031611442566,1.1319899559020996,1.125885248184204,1.1279042959213257,-0.001279588983948976,0.004824816842912311,-0.011437465710601225,40.84443016591513,-0.0011269960075217522,-7.92561484576761e-05,-0.0010477398590640762,21.148235621005835,0.006881080970227397,0.006100122647699141,0.01661088724365988,0,1,2,-86.24184225584418,1.0,EURUSD=X
2019-02-13 00:00:00+00:00,1.1332728862762451,1.134429931640625,1.1282861232757568,1.1334655284881592,-0.003992851395924202,0.005241279816868606,-0.013749276850350989,37.001155324701415,-0.0019480740245731987,-0.00045301972368078065,-0.001495054300892418,7.922334275076244,0.006856764907338491,0.006100766700783424,0.01811702523462307,0,2,2,-189.81774040374145,0.0,EURUSD=X
2019-02-14 00:00:00+00:00,1.126405119895935,1.130825161933899,1.1250618696212769,1.12649405002594,0.004930589046378886,0.005354494950222741,-0.006596882630528489,43.982729311576406,-0.0021255374055404452,-0.0007875232600527136,-0.0013380141454877317,29.74348419930024,0.00683311282247855,0.006049381066298674,0.01841755564273757,0,3,2,-255.69800676161404,0.0,EURUSD=X
2019-02-15 00:00:00+00:00,1.1294713020324707,1.1298158168792725,1.1234945058822632,1.1295350790023804,-0.006150587103886607,0.006004883965142298,-0.008887971514692117,38.258841752775346,-0.002796482354503471,-0.001189315078942865,-0.001607167275560606,5.443711910102177,0.006945294682793105,0.006065822382569356,0.020782486714895902,0,4,2,-388.91837216851826,0.0,EURUSD=X
2019-02-18 00:00:00+00:00,1.1294840574264526,1.1334141492843628,1.1294840574264526,1.1298030614852905,0.0026995517431898097,0.006291968674289508,-0.003829094600641181,41.81592017631337,-0.003047693523182904,-0.001560990767790873,-0.001486702755392031,21.66923961803432,0.006900724419522832,0.006148808312290113,0.021717439620005222,0,0,2,-451.6986330823997,0.0,EURUSD=X
2019-02-19 00:00:00+00:00,1.131208896636963,1.1341854333877563,1.1277008056640625,1.131196141242981,0.00023725025268528377,0.006527912997407171,-0.0023161275089144118,42.132312057186695,-0.0031884023202557454,-0.0018864730782838476,-0.0013019292419718979,22.630568372797132,0.006688536379407641,0.006107900265778025,0.022526483652075366,0,1,2,-573.7750316782341,0.0,EURUSD=X
2019-02-20 00:00:00+00:00,1.1343011856079102,1.1369578838348389,1.1325926780700684,1.1343011856079102,0.0012330288394324374,0.006667844223768574,0.002918550211714832,43.84188616328988,-0.0031511803165484853,-0.002139414525936775,-0.0010117657906117102,27.62793840311662,0.006673971475428085,0.005912799854548781,0.022981021240359677,0,2,2,-666.3997220887069,0.0,EURUSD=X
2019-02-21 00:00:00+00:00,1.1346358060836792,1.1365832090377808,1.1322592496871948,1.1346358060836792,0.0027449212844001813,0.006693908875463906,0.000737258521541051,47.56054615802149,-0.0028384110444579225,-0.0022792138296410048,-0.0005591972148169177,42.63034390004185,0.006608812269458786,0.005883773692655782,0.0230076998948288,0,3,2,-725.0843314399228,0.0,EURUSD=X
2019-02-22 00:00:00+00:00,1.1339796781539917,1.1355764865875244,1.131874680519104,1.1343011856079102,0.0002950014334945905,0.006695228031679609,0.007227518030434199,47.96046946483774,-0.0025343239580641885,-0.002330235855325642,-0.00020408810273854668,48.9324495544456,0.006445608489539297,0.005824611063764885,0.023005447339661374,0,4,2,-776.8919968511403,0.0,EURUSD=X
2019-02-25 00:00:00+00:00,1.1340183019638062,1.1367511749267578,1.13379967212677,1.1342240571975708,-0.0002949144333140863,0.006603817459737438,0.004219529516285014,47.569777607989764,-0.0022938912763859065,-0.0023229669395376947,2.907566315178819e-05,51.95222730997805,0.006249622602316519,0.005682448869243559,0.022698045805611692,0,0,2,-772.4153178510365,0.0,EURUSD=X
2019-02-26 00:00:00+00:00,1.1366219520568848,1.1378635168075562,1.1346487998962402,1.1367511749267578,-6.799641163912629e-05,0.006539768788126799,0.0039130675628265,47.47378201041084,-0.0020855295753103853,-0.002275479466692233,0.0001899498913818477,60.956134825981835,0.006014042616435895,0.005510042361257989,0.02247943200850998,0,1,2,-805.3258176369955,0.0,EURUSD=X
2019-02-27 00:00:00+00:00,1.1394193172454834,1.140380859375,1.1363893747329712,1.1393154859542847,0.0022280586566212346,0.006357457263238937,0.004910760814365034,50.96533911318554,-0.001696923072420864,-0.0021597681878379594,0.0004628451154170955,92.25874427556913,0.005844429544546571,0.005290553244269474,0.02180418366568035,0,2,2,-778.1920690912459,0.0,EURUSD=X
2019-02-28 00:00:00+00:00,1.1377859115600586,1.1422044038772583,1.1360796689987183,1.1380189657211304,0.0022558243915535847,0.006166364229403358,0.004420607515884134,54.28598305884935,-0.0011685607095859307,-0.0019615266921875537,0.000792965982601623,93.69092077118027,0.005712076337223873,0.005129772759694658,0.021101190930917307,0,3,2,-755.697538284914,0.0,EURUSD=X
2019-03-01 00:00:00+00:00,1.137255311012268,1.1408882141113281,1.135434627532959,1.1373459100723267,-0.0011379817523223812,0.005411510190395618,0.0029817141494312693,52.355462558168576,-0.0008447107777067586,-0.0017381635092913947,0.0008934527315846361,77.6298184135075,0.005741551947317884,0.005019315590759326,0.018539190825242913,0,4,3,-700.222118930078,0.0,EURUSD=X
2019-03-04 00:00:00+00:00,1.1375269889831543,1.1375269889831543,1.1310553550720215,1.1375917196273804,-0.0005914274446008339,0.004952618341550021,0.002684229288524298,51.33486276806122,-0.0006350469138574066,-0.0015175401902045972,0.0008824932763471906,74.03249442497611,0.005720982992392974,0.0050482020434335275,0.016977122620627297,0,0,3,-647.7844065407172,0.0,EURUSD=X
2019-03-05 00:00:00+00:00,1.133825421333313,1.1339154243469238,1.1293182373046875,1.1337354183197021,0.00021612558930117487,0.004347062068116523,0.002969133310512184,51.70513987078338,-0.0004439346125595378,-0.0013028190746755854,0.0008588844621160475,75.34628862695126,0.005774600915160105,0.0050290300937377505,0.014898111247128223,0,1,3,-571.4461333087759,0.0,EURUSD=X
2019-03-06 00:00:00+00:00,1.1306205987930298,1.132502794265747,1.1291651725769043,1.1307101249694824,-0.0033898816606553472,0.0037960072304761517,-0.0026529610644563384,45.81562644706196,-0.0005967688442058972,-0.0011616090285816478,0.0005648401843757506,54.73526600828289,0.005953092444269588,0.005093429050420408,0.013053804691642813,0,2,3,-495.9909597462696,1.0,EURUSD=X
2019-03-07 00:00:00+00:00,1.1312474012374878,1.1319899559020996,1.1208752393722534,1.1314009428024292,-0.0026684297776490284,0.00350192834888962,-0.007553097531711739,41.79366948460716,-0.0009510439215052457,-0.0011194960071663673,0.00016845208566112157,38.565785281936925,0.00585431767987875,0.005264914775951317,0.012074739466158118,0,3,3,-487.2866750335645,1.0,EURUSD=X
2019-03-08 00:00:00+00:00,1.1201971769332886,1.1244546175003052,1.1186057329177856,1.1198333501815796,0.0006109592703660294,0.0034613264886570114,-0.005815388950488609,43.02365253119831,-0.0011626637826129826,-0.0011281295622556904,-3.453422035729222e-05,49.34887828215647,0.006230060454876425,0.005174397031504913,0.011927456012760608,0,4,3,-462.63730867655664,1.0,EURUSD=X
2019-03-11 00:00:00+00:00,1.123103380203247,1.1257457733154297,1.1222589015960693,1.1232421398162842,-0.010224132032449207,0.00458970435047435,-0.01539774288161233,31.152637501611792,-0.0022379840106980797,-0.0013501004519441684,-0.0008878835587539113,5.202061022428773,0.006698999699859791,0.005563381778071021,0.015979129180353397,0,0,3,-524.0594087287276,1.0,EURUSD=X
2019-03-12 00:00:00+00:00,1.125885248184204,1.129433035850525,1.1250239610671997,1.1259232759475708,0.0030440151064905496,0.0050496124190656895,-0.012613998118583769,36.695769374835635,-0.0027830410389286797,-0.0016366885693410707,-0.001146352469587609,19.64689836330572,0.006642815659430527,0.0059639853798179885,0.017526954171315726,0,1,3,-548.857384683817,0.0,EURUSD=X
2019-03-13 00:00:00+00:00,1.1286808252334595,1.1313753128051758,1.1279042959213257,1.1287446022033691,0.0023869618457559305,0.005156409342819967,-0.006890622138020164,40.73735934009573,-0.0029644846484206955,-0.0019022477851569958,-0.0010622368632636997,31.00828450191958,0.006610535686202685,0.00589988305716477,0.01785502173931727,0,2,3,-553.2571313186332,0.0,EURUSD=X
2019-03-14 00:00:00+00:00,1.1332857608795166,1.133594036102295,1.1294713020324707,1.133105993270874,0.0025057890853388276,0.005198073805106718,-0.0017383082743389622,44.735730257630266,-0.002847794958546812,-0.002091357219834959,-0.000756437738711853,42.96373004647403,0.0065277857698742775,0.005856538027556074,0.017954302955199446,0,3,3,-584.1536146937259,0.0,EURUSD=X
2019-03-15 00:00:00+00:00,1.1307612657546997,1.1343011856079102,1.1302244663238525,1.1308379173278809,0.003863930829871798,0.00504723130549638,0.00150702585081941,50.31622923352165,-0.002376000672393852,-0.002148285910346738,-0.00022771476204711417,61.4452414629218,0.006407903493377956,0.005760966589745838,0.01736618668950776,0,4,3,-546.4409101899062,0.0,EURUSD=X
2019-03-18 00:00:00+00:00,1.1319899559020996,1.1359764337539673,1.1234692335128784,1.1319772005081177,-0.002001644997434049,0.0050195511394024875,0.009826968579313089,47.62306295970171,-0.0021602134787250815,-0.002150671424022407,-9.542054702674652e-06,51.834208931097194,0.006241390335569361,0.005666509227528861,0.01730558620624026,0,0,3,-542.0690885993635,0.0,EURUSD=X
2019-03-19 00:00:00+00:00,1.13355553150177,1.1363636255264282,1.1334270238876343,1.133619785308838,0.0010074681462122204,0.00498718638912959,0.007776649737573305,49.09692843641553,-0.0018756486319428944,-0.0020956668656065044,0.00022001823366360994,56.66195190947666,0.006688948185963612,0.0055137067537824516,0.017176699344211854,0,1,3,-544.5381621353647,0.0,EURUSD=X
2019-03-20 00:00:00+00:00,1.1353057622909546,1.1367511749267578,1.1336454153060913,1.135486125946045,0.0014510758697108272,0.004986872856959026,0.006835731639697862,51.22786402230122,-0.0015002916467206084,-0.0019765918218293253,0.00047630017510871684,63.62244897959184,0.006524482245416964,0.00590052173810755,0.017150732473232937,0,2,3,-529.199435295374,0.0,EURUSD=X
2019-03-21 00:00:00+00:00,1.143000841140747,1.1439945697784424,1.1355119943618774,1.1427918672561646,0.0016463550313727815,0.0050165886103652095,0.005972585587134649,53.6044339975307,-0.0010402293237439242,-0.001789319322212245,0.0007490899984683209,75.75634365687812,0.006282118486310033,0.005745981475538512,0.017224572411927114,0,3,3,-500.8403231483699,0.0,EURUSD=X
2019-03-22 00:00:00+00:00,1.1373976469039917,1.139211654663086,1.1275609731674194,1.1375011205673218,0.006434020762722037,0.0055037710180082505,0.008548074092637137,61.51078279449957,-8.513299098922289e-05,-0.0014484820559676407,0.0013633490649784179,95.26286876047648,0.006441141725316278,0.005497167652578204,0.018776515924022245,0,4,3,-434.24374409638096,0.0,EURUSD=X
2019-03-25 00:00:00+00:00,1.129611611366272,1.1331701278686523,1.1290504932403564,1.129586100578308,-0.004629667781540836,0.005591003636536983,0.0058922707996791335,54.294805819087536,0.00024207816622978662,-0.0011103700115281552,0.0013524481777579418,74.42399883555501,0.007068981179846909,0.005662536597857413,0.0191628339141244,0,0,3,-329.6288244873999,0.0,EURUSD=X
2019-03-26 00:00:00+00:00,1.1314520835876465,1.1328877210617065,1.1279551982879639,1.131580114364624,-0.006958252476328197,0.005638254967693466,-0.0021123216339836715,45.66423029888441,-0.00013571614750840233,-0.0009154392387242047,0.0007797230912158023,43.24880151377848,0.007167670190355369,0.006258027764530602,0.019460193996923517,0,1,3,-313.8107621385904,0.0,EURUSD=X
2019-03-27 00:00:00+00:00,1.1274465322494507,1.1285535097122192,1.1242650747299194,1.127484679222107,0.0017652605545475097,0.0055693399654591375,-0.001799254891849067,47.91065166489835,-0.00027109559386473414,-0.0007865705097523106,0.0005154749158875764,51.102701230649316,0.007008016803454462,0.006334213635753025,0.019188464198183663,0,2,3,-285.9301105464631,0.0,EURUSD=X
2019-03-28 00:00:00+00:00,1.1251378059387207,1.1262998580932617,1.121516227722168,1.1251758337020874,-0.0036192180213564518,0.005447431375743353,-0.007046714654722397,43.89651614311421,-0.0007007740820783592,-0.0007694112242175203,6.863714213916109e-05,34.97185142057593,0.007029947005686614,0.0062156204271348065,0.018836617226040558,0,3,3,-293.0467477331958,1.0,EURUSD=X
2019-03-29 00:00:00+00:00,1.1229519844055176,1.1246063709259033,1.1210887432098389,1.1230024099349976,-0.0020477843846290478,0.005460740759316627,-0.01541490980013105,41.77169882375828,-0.0012136121518533383,-0.0008582514097446839,-0.00035536074210865435,16.280586756610557,0.006954125898133211,0.006247865262584312,0.01892138652720757,0,4,3,-341.2432640022809,1.0,EURUSD=X
2019-04-01 00:00:00+01:00,1.1223469972610474,1.1250239610671997,1.1209882497787476,1.1223849058151245,-0.0019316303301136761,0.005577141769294449,-0.01274610668083831,39.8177959154785,-0.0017749565565805536,-0.0010415924391118578,-0.0007333641174686958,8.354497574786102,0.006749337654855734,0.0061924407611340165,0.01936211476529364,0,0,4,-360.2561358619656,0.0,EURUSD=X
2019-04-02 00:00:00+01:00,1.1205987930297852,1.1214005947113037,1.1184556484222412,1.1205737590789795,-0.0005498689178314864,0.0056197516789704355,-0.006375073807562637,39.25596372863651,-0.0022437884666377528,-0.001282031644617037,-0.0009617568220207158,6.070749413185071,0.006555507200112621,0.006013389542114407,0.019520777088155736,0,1,4,-382.53985786301644,0.0,EURUSD=X
2019-04-03 00:00:00+01:00,1.1202850341796875,1.125499963760376,1.1202473640441895,1.1203854084014893,-0.0016136592061790633,0.00591083093992744,-0.00972653650053279,37.58103401807461,-0.0027300156176668366,-0.0015716284392269968,-0.0011583871784398398,8.293657461864486,0.006367917928167669,0.005850134493155288,0.02056505539653496,0,2,4,-424.3926414458283,0.0,EURUSD=X
2019-04-04 00:00:00+01:00,1.124530553817749,1.124985933303833,1.1209254264831543,1.1246949434280396,-0.0001680841407932787,0.00621924254669289,-0.006296556353666549,37.40230808284762,-0.003094876651946299,-0.0018762780817708573,-0.0012185985701754416,7.556153027502381,0.006288252341597587,0.005683685167993308,0.021641723509979546,0,3,4,-478.7528946697448,0.0,EURUSD=X
2019-04-05 00:00:00+01:00,1.1224603652954102,1.1241512298583984,1.1211642026901245,1.1225864887237549,0.003846475502299551,0.006248473384316833,-0.0004273912215707609,43.96830297684904,-0.003001686615124788,-0.0021013597884416437,-0.0009003268266831442,24.430534550682424,0.006167700381650884,0.005591073720338037,0.02166012585077315,0,4,4,-554.2504069875997,0.0,EURUSD=X
2019-04-08 00:00:00+01:00,1.1222084760665894,1.1274083852767944,1.1215540170669556,1.121956706047058,-0.0018746903030062434,0.006077890296476359,-0.0003703653772806348,41.66559757726785,-0.0030626630400067967,-0.0022936204387546746,-0.000769042601252122,16.174685860452957,0.005979346121384038,0.005494187257378105,0.021108376901066806,0,0,4,-593.7640759955214,0.0,EURUSD=X
2019-04-09 00:00:00+01:00,1.1256444454193115,1.1287955045700073,1.1256444454193115,1.1256444454193115,-0.0005610103836299896,0.006143242987571005,-0.0003815088441121439,40.975306898601005,-0.0031257735232830264,-0.0024600510556603452,-0.0006657224676226811,13.708713754924476,0.0059704191277022405,0.005329391133505331,0.021347321402803793,0,1,4,-598.2589894891181,0.0,EURUSD=X
2019-04-10 00:00:00+01:00,1.12649405002594,1.1282861232757568,1.123103380203247,1.126697063446045,0.0032868820627189876,0.006149639700149293,0.004525080387836056,46.55855328425152,-0.002845419068538746,-0.0025371246582360256,-0.0003082944103027204,28.14839709479266,0.006032446227362738,0.005304000878783897,0.02129954043515039,0,2,4,-608.610389830363,0.0,EURUSD=X
2019-04-11 00:00:00+01:00,1.1276118755340576,1.1287446022033691,1.1256064176559448,1.1276500225067139,0.0009351247909736848,0.006161614320121175,0.005633467731038122,48.068559354127046,-0.0025093721851274786,-0.0025315741636143165,2.22019784868379e-05,39.70616952111835,0.005971753144873241,0.005354097763344014,0.02132107717635044,0,3,4,-608.9231089674689,0.0,EURUSD=X
2019-04-12 00:00:00+01:00,1.1259359121322632,1.132502794265747,1.1258344650268555,1.1260753870010376,0.0008457988323447019,0.006060077305287842,0.0026274494216780298,49.46080831355398,-0.0021414712296365934,-0.0024535535768187722,0.0003120823471821788,62.485214770646664,0.005769355387912603,0.005295750477260941,0.020952006750102496,0,4,4,-634.6432113021945,0.0,EURUSD=X
2019-04-15 00:00:00+01:00,1.130365014076233,1.1322463750839233,1.1299434900283813,1.1305055618286133,-0.0013963867106355776,0.006039573573448496,0.0031079104481732678,47.20865160046928,-0.0019544374589255398,-0.002353730353240126,0.00039929289431458624,52.797257671498784,0.005833567805839675,0.005123418426964773,0.020910316389213948,0,0,4,-660.4763611887622,0.0,EURUSD=X
2019-04-16 00:00:00+01:00,1.130441665649414,1.1314995288848877,1.128604531288147,1.1304928064346313,0.003934172506313338,0.005995353625171113,0.007619595065905038,53.608909670131,-0.0014322239775768075,-0.0021694290781074624,0.0007372051005306549,85.78193421365287,0.005857669254200108,0.0051601407395146055,0.02067587485882957,0,1,4,-615.334120181722,0.0,EURUSD=X
2019-04-17 00:00:00+01:00,1.1285152435302734,1.13237464427948,1.1281843185424805,1.128502607345581,-1.1282911303256427e-05,0.005874299164763072,0.00430718690528753,53.58876472110326,-0.0010077782446715755,-0.0019370989114202851,0.0009293206667487096,85.69113004514749,0.005646049850095867,0.00518151837929348,0.020258628998941795,0,2,4,-577.1588294485407,0.0,EURUSD=X
2019-04-18 00:00:00+01:00,1.1300712823867798,1.130600094795227,1.1237722635269165,1.129713773727417,-0.0017604703698442803,0.005581945836577671,0.001602510522228373,50.40603979428471,-0.0008225129596739489,-0.001714181721071018,0.0008916687613970691,71.52313384704165,0.00554206955630327,0.00500313407638134,0.019284342901415872,0,3,4,-522.1902361381815,0.0,EURUSD=X
2019-04-19 00:00:00+01:00,1.123608112335205,1.125112533569336,1.1233052015304565,1.1235954761505127,0.0010732508493576098,0.004281717622408855,0.0018301345093891808,52.26411095480288,-0.0005713714670685377,-0.001485619670270522,0.0009142482032019842,80.14528666960861,0.005633909678589504,0.004905728942312151,0.014776493684933336,0,4,4,-496.3864718320533,1.0,EURUSD=X
2019-04-22 00:00:00+01:00,1.1244546175003052,1.1263798475265503,1.1236711740493774,1.1244546175003052,-0.00541579444208895,0.0034726249556959027,-0.0022022600610509535,43.41525067067789,-0.0008561661560102518,-0.001359728967418468,0.0005035628114082162,36.589836722224106,0.005689242715616,0.005014179745446756,0.012049518531627043,0,0,4,-486.3945392609766,1.0,EURUSD=X
2019-04-23 00:00:00+01:00,1.125885248184204,1.1261261701583862,1.1193444728851318,1.1258978843688965,0.0007646358213686533,0.0033752706286706846,-0.00535242331627328,44.82786075922947,-0.00100100352649668,-0.0012879838792341104,0.00028698035273743046,34.329708382779216,0.0054817519056461145,0.005059557430839984,0.011702764402839403,0,1,4,-445.8291972520292,1.0,EURUSD=X
2019-04-24 00:00:00+01:00,1.1224478483200073,1.1224603652954102,1.1183055639266968,1.122435212135315,0.0012835261166872503,0.003076452200120473,-0.004064530123129573,47.211964299921675,-0.0009879402514461066,-0.0012279751536765097,0.0002400349022304031,49.80431237543033,0.005574605146189563,0.004868782490624201,0.010653025402216566,0,2,4,-406.1261454036906,1.0,EURUSD=X
2019-04-25 00:00:00+01:00,1.1156978607177734,1.1164003610610962,1.1121737957000732,1.1153494119644165,-0.0030754762768938626,0.003101193491093238,-0.0053765008346216,42.470209248262044,-0.0012426714790689797,-0.0012309144187550038,-1.1757060313975862e-05,29.08770309416852,0.005718727667333145,0.0049665273201688525,0.01077182713241604,0,3,4,-380.25487402148883,1.0,EURUSD=X
2019-04-26 00:00:00+01:00,1.113709807395935,1.1172809600830078,1.112297534942627,1.113684892654419,-0.006312881219592614,0.0037932685453282437,-0.01271504525930156,34.773607824646064,-0.0019933347453513495,-0.001383398484074273,-0.0006099362612770765,15.621115098632515,0.00604320543646947,0.005127296976165522,0.013259417366197006,0,4,4,-413.6607150960237,1.0,EURUSD=X
2019-04-29 00:00:00+01:00,1.1149017810821533,1.116994023323059,1.1145538091659546,1.1150261163711548,-0.0014923747591043535,0.004508432594847514,-0.008820419542848179,33.2492696474949,-0.0026915273377337012,-0.0016450242548061587,-0.0010465030829275425,7.433209016489574,0.005967506843891712,0.005426315357538662,0.015782836099958862,0,0,4,-448.3353044754468,0.0,EURUSD=X
2019-04-30 00:00:00+01:00,1.1184180974960327,1.12296462059021,1.117655634880066,1.1185182332992554,0.0012043116734206105,0.004940820770597706,-0.008384954788224541,35.69535165146925,-0.0031008794445304133,-0.0019361952927510098,-0.0011646841517794035,14.030797738840803,0.005777622831373742,0.00535189871902994,0.017275707981550807,0,1,4,-510.10539014797905,0.0,EURUSD=X
2019-05-01 00:00:00+01:00,1.1218308210372925,1.1249985694885254,1.1214408874511719,1.121604323387146,0.003131870076250376,0.0050319178335931185,-0.006554458598860946,41.687078754319266,-0.00310768581947074,-0.0021704933980949558,-0.0009371924213757844,31.208805385499495,0.005931971501922415,0.005165425702835155,0.017539300415100666,0,2,5,-546.986339175818,0.0,EURUSD=X
2019-05-02 00:00:00+01:00,1.1201846599578857,1.1218183040618896,1.1173559427261353,1.1200841665267944,0.0027590878682304254,0.004997004388515142,-0.0007402554189192001,46.43692613763631,-0.002831419401720936,-0.0023026785988201517,-0.0005287408029007843,46.38953392911594,0.00597114040816153,0.005288827243468878,0.017369681303610086,0,3,5,-552.5419682242343,0.0,EURUSD=X
2019-05-03 00:00:00+01:00,1.1172560453414917,1.1200717687606812,1.1141316890716553,1.1173559427261353,-0.0013553414770735017,0.005057319337151713,0.004245086348356741,44.513518787853876,-0.0027039705401876724,-0.002382936987093656,-0.0003210335530940164,39.15860660816608,0.005863370474418163,0.005330974748689736,0.01760319554131095,0,4,5,-593.6706709113532,0.0,EURUSD=X
2019-05-06 00:00:00+01:00,1.1187058687210083,1.1204482316970825,1.1179929971694946,1.1185808181762695,-0.002435731065745683,0.005240272486556098,0.0032963094820892547,41.214153054529575,-0.002790939051116492,-0.002464537399898223,-0.000326401651218269,25.653115539635422,0.005869735258755377,0.005247540421284786,0.01828454345984234,0,0,5,-614.7706528337924,0.0,EURUSD=X
2019-05-07 00:00:00+01:00,1.1204482316970825,1.121956706047058,1.1176055669784546,1.1201846599578857,0.001096226728920291,0.005337997204860601,0.0031879986961054207,43.24799121516767,-0.0027295603380030897,-0.0025175419875191965,-0.00021201835048389323,31.716600671556797,0.005671346238197655,0.005247484279522489,0.018605132547782392,0,1,5,-651.7732652609361,0.0,EURUSD=X
2019-05-08 00:00:00+01:00,1.118956208229065,1.1214998960494995,1.118956208229065,1.1191065311431885,0.0014338184202291604,0.005340278716484854,0.0014898520283526118,45.8879194483631,-0.002522423707395083,-0.002518518331494374,-3.905375900708791e-06,43.47516675184867,0.005577045726083788,0.005062867258341919,0.018586434988493803,0,2,5,-703.5258381738586,0.0,EURUSD=X
2019-05-09 00:00:00+01:00,1.1197456121444702,1.1250998973846436,1.1175681352615356,1.1198333501815796,-0.0009624563281716014,0.005319958418840945,-0.00222698164751578,44.392995341450856,-0.0024173961819384804,-0.002498293901583195,8.089771964471483e-05,48.80128221265598,0.005360377304251701,0.004983480634669096,0.018533549465897265,0,3,5,-744.4049143463183,0.0,EURUSD=X
2019-05-10 00:00:00+01:00,1.1218559741973877,1.1252391338348389,1.1218559741973877,1.1222084760665894,0.0006494636731757542,0.005202969205134989,-0.00022392633760071057,45.67780390229669,-0.00224958111839646,-0.002448551344945848,0.00019897022654938833,53.91754567043443,0.005515476219884287,0.004786763408486202,0.018114220590627127,0,4,5,-733.6305189929603,0.0,EURUSD=X
2019-05-13 00:00:00+01:00,1.1236711740493774,1.126341700553894,1.1224100589752197,1.1236460208892822,0.0021209636993082537,0.005116646167919385,0.0043428715549809205,49.762693189453344,-0.0019029970963795328,-0.0023394404952325853,0.0004364433988530525,71.92095077793252,0.005507641036553929,0.004914840992126859,0.017775983339090536,0,0,5,-697.8385907405968,0.0,EURUSD=X
2019-05-14 00:00:00+01:00,1.1232421398162842,1.1246063709259033,1.120485782623291,1.1232547760009766,0.00128099622605915,0.004720994969957401,0.004528240276166162,52.109986578413036,-0.0014950943913207837,-0.002170571274450225,0.0006754768831294415,80.97333591363831,0.005409468425893268,0.004901580154393321,0.016380449436784423,0,1,5,-663.9152615896149,0.0,EURUSD=X
2019-05-15 00:00:00+01:00,1.120360255241394,1.1222715377807617,1.1180429458618164,1.1204482316970825,-0.0003481922963568529,0.004250427667760479,0.002740723161845704,51.40599612385143,-0.0011896848056118792,-0.001974393980682556,0.0007847091750706769,78.2118486482848,0.005317405559944628,0.0048158873137865614,0.01475285758504047,0,2,5,-648.3861353184359,0.0,EURUSD=X
2019-05-16 00:00:00+01:00,1.1209505796432495,1.122435212135315,1.1174308061599731,1.1207244396209717,-0.0024985821238935335,0.0038829899132737165,0.0011989033363279944,46.548024509451395,-0.001160730005659083,-0.0018116611856778615,0.0006509311800187785,58.03617658792473,0.005309864458460023,0.004745784240197015,0.013511272741382115,0,3,5,-647.4244605698592,1.0,EURUSD=X
2019-05-17 00:00:00+01:00,1.117480754852295,1.1184431314468384,1.1157352924346924,1.1173559427261353,0.00024651556053667534,0.003261177151313967,0.0007957339717088452,47.078085271903554,-0.0011027832481702582,-0.001669885598176341,0.0005671023500060828,53.99463021723212,0.00528804599538015,0.004737885844852117,0.011344813012767825,0,4,5,-594.4701481278543,1.0,EURUSD=X
2019-05-20 00:00:00+01:00,1.1165324449539185,1.1177005767822266,1.1151255369186401,1.1165324449539185,-0.003005642400352837,0.003227570113130731,-0.00432409257632993,41.65315124770697,-0.0013135280394904747,-0.0015986140864391678,0.00028508604694869313,26.406639004149376,0.005266696080444375,0.004732642297026968,0.01126175139835368,0,0,5,-541.49522431493,1.0,EURUSD=X
2019-05-21 00:00:00+01:00,1.1169440746307373,1.11831796169281,1.1142433881759644,1.1168566942214966,-0.0007370057657791751,0.0031353200122129746,-0.006330797958714718,40.426687302702234,-0.0015293646294538554,-0.0015847641950421055,5.539956558825009e-05,19.662191847693435,0.0050744349220973786,0.00471701122904829,0.010947937788038114,0,1,5,-499.3735383723826,1.0,EURUSD=X
2019-05-23 00:00:00+01:00,1.115511178970337,1.1172809600830078,1.1109507083892822,1.1155484914779663,0.0002904073849743227,0.0028134790035006943,-0.005696020098181598,41.16132141621627,-0.0016551726756930396,-0.0015988458911722924,-5.632678452074718e-05,22.31779350744447,0.005003016250293688,0.004543496894769034,0.009821278372575305,0,3,5,-476.8382210737984,1.0,EURUSD=X
2019-05-24 00:00:00+01:00,1.1183805465698242,1.1212018728256226,1.1178054809570312,1.1184556484222412,-0.001171325515886501,0.002810322768026123,-0.004373017940949242,39.06806707456525,-0.001839235920228166,-0.0016469238969834673,-0.00019231202324469874,29.873207909595767,0.005097818781967395,0.0044848039224770035,0.009821765085691405,0,4,5,-463.1791407150336,1.0,EURUSD=X
2019-05-27 00:00:00+01:00,1.1206364631652832,1.1218308210372925,1.118806004524231,1.1209630966186523,0.0026060336834154985,0.0026932643386558867,-0.0020243970047604254,45.67921446444251,-0.0017305751057739016,-0.0016636541387415544,-6.692096703234725e-05,48.76189886065263,0.005137501822373742,0.004557908746009442,0.009388192964868303,0,0,5,-393.45031822094097,1.0,EURUSD=X
2019-05-28 00:00:00+01:00,1.1193571090698242,1.1199462413787842,1.1171810626983643,1.1193821430206299,0.0022418843339460093,0.002422427545118587,0.0032282943640289385,50.652518934296076,-0.001425695977860686,-0.0016160625065653807,0.0001903665287046948,65.0535593955495,0.0050116211647078515,0.0045831141434279545,0.008425220480029475,0,1,5,-328.2601776922999,1.0,EURUSD=X
2019-05-29 00:00:00+01:00,1.1170687675476074,1.1175681352615356,1.1125946044921875,1.1170687675476074,-0.001410352939174686,0.0022024058263708595,0.0025522751977251623,47.68796321475288,-0.001296699273179991,-0.0015521898598883027,0.00025549058670831185,54.78161863231843,0.004923793504392154,0.004477131599744922,0.007670801892736647,0,2,5,-307.2491079478763,1.0,EURUSD=X
2019-05-30 00:00:00+01:00,1.1138337850570679,1.1146035194396973,1.1118524074554443,1.1137346029281616,-0.002066653901392268,0.002260608010599644,0.000189884098119375,43.66111653538492,-0.0013653990519968406,-0.0015148316983100104,0.00014943264631316977,39.75090814737935,0.005056918148967171,0.0044077801183196276,0.007889820936239966,0,3,5,-307.35001758924074,1.0,EURUSD=X
2019-05-31 00:00:00+01:00,1.1129908561706543,1.1179429292678833,1.1126564741134644,1.1131147146224976,-0.002984744284602603,0.002535828367631704,-0.001626006008400016,38.60182451070075,-0.0016696368078690238,-0.0015457927202218132,-0.00012384408764721058,18.087817270678265,0.005068306859195451,0.004540505552823659,0.008876871573553158,0,4,5,-333.0903156635522,1.0,EURUSD=X
2019-06-03 00:00:00+01:00,1.1173434257507324,1.1211000680923462,1.1162209510803223,1.1174057722091675,-0.0005565852978207664,0.0028482146917692716,-0.004775275449927618,37.726532649251034,-0.0019384223012934854,-0.0016243186364361477,-0.0003141036648573376,14.060212688503512,0.005083888880282843,0.004553265528355107,0.009975957548976636,0,0,6,-383.4048807300531,1.0,EURUSD=X
2019-06-04 00:00:00+01:00,1.1245558261871338,1.1277772188186646,1.1227755546569824,1.124631643295288,0.0038550003250341636,0.002846982245798448,-0.0031734536312706396,46.730949587040136,-0.0017846123555949056,-0.0016563773802678993,-0.0001282349753270063,47.2702353516307,0.005291136350966114,0.0045497249134768105,0.009933347810888516,0,1,6,-394.5239067102794,1.0,EURUSD=X
2019-06-05 00:00:00+01:00,1.1255050897598267,1.130454421043396,1.123987078666687,1.1254037618637085,0.006466649149158066,0.0031380095838961903,0.0046896408946568435,57.797278138296534,-0.0010673457604355452,-0.0015385710563014287,0.00047122529586588347,81.30583559450517,0.005654015655146896,0.004704772787170146,0.010878418457676144,0,2,6,-351.5986229379986,1.0,EURUSD=X
2019-06-06 00:00:00+01:00,1.122725009918213,1.1307867765426636,1.1223849058151245,1.1229015588760376,0.0006865524129822109,0.0034419971996485525,0.0074614872049458825,58.78262116141601,-0.00043162776434924055,-0.0013171823979109911,0.0008855546335617506,74.10411407685396,0.005712110420972759,0.005023988586801634,0.011924054273579263,0,3,6,-303.6599853776807,1.0,EURUSD=X
2019-06-07 00:00:00+01:00,1.127548336982727,1.1348161697387695,1.1253150701522827,1.1276500225067139,-0.0022233824627768684,0.0035350602165017757,0.008230826198427188,54.35368705741699,-0.00012824521071275186,-0.0010793949604713433,0.0009511497497585915,60.24808139569824,0.005904236157156066,0.005086920020567311,0.012273740170508713,0,4,6,-249.17315188831407,1.0,EURUSD=X
2019-06-10 00:00:00+01:00,1.1319003105163574,1.1326953172683716,1.12920343875885,1.1320157051086426,0.0042287443571003,0.003980921095343709,0.0130582299319848,60.44446534774129,0.0004897039766142974,-0.0007655751730542152,0.0012552791496685126,69.97272700026973,0.0063335486361257715,0.005235876414945855,0.013763567931466296,0,0,6,-173.04624833097873,1.0,EURUSD=X
2019-06-11 00:00:00+01:00,1.1318362951278687,1.1332728862762451,1.1304799318313599,1.1318106651306152,0.0038714871766898362,0.004803825749017749,0.013074867933240197,65.06048533955706,0.0013165311089859966,-0.00034915391664617286,0.0016656850256321694,88.26561703913126,0.006241530502235196,0.005594930006309342,0.016544612034152133,0,1,6,-79.36386878873847,0.0,EURUSD=X
2019-06-12 00:00:00+01:00,1.132939100265503,1.1343011856079102,1.1308507919311523,1.1329518556594849,-0.00018112820970772603,0.005407261088204245,0.006383442861603861,64.67872313348349,0.0019329704753150434,0.0001072709617460704,0.001825699513568973,87.40646759707889,0.005995203640995914,0.0055146418871348055,0.018626246745724936,0,2,6,24.580850434528557,0.0,EURUSD=X
2019-06-13 00:00:00+01:00,1.1293054819107056,1.1305004358291626,1.127116084098816,1.1295605897903442,0.0010082874848489354,0.0060401699809581695,0.0067070095654171435,65.87878708174745,0.002484942779154231,0.0005828053252277026,0.0019021374539265287,91.88149547847213,0.005813431500693192,0.005291666729744787,0.020785453262819765,0,3,6,163.70832628754064,0.0,EURUSD=X
2019-06-14 00:00:00+01:00,1.1279551982879639,1.1290504932403564,1.1215037107467651,1.1280443668365479,-0.0029933009529046206,0.006314147194878712,0.005930200080024761,59.41814814983404,0.0026185529446907108,0.0009899548491203044,0.0016285980955704064,77.1135936542874,0.005815027219262888,0.005146630958302301,0.021793499074806665,0,4,6,309.38254466012677,0.0,EURUSD=X
2019-06-17 00:00:00+01:00,1.121604323387146,1.1246000528335571,1.1205360889434814,1.1217050552368164,-0.0013423121942293115,0.006464765478281473,0.0003497045377229835,56.73899567264189,0.002572439956193495,0.0013064518705349427,0.0012659880856585525,70.51091707590561,0.005975159492428332,0.0051549632179542434,0.022343355086621434,0,0,6,437.68608884012406,0.0,EURUSD=X
2019-06-18 00:00:00+01:00,1.12271249294281,1.12440025806427,1.1182304620742798,1.1224603652954102,-0.005619736054805369,0.006370329156125238,-0.009108221577930009,47.163741978562655,0.002001295920711854,0.0014454206805703251,0.000555875240141529,42.905198459254336,0.0060846679496167665,0.005326854385234847,0.022141395513416488,0,1,6,485.40138729285036,0.0,EURUSD=X
2019-06-19 00:00:00+01:00,1.1197456121444702,1.1222084760665894,1.1188685894012451,1.1198208332061768,0.0006733588790275302,0.00622473985872016,-0.00826136395712973,48.283604588785536,0.001591264263162806,0.0014745893970888214,0.00011667486607398465,46.194337448217865,0.006090748523929157,0.005420831004589991,0.021620811256676375,0,2,6,515.1488688578936,0.0,EURUSD=X
2019-06-20 00:00:00+01:00,1.1235828399658203,1.1315160989761353,1.1235828399658203,1.1238480806350708,-0.0023515592807045183,0.006115546991050877,-0.011590097485355777,44.716720483177625,0.0010413193589544623,0.0013879353894619495,-0.0003466160305074873,32.330584381001565,0.005912250478946006,0.005439038409823685,0.02129161275098873,0,3,6,528.4199989324128,0.0,EURUSD=X
2019-06-21 00:00:00+01:00,1.1293182373046875,1.1333370208740234,1.1283625364303589,1.1295605897903442,0.0035963319394261006,0.005879516849769452,-0.0050572844050214005,50.70077395134313,0.0009198458601396009,0.00129431748359748,-0.000374471623457879,41.01661666282022,0.006325322999732612,0.005260720359646008,0.020396508235938283,0,4,6,594.7954691498627,0.0,EURUSD=X
2019-06-24 00:00:00+01:00,1.1383039951324463,1.1401208639144897,1.1373846530914307,1.1384724378585815,0.005082990533778808,0.0059372905246799935,0.0013441164180876264,57.695787521019255,0.0012698904776125008,0.001289432082400484,-1.9541604787983238e-05,68.31259748007274,0.0065512956596769,0.0055998085068696,0.020492765145136455,0,0,6,676.6504411096571,0.0,EURUSD=X
2019-06-25 00:00:00+01:00,1.1400169134140015,1.141396164894104,1.1378376483917236,1.140029788017273,0.007889659172591434,0.006747796991765323,0.014948120759093131,65.83913349508929,0.0022405869272001944,0.001479663051360426,0.0007609238758397683,92.46964003703098,0.006837651264281801,0.005754461365792579,0.023107942668499373,0,1,6,757.9403604360073,0.0,EURUSD=X
2019-06-26 00:00:00+01:00,1.1368545293807983,1.1389521360397339,1.1350866556167603,1.1369967460632324,0.0013679296106814398,0.007453720672214657,0.01565259965080279,67.03338768436632,0.003099803395494094,0.0018036911201871598,0.0012961122753069342,94.10172491869416,0.006603427352717413,0.005997782984402335,0.025490520777384125,0,2,6,826.1161153142979,0.0,EURUSD=X
2019-06-27 00:00:00+01:00,1.1374623775482178,1.1383039951324463,1.1348419189453125,1.1374752521514893,-0.002660493599308089,0.007582763649320497,0.015338090119183745,62.454023854362276,0.003495701231635673,0.0021420931424768626,0.0013536080891588102,81.00891276604504,0.006484834856131361,0.005807780343770811,0.02600100241662757,0,3,6,868.6619152551667,0.0,EURUSD=X
2019-06-28 00:00:00+01:00,1.1371389627456665,1.1393414735794067,1.1361312866210938,1.1372941732406616,0.00042085088626131473,0.007315292746572113,0.012125456946741275,62.88480772085294,0.0038042119737540236,0.002474516908732295,0.0013296950650217285,83.07449261043185,0.006268923522631535,0.0057010777543208555,0.025073302944586696,0,4,6,941.2614733407926,0.0,EURUSD=X
2019-07-01 00:00:00+01:00,1.1363636255264282,1.1367511749267578,1.1305694580078125,1.1364928483963013,-0.0001591937147512601,0.006736956384911006,0.006846541496063452,62.592135912531596,0.003988124784820579,0.002777238483949952,0.001210886300870627,82.2928245029023,0.006050442339465925,0.005512138961170053,0.02309472076395861,0,0,7,991.5970564658589,0.0,EURUSD=X
2019-07-02 00:00:00+01:00,1.1287063360214233,1.1321053504943848,1.1276754140853882,1.1287446022033691,-0.0007045888946014545,0.006348522162535916,-0.0017388119347041542,61.2339695042074,0.00402284395365804,0.00302635957789157,0.0009964843757664698,78.83372442468404,0.006098604688993295,0.005323783909422457,0.021778488091329463,0,1,7,1048.8664882938679,0.0,EURUSD=X
2019-07-03 00:00:00+01:00,1.1290887594223022,1.1305310726165771,1.127039909362793,1.1293054819107056,-0.006817681434481249,0.0062325175317253165,-0.009899027141677452,49.94817104655885,0.003386107492727941,0.003098309160858844,0.000287798331869097,45.38666584331646,0.006292806804844709,0.005402997876657391,0.02152730263819168,0,2,7,1029.5471345449932,0.0,EURUSD=X
2019-07-04 00:00:00+01:00,1.1287955045700073,1.1298158168792725,1.1274338960647583,1.1287955045700073,0.0004969057714576675,0.006136058725376429,-0.006764543679792623,50.65712065136189,0.0028933943163140796,0.0030573261919498913,-0.00016393187563581166,47.80783006051624,0.006092689408340386,0.00557228040210849,0.021183604770154914,0,3,7,1029.3644527893655,0.0,EURUSD=X
2019-07-05 00:00:00+01:00,1.128604531288147,1.1287955045700073,1.120824933052063,1.128579020500183,-0.00045158493327723814,0.005895985488913424,-0.007630713340852524,49.964142271727354,0.0024337103666884907,0.0029326030268976115,-0.0004988926602091208,45.606397431147336,0.005827634508781369,0.005397513884201087,0.020363992516893557,0,4,7,1019.5844863175303,0.0,EURUSD=X
2019-07-08 00:00:00+01:00,1.1227880716323853,1.123721718788147,1.1208375692367554,1.1227376461029053,-0.00019178324944402192,0.005874713627854886,-0.007663059343428369,49.653622065482,0.0020285551485434983,0.002751793451226789,-0.0007232383026832909,44.67189494051295,0.005980701438007296,0.005163692043644917,0.020294414312245716,0,0,7,966.2900215538524,0.0,EURUSD=X
2019-07-09 00:00:00+01:00,1.12147855758667,1.1222084760665894,1.1195324659347534,1.121604323387146,-0.005175866546490382,0.006126144954389855,-0.012103201804398389,42.058141013278195,0.0012220298245895211,0.0024458407258993358,-0.0012238109013098146,17.174758565947876,0.006106469282680184,0.005326891334557718,0.02127309980356859,0,1,7,833.294103572511,0.0,EURUSD=X
2019-07-10 00:00:00+01:00,1.1204607486724854,1.1262998580932617,1.1202598810195923,1.120824933052063,-0.0010094279101561243,0.006406601806161522,-0.006325858659509853,40.755531790171695,0.00048580298861522486,0.0020538331784425135,-0.0015680301898272886,9.476243961484357,0.00589923434592816,0.005444405977536878,0.022269468457526247,0,2,7,694.6164097251254,0.0,EURUSD=X
2019-07-11 00:00:00+01:00,1.1261261701583862,1.1287955045700073,1.1251758337020874,1.125885248184204,-0.0006948888470127423,0.006654112628526737,-0.007509525982548171,39.84165519620605,-0.0001587227128938551,0.00161132200017524,-0.001770044713069095,5.911475088056007,0.005909287397909679,0.005263296855704527,0.02314590456543094,0,3,7,582.2166453686453,0.0,EURUSD=X
2019-07-12 00:00:00+01:00,1.1250239610671997,1.1278001070022583,1.123974323272705,1.1252391338348389,0.004514813137107554,0.00669187948060773,-0.002578196293324009,47.99528422353007,-0.0002582123236161138,0.0012374151354169693,-0.001495627459033083,29.056301320567485,0.0060565219779121545,0.005248569876406153,0.023172653938906204,0,4,7,486.77303517070624,0.0,EURUSD=X
2019-07-15 00:00:00+01:00,1.1271796226501465,1.1285994052886963,1.1255683898925781,1.1272051334381104,-0.0005738722932974172,0.0067407251387367135,-0.0029593733399935207,47.11717047362344,-0.00038475931916126527,0.0009129802445013224,-0.0012977395636625875,26.10110901497225,0.005897183531600803,0.005382430983600258,0.02335519968568523,0,0,7,376.4722137050769,0.0,EURUSD=X
2019-07-16 00:00:00+01:00,1.1260881423950195,1.126633644104004,1.1209003925323486,1.1261768341064453,0.0017471838155604935,0.006545682842714746,0.00397910175249927,50.10832608884895,-0.0003226892268726189,0.0006658463502265342,-0.0009885355770991532,38.733225010531385,0.005715975526047704,0.005231686191504193,0.022639863010449183,0,1,7,275.6165096993489,0.0,EURUSD=X
2019-07-17 00:00:00+01:00,1.1213276386260986,1.1233429908752441,1.1201093196868896,1.1212271451950073,-0.0009122557209516602,0.006399326436628573,0.0040767591778629875,48.56116949741126,-0.000352411018894605,0.0004621948764023064,-0.0008146058952969114,33.5421556237588,0.005758030196027277,0.005075557721432792,0.022153863171091543,0,2,7,212.6011854502818,0.0,EURUSD=X
2019-07-18 00:00:00+01:00,1.1227755546569824,1.1247328519821167,1.1206239461898804,1.12296462059021,-0.004395125846612946,0.006297124923378576,0.00035885367204402385,41.86111675882929,-0.000766528221888052,0.0002164502567442347,-0.0009829784786322868,8.555094180658362,0.00578013621199359,0.005135471630974313,0.021896288135645252,0,3,7,126.52183830662275,0.0,EURUSD=X
2019-07-19 00:00:00+01:00,1.1261515617370605,1.1271415948867798,1.1215037107467651,1.1261515617370605,0.0015496194528008544,0.006340513720559343,-0.0025940721744995843,44.74316049613003,-0.0009436416317740726,-1.5568120959426747e-05,-0.0009280735108146459,19.932706087606704,0.005660762610582357,0.005147211324392085,0.022013047300546512,0,4,7,34.3155303225847,0.0,EURUSD=X
2019-07-22 00:00:00+01:00,1.1218056678771973,1.12271249294281,1.1208375692367554,1.1218308210372925,0.00283797110649453,0.006378299558588547,0.0008108746619148732,49.67136888630715,-0.0008174230251636327,-0.00017593910180026796,-0.0006414839233633648,52.64580113587879,0.005659128434113235,0.005026643662288913,0.02208156563624749,0,0,7,-42.004614153143564,0.0,EURUSD=X
2019-07-23 00:00:00+01:00,1.1204984188079834,1.121076226234436,1.1149640083312988,1.1206114292144775,-0.003836731081830025,0.006174904578783355,-0.004767821083661694,43.94847520064737,-0.0010538929131265196,-0.0003515298640655183,-0.0007023630490610013,20.89678419301345,0.00563447586741266,0.005044547117078281,0.02145975093555375,0,1,7,-145.56322377061542,0.0,EURUSD=X
2019-07-24 00:00:00+01:00,1.115100622177124,1.1155734062194824,1.1130032539367676,1.1151255369186401,-0.0010869658775174429,0.005741259835777806,-0.004941857018736839,42.46159621583774,-0.0013244245899814988,-0.0005461088092487144,-0.0007783157807327844,38.02513926123321,0.005722499927311302,0.005028037123771169,0.01997440948417381,0,2,7,-222.77184976376083,0.0,EURUSD=X
2019-07-25 00:00:00+01:00,1.114230990409851,1.1186933517456055,1.110383152961731,1.1142433881759644,-0.004895445604800708,0.0058797779140058425,-0.0054419020289648845,36.48167735150005,-0.001958907487584538,-0.0008286685449158792,-0.0011302389426686588,13.438762030571805,0.005857191023768349,0.005131709155476741,0.020556963040887305,0,3,7,-337.81773202742585,0.0,EURUSD=X
2019-07-26 00:00:00+01:00,1.1145166158676147,1.1153244972229004,1.1115680932998657,1.1146159172058105,-0.000791075725082413,0.0058324745216275795,-0.007766257506547136,35.61314006194719,-0.002504056580705516,-0.0011637461520738067,-0.0013403104286317093,20.965465446022765,0.006032405863775931,0.005256653156683004,0.02040772430400622,0,4,7,-486.7155244875227,0.0,EURUSD=X
2019-07-29 00:00:00+01:00,1.113089919090271,1.1144545078277588,1.1114444732666016,1.1132138967514038,0.0003343336238736949,0.005523451831429937,-0.010243420977418483,36.30280314130033,-0.002872914020733086,-0.0015055797258056627,-0.0013673342949274234,22.988721561112047,0.005869834296580127,0.0054120937720846,0.019320000098101933,0,0,7,-610.8918463115339,0.0,EURUSD=X
2019-07-30 00:00:00+01:00,1.1142184734344482,1.1158099174499512,1.1133253574371338,1.1143054962158203,-0.0012578507383255166,0.00517595680041395,-0.007681126355506218,34.79236616682826,-0.003241007219160652,-0.0018526652244766607,-0.0013883419946839914,15.374156706851231,0.005677092128196474,0.005272871919502225,0.01812732903118467,0,1,7,-712.8706187727767,0.0,EURUSD=X
2019-07-31 00:00:00+01:00,1.1157352924346924,1.1164453029632568,1.1127803325653076,1.1157974004745483,0.0009805837562772979,0.00530188002676551,-0.005627225311344075,36.990539115636494,-0.003405385611432221,-0.002163209301867773,-0.001242176309564448,21.30278270553045,0.005457015597507252,0.005094735821976891,0.01855014964468038,0,2,7,-782.826360907722,0.0,EURUSD=X
2019-08-01 00:00:00+01:00,1.1072235107421875,1.1072970628738403,1.1027547121047974,1.1071745157241821,0.001338864668436468,0.005185689485371043,0.0006025003765628423,39.96906153584865,-0.0033763519823282184,-0.002405837837959862,-0.0009705141443683563,29.722071343965343,0.005329012368967392,0.004890686781656226,0.018119364296225682,0,3,8,-819.9473412370786,0.0,EURUSD=X
2019-08-02 00:00:00+01:00,1.1081806421279907,1.1114197969436646,1.1070764064788818,1.1078859567642212,-0.007728002186327854,0.005773639984666665,-0.006344100873108216,30.882430501391738,-0.004002993341522876,-0.002725268938672465,-0.0012777244028504106,17.10139713377706,0.00587998922616622,0.004813163862863828,0.020330844235410678,0,4,8,-960.3261537601516,0.0,EURUSD=X
2019-08-05 00:00:00+01:00,1.1107407808303833,1.1199462413787842,1.1107407808303833,1.1108025312423706,0.0006425735328396964,0.006054636850249336,-0.006037918836167777,32.25095672937702,-0.004391580382239191,-0.0030585312273858105,-0.0013330491548533803,21.041002678763466,0.0057702321717816845,0.005307395756996305,0.021306633539878377,0,0,8,-1111.8115055601334,0.0,EURUSD=X
2019-08-06 00:00:00+01:00,1.1242650747299194,1.1249732971191406,1.1170687675476074,1.1243788003921509,0.002632558396775675,0.0062759939984071145,-0.002166129542642281,37.69713122501575,-0.004413321206398146,-0.003329489223188278,-0.0010838319832098685,33.00060614355826,0.006219521631980349,0.005194651623027904,0.022027613762569658,0,1,8,-1200.3717041909824,0.0,EURUSD=X
2019-08-07 00:00:00+01:00,1.1205862760543823,1.1240994930267334,1.1180930137634277,1.1206992864608765,0.012222036561796434,0.006374752139224106,0.00903998428666064,55.592385720525144,-0.0032970531312537243,-0.0033230020048013675,2.5948873547643105e-05,88.67098136597384,0.006787467649465325,0.005531518052289103,0.022104080254262297,0,2,8,-1166.6595292684328,0.0,EURUSD=X
2019-08-08 00:00:00+01:00,1.120485782623291,1.1228384971618652,1.1184431314468384,1.1204355955123901,-0.0032724860429519387,0.006372695494821476,0.004393168494785327,51.29230373839088,-0.002678433350302045,-0.003194088273901503,0.0005156549235994577,73.58289501984632,0.006751633290840884,0.0060564575452705756,0.022169498333943737,0,3,8,-1103.360400753642,0.0,EURUSD=X
2019-08-09 00:00:00+01:00,1.118730902671814,1.1219818592071533,1.1184055805206299,1.1187183856964111,-0.0002352914396145378,0.006165906289599386,0.011977406993995077,50.98792228044273,-0.0021842714511415284,-0.002992124909349508,0.0008078534582079797,79.57700004828767,0.006583328463997025,0.006025900388994043,0.021455162900855772,0,4,8,-1059.5295228248774,0.0,EURUSD=X
2019-08-12 00:00:00+01:00,1.1206867694854736,1.1230276823043823,1.1163331270217896,1.1208499670028687,-0.001532626973702711,0.005960001738477687,0.009777566784787028,48.950703151176135,-0.0019092009861092496,-0.0027755401247014566,0.000866339138592207,71.8482908848983,0.0063685391941774834,0.005884705702676774,0.02077052169066961,0,0,8,-1032.439819276232,0.0,EURUSD=X
2019-08-13 00:00:00+01:00,1.1218308210372925,1.1228259801864624,1.117817997932434,1.1218308210372925,0.00190537791611467,0.005612694066618156,0.00904520423559041,51.539067565701785,-0.001501891987792714,-0.002520810497319708,0.0010189185095269941,81.44197700434053,0.006391826057635719,0.005681883732580941,0.01952296075234365,0,1,8,-966.1280922275387,0.0,EURUSD=X
2019-08-14 00:00:00+01:00,1.1177555322647095,1.1191002130508423,1.1139951944351196,1.1177055835723877,0.0008750984193242051,0.005351839854169972,-0.002266121838983226,52.726851234732784,-0.0010874149067325867,-0.002234131379202284,0.0011467164724696974,85.85654271044034,0.006292980071663762,0.005697673782688164,0.018599340095404045,0,2,8,-896.790140135564,0.0,EURUSD=X
2019-08-15 00:00:00+01:00,1.114504098892212,1.1158995628356934,1.1095577478408813,1.1143302917480469,-0.0036772366987478655,0.005285234840568771,-0.002671281158697636,47.45834578152855,-0.0010793687303762844,-0.002003178849437084,0.0009238101190607996,67.28993524087497,0.006403169109557268,0.005630266292085853,0.01843565883974378,0,3,8,-835.6098496436001,0.0,EURUSD=X
2019-08-16 00:00:00+01:00,1.1111358404159546,1.1113580465316772,1.1067456007003784,1.1113580465316772,-0.003019839816450376,0.0051637872124294625,-0.0054490448079268505,43.618015659189176,-0.001330018296364921,-0.0018685467388226515,0.0005385284424577305,52.098635605178586,0.0065277881539822025,0.0057462039369966635,0.01806659026416728,0,4,8,-745.3085823783942,0.0,EURUSD=X
2019-08-19 00:00:00+01:00,1.109385371208191,1.1110000610351562,1.108819603919983,1.109385371208191,-0.002667292846995184,0.004838516482677251,-0.006579260034375922,40.509381814878424,-0.0017483414402958974,-0.0018445056791173008,9.616423882140334e-05,38.72134261171888,0.0066032812178169345,0.005873703955583085,0.01697383673526288,0,0,8,-694.3059715668265,1.0,EURUSD=X
2019-08-20 00:00:00+01:00,1.1082541942596436,1.1099001169204712,1.1068925857543945,1.1083157062530518,-0.0017750133088455522,0.004889213679982068,-0.010228483857954607,38.545854259105894,-0.00221352778752526,-0.0019183101007988928,-0.00029521768672636736,29.842850474560446,0.006312935603093892,0.005952197846836166,0.017182184472006673,0,1,8,-676.4441610078164,1.0,EURUSD=X
2019-08-21 00:00:00+01:00,1.1098532676696777,1.1107407808303833,1.1088809967041016,1.1097793579101562,-0.000964196016010388,0.005007238708623119,-0.012047373392490734,37.48485742762543,-0.002638094035621652,-0.002062266887763445,-0.0005758271478582071,25.028570202218013,0.00607683528616409,0.0056959723366516255,0.017613943627421056,0,2,8,-754.2083138832057,0.0,EURUSD=X
2019-08-22 00:00:00+01:00,1.1090408563613892,1.1114000082015991,1.1064517498016357,1.10907781124115,0.0013206089644373087,0.00514430420739508,-0.007091514776993213,39.921706570422224,-0.002823909123043533,-0.0022145953348194627,-0.0006093137882240704,16.643667636767926,0.005815995235533194,0.005475714828222682,0.018072232033954982,0,3,8,-809.540800643445,0.0,EURUSD=X
2019-08-23 00:00:00+01:00,1.1083279848098755,1.1149004697799683,1.105299711227417,1.1084016561508179,-0.000632149682732841,0.0053005620364035035,-0.004713575988908425,39.13429026847719,-0.0029932732805393325,-0.002370330923963437,-0.0006229423565758956,14.178412821007917,0.005754014032992492,0.005243992059515296,0.018632953452710696,0,4,8,-816.9251123856707,0.0,EURUSD=X
2019-08-26 00:00:00+01:00,1.1143054962158203,1.1152499914169312,1.110839605331421,1.1143054962158203,-0.000609655232012396,0.005474723302039924,-0.0026601601437858946,38.34918856257822,-0.0031457929179139477,-0.0025254233227535393,-0.0006203695951604083,15.76705406158731,0.006028781498675263,0.00519127159460826,0.019256918942190917,0,0,8,-803.7695411928876,0.0,EURUSD=X
2019-08-27 00:00:00+01:00,1.110111951828003,1.1118524074554443,1.1088809967041016,1.1103708744049072,0.0053264446441778635,0.005469579615841974,0.004435000798929778,48.133463587842385,-0.0027584772677324843,-0.0025720341117493285,-0.00018644315598315576,47.903667630497644,0.006087321053492264,0.0054103488847080045,0.019136894809983086,0,1,8,-754.2617329841332,0.0,EURUSD=X
2019-08-28 00:00:00+01:00,1.109004020690918,1.1100010871887207,1.107444167137146,1.109004020690918,-0.0035310081699094775,0.005538819504232649,0.001854316545601975,43.211460372098955,-0.0027374621618485584,-0.0026051197217691747,-0.00013234244007938366,28.60543462911783,0.006039976657651299,0.00548224128875382,0.019447820855245677,0,2,8,-798.1565950531582,0.0,EURUSD=X
2019-08-29 00:00:00+01:00,1.1085368394851685,1.1090162992477417,1.1056197881698608,1.1085859537124634,-0.0012309884431378482,0.005635427677707845,-0.0006986408728112403,41.61927716866746,-0.002798837948817745,-0.002643863367178889,-0.000154974581638856,20.89528151540215,0.005817600272659151,0.005446307267568198,0.019811417666616767,0,3,8,-832.8407603694202,0.0,EURUSD=X
2019-08-30 00:00:00+01:00,1.1059622764587402,1.106096863746643,1.0987199544906616,1.1061947345733643,-0.0003769751693002421,0.005557169084639251,-0.00044348333696808684,41.12021121565496,-0.0028483788747948324,-0.002684766468702078,-0.00016361240609275452,18.53704787073087,0.005644665330174987,0.0052477665382436155,0.019543666064294325,0,4,8,-833.0728432367317,0.0,EURUSD=X
2019-09-02 00:00:00+01:00,1.0990943908691406,1.0997470617294312,1.0958784818649292,1.0991789102554321,-0.0021569993116828945,0.0056639164549144175,-0.0019910846985898845,38.291891960522165,-0.0030454853563883777,-0.002756910246239338,-0.00028857511014903975,31.00793211219686,0.0059461891795768995,0.005102777254089909,0.019962137640628694,0,0,9,-826.2680666845572,0.0,EURUSD=X
2019-09-03 00:00:00+01:00,1.0967316627502441,1.0977309942245483,1.0930395126342773,1.0968520641326904,-0.006342304929373932,0.006512525289536315,-0.013574900251105304,31.45567143479836,-0.0037248740228121857,-0.0029505030015539078,-0.000774371021258278,14.212671588003984,0.006258336574495339,0.005409664545142244,0.023099513307702473,0,1,9,-881.2345340621166,0.0,EURUSD=X
2019-09-04 00:00:00+01:00,1.0973576307296753,1.103499412536621,1.0972732305526733,1.0974539518356323,-0.0021168948030498846,0.006910101365178843,-0.01217504041562878,29.570129860562318,-0.004400327238231139,-0.003240467848889354,-0.0011598593893417846,16.677791451993073,0.006249840934971014,0.005705725301655852,0.024561684883708634,0,2,9,-991.80643327891,0.0,EURUSD=X
2019-09-05 00:00:00+01:00,1.1037527322769165,1.1082788705825806,1.1018311977386475,1.10349702835083,0.0005487410040276863,0.007274301097013441,-0.010414812426099096,30.726866457336868,-0.004831368462176799,-0.0035586479715468433,-0.0012727204906299561,19.875479698360305,0.006278234325610989,0.00569485482695411,0.025842037992105982,0,3,9,-1081.3302568732543,0.0,EURUSD=X
2019-09-06 00:00:00+01:00,1.1036310195922852,1.10574209690094,1.1021226644515991,1.1036310195922852,0.0055064510953648504,0.007052394813196993,-0.004590465308162539,41.173531539867305,-0.004631951710925675,-0.0037733087194226096,-0.0008586429915030652,47.08370233207203,0.00660299749856365,0.005689398488905561,0.024916511822549333,0,4,9,-1122.0986997802042,0.0,EURUSD=X
2019-09-09 00:00:00+01:00,1.102074146270752,1.106525182723999,1.1016126871109009,1.1020619869232178,0.00012142419781158154,0.0068476407358619065,-0.002317598250065722,41.38460204881866,-0.004412238981015282,-0.003901094771741144,-0.0005111442092741378,47.686981724498835,0.006389885709333448,0.005982975633471228,0.024190166754913638,0,0,9,-1141.3407282249843,0.0,EURUSD=X
2019-09-10 00:00:00+01:00,1.1047282218933105,1.1059499979019165,1.1031805276870728,1.1048381328582764,-0.0014217004063976635,0.006412087882583363,0.002622936667439957,39.593110906181806,-0.00431498245134132,-0.00398387230766118,-0.0003311101436801406,40.62260150819848,0.006284357845316641,0.005798118241218895,0.02268377011600393,0,1,9,-1214.228087775869,0.0,EURUSD=X
2019-09-11 00:00:00+01:00,1.1049723625183105,1.1058276891708374,1.0986233949661255,1.1050333976745605,0.0025190469937259596,0.005561592781420478,0.007280898661480517,44.196055716062304,-0.003968151791377439,-0.003980728204404432,1.2576413026993069e-05,53.12186351072109,0.006113190211986791,0.00568803488802352,0.01962557209347615,0,2,9,-1216.2652108031484,0.0,EURUSD=X
2019-09-12 00:00:00+01:00,1.1014429330825806,1.1077508926391602,1.0929558277130127,1.1013457775115967,0.00017673613036772728,0.004996884719485578,0.00690639076587285,44.51629979005171,-0.003635620584792054,-0.003911706680481956,0.0002760860956899022,54.00101977833239,0.006191126211467157,0.005532131630456987,0.017629732396518136,0,3,9,-1214.9353869422857,0.0,EURUSD=X
2019-09-13 00:00:00+01:00,1.1057665348052979,1.110913634300232,1.1057665348052979,1.1058276891708374,-0.003337111955823313,0.004775931614769411,-0.001949484941022872,39.863652207667194,-0.0036278279933754654,-0.0038549309430606585,0.0002271029496851932,37.63294245977638,0.006805693262515749,0.005621419120029238,0.016906597075880905,0,4,9,-1222.1142729817718,1.0,EURUSD=X
2019-09-16 00:00:00+01:00,1.1084139347076416,1.1084262132644653,1.099493145942688,1.1083402633666992,0.004069486396331534,0.004602275747564323,0.0019904021720626996,47.10028046222969,-0.0032228485031424725,-0.0037285144550770217,0.0005056659519345492,68.11741401498902,0.007002990657238571,0.006154388544583052,0.016225831806850936,0,0,9,-1175.456017611683,1.0,EURUSD=X
2019-09-17 00:00:00+01:00,1.1004005670547485,1.1068068742752075,1.0992876291275024,1.100594401359558,0.0022721208923117686,0.004563485136871537,0.005696845112142412,50.68317950113032,-0.0026683959922855216,-0.003516490762518722,0.0008480947702332003,85.66990394381344,0.007140853276134197,0.00631844830392271,0.016052597778796973,0,1,9,-1076.786527032486,1.0,EURUSD=X
2019-09-18 00:00:00+01:00,1.1074320077896118,1.1077877283096313,1.1037527322769165,1.1074687242507935,-0.006988703977614419,0.004647900264883249,-0.0038410436538242054,41.378673698155204,-0.0028214903277417047,-0.0033774906755633187,0.000556000347821614,42.536228516804854,0.0072774090592100955,0.006488178812569954,0.01646460420334254,0,2,9,-1002.5456684873415,1.0,EURUSD=X
2019-09-19 00:00:00+01:00,1.1031439304351807,1.107499361038208,1.102353572845459,1.1031439304351807,0.0062460093225473745,0.004556387879840494,0.0022038488441686876,50.128968166992074,-0.002360903262171643,-0.0031741731928849838,0.0008132699307133407,80.81664354325848,0.007271403194271749,0.006571209551884446,0.016040245524776925,0,3,9,-895.2765675483782,1.0,EURUSD=X
2019-09-20 00:00:00+01:00,1.1046061515808105,1.1068999767303467,1.0998800992965698,1.1048502922058105,-0.0039051159828811244,0.004476449089813382,0.0016326869910436859,45.52495346181044,-0.0023181373668916816,-0.0030029660276863234,0.0006848286607946418,56.733558592946146,0.00711957355130584,0.006591527173977419,0.015820611425095422,0,4,9,-858.6464608389349,1.0,EURUSD=X
2019-09-23 00:00:00+01:00,1.1019526720046997,1.102803349494934,1.0968279838562012,1.1019041538238525,0.0015468169869337078,0.00439604785495106,-0.0008838600937545182,47.57097457204832,-0.0021220937764436787,-0.0028267915774377946,0.0007046978009941159,66.23561978478635,0.0071124524000537705,0.006443926024666889,0.01551246342582868,0,0,9,-796.7164383325293,1.0,EURUSD=X
2019-09-24 00:00:00+01:00,1.0993722677230835,1.1013944149017334,1.0985147953033447,1.0993722677230835,-0.0026665498509088614,0.0037925020650494213,-0.005806979819804048,44.46567099550889,-0.0021793345519875995,-0.0026973001723477556,0.000517965620360156,49.82972763059194,0.007177442110736314,0.006454692429801611,0.013418494721895238,0,1,9,-742.0414196548583,1.0,EURUSD=X
2019-09-25 00:00:00+01:00,1.1015641689300537,1.1019283533096313,1.094834566116333,1.1016855239868164,-0.002297737141640499,0.0036146833404918873,-0.0011104305409558313,41.93236815096622,-0.0024013194120677817,-0.002638104020291761,0.0002367846082239793,35.73064437968415,0.006906864711434278,0.006528673063221394,0.012818797117503984,0,2,9,-712.2556982414844,1.0,EURUSD=X
2019-09-26 00:00:00+01:00,1.0951822996139526,1.0967316627502441,1.092514157295227,1.0952903032302856,0.0021041610122873866,0.003387063386641356,-0.00522199872315976,45.01465786988309,-0.002363340447649742,-0.0025831513057633575,0.0002198108581136153,48.612263593576785,0.006920216317281712,0.006269361411266879,0.01198636436392752,0,3,9,-677.1870364898324,1.0,EURUSD=X
2019-09-27 00:00:00+01:00,1.0923112630844116,1.0958423614501953,1.0905839204788208,1.0922753810882568,-0.005804942170237082,0.003552929558551516,-0.007119313253889592,38.871555654625745,-0.0028168122544225405,-0.0026298834954951943,-0.00018692875892734615,15.088178508027418,0.007081012772589401,0.006318157201677272,0.012646756253264634,0,4,9,-697.9534584403847,1.0,EURUSD=X
2019-09-30 00:00:00+01:00,1.0941636562347412,1.0948106050491333,1.088767170906067,1.0942714214324951,-0.002752623786713926,0.004097811737641653,-0.011381552058467692,36.35284956923011,-0.0033805026185869114,-0.002780007320113538,-0.0006004952984733736,8.320139792890734,0.006950829072502622,0.00648280909300953,0.014626541607389982,0,0,9,-768.1392255859371,1.0,EURUSD=X
2019-10-01 00:00:00+01:00,1.0899182558059692,1.0937328338623047,1.0881510972976685,1.0899657011032104,0.0018274149347297097,0.004394910360625614,-0.006926856900275946,39.163381560465105,-0.003624387832353637,-0.002948883422561558,-0.0006755044097920791,24.8538578303136,0.006886015148971464,0.006352015538707382,0.0156583774774314,0,1,10,-812.7828427730908,1.0,EURUSD=X
2019-10-02 00:00:00+01:00,1.0935415029525757,1.0957943201065063,1.090524435043335,1.0934937000274658,-0.003934782765000033,0.005004600652589622,-0.008556306990856744,35.519702825151285,-0.004117638691830683,-0.003182634476415383,-0.0009350042154152999,7.971887339876195,0.006831322933675407,0.006317643887327622,0.01790104524915468,0,2,10,-854.5942978265998,1.0,EURUSD=X
2019-10-03 00:00:00+01:00,1.0962027311325073,1.0998317003250122,1.0941877365112305,1.0963709354400635,0.003236798112715489,0.0052314314922169885,-0.007435718978775152,40.411720840693285,-0.004175728326331285,-0.0033812532463985637,-0.0007944750799327212,23.471033695390318,0.006759701224362585,0.006247244893595474,0.01865202767325134,0,3,10,-912.4424832896526,1.0,EURUSD=X
2019-10-04 00:00:00+01:00,1.0974900722503662,1.0992271900177002,1.0959144830703735,1.0975382328033447,0.002631231814618884,0.005290773730067637,0.0009866171613048813,44.134251436780076,-0.0039441304477829675,-0.003493828686675445,-0.00045030176110752267,40.54150987770461,0.006729579729589999,0.0061655239170029285,0.01881410088682743,0,4,10,-937.3144431000109,1.0,EURUSD=X
2019-10-07 00:00:00+01:00,1.098659634590149,1.1001100540161133,1.0963709354400635,1.098659634590149,0.0010646919993484438,0.005281753616836844,0.004818246209892907,45.61854247938059,-0.0036246140245244085,-0.0035199857542452377,-0.00010462827027917085,47.80420582307375,0.0064855173879997605,0.006131521917374331,0.018762049373630865,0,0,10,-985.73055587165,1.0,EURUSD=X
2019-10-08 00:00:00+01:00,1.0972732305526733,1.0998003482818604,1.094666838645935,1.0972130298614502,0.0010217427997381012,0.005276249571510125,0.0040101688408431535,47.0733719590612,-0.003243517948955388,-0.003464692193187268,0.00022117424423188014,53.51497049610257,0.00628934604428905,0.005903117930075914,0.018723367225402892,0,1,10,-1018.3646727197748,0.0,EURUSD=X
2019-10-09 00:00:00+01:00,1.0960224866867065,1.0991994142532349,1.095554232597351,1.0960105657577515,-0.0013166996248463736,0.005191697517906143,0.006649134693783809,45.38657810468329,-0.003023373902876436,-0.0033764285351251017,0.00035305463224866553,46.83589538215089,0.006206786300834496,0.0057321102403270156,0.01844761468568271,0,2,10,-992.3010264482157,1.0,EURUSD=X
2019-10-10 00:00:00+01:00,1.098587155342102,1.1033873558044434,1.0980443954467773,1.0987803936004639,-0.0010959258329721333,0.005097980589896292,0.002301673736412324,43.9759615729826,-0.0029123650328488626,-0.003283615834669854,0.0003712508018209916,41.9196703904576,0.006023814540480873,0.005663071593240796,0.018134485172300527,0,3,10,-1027.2866732289453,1.0,EURUSD=X
2019-10-11 00:00:00+01:00,1.1014429330825806,1.1061996221542358,1.1003884077072144,1.1011033058166504,0.002527190822104286,0.005075521500684709,0.0021976669414656147,47.98615934085768,-0.002571247998703896,-0.0031411422674766628,0.0005698942687727667,69.76316592468567,0.006120455648067374,0.005482273414746823,0.01800908154093555,0,4,10,-965.0792815042021,0.0,EURUSD=X
2019-10-14 00:00:00+01:00,1.1028155088424683,1.1043000221252441,1.1015156507492065,1.1030004024505615,0.0021140823313881008,0.004853604448832834,0.0032482449419550807,51.14457223963988,-0.0020893855530117467,-0.0029307909245836795,0.0008414053715719329,71.76325279718894,0.006213225141331989,0.0055584754089245455,0.01718533915716033,0,0,10,-885.2300295226449,0.0,EURUSD=X
2019-10-15 00:00:00+01:00,1.1025844812393188,1.1045451164245605,1.0992755889892578,1.1029006242752075,0.0017229052205089967,0.0044369171296910195,0.003950966908902398,53.621471187872764,-0.001536711990256956,-0.002651975137718335,0.001115263147461379,82.27434247896329,0.005997760224707828,0.0056330216448950724,0.015682938534556684,0,1,10,-795.1451345825202,1.0,EURUSD=X
2019-10-16 00:00:00+01:00,1.103399634361267,1.1076282262802124,1.102353572845459,1.1034727096557617,-9.046068807616603e-05,0.0045193233723775095,0.005183673779808773,53.46793185753341,-0.0010941527628818282,-0.002340410662751034,0.0012462578998692058,81.72150962338675,0.005945743596893179,0.005438169217330322,0.015975660732697232,0,2,10,-647.0674629995052,0.0,EURUSD=X
2019-10-17 00:00:00+01:00,1.1074295043945312,1.1139951944351196,1.1065863370895386,1.107493281364441,0.0005187098166075099,0.00419065444596717,0.006808459818862467,54.27634219413363,-0.0006893129075109528,-0.0020101911117030176,0.0013208782041920649,78.66463466882108,0.005897808585311768,0.005388210822855789,0.014806146703072835,0,3,10,-548.3455173679048,1.0,EURUSD=X
2019-10-18 00:00:00+01:00,1.1127183437347412,1.1161960363388062,1.1115063428878784,1.1127183437347412,0.003643562431130176,0.0045391326504871455,0.007929598866818877,59.589853115941665,-4.3545899818475675e-05,-0.0016168620693261092,0.0015733161695076336,74.841786748833,0.0062281425991722065,0.005325367372021994,0.015979146128489316,0,4,10,-414.32193723990343,1.0,EURUSD=X
2019-10-21 00:00:00+01:00,1.1156107187271118,1.118067979812622,1.1140000820159912,1.1155734062194824,0.00471791789460152,0.005359515110209177,0.010548545133534315,65.24278701081849,0.0008797072542643392,-0.0011175482046080197,0.001997255458872359,87.5995715342305,0.006404900625971708,0.005597231890927577,0.018778549616346743,0,0,10,-235.7767834037678,0.0,EURUSD=X
2019-10-22 00:00:00+01:00,1.115200161933899,1.116071343421936,1.1124708652496338,1.1151753664016724,0.0025658447178631416,0.006480145576301889,0.011398911315886329,67.88630673228079,0.0018207828608982624,-0.0005298819915067633,0.0023506648524050256,90.94316430933296,0.006329524586822362,0.0057413529134555065,0.022646881291543304,0,1,10,-45.53435277790226,0.0,EURUSD=X
2019-10-23 00:00:00+01:00,1.1129660606384277,1.1133378744125366,1.1108025312423706,1.112928867340088,-0.0003568028922085187,0.007325895813535453,0.011129508730246096,67.11985605798998,0.002505590682784442,7.721254335147783e-05,0.0024283781394329644,87.8870019268977,0.006134592700070925,0.005675810977824761,0.025611756513749372,0,2,10,158.13288727688058,0.0,EURUSD=X
2019-10-24 00:00:00+01:00,1.1132633686065674,1.1165698766708374,1.109385371208191,1.1132385730743408,-0.002014480528594542,0.007824027008077291,0.008569453146943795,62.80969852555,0.002834359385243568,0.0006286419117298958,0.002205717473513672,78.03905187388884,0.0060087528757302704,0.005512115715654558,0.027408465871936794,0,3,10,348.25796055855875,0.0,EURUSD=X
2019-10-25 00:00:00+01:00,1.1104449033737183,1.1125946044921875,1.1080454587936401,1.1103955507278442,0.00027827990030759864,0.00813234415522694,0.005187653782261936,63.16091802089934,0.003084347180669189,0.0011197829655177544,0.0019645642151514347,79.36251611029887,0.006092735203367143,0.005397542827802296,0.02848061069364787,0,4,10,512.4073988652009,0.0,EURUSD=X
2019-10-28 00:00:00+00:00,1.1084753274917603,1.1106668710708618,1.107714056968689,1.1084262132644653,-0.0025538302527958745,0.007987187829173821,-0.0020874941264118485,57.76768040194163,0.003018263503510976,0.001499479073116399,0.0015187844303945772,67.21344044665645,0.006028476566033824,0.005486995331864816,0.028043872154670996,0,0,10,642.712568581534,0.0,EURUSD=X
2019-10-29 00:00:00+00:00,1.1102476119995117,1.1118770837783813,1.1075055599212646,1.1099148988723755,-0.001773545888299033,0.0077964757511151525,-0.006406743756323441,54.30834821148575,0.0027749942322654597,0.0017545821049462112,0.0010204121273192485,57.17387045361884,0.005808786390043755,0.005438771200005406,0.02742289738406928,0,1,10,746.3530300998106,0.0,EURUSD=X
2019-10-30 00:00:00+00:00,1.111222267150879,1.1125946044921875,1.1103339195251465,1.1114816665649414,0.0013430624340124986,0.007196840614651546,-0.004717166185503885,56.43227597679811,0.0026715303305557825,0.0019379717500681256,0.0007335585804876569,59.28260998987915,0.005706124780548966,0.005233542135478338,0.025279821173548662,0,2,10,860.3840049270293,0.0,EURUSD=X
2019-10-31 00:00:00+00:00,1.1154240369796753,1.1176930665969849,1.113374948501587,1.1154489517211914,0.0014116106506523174,0.0068348692077117084,-0.0013003533447787374,58.61277307662032,0.0026850083963663174,0.002087379079327764,0.0005976293170385535,64.95223354182261,0.005489951983353469,0.005133800180603851,0.023974507738707906,0,3,10,984.5843537573068,0.0,EURUSD=X
2019-11-01 00:00:00+00:00,1.1156107187271118,1.1174432039260864,1.1130775213241577,1.1157102584838867,0.0035693662573050844,0.006807370208008789,0.0019855390392613526,63.58292026665482,0.0029814483362164967,0.0022661929307055107,0.000715255405510986,86.06335874957182,0.005541483986831325,0.0049217420258293385,0.02379312378000254,0,4,11,1083.388033105301,0.0,EURUSD=X
2019-11-04 00:00:00+00:00,1.1169440746307373,1.1177005767822266,1.1141999959945679,1.1166571378707886,0.0002342615162191919,0.006750404933444642,0.004786319390922333,63.8905060369867,0.0032005702150468274,0.002453068387573774,0.0007475018274730534,87.45385113104376,0.005457498173623995,0.004966776942932766,0.023588492847551778,0,0,11,1128.1378773921351,0.0,EURUSD=X
2019-11-05 00:00:00+00:00,1.1128298044204712,1.1138995885849,1.1064640283584595,1.1128545999526978,0.0008486785701768973,0.006711866979108726,0.007425775850322003,65.04270540747419,0.003411307704082045,0.002644716250875428,0.0007665914532066168,91.02198419080275,0.005317718360340759,0.004887353502284689,0.023433938635748545,0,1,11,1137.904150432903,0.0,EURUSD=X
2019-11-06 00:00:00+00:00,1.107444167137146,1.1095085144042969,1.1067456007003784,1.107419729232788,-0.0034052868952607618,0.006236369477926516,0.0026485824123172463,57.15542526754277,0.0032342037638022347,0.0027626137534607896,0.0004715900103414452,55.072374436260155,0.005665960585482783,0.004778448469878086,0.021848177025885308,0,2,11,1108.8860747129017,0.0,EURUSD=X
2019-11-07 00:00:00+00:00,1.1070642471313477,1.109139323234558,1.1038014888763428,1.1070396900177002,-0.0048837204070870666,0.005440922620987556,-0.0036545248152466403,48.165342852131545,0.002625039151866071,0.002735098833141846,-0.00011005968127577497,8.235995109974214,0.005697606204542537,0.005116362329401624,0.019154996947552662,0,3,11,1059.9740525643845,0.0,EURUSD=X
2019-11-08 00:00:00+00:00,1.103460431098938,1.103813648223877,1.1017802953720093,1.1019697189331055,-0.0003431754059061154,0.004846726295315252,-0.007538903228619609,47.6015094312845,0.0020875419355914637,0.0026055874536317697,-0.0005180455180403059,22.697951134730438,0.005671908215519166,0.005146704545391177,0.01706896143723987,0,4,11,1001.9969542913124,0.0,EURUSD=X
2019-11-11 00:00:00+00:00,1.102280616760254,1.1043622493743896,1.101722002029419,1.102244257926941,-0.004579755477885028,0.004764811649782927,-0.012315508839591538,40.74838911142373,0.0012381940934647062,0.002332108781598357,-0.0010939146881336508,1.1898254573227804,0.005642442960531434,0.005147063588108881,0.01685768254581349,0,0,11,897.5235064368428,0.0,EURUSD=X
2019-11-12 00:00:00+00:00,1.1034847497940063,1.1041183471679688,1.1003884077072144,1.1035456657409668,0.0002491347893853746,0.0048274576456303776,-0.012907166806213843,41.24169931494498,0.0005805406999281892,0.0019817951652643237,-0.0014012544653361344,3.2684761037914623,0.00542800041656281,0.005119049539113523,0.01707506717929441,0,1,11,791.224482361563,0.0,EURUSD=X
2019-11-13 00:00:00+00:00,1.1012123823165894,1.1020498275756836,1.1001100540161133,1.1012367010116577,0.001180689130078516,0.004778358336565014,-0.008364915068084011,43.63725424644433,0.00016248535169594014,0.001617933202550647,-0.001455447850854707,18.237218109829573,0.00530671034829078,0.004918691255896713,0.016881467603257195,0,2,11,690.2367943294474,0.0,EURUSD=X
2019-11-14 00:00:00+00:00,1.1008729934692383,1.1017826795578003,1.0990822315216064,1.1013215780258179,-0.002092314619131508,0.004966152132235635,-0.005583274397155558,40.483663819333444,-0.00035109349329354167,0.0012241278633818094,-0.001575221356675351,6.404852263486039,0.005173060446616689,0.0048188644125424975,0.01758171098855254,0,3,11,568.9185043445233,0.0,EURUSD=X
2019-11-15 00:00:00+00:00,1.102292776107788,1.1055831909179688,1.1015278100967407,1.1020498275756836,7.707426939385087e-05,0.005314461716750164,-0.0051652276277383,40.6534494108089,-0.0007426981998532867,0.0008307626507347902,-0.001573460850588077,12.027634426502415,0.004996445274443629,0.004697138919124509,0.018813384370213432,0,4,11,411.6443950216669,0.0,EURUSD=X
2019-11-18 00:00:00+00:00,1.1053999662399292,1.1090999841690063,1.1053999662399292,1.105509877204895,0.0006612505960077453,0.00553333725123802,7.269586559566221e-05,42.177626308562026,-0.000982953225802774,0.00046801947542727743,-0.0014509727012300515,15.939096694881613,0.004943957247137004,0.004533774380632982,0.019575267425767585,0,0,11,276.66025150454004,0.0,EURUSD=X
2019-11-19 00:00:00+00:00,1.1072235107421875,1.1085245609283447,1.1064271926879883,1.1072357892990112,0.0031396489910286984,0.00538178334928561,0.002962700195051182,48.89350409836747,-0.0008839701192928651,0.00019762155648324895,-0.0010815916757761141,34.52318448989,0.005094400057578843,0.004472105902515326,0.01897952667647912,0,1,11,175.8943723540515,0.0,EURUSD=X
2019-11-20 00:00:00+00:00,1.108033299446106,1.1082788705825806,1.1053632497787476,1.1080001592636108,0.0015611910211783542,0.005169861100515711,0.0033438793450986104,51.894872238580504,-0.0006586659215643831,2.6364060873722543e-05,-0.0006850299824381057,43.79313877399444,0.004945848890855334,0.004601007397714355,0.018203737063035495,0,2,11,87.6987675416006,0.0,EURUSD=X
2019-11-21 00:00:00+00:00,1.107898235321045,1.1096439361572266,1.106378197669983,1.1078859567642212,0.000690340731384298,0.005055382664682523,0.0061416934667541945,53.20558289401479,-0.0004136639925889085,-6.164154981880367e-05,-0.0003520224427701048,47.898605473101895,0.004800832598925169,0.004463761895253156,0.017788363929377198,0,3,11,54.74838752336346,0.0,EURUSD=X
2019-11-22 00:00:00+00:00,1.1065618991851807,1.1078613996505737,1.102864146232605,1.1065863370895386,-0.00010307083300920006,0.004907723310307502,0.005960455937102704,52.97334689051653,-0.00022610696564973054,-9.453463298498905e-05,-0.0001315723326647415,47.285218527103,0.004691183019519346,0.004333327423832375,0.017270575374563713,0,4,11,3.718296611440053,0.0,EURUSD=X
2019-11-25 00:00:00+00:00,1.1024142503738403,1.1033873558044434,1.100618600845337,1.1022562980651855,-0.0011730626846091496,0.004876217526937956,0.004116428677126693,50.2835256628684,-0.000180257223827196,-0.00011167915115343044,-6.857807267376556e-05,50.64402197961334,0.004714799270383408,0.0042393285207711386,0.017179857665917238,0,0,11,-7.124743541205447,0.0,EURUSD=X
2019-11-26 00:00:00+00:00,1.1012003421783447,1.102657437324524,1.1008002758026123,1.1014429330825806,-0.003912969895997098,0.0050161536267318224,-0.002943057503869251,42.53419129550117,-0.00048769706652040945,-0.00018688273422682626,-0.0003008143322935832,30.05259712408858,0.004804294768513283,0.004277407422084499,0.017742304720796128,0,1,11,-55.57736440861212,0.0,EURUSD=X
2019-11-27 00:00:00+00:00,1.1022076606750488,1.1022076606750488,1.09933602809906,1.1022562980651855,-0.0007379091269722471,0.005141501282958136,-0.005231818075622452,41.248245956926674,-0.0007878947530943758,-0.0003070851380003362,-0.0004808096150940396,22.351520350346508,0.0045937852508988785,0.004361819050459223,0.018199092889293306,0,2,11,-112.27710484176257,0.0,EURUSD=X
2019-11-28 00:00:00+00:00,1.1006064414978027,1.1019283533096313,1.100158452987671,1.1004853248596191,0.0007384540389474559,0.005122127968174716,-0.0051839895061411845,43.10081770639747,-0.0009492296969193514,-0.0004355140497841393,-0.0005137156471352122,30.05259712408858,0.004470774345548156,0.004167619871133827,0.018117139544124642,0,3,11,-126.08808468597705,0.0,EURUSD=X
2019-11-29 00:00:00+00:00,1.1011276245117188,1.102669596672058,1.0982855558395386,1.101176142692566,-0.001606680051341125,0.0048198998483578205,-0.006679958220805471,40.13344661845559,-0.001206088501819691,-0.0005896289401912496,-0.0006164595616284413,13.284724260141312,0.004301279397831477,0.004062547900053515,0.017075583480592894,0,4,11,-173.6203796045245,0.0,EURUSD=X
2019-12-02 00:00:00+00:00,1.1017705202102661,1.1089179515838623,1.1003763675689697,1.1019041538238525,0.000627739250439241,0.0042960878495783865,-0.004889084760618112,41.8162157935698,-0.0013384785816425993,-0.0007393988684815196,-0.0005990797131610796,25.448935254667774,0.004307190928880623,0.003906077539342712,0.015210313094755833,0,0,12,-210.22361874496465,0.0,EURUSD=X
2019-12-03 00:00:00+00:00,1.1076037883758545,1.1092623472213745,1.1066476106643677,1.1079105138778687,0.0006611214165124224,0.0033424333688386017,-0.0003194758260407493,43.614935677149944,-0.0013688747239464227,-0.0008652940395745003,-0.0005035806843719224,31.858397791794797,0.004609647577881478,0.003908861686321549,0.011826077810576935,0,1,12,-263.53412850268796,1.0,EURUSD=X
2019-12-04 00:00:00+00:00,1.1081806421279907,1.1113457679748535,1.1067945957183838,1.1085245609283447,0.00545089156182299,0.002810854284262859,0.005871916375356223,55.76515478791287,-0.0008979498200301084,-0.000871825195665622,-2.612462436448642e-05,84.73882515926574,0.00480597227928437,0.004160667779699061,0.009891347107463228,0,2,12,-287.70324992166866,1.0,EURUSD=X
2019-12-05 00:00:00+00:00,1.1082665920257568,1.1104941368103027,1.1079963445663452,1.108303427696228,0.0005542388512289609,0.0028918305365884,0.005686756223722167,56.79027893319403,-0.0004697747052992973,-0.0007914150975923571,0.0003216403922930598,78.39845924952309,0.004787772277654753,0.0043354675653370835,0.010170664147147512,0,3,12,-281.41059777755447,1.0,EURUSD=X
2019-12-06 00:00:00+00:00,1.1104201078414917,1.1112345457077026,1.1042280197143555,1.1105434894561768,-0.00019948428741312085,0.002973721696300934,0.007104231796644989,56.28441103056861,-0.00014659657175841723,-0.0006624513924255691,0.0005158548206671519,76.7052767052767,0.004624202275247809,0.004319911098359448,0.010460764836860538,0,4,12,-261.57264369171236,1.0,EURUSD=X
2019-12-09 00:00:00+00:00,1.105780005455017,1.108033299446106,1.1053999662399292,1.105888843536377,0.002021162890928796,0.0032562072033169485,0.008506674273478287,60.15622322020115,0.00028697067123117925,-0.00047256697969421947,0.0007595376509253987,93.85707896346194,0.004794368255112049,0.004163909220261369,0.011431369327231888,0,0,12,-207.3901412178818,1.0,EURUSD=X
2019-12-10 00:00:00+00:00,1.1064517498016357,1.1097548007965088,1.106353759765625,1.106499433517456,-0.004191322504694672,0.003223910430386571,0.003616185399335059,50.20576886184342,0.0002520789999569395,-0.0003276377837639877,0.0005797167837209272,58.217183749098645,0.004819307895193157,0.004335307552050862,0.011365623999091815,0,1,12,-173.7398290274897,1.0,EURUSD=X
2019-12-11 00:00:00+00:00,1.109385371208191,1.1098779439926147,1.1071745157241821,1.1092746257781982,0.0005521259976966064,0.0032357276811358273,-0.0012736410953205768,51.342761146772965,0.00027057755799120287,-0.0002079947154129496,0.0004785722734041525,62.89237565833311,0.0047512114212602055,0.004355454462252219,0.011400989935830433,0,2,12,-149.70131849747773,1.0,EURUSD=X
2019-12-12 00:00:00+00:00,1.1133253574371338,1.1153370141983032,1.1111851930618286,1.1135857105255127,0.002508082857232141,0.0032622685623343076,0.0006766334967132082,56.23424877560538,0.0005033700837124844,-6.572175558786282e-05,0.0005690918393003472,84.14158839690755,0.004653161353681525,0.004283169659566539,0.011465748890560366,0,3,12,-120.30373469870803,1.0,EURUSD=X
2019-12-13 00:00:00+00:00,1.1183431148529053,1.1186933517456055,1.111889362335205,1.1186057329177856,0.0038863998572851166,0.0036177086250495216,0.004766098071414149,62.535062984435235,0.0010239251753461076,0.00015220763059893127,0.0008717175447471763,89.72930270277828,0.00475382042985463,0.004178539029102349,0.012665773863480875,0,4,12,-38.4103677551197,0.0,EURUSD=X
2019-12-16 00:00:00+00:00,1.1125203371047974,1.115785002708435,1.1123470067977905,1.1124460697174072,0.004507980252282495,0.0044880057259104825,0.007259727816293804,68.26449395936125,0.0018205564473730007,0.00048587739395374523,0.0013346790534192554,99.57066001530437,0.004900261071322185,0.004249772989679486,0.015642211564452637,0,0,12,79.16468524625479,0.0,EURUSD=X
2019-12-17 00:00:00+00:00,1.113709807395935,1.1173185110092163,1.113089919090271,1.1136974096298218,-0.005506554292647348,0.004656536885189257,0.005929371852655407,56.788663399763,0.0019325815311548311,0.0007752182213939625,0.0011573633097608687,69.38776702318435,0.004997294289084538,0.004404942589771556,0.016319463429085326,0,1,12,161.29976459124623,0.0,EURUSD=X
2019-12-18 00:00:00+00:00,1.1151504516601562,1.1151504516601562,1.1111358404159546,1.115138053894043,0.0011248544504565139,0.00488914424130754,0.006505178307668835,58.321528884786865,0.002098148737601724,0.0010398043246355147,0.001058344412966209,75.51944296787836,0.004988376217850576,0.004487120330777794,0.0171154150238963,0,2,12,216.6343606834169,0.0,EURUSD=X
2019-12-19 00:00:00+00:00,1.1115927696228027,1.1142433881759644,1.110987663269043,1.1115927696228027,0.0012935688381461308,0.005189358194778543,0.005285821905221422,60.077394846340795,0.0023188792966351013,0.0012956193190354322,0.001023259977599669,82.57872693392838,0.0049188215768756535,0.0044733261504539745,0.018142904164890762,0,3,12,270.12352283088194,0.0,EURUSD=X
2019-12-20 00:00:00+00:00,1.112371802330017,1.1125946044921875,1.1074320077896118,1.1125946044921875,-0.0031792335118151493,0.005261273191052423,-0.0017896609878097491,54.043446217806,0.0021825756697204657,0.001473010589172439,0.0007095650805480267,61.23498249313393,0.004863933651741678,0.004425021204973076,0.01845299796343453,0,4,12,314.67652834828465,0.0,EURUSD=X
2019-12-23 00:00:00+00:00,1.1079840660095215,1.1097548007965088,1.1071499586105347,1.1079840660095215,0.0009012606925509203,0.005352700147617405,-0.005373768655662636,55.406435581520604,0.0021308308727470138,0.0016045746458873541,0.0005262562268596596,57.83887130801688,0.0048852667268012495,0.004371703432771619,0.0187567573373477,0,0,12,364.59181211822084,0.0,EURUSD=X
2019-12-24 00:00:00+00:00,1.1092993021011353,1.1097548007965088,1.1070642471313477,1.109385371208191,-0.004143951861756867,0.005167626199689003,-0.004010984288900565,48.305981623015654,0.0016982148608573056,0.0016233026888813444,7.491217197596114e-05,25.965849156118143,0.00492522238071922,0.004409148900846438,0.018183579119731782,0,1,12,425.77155439849463,0.0,EURUSD=X
2019-12-25 00:00:00+00:00,1.109139323234558,1.110864281654358,1.1077877283096313,1.1090162992477417,0.0012647340712366173,0.0048953589838124,-0.003871822260109292,50.38705170238156,0.0014517028461837889,0.0015889827203418333,-0.00013727987415804448,35.653184335443036,0.004765603186750784,0.00443959557115427,0.01720378093944725,0,2,12,472.86786719966045,0.0,EURUSD=X
2019-12-26 00:00:00+00:00,1.1095085144042969,1.1104941368103027,1.1082788705825806,1.1095454692840576,-0.00033268147392939706,0.004639950193970748,-0.005489683205522566,49.81820209286885,0.00121258139230207,0.0015137024547338808,-0.0003011210624318107,33.101760284810126,0.00464495676946334,0.004297144406248445,0.01631162331571343,0,3,12,490.74762082709833,0.0,EURUSD=X
2019-12-27 00:00:00+00:00,1.1101243495941162,1.118067979812622,1.1099998950958252,1.110111951828003,0.00047715262316239127,0.004158813107976665,-0.001841771910265133,50.67798382765686,0.0010536299268608662,0.001421687949159278,-0.0003680580222984117,31.184704922296056,0.0044714074450532566,0.004186359998802512,0.014613225759228961,0,4,12,490.1927963838177,0.0,EURUSD=X
2019-12-30 00:00:00+00:00,1.1181554794311523,1.1220699548721313,1.1181554794311523,1.1182304620742798,0.000510553699354821,0.003645345961064754,-0.002231408146471936,51.63333730776373,0.000962277614971141,0.0013298058823216505,-0.00036752826735050956,30.45637220805317,0.004760771951018343,0.0040278887527426975,0.012802469999416033,0,0,12,442.6996940708582,1.0,EURUSD=X
2019-12-31 00:00:00+00:00,1.1204482316970825,1.1241008043289185,1.1200717687606812,1.120229721069336,0.007313235600164614,0.003533191316553132,0.009247782868991417,62.76478459552628,0.0015273696111710588,0.0013693186280915324,0.0001580509830795265,74.41311756714889,0.0052748598862404905,0.004257415722862058,0.012318494375275262,0,1,12,504.5785532988527,1.0,EURUSD=X
2020-01-01 00:00:00+00:00,1.1220825910568237,1.1228384971618652,1.115946888923645,1.1220825910568237,0.0017878774213926363,0.004017207783057376,0.009775097222829654,64.90672233828704,0.0021121846321736637,0.0015178918289079587,0.000594292803265705,77.27778438630496,0.005317394341126075,0.004708730528239579,0.013981024557873842,0,2,1,563.1376217621589,0.0,EURUSD=X
2020-01-02 00:00:00+00:00,1.1218937635421753,1.12271249294281,1.1166820526123047,1.1220825910568237,0.0016540089524843538,0.0045822532127911385,0.011781875359221594,66.81215081831601,0.002694109851252291,0.0017531354333768252,0.0009409744178754658,88.1536319299154,0.005429838190918514,0.0047388618124071715,0.015921209385790662,0,3,1,619.6717107420798,0.0,EURUSD=X
2020-01-03 00:00:00+00:00,1.1170812845230103,1.118067979812622,1.112569808959961,1.1171437501907349,0.0,0.00497832704237867,0.011299331230522514,66.81215081831601,0.0031193320616274,0.0020263747590269403,0.0010929573026004597,88.1536319299154,0.0054727383437461466,0.004839071770826128,0.017297382652578366,0,4,1,687.1004593039071,0.0,EURUSD=X
2020-01-06 00:00:00+00:00,1.1162458658218384,1.120824933052063,1.1158099174499512,1.1161960363388062,-0.004401494957191443,0.005030516740547186,0.0063343146167851305,57.209591106507325,0.003022953814778795,0.0022256905701773114,0.0007972632446014835,59.16396688894642,0.0057613128975401925,0.004898866724010909,0.017555990304689403,0,0,1,686.0517428986353,0.0,EURUSD=X
2020-01-07 00:00:00+00:00,1.1195825338363647,1.1199462413787842,1.1134865283966064,1.1197994947433472,-0.0008483365294456036,0.004756473590788037,-0.0018193259837510078,55.559430453474356,0.0028373930711991235,0.002348031070381674,0.0004893620008174495,53.60114195349618,0.005708005947866738,0.005161560075448453,0.016613701674838697,0,1,1,743.4274540069484,0.0,EURUSD=X
2020-01-08 00:00:00+00:00,1.1155734062194824,1.1165200471878052,1.111086368560791,1.1154738664627075,0.003228338291148658,0.004613761170825977,-0.0003840518760546141,60.253826012108576,0.002947131129768632,0.0024678510822590655,0.0004792800475095665,74.75247178353264,0.00576169930746038,0.005097346421981541,0.016063369022473996,0,2,1,815.3523074282143,0.0,EURUSD=X
2020-01-09 00:00:00+00:00,1.1114444732666016,1.1122233867645264,1.1095085144042969,1.1113210916519165,-0.0038628596467005227,0.004454157029795878,-0.005889695327945366,53.01433916581942,0.0026544583369756403,0.0025051725332023806,0.00014928580377325962,49.362199380042405,0.005972515512824364,0.005165248134168641,0.015567824170215733,0,3,1,832.8813668941602,1.0,EURUSD=X
2020-01-10 00:00:00+00:00,1.1109259128570557,1.1120996475219727,1.1086229085922241,1.1111111640930176,-0.0037228795184237606,0.004513623061428676,-0.00959064822026301,47.156486277241896,0.0020636305703998215,0.002416864140641869,-0.0003532335702420477,24.986530266665735,0.0059720038375090986,0.0053742483227296215,0.015834615597671645,0,4,1,819.8695622090703,1.0,EURUSD=X
2020-01-13 00:00:00+00:00,1.1116546392440796,1.114466905593872,1.1114075183868408,1.1116669178009033,-0.0001888991043865751,0.004477478174852981,-0.0054000088141631375,46.874519658494705,0.0015604678076102108,0.0022455848740355376,-0.0006851170664253269,23.754312063982983,0.0057937706298119155,0.0053748031974676005,0.015710780474170245,0,0,1,780.3771793905008,0.0,EURUSD=X
2020-01-14 00:00:00+00:00,1.1134493350982666,1.1145787239074707,1.11055588722229,1.1135733127593994,0.0005001783132467796,0.004497428774997637,-0.004057637180614471,47.76498209427958,0.0011928024880183408,0.0020350283968320984,-0.0008422259088137576,23.779632282014557,0.0056196256920292426,0.005211786495610698,0.01577289479371859,0,1,1,716.8254340158285,0.0,EURUSD=X
2020-01-15 00:00:00+00:00,1.1129660606384277,1.1163455247879028,1.112025499343872,1.113089919090271,0.0017148976262308935,0.004498273502234974,-0.005560086437951806,50.810758741970986,0.001043229513653765,0.0018366686201964318,-0.0007934391065426668,33.46267442210904,0.005505569334397201,0.005046480216110772,0.015748849664632972,0,2,1,653.5768730135644,0.0,EURUSD=X
2020-01-16 00:00:00+00:00,1.1152697801589966,1.117193579673767,1.112978458404541,1.1154004335403442,-0.00043409236158020725,0.004499442538452365,-0.0021371611152095626,50.01440834468024,0.0008755927366153049,0.0016444534434802065,-0.0007688607068649016,28.8605801075186,0.005420887627942455,0.004946203572571123,0.015759783764611922,0,3,1,573.5308327384676,0.0,EURUSD=X
2020-01-17 00:00:00+00:00,1.113800287246704,1.1145004034042358,1.1087580919265747,1.1139578819274902,0.0020757662165888924,0.004467700218296427,0.003670713998925379,53.745969133288014,0.0009185896596068943,0.0014992806867055442,-0.0005806910270986499,43.788413253438904,0.005334761459462713,0.004860037225139182,0.01561618730370273,0,4,1,523.5737836707242,0.0,EURUSD=X
2020-01-20 00:00:00+00:00,1.1095207929611206,1.1104941368103027,1.1077508926391602,1.1094592809677124,-0.0012933037942931547,0.004450647332673241,0.0025620459288575592,51.177174734169846,0.0008267331069695683,0.0013647711707583492,-0.0005380380637887809,34.468337466689256,0.005428160041913201,0.004789015407146213,0.015576726896632191,0,0,1,500.71272457553107,0.0,EURUSD=X
2020-01-21 00:00:00+00:00,1.1096439361572266,1.1119760274887085,1.1086474657058716,1.109693169593811,-0.004038394119527999,0.0043503346190330765,-0.001985879761141063,44.098695193235,0.00038648150789022395,0.0011691132381847242,-0.0007826317302945002,11.323125059258556,0.0054837907023715495,0.004892617633680574,0.015287381011706428,0,1,1,418.79509813142715,1.0,EURUSD=X
2020-01-22 00:00:00+00:00,1.1085859537124634,1.1097793579101562,1.1071622371673584,1.108561396598816,0.00021081316828008845,0.004332003399614778,-0.0034844074666027236,44.52828265805368,5.580847584552018e-05,0.0009464522857168834,-0.0008906438098713632,12.98174603806959,0.0053298457795476475,0.004941717992531954,0.0152197552959665,0,2,1,311.7878724095175,1.0,EURUSD=X
2020-01-23 00:00:00+00:00,1.1097548007965088,1.1103215217590332,1.1037039756774902,1.1096439361572266,-0.0010198972346647794,0.004363167904377408,-0.004068424674222415,42.81374214267132,-0.00029418571667738647,0.0006983246852380295,-0.000992510401915416,10.24072732983745,0.00513607970549409,0.004807894083178595,0.015344896687297684,0,3,1,221.46220347519923,1.0,EURUSD=X
2020-01-24 00:00:00+00:00,1.105534315109253,1.1060845851898193,1.1021226644515991,1.1055220365524292,0.0009765264799332929,0.004357410180046005,-0.005160924462657923,44.995367657301706,-0.00047868871508627286,0.000462922005173169,-0.0009416107202594419,34.69409069704291,0.005241898732354725,0.004628583582658675,0.015309696927814274,0,4,1,159.42765817222775,1.0,EURUSD=X
2020-01-27 00:00:00+00:00,1.1026331186294556,1.1039965152740479,1.1010063886642456,1.1025358438491821,-0.0037146146349177345,0.004704485248164879,-0.007572858464329424,38.90877301786657,-0.0009465997083524247,0.0001810176624680503,-0.001127617370820475,19.07233387954386,0.005404711087588491,0.004741559696721729,0.01659076841382398,0,0,1,86.42180676737155,0.0,EURUSD=X
2020-01-28 00:00:00+00:00,1.1019648313522339,1.102657437324524,1.099855899810791,1.101976990699768,-0.002701160722729301,0.005273461338914591,-0.006240370635767212,35.19440210531279,-0.001540623981872935,-0.0001633106664001468,-0.0013773133154727883,9.448552154829587,0.005341206573345284,0.004902072905602343,0.018647681503489475,0,1,1,-44.53127041547853,0.0,EURUSD=X
2020-01-29 00:00:00+00:00,1.102292776107788,1.1030223369598389,1.0993238687515259,1.1022562980651855,-0.0005068798012616282,0.0056033551138163305,-0.006953434611900344,34.53004822620193,-0.0020330515245348124,-0.0005372588380270799,-0.0014957926865077325,12.233995008216503,0.005159801640515828,0.00484693112326561,0.01982427959793249,0,2,1,-209.43757379917196,0.0,EURUSD=X
2020-01-30 00:00:00+00:00,1.101406455039978,1.1036553382873535,1.1008244752883911,1.1016855239868164,0.0002534602516883755,0.00557525457769987,-0.005687640353502332,35.188535051895315,-0.00237340697154953,-0.0009044884647315699,-0.00146891850681796,16.41005456898507,0.005055420681072768,0.004681126929891841,0.019719863659361545,0,3,1,-352.4803194048093,0.0,EURUSD=X
2020-01-31 00:00:00+00:00,1.1028763055801392,1.1090162992477417,1.1017948389053345,1.1029127836227417,-0.000517823376805393,0.005404996720700403,-0.007172041328834422,34.426517973772064,-0.0026585516844759294,-0.001255301108680442,-0.0014032505757954874,13.215967765606862,0.004896523703779171,0.004588805581086373,0.019127560569331317,0,4,1,-501.54954726808955,0.0,EURUSD=X
2020-02-03 00:00:00+00:00,1.108905553817749,1.108905553817749,1.104349970817566,1.1089794635772705,0.001113983627091697,0.005421514055330722,-0.0023601998362913212,37.557638118301874,-0.0027537577229685972,-0.0015549924315380731,-0.001198765291430524,20.083788074875585,0.0050703988150038945,0.004439629113460397,0.019164664085669057,0,0,2,-619.4555478409166,0.0,EURUSD=X
2020-02-04 00:00:00+00:00,1.1062926054000854,1.1065618991851807,1.1033873558044434,1.1062926054000854,0.0055005980931706056,0.0052088294192398675,0.005844363032763145,50.2132833013926,-0.0023130158168911397,-0.0017065971086086865,-0.0006064187082824531,54.033301757148,0.00513628248500414,0.004572130487113032,0.018312111556242194,0,1,2,-647.620973018744,0.0,EURUSD=X
2020-02-05 00:00:00+00:00,1.104472041130066,1.1048502922058105,1.0998317003250122,1.1047282218933105,-0.002422820498873768,0.004638110420578185,0.0039162475593768065,45.78712738844359,-0.0021556823169548434,-0.001796414150277918,-0.00035926816667692534,38.99747835252365,0.005168841434134355,0.004642788408719977,0.016345298955168223,0,2,2,-694.0073132311836,0.0,EURUSD=X
2020-02-06 00:00:00+00:00,1.1000494956970215,1.1012852191925049,1.0965512990951538,1.1002310514450073,-0.0014140775226543223,0.004436941708559695,0.002242603496540596,43.38900706956132,-0.0021326432754715796,-0.0018636599753166505,-0.0002689833001549291,35.60992852093315,0.005261131694201418,0.0046788353295400265,0.01565849681258991,0,3,2,-731.1547945156677,0.0,EURUSD=X
2020-02-07 00:00:00+00:00,1.0981045961380005,1.0986994504928589,1.0946906805038452,1.0982975959777832,-0.0040708387449320815,0.004713164520219892,-0.001320224792049185,37.33522062699428,-0.0024490377570747235,-0.0019807355316682654,-0.0004683022254064581,23.856188945220726,0.005469402487341084,0.004781842584147776,0.016701308413900714,0,4,2,-812.8234611867597,0.0,EURUSD=X
2020-02-10 00:00:00+00:00,1.0948705673217773,1.0961307287216187,1.090959906578064,1.0949305295944214,-0.0017573176694883896,0.0050767759029403,-0.004184544520192235,35.06974447420643,-0.0028232516730144486,-0.002149238759937502,-0.0006740129130769464,20.86689655172414,0.005474471662614015,0.0049798911582537245,0.018021450958959084,0,0,2,-880.4098837219091,0.0,EURUSD=X
2020-02-11 00:00:00+00:00,1.091226577758789,1.0927003622055054,1.089348316192627,1.0913456678390503,-0.0030657140611913825,0.00562121805627264,-0.012668344585508362,31.486567339611128,-0.0033528632938848446,-0.0023899636667269707,-0.0009628996271578739,20.507705474180657,0.005607558643835817,0.004999834706081162,0.020015463951712286,0,1,2,-948.0417093907752,0.0,EURUSD=X
2020-02-12 00:00:00+00:00,1.0921800136566162,1.0924997329711914,1.0887079238891602,1.091941475868225,-0.0032740540687078434,0.006246438181855078,-0.013510835639753416,28.184734778895077,-0.004015563783098974,-0.0027150836900013717,-0.0013004800930976027,9.523349399781738,0.0056057482694042895,0.0051382058032440085,0.022314744132958884,0,2,2,-1035.9667927100563,0.0,EURUSD=X
2020-02-13 00:00:00+00:00,1.0876421928405762,1.0890873670578003,1.0835527181625366,1.0875948667526245,0.0005459388777842022,0.006598368370679244,-0.011574562658652088,29.50782441098164,-0.00444148331183003,-0.0030603636143671036,-0.0013811196974629265,15.922258289846736,0.0054761811845919295,0.00513374424663835,0.023559115920261508,0,3,2,-1115.786366073478,0.0,EURUSD=X
2020-02-14 00:00:00+00:00,1.0845986604690552,1.0862481594085693,1.0831302404403687,1.0845986604690552,-0.003980624613736272,0.006991390001980925,-0.011485028236375316,25.77678253452696,-0.00507130380297105,-0.003462551652087893,-0.0016087521508831568,15.874234564895788,0.005684222364670254,0.0050351296718996906,0.02506214128690273,0,4,2,-1231.4552787995947,0.0,EURUSD=X
2020-02-17 00:00:00+00:00,1.0840578079223633,1.0854003429412842,1.0830246210098267,1.0841753482818604,-0.002754891895100142,0.007547270446571375,-0.012472881265420788,23.564889374151576,-0.005745973876452259,-0.003919236096960766,-0.0018267377794914932,5.672628806159854,0.005597108360926369,0.00524085320390494,0.0271295532950677,0,0,2,-1348.58786361213,0.0,EURUSD=X
2020-02-18 00:00:00+00:00,1.0837054252624512,1.0839003324508667,1.078690528869629,1.0840108394622803,-0.00039029385027244956,0.008175280902859988,-0.009822706575315698,23.261191922623965,-0.006242848850648741,-0.004383958647698361,-0.0018588902029503798,4.427291156425144,0.005367009330250022,0.005162549000764819,0.029398484958174948,0,1,2,-1500.7087701575012,0.0,EURUSD=X
2020-02-19 00:00:00+00:00,1.0794706344604492,1.0808473825454712,1.0783600807189941,1.079540491104126,-0.00015173635873644287,0.0085630828363913,-0.006720903003439416,23.136400529291492,-0.006574117994379902,-0.00482199051703467,-0.001752127477345232,17.54385964912281,0.005375424336105837,0.004951066110106711,0.030797702135624487,0,2,2,-1627.724023286118,0.0,EURUSD=X
2020-02-20 00:00:00+00:00,1.080964207649231,1.0821000337600708,1.0779578685760498,1.081009864807129,-0.004123896362855373,0.009221736141848472,-0.011356821806076,19.996952182653985,-0.007115349608559196,-0.005280662335339576,-0.0018346872732196203,3.850476157145468,0.0053950910794758585,0.004979363331344795,0.03330393493059611,0,3,2,-1777.9939265969272,0.0,EURUSD=X
2020-02-21 00:00:00+00:00,1.078771948814392,1.0863661766052246,1.078771948814392,1.078799843788147,0.0013611103197250785,0.009402550871386198,-0.006054646033000655,23.66356458732956,-0.007341089870043449,-0.005692747842280351,-0.001648342027763098,9.86179162429509,0.005305596372657655,0.004990788016942322,0.03391078384889906,0,4,2,-1893.7588499940994,0.0,EURUSD=X
2020-02-24 00:00:00+00:00,1.0838581323623657,1.0863661766052246,1.0808473825454712,1.0839051008224487,-0.002044404117788723,0.009826664303096692,-0.00534650916717927,22.028299137695257,-0.007610590727477717,-0.0060763164193198245,-0.0015342743081578928,2.943554436794639,0.005469070045384431,0.004918054450237351,0.03551297364724769,0,0,2,-2012.845958245172,0.0,EURUSD=X
2020-02-25 00:00:00+00:00,1.084904670715332,1.088174819946289,1.083177089691162,1.0849199295043945,0.004732348696283584,0.009896858399666092,-0.0002492654530836802,33.466424448826714,-0.0073277507728455316,-0.006326603290024966,-0.0010011474828205656,22.114898710049204,0.0056188745290768035,0.005045709298013815,0.03559818785170281,0,1,2,-2109.566721755885,0.0,EURUSD=X
2020-02-26 00:00:00+00:00,1.0881001949310303,1.090358018875122,1.085564136505127,1.0881996154785156,0.0009362707871527487,0.009859212575232335,0.0008386355643503762,35.49219345022463,-0.0069416903919061745,-0.006449620710401208,-0.0004920696815049665,29.845056315283824,0.005574507080937529,0.005179068405208095,0.03542960720297279,0,2,2,-2159.1135410478764,0.0,EURUSD=X
2020-02-27 00:00:00+00:00,1.088565707206726,1.1005700826644897,1.088565707206726,1.0885894298553467,0.00302297513846872,0.00963364899754403,0.00802112050983217,41.67297116394451,-0.006298486478512277,-0.006419393864023422,0.00012090738551114467,49.37784853413643,0.005564762958779673,0.0051226879716238845,0.034514695367852136,0,3,2,-2183.6994995975933,0.0,EURUSD=X
2020-02-28 00:00:00+00:00,1.0995535850524902,1.10527765750885,1.095158338546753,1.0997228622436523,0.0003582195502427332,0.009375485833250251,0.007011559556461711,42.37964185029194,-0.005691677861279443,-0.006273850663474627,0.0005821728021951841,47.0168964335609,0.006050884689293562,0.005111902436457726,0.03357774007102111,0,4,2,-2154.004752068312,0.0,EURUSD=X
2020-03-02 00:00:00+00:00,1.1052532196044922,1.116407871246338,1.1037284135818481,1.1051311492919922,0.010227393434993237,0.009191976279087093,0.019394717728207445,58.022594273164366,-0.004263258522086755,-0.005871732235197053,0.0016084737131102983,79.66750299989091,0.006810694901022837,0.005502190503658857,0.032587229197668176,0,0,3,-2018.3133682187072,0.0,EURUSD=X
2020-03-03 00:00:00+00:00,1.1144297122955322,1.120749592781067,1.1097301244735718,1.1144047975540161,0.00491786361275226,0.008830991486446328,0.019582939921066522,63.242935933815865,-0.002664112112628292,-0.005230208210683301,0.002566096098055009,70.67172647283145,0.0075160030511416025,0.006162793352975475,0.0311542599932305,0,1,3,-1821.5608989760237,0.0,EURUSD=X
2020-03-04 00:00:00+00:00,1.1177304983139038,1.1185681819915771,1.109693169593811,1.118067979812622,0.008391445909352147,0.009717111594617963,0.027176999193931906,70.10760511014293,-0.0006410811656532012,-0.004312382801677281,0.00367130163602408,85.17284511217034,0.008094748796708252,0.006744410170916638,0.03399507559413897,0,2,3,-1527.0072314311947,0.0,EURUSD=X
2020-03-05 00:00:00+00:00,1.113908290863037,1.1204482316970825,1.1121737957000732,1.113908290863037,0.003287119964528351,0.011053053561580838,0.02744750495153636,72.30764839404806,0.001243440026146514,-0.0032012182361125224,0.004444658262259036,93.7333374191769,0.008150481911069528,0.007239943315490403,0.038542143015290055,0,3,3,-1170.1865291692839,0.0,EURUSD=X
2020-03-06 00:00:00+00:00,1.1223849058151245,1.135473370552063,1.1213905811309814,1.1223849058151245,-0.0037204257922510697,0.01197562605936882,0.02325841158595021,66.33710269656241,0.0023739194479468484,-0.002086190699300648,0.004460110147247497,84.01255839738357,0.00815933577435094,0.007317013418362004,0.041915107485398985,0,4,3,-829.4433144934534,0.0,EURUSD=X
2020-03-09 00:00:00+00:00,1.1386150121688843,1.1495838165283203,1.1356796026229858,1.1386020183563232,0.007609796086103238,0.013665031999391695,0.02060704960269444,71.50128283640016,0.0039087666897184015,-0.0008871992214968382,0.00479596591121524,77.24358775066065,0.009116888911113437,0.007269641396705417,0.047466873769681076,0,0,3,-401.2143250084918,0.0,EURUSD=X
2020-03-10 00:00:00+00:00,1.1397439241409302,1.1422958374023438,1.1334141492843628,1.1397960186004639,0.014448797785124423,0.016941619972306195,0.03028678459183265,78.34562008684591,0.006360410780549941,0.0005623227789125177,0.0057980880016374236,84.66784945127006,0.010408461896976461,0.008007090066706982,0.05801025576130689,0,1,3,139.0219711175467,0.0,EURUSD=X
2020-03-11 00:00:00+00:00,1.1316184997558594,1.1365960836410522,1.1259005069732666,1.1316505670547485,0.0010486546000192387,0.019504755679183212,0.022784558270189104,78.75026599792824,0.008303979124402838,0.002110654048010582,0.006193325076392257,86.33484343637761,0.01029940662704821,0.009131863708171954,0.0667167946714448,0,2,3,693.4179979936406,0.0,EURUSD=X
2020-03-12 00:00:00+00:00,1.1260753870010376,1.1332857608795166,1.1080824136734009,1.1261515617370605,-0.007146411649794127,0.020784793824303125,0.012148266015455267,69.24405731509538,0.009082306004123408,0.0035049844392331473,0.005577321564890261,74.67479667953396,0.010556271269916,0.009101225172231043,0.07160694893017709,0,3,3,1167.6090734188429,0.0,EURUSD=X
2020-03-13 00:00:00+00:00,1.118355631828308,1.1221328973770142,1.1065373420715332,1.1184931993484497,-0.004859278542138523,0.021311081644807245,0.010991273675265978,63.65733097479064,0.00914993711241796,0.00463397497387011,0.00451596213854785,65.9099935310777,0.011602490979644551,0.009373757164296089,0.07377860569210566,0,4,3,1579.8497744953697,0.0,EURUSD=X
2020-03-16 00:00:00+00:00,1.1159594058990479,1.1235400438308716,1.1088687181472778,1.115536093711853,-0.006800472200027885,0.021169992575513462,-0.003467354600468764,56.785834043575186,0.008487728164982888,0.0054047256120926665,0.003083002552890222,53.18152443183858,0.012174757314350465,0.010373322776037702,0.07379197800571717,0,0,3,1871.613307174976,0.0,EURUSD=X
2020-03-17 00:00:00+00:00,1.1163331270217896,1.1189061403274536,1.0957943201065063,1.1163206100463867,-0.0026438297866444582,0.020776381229464458,-0.020258109745640573,54.3463987024217,0.0076362827774349995,0.005851037045161133,0.001785245732273866,46.816786956554125,0.012353083626439273,0.010913817475721453,0.07261194549039729,0,1,3,2080.9813820761024,0.0,EURUSD=X
2020-03-18 00:00:00+00:00,1.1016855239868164,1.1045000553131104,1.0831888914108276,1.101552128791809,0.0007032639633588467,0.02025557980855713,-0.02059614893452799,54.89993525245292,0.0069447552694053005,0.006069780690009967,0.0008749745793953335,45.48633700428049,0.013121564811761272,0.011065892285125832,0.07074203197616048,0,2,3,2230.4967189269696,0.0,EURUSD=X
2020-03-19 00:00:00+00:00,1.0943433046340942,1.0945589542388916,1.0697933435440063,1.0961546897888184,-0.013229605475047146,0.019243056595652105,-0.02659693649186612,44.06785834984209,0.00514570523831126,0.005884965599670226,-0.0007392603613589656,27.65759182420313,0.014550861513461116,0.011911887298654767,0.06810685043441617,0,3,3,2233.6312933441495,0.0,EURUSD=X
2020-03-20 00:00:00+00:00,1.0658481121063232,1.0829894542694092,1.0654505491256714,1.0657345056533813,-0.0048998489149221225,0.018389302615669897,-0.0266366206534161,40.89231401938591,0.003246987655439959,0.0053573700108241725,-0.0021103823553842134,33.03821278261428,0.015779998923056947,0.013274459936183312,0.06540564115961528,0,4,3,2211.7259195846464,0.0,EURUSD=X
2020-03-23 00:00:00+00:00,1.0687528848648071,1.0824854373931885,1.0660412311553955,1.0694386959075928,-0.027751725571960706,0.01970769816694221,-0.04716943627891668,28.449279897984113,-0.0007042956542571144,0.004145036877807915,-0.00484933253206503,0.33750802325433116,0.016846009047349092,0.014806688569572525,0.07209558479106942,0,0,3,1842.2469050282289,0.0,EURUSD=X
2020-03-24 00:00:00+00:00,1.0764726400375366,1.0888501405715942,1.0753382444381714,1.0764610767364502,0.0034757157946578854,0.020886618799839243,-0.041323089467123375,31.194784000868665,-0.0034965133193045617,0.00261672683838542,-0.0061132401576899816,4.740273265312195,0.016839217811096093,0.01575219702804237,0.07614371119335071,0,1,3,1354.6672628274316,0.0,EURUSD=X
2020-03-25 00:00:00+00:00,1.0801235437393188,1.0849517583847046,1.0770175457000732,1.080263614654541,0.006566417369906263,0.021451008106607283,-0.03570616985050579,36.19339672416301,-0.005084112012760045,0.001076559068156327,-0.006160671080916372,13.08700820816112,0.017022948300589334,0.015643127443259,0.07769108201768052,0,2,3,873.2313072206305,0.0,EURUSD=X
2020-03-26 00:00:00+00:00,1.0887553691864014,1.1025480031967163,1.0876539945602417,1.0889569520950317,0.003532443485666059,0.021892079679664615,-0.019325925283824263,38.78666832616073,-0.005966682186385963,-0.00033208918275213096,-0.005634593003633832,17.606668546434275,0.01641350068256541,0.01575814279927694,0.07900945492312944,0,3,3,441.3653123340456,0.0,EURUSD=X
2020-03-27 00:00:00+00:00,1.1046184301376343,1.1086474657058716,1.0955182313919067,1.1048258543014526,0.008047422242644764,0.021876033210819053,-0.006566352140657594,44.354779684301626,-0.005896672558658889,-0.0014450058579334826,-0.0044516667007254065,27.93948659673742,0.01683284981539469,0.015072680927366014,0.07832125829247902,0,4,3,133.2651763662737,0.0,EURUSD=X
2020-03-30 00:00:00+01:00,1.1135361194610596,1.1137841939926147,1.1012245416641235,1.113908290863037,0.014572570730083445,0.021817148137522974,0.03668019421413504,52.79567832909311,-0.00450872783034173,-0.0020577502524151323,-0.0024509775779265977,51.23971301144076,0.017036968657926487,0.015235749371594479,0.07698851552351446,0,0,3,-71.67440652686028,0.0,EURUSD=X
2020-03-31 00:00:00+01:00,1.1028398275375366,1.1043622493743896,1.0929678678512573,1.1030466556549072,0.008220695167680647,0.021861748971599815,0.041582182434220405,56.831805798207604,-0.002645400379250651,-0.0021752802777822364,-0.0004701201014684145,68.11072833656159,0.01671716034868111,0.015294767798816306,0.07651688132384045,0,1,3,-261.3404258243754,0.0,EURUSD=X
2020-04-01 00:00:00+01:00,1.1028155088424683,1.1037527322769165,1.0918699502944946,1.102657437324524,-0.00975092410858569,0.02182400603546669,0.024697204100549097,51.194355623436344,-0.002021836662044363,-0.002144591554634662,0.00012275489259029907,55.42270092066856,0.017018821967473872,0.015155442666888556,0.07713693614574078,0,2,4,-562.0037219553648,0.0,EURUSD=X
2020-04-02 00:00:00+01:00,1.0950982570648193,1.0962989330291748,1.0844340324401855,1.0953621864318848,-0.0003528575408736634,0.02168661121832164,0.020729961063387536,50.999130015308964,-0.001541297472217762,-0.002023932738151282,0.0004826352659335199,64.05097580496214,0.016651961968541587,0.01543436918066608,0.07667837078891385,0,3,4,-738.5383460699279,0.0,EURUSD=X
2020-04-03 00:00:00+01:00,1.084386944770813,1.085894227027893,1.0776199102401733,1.0847399234771729,-0.006616062836650616,0.02174025362913087,0.0058819903987297195,47.354078086928645,-0.0017291993465844424,-0.001964986059837914,0.00023578671325347146,51.492335159761126,0.0167642078910985,0.01520224285154935,0.07737998764312899,0,4,4,-907.6976401883504,0.0,EURUSD=X
2020-04-06 00:00:00+01:00,1.0808240175247192,1.083435297012329,1.0769248008728027,1.0806955099105835,-0.009697489183293495,0.021818608939894946,-0.018180178121356083,42.5817928412606,-0.0027040699471438945,-0.0021128028372991103,-0.0005912671098447842,36.08485832415291,0.016834069912570852,0.015454587342337534,0.07841934813103314,0,0,4,-925.2088655319416,0.0,EURUSD=X
2020-04-07 00:00:00+01:00,1.0801936388015747,1.0923351049423218,1.0791398286819458,1.0803803205490112,-0.003728463827186168,0.020727813039695037,-0.02981644110640469,40.892010880416905,-0.003759673124436702,-0.0024421768947266286,-0.0013174962297100735,31.541094876828822,0.016189859390556515,0.01557707028315839,0.07477767014402534,0,1,4,-988.0046044609218,0.0,EURUSD=X
2020-04-08 00:00:00+01:00,1.0894314050674438,1.0896213054656982,1.083177089691162,1.0895144939422607,-0.0002916541788892113,0.01899818140576624,-0.020548845318277498,40.756272750332016,-0.00456901068392912,-0.002867543652567127,-0.0017014670313619932,30.88898315953553,0.01597596059554362,0.014985333481758904,0.06855784525704027,0,2,4,-1093.415561759998,0.0,EURUSD=X
2020-04-09 00:00:00+01:00,1.0861183404922485,1.0943553447723389,1.0841801166534424,1.0863661766052246,0.008454590683961927,0.017284369050579163,-0.011919334996871811,46.31759131109964,-0.004422386556047764,-0.0031785122332632543,-0.0012438743227845095,49.78715113009678,0.015494890904196718,0.01466337592053206,0.06185037150123655,0,3,4,-1072.6098557112957,0.0,EURUSD=X
2020-04-10 00:00:00+01:00,1.0925976037979126,1.0954102277755737,1.0921083688735962,1.0927408933639526,-0.0028896516334027122,0.01579769228631088,-0.008212817584989374,44.7580374886171,-0.004508260356747007,-0.003444461857960005,-0.001063798498787002,42.571604781059534,0.015114914990960987,0.0142630461421549,0.05669427533850795,0,4,4,-1117.585922366175,0.0,EURUSD=X
2020-04-13 00:00:00+01:00,1.093135118484497,1.0968520641326904,1.089360237121582,1.0932666063308716,0.00586792639167788,0.014663925446975349,0.007375933819354863,48.53654602011838,-0.004015639799826554,-0.003558697446333315,-0.0004569423534932387,45.26523373063614,0.014681281860917283,0.013832112518851945,0.05231844675613369,0,0,4,-1055.1948861788705,0.0,EURUSD=X
2020-04-14 00:00:00+01:00,1.0919533967971802,1.0983941555023193,1.0915720462799072,1.0922993421554565,0.00048109572004806367,0.013608844801149827,0.01163241292760464,48.84728268275929,-0.003541984029381773,-0.0035553547629430067,1.3370733561233854e-05,44.335525017868754,0.01416774937164522,0.013428821273695858,0.048530746582443954,0,1,4,-1034.5895929450294,0.0,EURUSD=X
2020-04-15 00:00:00+01:00,1.0982372760772705,1.0989010334014893,1.0857645273208618,1.098538875579834,-0.0008847468401703695,0.012260869250216543,0.011032246126427392,48.26978528622228,-0.0032076823881332928,-0.003485820287981064,0.0002781378998477713,41.71132506896853,0.01364306078955714,0.012970573930482931,0.043762425356636214,0,2,4,-989.0361341435828,1.0,EURUSD=X
2020-04-16 00:00:00+01:00,1.0903817415237427,1.0907741785049438,1.0829660892486572,1.0905101299285889,0.005712292577293665,0.012128182821271873,0.008282938582046429,52.195929060135924,-0.0024114698047188465,-0.003270950191328621,0.0008594803866097743,58.63925821234868,0.013606878310347875,0.01241927900126067,0.04304295691776498,0,3,4,-893.6155603799264,0.0,EURUSD=X
2020-04-17 00:00:00+01:00,1.0860122442245483,1.0893245935440063,1.0812681913375854,1.0858471393585205,-0.007308567616241546,0.01203706335819628,0.0038145087840582015,47.228762199713074,-0.002400645128300072,-0.0030968891787229113,0.0006962440504228395,36.857169654494356,0.013747300311835653,0.012477534996615676,0.04303409123781634,0,4,4,-864.6426983249866,0.0,EURUSD=X
2020-04-20 00:00:00+01:00,1.0866258144378662,1.0897043943405151,1.084304690361023,1.0866966247558594,-0.004275971806308454,0.010716033167842517,-0.0063086812686308225,44.57555943998071,-0.002736782932954096,-0.0030248679295691483,0.0002880849966150523,32.51883456000556,0.013425488760347637,0.012660437932319888,0.03847575508310184,0,0,4,-834.7612514836163,0.0,EURUSD=X
2020-04-21 00:00:00+01:00,1.0863542556762695,1.0879971981048584,1.0817945003509521,1.0864840745925903,0.0007823250313490071,0.00956457179389416,-0.006009496253673974,45.179759655804695,-0.002901185136437112,-0.0030001313709427414,9.894623450562925e-05,36.424067647490105,0.01285221841885796,0.012354403661982339,0.03431460525321518,0,1,4,-819.8402416051804,1.0,EURUSD=X
2020-04-22 00:00:00+01:00,1.0857409238815308,1.0883169174194336,1.0824267864227295,1.0856467485427856,-0.00019559291749593477,0.008988400491716397,-0.0053238771996244605,45.047435285341415,-0.0030138839113191818,-0.0030028818790180296,-1.1002032301152178e-05,43.4982370490914,0.012377252657075696,0.011829182515792774,0.032253796675074276,0,2,4,-770.7099061362774,1.0,EURUSD=X
2020-04-23 00:00:00+01:00,1.0806838274002075,1.0843987464904785,1.0758357048034668,1.080964207649231,-0.0007706749407427882,0.008698966051210566,-0.01173570396427126,44.49456816904593,-0.003134629657307375,-0.003029231434675899,-0.00010539822263147623,39.68809330078655,0.01191388682419201,0.011400810322224168,0.031239271237142454,0,3,4,-830.6780265449781,1.0,EURUSD=X
2020-04-24 00:00:00+01:00,1.0776326656341553,1.0817711353302002,1.0727657079696655,1.077702283859253,-0.004313134912290573,0.009029449353936748,-0.008753630083182307,41.432180685764834,-0.0035670447756466217,-0.0031367941028700437,-0.000430250672776578,22.23468364636201,0.01176368374670107,0.011021536827848443,0.032566549484956804,0,4,4,-900.1401981798668,0.0,EURUSD=X
2020-04-27 00:00:00+01:00,1.08236825466156,1.0860357284545898,1.081221342086792,1.08236825466156,-0.0030176057328222816,0.00899498357081707,-0.007500922739529625,39.397934486539604,-0.004125391911145471,-0.0033345136645251293,-0.0007908782466203414,18.88851892227204,0.01156666543340347,0.010915522703148876,0.03254043581896643,0,0,4,-1083.1343147011798,0.0,EURUSD=X
2020-04-28 00:00:00+01:00,1.0827198028564453,1.0889687538146973,1.0811277627944946,1.0824854373931885,0.004329554527432444,0.0072454042755256635,-0.003983052855503044,43.659227597239074,-0.00414361616229364,-0.0034963341640788315,-0.0006472819982148081,36.741638120954754,0.011335721087827285,0.010686441868179318,0.02609812884456014,0,1,4,-1212.4837427343116,1.0,EURUSD=X
2020-04-29 00:00:00+01:00,1.0832358598709106,1.0874292850494385,1.0831655263900757,1.0836584568023682,0.00010826512245132314,0.0065407073811373185,-0.003680345890850978,43.766171964164236,-0.004101325814518608,-0.003617332494166787,-0.0004839933203518213,37.190007252359294,0.011086097511568383,0.010471938648085332,0.023557242439045806,0,2,4,-1298.2884165551789,1.0,EURUSD=X
2020-04-30 00:00:00+01:00,1.0876659154891968,1.0969964265823364,1.0835645198822021,1.087725043296814,0.0010836352792000792,0.005571562296134703,-0.0018314352648191035,44.893789772348356,-0.0039278793975576765,-0.003679441874844965,-0.00024843752271271145,41.678259798667206,0.010647365379045643,0.01023025053879149,0.020045013828419042,0,3,4,-1442.7073343438715,1.0,EURUSD=X
2020-05-01 00:00:00+01:00,1.0944750308990479,1.101624846458435,1.0935415029525757,1.094546914100647,0.003752645927246556,0.005204434487524313,0.006254449129528217,48.731929239572615,-0.003422826109526378,-0.0036281187217812477,0.00020529261225486978,57.23799141576088,0.010846261187694831,0.00978865517959784,0.01865418211837154,0,4,5,-1461.7120505490273,1.0,EURUSD=X
2020-05-04 00:00:00+01:00,1.0957462787628174,1.0957822799682617,1.0901321172714233,1.0959625244140625,0.006271686807133081,0.005490785380129383,0.01563013319510964,54.461910164456285,-0.0024439277016803373,-0.0033912805177610658,0.0009473528160807284,75.47420772611612,0.011064371328689565,0.00990936162531402,0.019557884710890868,0,0,5,-1357.528663400599,1.0,EURUSD=X
2020-05-05 00:00:00+01:00,1.090453028678894,1.092132329940796,1.0826963186264038,1.0904293060302734,0.0012933299570614398,0.005638856452619999,0.012559745441493186,55.57157551391878,-0.001536207297862635,-0.00302026587378138,0.0014840585759187449,80.37944879547933,0.010677642140700194,0.010095574513010781,0.02005936260018399,0,1,5,-1212.0295039173982,1.0,EURUSD=X
2020-05-06 00:00:00+01:00,1.0840108394622803,1.084481120109558,1.0784229040145874,1.0838581323623657,-0.005048729550992004,0.0053961806076524045,0.007338545501559102,50.40168821909442,-0.001248920045739288,-0.0026659967081729616,0.0014170766624336736,61.20625557648459,0.010862539544054372,0.00979214524192525,0.019293488294700564,0,2,5,-1099.9714118651113,1.0,EURUSD=X
2020-05-07 00:00:00+01:00,1.0800535678863525,1.08157217502594,1.0767507553100586,1.0798553228378296,-0.006026226213444508,0.005470693818975832,0.00018426060235499087,45.04248169061022,-0.0015338009237579886,-0.002439557551289967,0.0009057566275319784,38.436436337199694,0.010944244006313776,0.01002210457228244,0.019678489641722894,0,3,5,-1069.015732538716,1.0,EURUSD=X
2020-05-08 00:00:00+01:00,1.0836936235427856,1.0873347520828247,1.0816305875778198,1.0837171077728271,-0.0036931120457727173,0.0057534852095973135,-0.007235027369721925,42.10550213148149,-0.002058831420758356,-0.002363412325183645,0.00030458090442528904,24.566273421235252,0.010670182081027588,0.01013491694197757,0.02077242605295437,0,4,5,-1020.5550372655889,1.0,EURUSD=X
2020-05-11 00:00:00+01:00,1.0840108394622803,1.0853049755096436,1.0804269313812256,1.0839520692825317,0.0035762058614008385,0.005680773592057053,-0.009894328135508279,45.77879551867395,-0.0021386550185138464,-0.0023184608638496854,0.00017980584533583898,37.94777105845808,0.010442271164168127,0.009845910897315383,0.020436821205118055,0,0,5,-907.4220613629333,1.0,EURUSD=X
2020-05-12 00:00:00+01:00,1.080917477607727,1.08804452419281,1.078539252281189,1.080940842628479,0.0002168107414928233,0.005530874873843475,-0.01095881917855901,46.00327624488009,-0.0021580793690465505,-0.0022863845648890585,0.000128305195842508,38.761937807739336,0.010044826375900259,0.009633517440563465,0.019893241212374083,0,1,5,-794.9017136471665,1.0,EURUSD=X
2020-05-13 00:00:00+01:00,1.0846339464187622,1.0893363952636719,1.0831419229507446,1.0846810340881348,-0.0027780072010433754,0.005504693124947816,-0.008701585099851528,43.5167244976773,-0.002388916193074131,-0.0023068908905260733,-8.202530254805768e-05,28.327715541455998,0.01000628677130889,0.009292669848124779,0.019854226875055968,0,2,5,-705.4331198355,1.0,EURUSD=X
2020-05-14 00:00:00+01:00,1.0821925401687622,1.0824854373931885,1.0776559114456177,1.08236825466156,0.003460125949687365,0.0046637685051622154,0.0007592337974855479,47.32516352653823,-0.0022441842869915796,-0.0022943495698191747,5.016528282759513e-05,41.28787878787879,0.009891234333014889,0.00922509609446701,0.016763192519477266,0,3,5,-603.1958383105379,1.0,EURUSD=X
2020-05-15 00:00:00+01:00,1.0806254148483276,1.0849517583847046,1.079086184501648,1.0806955099105835,-0.0021322207671115034,0.004548298204449775,0.0023271004648350857,45.291545699409696,-0.0022897108186821225,-0.002293421819591764,3.7110009096417117e-06,22.5837371021619,0.009686512069407903,0.009138511121714047,0.016383084787163393,0,4,5,-531.5847417311618,1.0,EURUSD=X
2020-05-18 00:00:00+01:00,1.081946611404419,1.0912741422653198,1.0800886154174805,1.0821340084075928,-0.0015454488283191958,0.004642370982171239,-0.002788179535573976,43.82472653479588,-0.002432724510897266,-0.0023212823578528646,-0.0001114421530444016,15.858889384114752,0.009413587913239955,0.008963220426639287,0.01674782020303793,0,0,5,-504.0484231155344,1.0,EURUSD=X
2020-05-19 00:00:00+01:00,1.0915838479995728,1.0975141525268555,1.090274691581726,1.0915124416351318,0.0013310858459365527,0.00465309335020308,-0.0016772520911763067,45.460543320793526,-0.0024022969023484997,-0.002337485266751992,-6.481163559650784e-05,21.64200921120105,0.009540154979997054,0.008699096267284363,0.016764187651163918,0,1,5,-502.69777574527336,1.0,EURUSD=X
2020-05-20 00:00:00+01:00,1.0930156707763672,1.0999042987823486,1.0929200649261475,1.0927767753601074,0.00866660982343559,0.004895000533016578,0.009779997748023295,54.718512165538684,-0.0016029438814610941,-0.002190576989693812,0.0005876331082327181,59.34563090976186,0.009957297061373173,0.008740308049723646,0.01748420327360452,0,2,5,-390.95051892499237,1.0,EURUSD=X
2020-05-21 00:00:00+01:00,1.0979359149932861,1.1008729934692383,1.093948245048523,1.0982975959777832,0.0011583319408448034,0.005212319885925145,0.007463706857176344,55.807613960042474,-0.0008575444496401463,-0.0019239704816830792,0.0010664260320429329,64.42856526677498,0.009845479924647718,0.009111922293637602,0.018596079687264417,0,3,5,-250.93819806852363,1.0,EURUSD=X
2020-05-22 00:00:00+01:00,1.0952422618865967,1.0955302715301514,1.0886130332946777,1.0952903032302856,0.00505210281016133,0.005883375007252648,0.014717117993453988,60.29802868911072,0.00017663788324950858,-0.0015038488086965617,0.0016804866919460702,89.32355499327903,0.0097205326521108,0.008964309819764803,0.020884702455541162,0,4,5,-77.97326580937838,1.0,EURUSD=X
2020-05-25 00:00:00+01:00,1.0909050703048706,1.0914647579193115,1.0872046947479248,1.0907801389694214,-0.002738140153006774,0.005894885266972013,0.01350500042413394,56.906042015940955,0.000744983732485105,-0.0010540823004602283,0.0017990660329453333,76.8566656123982,0.00971796336861042,0.00887484589559728,0.020983015813786643,0,0,5,-59.732638673384876,1.0,EURUSD=X
2020-05-26 00:00:00+01:00,1.0901083946228027,1.0991548299789429,1.0898351669311523,1.0902997255325317,-0.004117779777254138,0.0058572984177596675,0.007989888955205915,52.16642315769349,0.0008219939156921541,-0.0006788670572297519,0.001500860972921906,58.15954376531984,0.009601366591021164,0.008909186206664926,0.020935431826992028,0,1,5,-82.6303893573057,1.0,EURUSD=X
2020-05-27 00:00:00+01:00,1.098056435585022,1.1029858589172363,1.0936611890792847,1.0981770753860474,-0.0004404310453832716,0.005780530753695675,-0.0011110419417513784,51.672733594838306,0.0008346384982740318,-0.0003761659461289951,0.001210804444403027,56.167964734719696,0.009581244909361833,0.008806171703227384,0.020670149002411698,0,2,5,-49.21102660889902,1.0,EURUSD=X
2020-05-28 00:00:00+01:00,1.1015278100967407,1.1071866750717163,1.0993118286132812,1.1016855239868164,0.007224939774856942,0.006149559174678889,0.004941814419656243,58.59250183009931,0.001463426253588418,-8.247506185512518e-06,0.0014716737597739304,81.01542241026341,0.009803022657600602,0.008724681223193165,0.021831994103777005,0,3,5,58.775254908447884,1.0,EURUSD=X
2020-05-29 00:00:00+01:00,1.1078122854232788,1.114466905593872,1.1070396900177002,1.1079105138778687,0.0031947931525848627,0.006824218239674407,0.0030847085721033007,61.25353949720188,0.002219265252217051,0.0004372550454950002,0.0017820102067220506,81.37145671357409,0.009746349588176913,0.008898204110121277,0.024149995728543767,0,4,5,229.89917647267842,1.0,EURUSD=X
2020-06-01 00:00:00+01:00,1.1114568710327148,1.115200161933899,1.1101489067077637,1.1118524074554443,0.005650423605935151,0.007947588346712664,0.0115222517814344,65.49106046108447,0.003282736421913679,0.001006351320778736,0.002276385101134943,82.18903925930964,0.009963137589525396,0.008797054875906079,0.027967424510296886,0,0,6,462.82515428557537,0.0,EURUSD=X
2020-06-02 00:00:00+01:00,1.1125574111938477,1.1195701360702515,1.1115680932998657,1.1125946044921875,0.0035579530369997947,0.009281845399893879,0.01931852967723846,67.88615704435574,0.004392983277044626,0.001683677712031914,0.0027093055650127124,91.08317669172932,0.009772174051418602,0.008960845452794195,0.03254685159521112,0,1,6,744.3535708320427,0.0,EURUSD=X
2020-06-03 00:00:00+01:00,1.1185681819915771,1.1249985694885254,1.118105411529541,1.118943691253662,0.0006675319779554378,0.01050766859909485,0.020448394544689386,68.3318270740096,0.005271978915454056,0.0024013379527163424,0.002870640962737714,83.35760319907168,0.009645736102773398,0.008783229769372139,0.03682062971194424,0,2,6,969.1882413704948,0.0,EURUSD=X
2020-06-04 00:00:00+01:00,1.123721718788147,1.1360538005828857,1.1195951700210571,1.1235954761505127,0.005706559007063072,0.011963018330005425,0.01891007956099844,71.92162388037447,0.006407051035744793,0.003202480569322033,0.00320457046642276,86.81210258061333,0.00984275245231372,0.00862039455440902,0.04168255482994073,0,3,6,1233.923287461792,0.0,EURUSD=X
2020-06-05 00:00:00+01:00,1.1337226629257202,1.1383945941925049,1.1285662651062012,1.1337867975234985,0.0041573002584596175,0.013277953848105168,0.019887664570927388,74.2268201557712,0.0075944202837470165,0.00408086851220703,0.0035135517715399866,77.73915266151192,0.010361849372093,0.008760049912300663,0.04607262603823772,0,4,6,1506.832111459513,0.0,EURUSD=X
2020-06-08 00:00:00+01:00,1.1316057443618774,1.131874680519104,1.126950979232788,1.1319515705108643,0.00907027625983492,0.015458654305245385,0.023355932921927725,78.40901234774422,0.009251132137049645,0.005114921237175553,0.0041362108998740914,90.99862137061842,0.010678797134228656,0.009139151553648465,0.0531571984044379,0,0,6,1866.5595667218338,0.0,EURUSD=X
2020-06-09 00:00:00+01:00,1.1302883625030518,1.1363377571105957,1.1243661642074585,1.1305567026138306,-0.0016186702973106648,0.01681114630993469,0.018077186253001365,76.01685437350135,0.010297299871397936,0.0061513969640200295,0.004145902907377906,87.4134863487746,0.010404298645405928,0.00943396997930678,0.057901694755183704,0,1,6,2227.6764225396423,0.0,EURUSD=X
2020-06-10 00:00:00+01:00,1.1334141492843628,1.1388872861862183,1.1334141492843628,1.1332215070724487,-0.001232268175929252,0.01742060984955563,0.016144333299046743,74.1648168939246,0.010888327296877165,0.007098783030591457,0.0037895442662857076,84.68859743090552,0.010516248235243875,0.00920281010351037,0.06007486441757719,0,2,6,2534.7107008444273,0.0,EURUSD=X
2020-06-11 00:00:00+01:00,1.1368675231933594,1.1400169134140015,1.1326054334640503,1.1365444660186768,0.002357072805333038,0.018102856152925728,0.012760084292346985,75.39799912190074,0.011439876464001353,0.007967001717273436,0.0034728747467279164,89.03735483052509,0.010360129330754147,0.009279958216122661,0.062280786192296024,0,3,6,2809.8190193096325,0.0,EURUSD=X
2020-06-12 00:00:00+01:00,1.1289358139038086,1.1339796781539917,1.1234692335128784,1.1288082599639893,0.0029323119315063373,0.018520237914312027,0.011524601284910618,76.8799980596218,0.012006712263424424,0.008774943826503635,0.003231768436920789,93.42491665180657,0.010149511517839648,0.009115463266514995,0.0635304488525894,0,4,6,3054.8836327788754,0.0,EURUSD=X
2020-06-15 00:00:00+01:00,1.1254163980484009,1.12920343875885,1.1228764057159424,1.1252011060714722,-0.006806778164859195,0.017882878464898548,-0.004391070323259916,66.79230962537866,0.011696852509169409,0.00935932556303679,0.002337526946132618,77.66388331294318,0.010358491588408125,0.00899135121332602,0.06176451568351909,0,0,6,3239.30085154348,0.0,EURUSD=X
2020-06-16 00:00:00+01:00,1.13379967212677,1.1349835395812988,1.1231664419174194,1.1337740421295166,-0.003195541723474027,0.01684574716236834,-0.005963562943196887,62.66359443571049,0.011033037262880852,0.009694067903005603,0.0013389693598752483,68.03888288844314,0.010070530263729524,0.009205902422700035,0.05836895548370506,0,1,6,3388.5842269797777,0.0,EURUSD=X
2020-06-17 00:00:00+01:00,1.12649405002594,1.1296881437301636,1.1210259199142456,1.1265701055526733,0.007619025622873643,0.01669952211976064,0.002845801106877266,67.76374140851613,0.011071102413434675,0.009969474805091418,0.0011016276083432568,84.66316600236046,0.010195285078025943,0.00888230801687301,0.05742477838077055,0,2,6,3575.541991870829,0.0,EURUSD=X
2020-06-18 00:00:00+01:00,1.1241259574890137,1.1262530088424683,1.1204607486724854,1.1242902278900146,-0.006353943827565933,0.01605067153564776,-0.005869462835168537,60.308622504016,0.0104000861245368,0.010055597068980494,0.000344489055556306,59.22395375822841,0.010377630587829161,0.009049845214048472,0.055546510166729665,0,3,6,3648.5705925447846,0.0,EURUSD=X
2020-06-19 00:00:00+01:00,1.1207244396209717,1.1252998113632202,1.1173933744430542,1.1211000680923462,-0.0020237334999584355,0.015544245945657504,-0.010782013810325286,58.129023640514845,0.00957397102909674,0.009959271861003744,-0.00038530083190700497,47.34604930732665,0.010072753894426219,0.009230384050660243,0.053903009994773515,0,4,6,3622.8971877836593,0.0,EURUSD=X
2020-06-22 00:00:00+01:00,1.1179429292678833,1.1267732381820679,1.1175556182861328,1.1177555322647095,-0.002837487793214688,0.01462185219205251,-0.006828610442564442,55.12678371344685,0.008563139092637728,0.009680045307330541,-0.001116906214692813,33.50569462718839,0.009918016967693347,0.008984705452356209,0.05084869417540362,0,0,6,3472.006464527692,0.0,EURUSD=X
2020-06-23 00:00:00+01:00,1.1277135610580444,1.1348998546600342,1.1234314441680908,1.1279679536819458,-0.0029832625318877426,0.013031424442650028,-0.0066171049482507405,52.089332848982444,0.007406790539730146,0.009225394353810463,-0.0018186038140803173,1.600800927389609,0.009867988605424899,0.008873153996024723,0.04545345038197361,0,1,6,3303.042069739233,0.0,EURUSD=X
2020-06-24 00:00:00+01:00,1.1313625574111938,1.1326310634613037,1.1259866952896118,1.1312345266342163,0.009136542940248127,0.011013178426182857,-0.005121027851956672,59.43850067087098,0.00723107767783282,0.008826531018614935,-0.0015954533407821145,46.741490146485404,0.010387726733274885,0.0087484653914267,0.038066040742486686,0,2,6,3237.7961867236236,0.0,EURUSD=X
2020-06-25 00:00:00+01:00,1.1251378059387207,1.1259993314743042,1.119144082069397,1.1250872611999512,0.002895980281716115,0.009588456777055512,0.0041403735626863725,61.47416570112529,0.007271586780198902,0.008515542170931728,-0.001243955390732826,61.180314047844874,0.010120343978876099,0.009182646470473003,0.03304592074929456,0,3,6,3140.7953957424697,0.0,EURUSD=X
2020-06-26 00:00:00+01:00,1.1220825910568237,1.1238985061645508,1.1197832822799683,1.1222084760665894,-0.005434121121245528,0.008027021519078328,0.0007089213177919884,55.798828328090664,0.006730077446496452,0.008158449226044672,-0.0014283717795482206,34.00832542944462,0.010261065449300616,0.008995163600094754,0.02781570128680306,0,4,6,2945.725832788105,1.0,EURUSD=X
2020-06-29 00:00:00+01:00,1.1224100589752197,1.1289230585098267,1.1220574378967285,1.1225864887237549,-0.00255872164999138,0.006980504827200554,0.0009886788929815982,53.31642672044825,0.0059994752804330975,0.007726654436922358,-0.0017271791564892605,21.283591527031298,0.009906987840063636,0.009143635668540206,0.02425130318464396,0,0,6,2708.2040594897935,1.0,EURUSD=X
2020-06-30 00:00:00+01:00,1.124707579612732,1.126164197921753,1.1192318201065063,1.1247202157974243,0.000336847087887282,0.006218522074093125,0.004322015252527844,53.60828309518966,0.005388850943143897,0.007259093738166666,-0.0018702427950227692,22.9544736010117,0.009689747323851815,0.00882514437825337,0.02159678791564566,0,1,6,2501.30861312711,1.0,EURUSD=X
2020-07-01 00:00:00+01:00,1.123368263244629,1.1274592876434326,1.1189186573028564,1.1235954761505127,0.0019007239932979925,0.00533054587571308,-0.002879282052225096,55.3067769400638,0.005019242001649715,0.006811123390863276,-0.001791881389213561,32.38592053957213,0.009492792358951441,0.008615251320064346,0.018477745368632392,0,2,7,2263.46260485883,1.0,EURUSD=X
2020-07-02 00:00:00+01:00,1.1253403425216675,1.1303266286849976,1.1227755546569824,1.1251378059387207,-0.0010000172763980908,0.00505511112009774,-0.006752844174967132,54.18070533845244,0.004582740186746648,0.006365446750039951,-0.0017827065632933028,35.25891689313282,0.009424780786210351,0.008448585421039753,0.017540522198097208,0,3,7,2058.2484433705295,1.0,EURUSD=X
2020-07-03 00:00:00+01:00,1.123974323272705,1.125112533569336,1.122107744216919,1.1237848997116089,0.0013726735475050322,0.005008330637661546,4.492517204002233e-05,55.518163756353864,0.004311561480833559,0.005954669696198673,-0.0016431082153651137,44.0270539520321,0.009290944589196408,0.008376556841716917,0.01735437862933258,0,4,7,1875.8763651429276,1.0,EURUSD=X
2020-07-06 00:00:00+01:00,1.1248847246170044,1.1346874237060547,1.1248847246170044,1.1247202157974243,-0.0012024360215885377,0.004822961736313557,0.0014047511479728936,54.02836086226917,0.00394204078451299,0.005552143913861537,-0.0016101031293485465,36.33578888158474,0.008843738670096789,0.008267547100500011,0.01673217577093089,0,0,7,1745.4960770117254,1.0,EURUSD=X
2020-07-07 00:00:00+01:00,1.131029725074768,1.1336582899093628,1.126037359237671,1.1312856674194336,0.0008322910247819948,0.004685927189142338,0.0019007239932979925,54.92882819212962,0.003682218835158624,0.005178158898120955,-0.001495940062962331,41.852167103605595,0.008990794764693147,0.007863056559205345,0.01624324627078481,0,1,7,1671.2705514664456,1.0,EURUSD=X
2020-07-08 00:00:00+01:00,1.1272813081741333,1.1345586776733398,1.1265194416046143,1.1275228261947632,0.005837408743786465,0.004722300280233183,0.005837408743786465,60.74181193362108,0.003960431752546567,0.004934613469006077,-0.00097418171645951,79.35514623267849,0.008987029003782098,0.007947413304724328,0.016274329638015804,0,2,7,1537.0092601552774,1.0,EURUSD=X
2020-07-09 00:00:00+01:00,1.1337867975234985,1.137268304824829,1.1287955045700073,1.1339154243469238,-0.0033261636145835993,0.004458668980449378,0.003495341631051918,56.26303545099315,0.003833102040240899,0.004714311183253042,-0.0008812091430121429,57.86115556160839,0.008919329508420918,0.007970596066877072,0.015417064238312036,0,3,7,1375.984744637546,1.0,EURUSD=X
2020-07-10 00:00:00+01:00,1.1289230585098267,1.1324771642684937,1.1257203817367554,1.1287955045700073,0.0056695953320384795,0.004166669839697895,0.007801371851406058,61.46189618209874,0.004199611069344744,0.004611371160471382,-0.0004117600911266381,82.99125554843313,0.008978340159966989,0.00786595659333057,0.01432617394851766,0,4,7,1305.9972117824657,1.0,EURUSD=X
2020-07-13 00:00:00+01:00,1.1308763027191162,1.1370484828948975,1.130454421043396,1.1310042142868042,-0.004515257193776434,0.004166228527480874,0.004458686764419406,55.74648514079119,0.004030476553596785,0.004495192239096463,-0.0004647156854996788,53.82581466659737,0.00892239033498138,0.007953912044845636,0.014389629471921501,0,0,7,1271.3979729998548,1.0,EURUSD=X
2020-07-14 00:00:00+01:00,1.1345844268798828,1.140706181526184,1.1326310634613037,1.134549617767334,0.001956696060406715,0.004302901474101506,0.005587165946798978,57.579141900386304,0.0040282257673440736,0.004401798944745986,-0.00037357317740191204,65.86261109089965,0.008874575191403434,0.007888909892884632,0.014832657641506515,0,1,7,1270.754983685008,1.0,EURUSD=X
2020-07-15 00:00:00+01:00,1.1410835981369019,1.1452995538711548,1.1393544673919678,1.1410704851150513,0.003134739407461451,0.004376174124492307,0.0028851690089433113,60.41311912142891,0.004263380833343877,0.004374115322465564,-0.00011073448912168708,71.74271066439783,0.008933674623401751,0.00782211289169318,0.015038097423165584,0,2,7,1215.4381119432894,1.0,EURUSD=X
2020-07-16 00:00:00+01:00,1.1417349576950073,1.1442996263504028,1.1379542350769043,1.1417193412780762,0.005747538270340025,0.005471414308932448,0.012015418761861962,65.03928869789326,0.004919216746599231,0.004483135607292298,0.0004360811393069328,83.96920004157272,0.009063407586288827,0.007829204891318341,0.01869428777277792,0,3,7,1232.4334987479688,1.0,EURUSD=X
2020-07-17 00:00:00+01:00,1.1386499404907227,1.144164800643921,1.1378893852233887,1.139211654663086,0.0005686381091167814,0.006319779072674848,0.0068822742539611514,65.47167657275668,0.005428749458062487,0.004672258377446337,0.0007564910806161507,86.42876831797703,0.008869263563946664,0.007938384906524371,0.021580640600179224,0,4,7,1276.2100282691924,1.0,EURUSD=X
2020-07-20 00:00:00+01:00,1.1439553499221802,1.1467890739440918,1.1405240297317505,1.1442956924438477,-0.0021964124845104127,0.0065733683524810925,0.009227667944200713,62.26646313012625,0.0055660465309981255,0.004851016008156695,0.0007150305228414309,76.92307692307692,0.00868398869655992,0.00778543963068012,0.022496002115869256,0,0,7,1312.0007416598903,0.0,EURUSD=X
2020-07-21 00:00:00+01:00,1.1457641124725342,1.1498006582260132,1.1426221132278442,1.1458691358566284,0.004462768406512829,0.0068783372323960555,0.011751926287405512,65.91020856596231,0.006015749000498394,0.005083962606625035,0.0009317863938733588,91.05366262607252,0.008604948024020344,0.007588937679223202,0.02343510995666772,0,1,7,1382.4988225405914,0.0,EURUSD=X
2020-07-22 00:00:00+01:00,1.1535090208053589,1.160092830657959,1.1508538722991943,1.15340256690979,0.001375032190692238,0.0076869522147388035,0.009977102730482468,66.97316274205073,0.006425041304397139,0.005352178346179456,0.001072862958217683,85.8031467252104,0.008503062093602387,0.007509538179145963,0.02615417067479407,0,2,7,1435.1101176172594,0.0,EURUSD=X
2020-07-23 00:00:00+01:00,1.156671166419983,1.1624257564544678,1.15421462059021,1.1568717956542969,0.006574425313873089,0.009161741409799518,0.010807467159660522,71.54758004951931,0.0072734495318702574,0.005736432583317616,0.0015370169485526414,82.38713038456952,0.00891167871558297,0.007372154647083795,0.03096841013658682,0,3,7,1558.868119294774,0.0,EURUSD=X
2020-07-24 00:00:00+01:00,1.1595009565353394,1.1640088558197021,1.1581714153289795,1.1596084833145142,0.0030078212447555153,0.010515329974976357,0.01327161048113501,73.37635833231188,0.008132016110997897,0.006215549288853673,0.0019164668221442246,85.20562560928752,0.008919643774804026,0.007703255234554971,0.03543720544278065,0,4,7,1684.7710998233283,0.0,EURUSD=X
2020-07-27 00:00:00+01:00,1.1652567386627197,1.1779533624649048,1.1652567386627197,1.1652567386627197,0.00236559286041671,0.011611353369184072,0.017904336360972772,74.75482783921325,0.00893032095231483,0.006758503621545905,0.0021718173307689248,88.50731816667549,0.008792316374132686,0.007691944223544285,0.039038511698658115,0,0,7,1859.6276142283657,0.0,EURUSD=X
2020-07-28 00:00:00+01:00,1.1766505241394043,1.1775789260864258,1.1700997352600098,1.1769275665283203,0.004870829620063688,0.012924201817908624,0.018317858187603564,77.36023385888478,0.009904576500185724,0.00738771819727387,0.0025168583029118547,75.69232384369252,0.00947464228672254,0.0075453898547911315,0.04324181376012558,0,1,7,2041.3062046041216,0.0,EURUSD=X
2020-07-29 00:00:00+01:00,1.17205810546875,1.1778993606567383,1.1714951992034912,1.171879529953003,0.010015670777406838,0.015209946241656933,0.02710469258644732,81.58846799016807,0.011486015673691341,0.008207377692557364,0.003278637981133977,98.03611449646478,0.009678038367935649,0.008050318945855494,0.05038482306955579,0,2,7,2277.3957949402115,0.0,EURUSD=X
2020-07-30 00:00:00+01:00,1.1786893606185913,1.1807351112365723,1.17326819896698,1.1782865524291992,-0.004289165041998277,0.016197589320024432,0.016019526549794882,75.05875682926019,0.012191447827282209,0.009004191719502333,0.0031872561077798765,88.37165249382649,0.009444190016886466,0.00825856081667693,0.05388764559793408,0,3,7,2476.429071914985,0.0,EURUSD=X
2020-07-31 00:00:00+01:00,1.1873664855957031,1.1907994747161865,1.180261254310608,1.1872254610061646,0.005467304712160281,0.017451544980398716,0.018510916123416044,77.51808728423691,0.013116304466205042,0.009826614268842876,0.003289690197362166,95.13022037293882,0.009402146535935242,0.008015189511766874,0.05774371932615257,0,4,7,2687.680068394962,0.0,EURUSD=X
2020-08-03 00:00:00+01:00,1.1784114837646484,1.1787587404251099,1.1701380014419556,1.1782310009002686,0.007586362212601561,0.01899438340586681,0.023815777556846385,80.41906939621657,0.014404509018894451,0.010742193218853191,0.00366231580004126,93.85574810637112,0.009624344803867533,0.007919427981242075,0.06237546442325659,0,0,8,3017.232549070103,0.0,EURUSD=X
2020-08-04 00:00:00+01:00,1.1760554313659668,1.1804981231689453,1.1724153757095337,1.1763322353363037,-0.0075760337032135805,0.019210656261963537,0.011134252055421179,70.55382906483482,0.014532125352082259,0.011500179645499006,0.003031945706583253,76.24560091203627,0.010157424429606208,0.00816847018667283,0.06356726844603701,0,1,8,3244.1628754401763,0.0,EURUSD=X
2020-08-05 00:00:00+01:00,1.1814883947372437,1.190532922744751,1.1799967288970947,1.181544303894043,-0.0016115393013034218,0.019374876033973507,-0.0005058350309294912,68.63955542594383,0.01431503291455316,0.012063150299309837,0.0022518826152433235,72.6569364773951,0.010009233217449452,0.008634826220419169,0.06421414851572746,0,2,8,3427.4682201708642,0.0,EURUSD=X
2020-08-06 00:00:00+01:00,1.1873664855957031,1.1911852359771729,1.182075023651123,1.187281847000122,0.004430779333569168,0.01931376699344334,0.00824724188281345,70.968089030343,0.014397589517510578,0.012530038142949985,0.001867551374560593,82.50773924054056,0.010308622802520723,0.008471314350601826,0.06372924461257716,0,3,8,3597.6067908757373,0.0,EURUSD=X
2020-08-07 00:00:00+01:00,1.1875073909759521,1.1883541345596313,1.1756545305252075,1.1876484155654907,0.0048559695029375405,0.01974019618069082,0.007634216441134711,73.3168455286175,0.014755891268830812,0.012975208768126151,0.0017806825007046605,92.29511244137917,0.010260930608278521,0.008682540568246104,0.06482155285554785,0,4,8,3787.890942826209,0.0,EURUSD=X
2020-08-10 00:00:00+01:00,1.1782448291778564,1.1801999807357788,1.174300193786621,1.1782727241516113,0.0003087460372570572,0.01938910861101225,0.0003562546232522834,73.46455308709722,0.014897695645947895,0.013359706143690501,0.0015379895022573937,92.71706551916284,0.0104351215672889,0.008639703866731342,0.06364902329136493,0,0,8,4005.2300217681072,0.0,EURUSD=X
2020-08-11 00:00:00+01:00,1.1737639904022217,1.1804981231689453,1.1723191738128662,1.1737778186798096,-0.007894332439634666,0.01827219634151539,3.5411775204385876e-05,63.745035987954445,0.014091103228667912,0.013505985560685984,0.000585117667981928,67.98394438467268,0.010643200153830381,0.008856287134035521,0.06045980232529097,0,1,8,4087.965791794767,0.0,EURUSD=X
2020-08-12 00:00:00+01:00,1.1739845275878906,1.181265115737915,1.1713030338287354,1.1736538410186768,-0.0038148260412615986,0.01697275046778804,-0.0021715095274625895,59.6691797575369,0.012940007271753151,0.013392789902899417,-0.000452782631146266,52.915532740897426,0.010467182239705289,0.009067474256585606,0.05637520343035778,0,2,8,4060.628497423869,0.0,EURUSD=X
2020-08-13 00:00:00+01:00,1.1796486377716064,1.186400055885315,1.179467797279358,1.179380178451538,-0.00010562276706871376,0.01596389025982217,-0.006678093110314531,59.556068438817206,0.011880797038846369,0.013090391330088809,-0.0012095942912424395,46.896800751065214,0.010431103644667745,0.00891845778872948,0.05302986276448776,0,3,8,4019.6406944318696,0.0,EURUSD=X
2020-08-14 00:00:00+01:00,1.1818934679031372,1.183800458908081,1.178467035293579,1.1816558837890625,0.00487906845504904,0.014903495514708437,-0.006655259295464622,63.04100100037203,0.011372339619801775,0.012746780988031402,-0.001374441368229628,54.47072237751949,0.010596468731951348,0.008844564149249326,0.049266999210166806,0,4,8,3987.30181980295,0.0,EURUSD=X
2020-08-17 00:00:00+01:00,1.185044765472412,1.1880717277526855,1.183039903640747,1.1852554082870483,0.001929577399301552,0.013257437841069237,-0.005045711927780361,64.35549140104732,0.01102591398086794,0.01240260758659871,-0.0013766936057307694,54.8061375637445,0.010220536937847819,0.008967474268374163,0.043741167610199805,0,0,8,3881.940676254218,0.0,EURUSD=X
2020-08-18 00:00:00+01:00,1.187930703163147,1.1965157985687256,1.1875356435775757,1.1876484155654907,0.003046169826061096,0.011864072367309934,0.005926203664321283,66.39159074796504,0.010915987996005683,0.012105283668480106,-0.0011892956724744233,71.82609582174595,0.00994877315397462,0.00862306711818233,0.03902506502736691,0,1,8,3822.3083041831883,0.0,EURUSD=X
2020-08-19 00:00:00+01:00,1.1947288513183594,1.1954572200775146,1.1893434524536133,1.1947859525680542,0.002018980265106496,0.01023120087774369,0.01181705486757445,67.712065686372,0.010896360092801372,0.01186349895334436,-0.0009671388605429886,66.38315564935623,0.010042460091667664,0.008376867281246344,0.03358617232131439,0,2,8,3771.192049580125,0.0,EURUSD=X
2020-08-20 00:00:00+01:00,1.184174656867981,1.1868449449539185,1.1806515455245972,1.1843500137329102,0.006009806361055858,0.009583231561049814,0.018005403987802593,71.33028300882052,0.01132618323331247,0.011756035809337984,-0.0004298525760255134,93.44203766388127,0.009882913264550253,0.008405237833674356,0.031271136719835176,0,3,8,3741.888207557592,0.0,EURUSD=X
2020-08-21 00:00:00+01:00,1.1870845556259155,1.1886366605758667,1.1754900217056274,1.1873664855957031,-0.008734567738023058,0.008261862756112874,0.004213938280612117,60.63178987829906,0.01070136939662647,0.011545102526795682,-0.0008437331301692115,53.8786928364509,0.010186591391615023,0.008344588297340121,0.027196918564659764,0,4,8,3564.2121326433953,1.0,EURUSD=X
2020-08-24 00:00:00+01:00,1.1799131631851196,1.1852554082870483,1.1786198616027832,1.1798018217086792,0.002546942903547178,0.0069863106449528905,0.004832711354450403,62.38781090878405,0.010330520192874504,0.011302186060011446,-0.0009716658671369421,63.71158392434988,0.010398023354373898,0.008579146805296933,0.02293955031117216,0,0,8,3351.476176273046,1.0,EURUSD=X
2020-08-25 00:00:00+01:00,1.1795234680175781,1.184413194656372,1.178480863571167,1.1794538497924805,-0.006370959580544899,0.0059607560363741305,-0.004601191051514131,55.680310163872626,0.009318793125524083,0.010905507473113973,-0.0015867143475898904,33.70827423167849,0.010280066257127185,0.008813364382939065,0.01969763468985833,0,1,8,3167.727919791445,1.0,EURUSD=X
2020-08-26 00:00:00+01:00,1.1833338737487793,1.1839923858642578,1.1776067018508911,1.183501958847046,-0.0002949409890677934,0.0058835735660494465,-0.006899824616116268,55.38532854106705,0.008392173952655124,0.010402840769022204,-0.0020106668163670793,32.32813238770686,0.009969513744847034,0.00871595464200309,0.019448317226122138,0,2,8,3025.7510359958546,1.0,EURUSD=X
2020-08-27 00:00:00+01:00,1.1840205192565918,1.1898529529571533,1.1766228675842285,1.1842728853225708,0.0034321894453757107,0.005419066053559025,-0.009444364236752767,58.16219442252461,0.007893479038632911,0.009900968422944346,-0.0020074893843114346,48.383924349881795,0.009713525906884153,0.008423740806106667,0.017851604543664957,0,3,8,2925.4802603166386,1.0,EURUSD=X
2020-08-28 00:00:00+01:00,1.1820470094680786,1.1920371055603027,1.1811953783035278,1.1819632053375244,0.000651394338439415,0.00535221901838753,-6.512298682403994e-05,58.689524855461435,0.007474307881379483,0.009415636314631375,-0.0019413284332518918,51.44160756501182,0.009964708725887058,0.008202101075917477,0.01761991808041406,0,4,8,2752.9806914520295,1.0,EURUSD=X
2020-08-31 00:00:00+01:00,1.1916537284851074,1.1963582038879395,1.188509464263916,1.1918240785598755,-0.0019502937318516267,0.005239577868770111,-0.004550642386935699,56.396089704161106,0.0068764721567313725,0.008907803483051376,-0.002031331326320003,42.280851063829786,0.01002735290666476,0.008430642071502988,0.017282801261459473,0,0,8,2529.8327872271293,1.0,EURUSD=X
2020-09-01 00:00:00+01:00,1.1939157247543335,1.2011290788650513,1.1937304735183716,1.193901538848877,0.008342792041089897,0.005554897264625908,0.010190064661694365,63.03717780985025,0.007116340354226258,0.008549510857286353,-0.0014331705030600946,81.39148936170213,0.010339327595504067,0.008413450514258092,0.018171286255694145,0,1,9,2423.7959332858272,1.0,EURUSD=X
2020-09-02 00:00:00+01:00,1.1923072338104248,1.1924351453781128,1.182410478591919,1.1923214197158813,0.0017430930674866563,0.00582929534588284,0.012249473821242418,64.27178049556505,0.007388896710312398,0.008317388027891563,-0.0009284913175791644,71.81042980155851,0.010265447074766332,0.008660117487973865,0.019035721477083583,0,2,9,2366.4036725045084,1.0,EURUSD=X
2020-09-03 00:00:00+01:00,1.1845955848693848,1.184805989265442,1.1789672374725342,1.184735894203186,-0.0013234919979406845,0.006095327413169994,0.007452003609210056,62.560182053994104,0.007392184674296809,0.008132347357172613,-0.0007401626828758036,65.6474920493221,0.01035299087349431,0.008609630679294924,0.01993083468201091,0,3,9,2236.752081735124,1.0,EURUSD=X
2020-09-04 00:00:00+01:00,1.184370994567871,1.186352252960205,1.178175449371338,1.1839784383773804,-0.006361980408355672,0.006058577976707333,0.0003909646892650276,54.98939520077938,0.006705406147353932,0.007846959115208876,-0.0011415529678549443,36.061671223195525,0.010567361685626655,0.008738648777462244,0.019937511423394814,0,4,9,2096.317783048376,1.0,EURUSD=X
2020-09-07 00:00:00+01:00,1.183656096458435,1.1848621368408203,1.1813768148422241,1.183445930480957,-0.0006393457221240961,0.006006496049930823,0.001704987964731508,54.2829752133396,0.00603049309145276,0.007483665910457653,-0.0014531728190048934,33.1073666982834,0.010396607535858122,0.008925299095910074,0.019778766178146463,0,0,9,1935.030476430913,1.0,EURUSD=X
2020-09-08 00:00:00+01:00,1.181921362876892,1.1828720569610596,1.1767197847366333,1.1821727752685547,-0.00044976148142794603,0.005851968879144705,-0.007029685194011259,53.76010062720413,0.005390512225816213,0.007065035173529365,-0.0016745229477131522,31.030426453904667,0.009902944283196557,0.008785029605562884,0.01927859506147954,0,1,9,1804.925441585997,1.0,EURUSD=X
2020-09-09 00:00:00+01:00,1.1769136190414429,1.183053970336914,1.175364375114441,1.177024483680725,-0.0010758034478896006,0.005331375858357867,-0.009823895186223508,52.45904970904189,0.004726110137780459,0.006597250166379584,-0.001871140028599125,26.06473990589373,0.009676030101848499,0.008376900982977636,0.017582480379651363,0,2,9,1681.9096182508658,1.0,EURUSD=X
2020-09-10 00:00:00+01:00,1.1806375980377197,1.1914690732955933,1.1802891492843628,1.1806375980377197,-0.0043549400692805,0.005004630419310732,-0.012829540577071419,47.457490052015004,0.0037410184590904727,0.006026003824921762,-0.0022849853658312895,6.443344283533059,0.009534141896178832,0.008220755163554591,0.01657709050070309,0,3,9,1466.488397446635,1.0,EURUSD=X
2020-09-11 00:00:00+01:00,1.1826202869415283,1.1876484155654907,1.1825922727584839,1.1824384927749634,0.0030697019536041203,0.004938543741426908,-0.0034592487536833083,50.98916246315757,0.00321481594205264,0.005463766248347938,-0.0022489503062952977,20.46684865590154,0.009884888161799499,0.00807541781832551,0.016308127164689445,0,4,9,1332.7387642889414,1.0,EURUSD=X
2020-09-14 00:00:00+01:00,1.184356927871704,1.188800573348999,1.1833059787750244,1.1842728853225708,0.001525357772983682,0.0049136489876568665,-0.00130065341774932,52.69587324545499,0.0029095740522782076,0.004952927809133992,-0.002043353756855784,27.45662332855226,0.009679597402226034,0.008359748284751374,0.016201206729282075,0,0,9,1200.3178142740658,1.0,EURUSD=X
2020-09-15 00:00:00+01:00,1.186690092086792,1.1900993585586548,1.1841466426849365,1.187000036239624,0.0015513640318849387,0.00491633529250123,0.0006987685878285799,54.436375939055345,0.002783600193121405,0.004519062285931475,-0.0017354620928100696,34.57641234442234,0.009442631914498149,0.00817345184728224,0.01618495521429888,0,1,9,1034.539982876229,1.0,EURUSD=X
2020-09-16 00:00:00+01:00,1.1842728853225708,1.1883004903793335,1.1814604997634888,1.1844412088394165,0.0023028061782486287,0.004900027476702413,0.004083380257147828,56.97113750410264,0.0028707312861038226,0.004189396085965944,-0.0013186647998621216,45.16124554666173,0.009193352197299585,0.007955039280716525,0.016094206787266016,0,2,9,874.1961313001603,1.0,EURUSD=X
2020-09-17 00:00:00+01:00,1.1804285049438477,1.1830118894577026,1.1741636991500854,1.1803449392318726,-0.0021557096226498818,0.00432018329141658,0.006301249686411214,53.939070359444386,0.0027021585174997753,0.0038919485722727107,-0.0011897900547729354,35.22972285198723,0.009025254941481379,0.007761763208414337,0.014220355644186576,0,3,9,693.4639011600968,1.0,EURUSD=X
2020-09-18 00:00:00+01:00,1.1852554082870483,1.1871000528335571,1.1831238269805908,1.1848200559616089,-0.003458398421950948,0.004416578441049945,-0.00024788199726455407,49.40596766810376,0.0022125240603847462,0.003556063669895118,-0.0013435396095103718,22.92287424514372,0.009114701709184927,0.007646285963961264,0.014588102288351399,0,4,9,555.0330769051708,1.0,EURUSD=X
2020-09-21 00:00:00+01:00,1.1845533847808838,1.187300205230713,1.17326819896698,1.1845533847808838,0.0037913635082373887,0.004358173932167245,0.0020141116863139352,53.95839548752439,0.002160682739827724,0.0032769874838816395,-0.0011163047440539155,39.51866031246408,0.00894615970150633,0.007692899578567116,0.01434081903728942,0,0,9,455.9135018145802,1.0,EURUSD=X
2020-09-22 00:00:00+01:00,1.1761800050735474,1.1773016452789307,1.169344425201416,1.176800012588501,-0.00022507314877340256,0.0042383854167376235,0.0002368537368282464,53.648611716689814,0.002074170240760065,0.0030364240352573246,-0.0009622537944972598,58.878370982187285,0.009309434455951088,0.007552348265976356,0.013949787841303758,0,1,9,346.9779190412833,1.0,EURUSD=X
2020-09-23 00:00:00+01:00,1.1707545518875122,1.172000527381897,1.1664936542510986,1.1708368062973022,-0.006545397017979959,0.00443680817855895,-0.008593111490911465,45.474081514565135,0.0013642499000379171,0.002701989208213443,-0.001337739308175526,33.69810609122013,0.00973082910763085,0.007910804177741267,0.014699067437519387,0,2,9,187.57929649183498,1.0,EURUSD=X
2020-09-24 00:00:00+01:00,1.1661943197250366,1.168100118637085,1.1629664897918701,1.1658544540405273,-0.005067306447492315,0.0053540881063491915,-0.011485924704903394,40.37813923099476,0.000316800129518624,0.0022249513924744793,-0.0019081512629558553,17.389706408793895,0.009771938338328814,0.008311003766958766,0.017828341369487785,0,3,9,44.38771217013837,1.0,EURUSD=X
2020-09-25 00:00:00+01:00,1.1673650741577148,1.168510913848877,1.1613458395004272,1.1673243045806885,-0.004255377205412025,0.006656040390891917,-0.012276483517415726,36.6796448312361,-0.000904914259656886,0.0015989782620482063,-0.002503892521705092,10.132289405555067,0.009636108207407621,0.008381782395274122,0.022258372515000072,0,4,9,-135.3367257379399,1.0,EURUSD=X
2020-09-28 00:00:00+01:00,1.1635076999664307,1.167965054512024,1.1616694927215576,1.1635348796844482,0.001260749603063216,0.007490285515279043,-0.014766589485793902,38.47019956509955,-0.001734532450141435,0.0009322761196102781,-0.002666808569751713,19.846690833109083,0.009459605788910627,0.00825486813698185,0.025016620390697766,0,0,9,-295.8796331935296,0.0,EURUSD=X
2020-09-29 00:00:00+01:00,1.1677740812301636,1.1741636991500854,1.1666569709777832,1.167883276939392,-0.0032462486057818207,0.008165463457831264,-0.01774382258029128,35.669741749646974,-0.0026670417654617307,0.00021241254259587636,-0.0028794543080576072,7.2669494879141405,0.009233602646164605,0.008130057769712998,0.027360449417766563,0,1,9,-507.49878919455165,0.0,EURUSD=X
2020-09-30 00:00:00+01:00,1.1742740869522095,1.1756407022476196,1.1686065196990967,1.1742050647735596,0.003737229825137023,0.007992422858195508,-0.007577103631648985,40.97920078235728,-0.003020365900825883,-0.00043414314608847563,-0.0025862227547374076,21.70230953097051,0.009333260990412647,0.007906271823981077,0.02668092041517425,0,2,9,-674.7982593016073,0.0,EURUSD=X
2020-10-01 00:00:00+01:00,1.1723741292953491,1.1767003536224365,1.1718108654022217,1.1726078987121582,0.005413030530529328,0.00743685150883934,0.002876795859287462,47.73313488176485,-0.0027584645169658195,-0.0008990074202639444,-0.0018594570967018751,44.72226598452749,0.009220701298827997,0.007948578379035119,0.02469260758759119,0,3,10,-760.4596122138411,0.0,EURUSD=X
2020-10-02 00:00:00+01:00,1.1744118928909302,1.1747002601623535,1.1697137355804443,1.1744946241378784,-0.001360210502676873,0.007379998307876929,0.005792699636069765,46.291845883988564,-0.0026492448904413823,-0.001249054914299432,-0.0014001899761419503,39.16758567507732,0.008911328936069914,0.007863413941655031,0.02453721345418691,0,4,10,-822.601881490684,0.0,EURUSD=X
2020-10-05 00:00:00+01:00,1.172195553779602,1.1796625852584839,1.1719304323196411,1.1720443964004517,0.0016089994172752142,0.007259655743275428,0.006142525713765279,48.278602539687824,-0.002382975121848263,-0.0014758389558091984,-0.0009071361660390647,45.72930572714986,0.008630985767915576,0.007587373115999703,0.024098321129653766,0,0,10,-886.0508603761687,0.0,EURUSD=X
2020-10-06 00:00:00+01:00,1.178828239440918,1.1807351112365723,1.1767336130142212,1.1792453527450562,-0.0020861974904528013,0.007193595598551623,0.007313503758745288,45.903758315804666,-0.002342662557168751,-0.001649203676081109,-0.000693458881087642,39.69094961788848,0.008566783422981804,0.007364043371072637,0.02392895597270514,0,1,10,-978.1904042552147,0.0,EURUSD=X
2020-10-07 00:00:00+01:00,1.173736572265625,1.178139328956604,1.172540545463562,1.1737639904022217,0.006143927966141716,0.007104854572508763,0.009728776864962096,53.19121831916822,-0.0017099463658167835,-0.001661352214028244,-4.859415178853953e-05,68.96532718479155,0.008575635666777433,0.007264631913146811,0.023489448131152283,0,2,10,-981.3188555310509,0.0,EURUSD=X
2020-10-08 00:00:00+01:00,1.1765536069869995,1.1781338453292847,1.173529863357544,1.176747441291809,-0.004648194991886068,0.007129988812068231,-0.0003756365770939407,47.90140484864549,-0.0016320016578803553,-0.0016554821027986663,2.3480444918310946e-05,47.84609660988146,0.008442005067828627,0.0073060987872347,0.023682626217968513,0,3,10,-960.2383530642217,0.0,EURUSD=X
2020-10-09 00:00:00+01:00,1.1767059564590454,1.1824523210525513,1.1758756637573242,1.1767003536224365,0.0025417808980194856,0.007059730842304614,0.003530201855366233,50.771099083016104,-0.001314339474910442,-0.0015872535772210215,0.00027291410231057947,59.341083313047434,0.008167860560965206,0.0071740160816166024,0.02338980897179105,0,4,10,-877.1869703720363,0.0,EURUSD=X
2020-10-12 00:00:00+01:00,1.1813349723815918,1.182732105255127,1.1788004636764526,1.181683897972107,-4.001510240880801e-05,0.006906100049573555,0.0018780243342342295,50.723610112639406,-0.0010542369009105546,-0.0014806502419589282,0.0004264133410483736,72.74786223412066,0.008054203184841052,0.006941325831865941,0.022881725734389305,0,0,10,-824.8721526490204,0.0,EURUSD=X
2020-10-13 00:00:00+01:00,1.1814186573028564,1.1814186573028564,1.1735711097717285,1.1816140413284302,0.004235185563026933,0.006763164306999141,0.008224519140452191,55.470802894666754,-0.00044089103981548305,-0.0012726984015302392,0.0008318073617147562,95.09868952792905,0.007909742359687435,0.006815869454312533,0.02231363962345511,0,1,10,-735.2113430853732,0.0,EURUSD=X
2020-10-14 00:00:00+01:00,1.1743981838226318,1.177024483680725,1.1721680164337158,1.1742188930511475,-5.911618479070846e-05,0.006388227081259211,0.002008647799934149,55.3902492163041,3.910237880977441e-05,-0.0010103382454622366,0.001049440624272011,94.77204697855642,0.007924245634022506,0.006694015205502216,0.02107785906774485,0,2,10,-657.5383351863811,0.0,EURUSD=X
2020-10-15 00:00:00+01:00,1.1747568845748901,1.1760554313659668,1.1690163612365723,1.1743981838226318,-0.006258514217526323,0.006032106942629969,0.00038755887269115163,47.52260025854298,-0.0001752063709257179,-0.000843311870554933,0.0006681054996292151,60.19308699505577,0.008032944152643353,0.006748525067103767,0.020028192761551183,0,3,10,-652.7116474175882,1.0,EURUSD=X
2020-10-16 00:00:00+01:00,1.1705764532089233,1.1746740341186523,1.169494867324829,1.1707134246826172,0.00015268939423940253,0.005897975863861847,-0.001996399045999464,47.71649769173803,-0.0003268130350055909,-0.0007400121034450645,0.00041319906843947365,60.43263190065993,0.007961953150982724,0.006840051579862253,0.019579852417207298,0,4,10,-593.4609037570626,1.0,EURUSD=X
2020-10-19 00:00:00+01:00,1.1715638637542725,1.1795234680175781,1.1704941987991333,1.1715501546859741,-0.003137572239784059,0.005446004679478987,-0.005087895929825059,44.109332048722926,-0.0007358097199126057,-0.0007391716267385728,3.3619068259670842e-06,25.234337921214998,0.007763182696899904,0.006800941189464216,0.018136321491705704,0,0,10,-577.9448773938706,1.0,EURUSD=X
2020-10-20 00:00:00+01:00,1.1768028736114502,1.1839923858642578,1.1762629747390747,1.176885962486267,0.0007147180392022001,0.00485953116900929,-0.00857568026739075,45.12380950791619,-0.000981115729530302,-0.0007875604472969187,-0.00019355528223338324,20.8390298242949,0.007853617448438826,0.00662641942032842,0.0161716852589101,0,1,10,-515.3435257102142,1.0,EURUSD=X
2020-10-21 00:00:00+01:00,1.1829279661178589,1.1882128715515137,1.1829279661178589,1.1829839944839478,0.0045544851656165175,0.004862815875586567,-0.0040013732714682115,51.20611238035882,-0.0007364777560787683,-0.0007773439090532887,4.086615297452039e-05,52.54799885375871,0.008181375571999173,0.006673218730426032,0.016109246872444697,0,2,10,-450.83740993345236,1.0,EURUSD=X
2020-10-22 00:00:00+01:00,1.1851290464401245,1.1869436502456665,1.1813349723815918,1.1853959560394287,0.005181497776384436,0.005277827986694083,0.007464623065316811,57.063274115682134,-4.996422428793501e-05,-0.000631867972100218,0.000581903747812283,72.76131452133737,0.008406056535802559,0.006915880189544009,0.01739394758118437,0,3,10,-313.6288310656714,1.0,EURUSD=X
2020-10-23 00:00:00+01:00,1.181404709815979,1.1859582662582397,1.1788004636764526,1.1815024614334106,0.002038879280469974,0.0055093138387702,0.00936460254136251,59.151892521121965,0.0006808790853789493,-0.0003693185606043845,0.0010501976459833338,85.3258979581698,0.008206243773536284,0.007091349091394197,0.018119902870907915,0,4,10,-190.36028642155443,1.0,EURUSD=X
2020-10-26 00:00:00+00:00,1.1848341226577759,1.1851009130477905,1.1804006099700928,1.1848480701446533,-0.003284551955978321,0.00539421771734593,0.009215779475423957,54.539804054428544,0.0009351256518985718,-0.00010842971810379328,0.001043555370002365,65.0435938198619,0.008131355116982772,0.006945600234789512,0.017799820976524935,0,0,10,-90.87828848066954,1.0,EURUSD=X
2020-10-27 00:00:00+00:00,1.1809443235397339,1.183800458908081,1.179940938949585,1.1809443235397339,0.0028316561500716375,0.004972184736846291,0.011350700954193105,57.59911853567638,0.0013905511422123151,0.00019136645395942842,0.0011991846882528868,82.4718068458443,0.007886279971319557,0.006862782935528644,0.016360869649227547,0,1,10,3.2348024905934913,1.0,EURUSD=X
2020-10-28 00:00:00+00:00,1.17816162109375,1.178828239440918,1.1719304323196411,1.1784114837646484,-0.0032947233516975594,0.004600625747280668,0.0034483893791146247,53.10810102437065,0.0014201092628096657,0.0004371150157294759,0.0009829942470801897,62.13609717323265,0.007673483630158758,0.006677943925147473,0.015188303842054442,0,2,10,19.640843741944725,1.0,EURUSD=X
2020-10-29 00:00:00+00:00,1.1747430562973022,1.1759172677993774,1.165623426437378,1.1748672723770142,-0.0021447579912096115,0.0045461999518456265,-0.003865234644441662,50.3642407985341,0.001225033856572244,0.0005946987838980296,0.0006303350726742145,48.94182522728402,0.007769227029439759,0.006511718305429634,0.015040883966765317,0,3,10,70.34608868508747,1.0,EURUSD=X
2020-10-30 00:00:00+00:00,1.1676785945892334,1.1703435182571411,1.1643069982528687,1.1678695678710938,-0.003007617828291731,0.004444177421425322,-0.008881997284344023,46.72627233591128,0.0007755073864998963,0.0006308605044184029,0.00014464688208149336,40.9210845725986,0.008127714907856241,0.006612855096151337,0.014747702783766456,0,4,10,76.83146478273666,1.0,EURUSD=X
2020-11-02 00:00:00+00:00,1.164252758026123,1.1656994819641113,1.162439227104187,1.1642121076583862,-0.005956166003128649,0.004913884158324524,-0.011538607838173509,40.50516480767953,-0.00014374484991508396,0.00047593943355170553,-0.0006196842834667894,14.902486822880565,0.008301469137591189,0.006959437193549131,0.01640409841750072,0,0,11,49.32511733350089,1.0,EURUSD=X
2020-11-03 00:00:00+00:00,1.1642799377441406,1.1741995811462402,1.163805603981018,1.1642799377441406,-0.0031317368936795154,0.005618053897611473,-0.017416547324711207,37.681316677874285,-0.0011540818059558866,0.0001499351856501871,-0.0013040169916060738,6.878656830323073,0.008096388539685157,0.007130546987943783,0.018813759313398046,0,1,11,-10.084935675637485,1.0,EURUSD=X
2020-11-04 00:00:00+00:00,1.1764568090438843,1.176885962486267,1.1607661247253418,1.176221489906311,5.826265274877507e-05,0.006253793147147447,-0.014111068120166603,37.7679674341171,-0.0019270934677400042,-0.00026547054502785116,-0.001661622922712153,7.141832982585972,0.008260502012937801,0.006953987848809262,0.02094150511545337,0,2,11,-102.76930448369819,0.0,EURUSD=X
2020-11-05 00:00:00+00:00,1.1729930639266968,1.1856770515441895,1.1712756156921387,1.17326819896698,0.010256598756917423,0.006227922624068307,-0.001858428815833535,50.7509634685766,-0.0015581657542895755,-0.000524009586880196,-0.0010341561674093794,56.310371785962474,0.008821883137794051,0.0070229136976538075,0.020643146391420616,0,3,11,-99.97527655642158,1.0,EURUSD=X
2020-11-06 00:00:00+00:00,1.1814186573028564,1.1890605688095093,1.1796208620071411,1.1817537546157837,-0.0025108289252275817,0.0062633301885705065,-0.0013610672861785744,48.07948963929009,-0.0014869531106578293,-0.0007165982916357228,-0.0007703548190221065,45.55029534398888,0.009220422617383817,0.007519067801855875,0.020812766020720755,0,4,11,-160.21982141523776,1.0,EURUSD=X
2020-11-09 00:00:00+00:00,1.1893151998519897,1.1919234991073608,1.179746150970459,1.1893010139465332,0.007232409142491791,0.006388297439046207,0.011888473787359244,55.351755632457866,-0.0007373039721738639,-0.000720739427743351,-1.656454443051288e-05,74.17579871161276,0.009689847419179923,0.007802321406951312,0.02107559924684906,0,0,11,-117.87483623802046,1.0,EURUSD=X
2020-11-10 00:00:00+00:00,1.1823265552520752,1.184356927871704,1.178078293800354,1.182732105255127,0.006386490672249501,0.006925540565177986,0.021550116274438258,60.63322013075859,0.000460490871794228,-0.00048449336783583526,0.0009449842396300632,91.58309962619612,0.009867526041874347,0.008147514637211556,0.022703022640643826,0,1,11,-58.09705754481338,1.0,EURUSD=X
2020-11-11 00:00:00+00:00,1.1819632053375244,1.1832919120788574,1.1747292280197144,1.1818794012069702,-0.005523335652097172,0.006971130112742861,0.015848566064565528,54.58143420417236,0.0008696708582460744,-0.00021366052261945334,0.0010833313808655278,70.5001013899995,0.009964325620753266,0.008342993310176378,0.022979395336580593,0,2,11,-33.8443827123201,1.0,EURUSD=X
2020-11-12 00:00:00+00:00,1.1778701543807983,1.182300090789795,1.1759587526321411,1.1780297756195068,-0.0007209612763262596,0.007031006370042938,0.004810243095549893,53.8303478141556,0.0011123207143513003,5.153572477469739e-05,0.001060784989576603,67.76333661097232,0.009864208366352536,0.008430915718285133,0.023193490996074855,0,3,11,-31.506922165079267,1.0,EURUSD=X
2020-11-13 00:00:00+00:00,1.1805260181427002,1.1833899021148682,1.1799688339233398,1.1803393363952637,-0.003257206770447163,0.007001646576304101,0.004058387209948444,50.45474153593486,0.0009826623414810332,0.00023776104811596454,0.0007449012933650686,55.40791301120647,0.009612574780016913,0.008373479661127503,0.02317211692493369,0,4,11,-33.36819300003786,1.0,EURUSD=X
2020-11-16 00:00:00+00:00,1.1844271421432495,1.186873197555542,1.1814744472503662,1.1845253705978394,0.0019605283529799955,0.006848246062507353,-0.0011968806657016717,52.38392606330323,0.0010541181814125444,0.00040103247477528056,0.0006530857066372639,62.8204784842769,0.009308828473970085,0.008143907843801557,0.022620086931189057,0,0,11,49.749214884483045,1.0,EURUSD=X
2020-11-17 00:00:00+00:00,1.1859723329544067,1.1892727613449097,1.1845533847808838,1.1859441995620728,0.0035464667435043395,0.006833228123352946,-0.0040155043110965405,55.747259346111505,0.0014320180131150995,0.0006072295824432444,0.0008247884306718551,76.25560992780267,0.009110616522992101,0.0078586991085483,0.022490719365806724,0,1,11,182.8625301106753,1.0,EURUSD=X
2020-11-18 00:00:00+00:00,1.186436653137207,1.1891002655029297,1.1851149797439575,1.186366319656372,0.0011978037781641415,0.007017450584485747,0.0027158257501203042,56.859536668689394,0.0018249570235548962,0.0008507750706655747,0.0009741819528893214,80.80936001867106,0.008798957538997688,0.00768216289295595,0.023069432000965506,0,2,11,339.9038091505222,1.0,EURUSD=X
2020-11-19 00:00:00+00:00,1.1842869520187378,1.1855363845825195,1.1817398071289062,1.1847639083862305,0.000355935881684033,0.007158725001880188,0.0037964266445627004,57.204176100990296,0.0021456913894153384,0.0011097583344155276,0.0010359330549998109,82.16415997428902,0.008455123840424437,0.007416729043307874,0.023525489288865827,0,3,11,408.8381443648013,0.0,EURUSD=X
2020-11-20 00:00:00+00:00,1.1867464780807495,1.1890889406204224,1.185185194015503,1.1866477727890015,-0.001350688437114167,0.007130970620758449,0.005716436804988456,55.39503012046877,0.002244698994800176,0.0013367464664924573,0.0009079525283077188,77.02120007499033,0.008181651603784536,0.0071365474425543396,0.02346597617548275,0,4,11,485.4508172914627,0.0,EURUSD=X
2020-11-23 00:00:00+00:00,1.1865352392196655,1.1905895471572876,1.1803170442581177,1.1866477727890015,0.0015900757859319548,0.0073125937401124375,0.0053445955745266005,57.11230156964425,0.002446968222091339,0.0015587908176122338,0.0008881774044791054,83.06748747929157,0.007906178791670776,0.006894760004946573,0.02402544342016373,0,0,11,563.551080356977,0.0,EURUSD=X
2020-11-24 00:00:00+00:00,1.1841803789138794,1.1893858909606934,1.1838942766189575,1.1842728853225708,0.0,0.007394294796245843,0.001791774362832621,57.11230156964425,0.0025775555856717425,0.0017625437712241356,0.0008150118144476068,83.06748747929157,0.00807520194220643,0.006662616298591054,0.02429387130926331,0,1,11,608.0138804791949,0.0,EURUSD=X
2020-11-25 00:00:00+00:00,1.1900511980056763,1.1928049325942993,1.1882835626602173,1.1900511980056763,-0.0020013415276960433,0.007466796209964458,-0.0014092688678937204,54.06885531507843,0.002461044057414874,0.0019022438284622834,0.0005588002289525905,62.94722499668027,0.007890659970744245,0.006818700353852074,0.02458126939326132,0,2,11,672.2000985613035,0.0,EURUSD=X
2020-11-26 00:00:00+00:00,1.1917530298233032,1.1940997838974,1.1886931657791138,1.1920002698898315,0.004879207110725758,0.007813484636766326,0.0031060207022495234,59.69644035900155,0.0028026620307102235,0.0020823274689118717,0.0007203345617983518,84.76554771483215,0.00793647334938598,0.0066305214296390365,0.025597697980897356,0,3,11,735.3064078451823,0.0,EURUSD=X
2020-11-27 00:00:00+00:00,1.1911852359771729,1.1961865425109863,1.1910717487335205,1.191599726676941,0.0016378050687413381,0.00813095870496703,0.0061078510683683085,61.413788859071424,0.0031938537893703156,0.0023046327330035607,0.000889221056366755,89.16131255692588,0.007755769404307419,0.006658113718480529,0.02659421623479077,0,4,11,846.316297146093,0.0,EURUSD=X
2020-11-30 00:00:00+00:00,1.197074294090271,1.2002063989639282,1.1944148540496826,1.1971460580825806,-0.00033602610922867093,0.007831454001168098,0.004173061292063851,60.84005454042854,0.003431993699664071,0.0025301049263356627,0.0009018887733284082,78.62353261443246,0.007567128288104448,0.006508703577782974,0.02562322560549289,0,0,11,914.7139593255453,0.0,EURUSD=X
2020-12-01 00:00:00+00:00,1.1937732696533203,1.2053565979003906,1.1935994625091553,1.193816065788269,0.004654525577231228,0.0072842108171260415,0.0088470104898144,65.62840322177965,0.004021901904479153,0.0028284643219643607,0.001193437582514792,87.98790930104155,0.007641381430881794,0.006320973315674117,0.023722320035860948,0,1,12,972.5065234776802,0.0,EURUSD=X
2020-12-02 00:00:00+00:00,1.2069860696792603,1.210741639137268,1.2040793895721436,1.2074378728866577,-0.0027816090374511715,0.005976159036765525,0.00805826138888488,60.819883833212465,0.004172606646546173,0.0030972927868807235,0.0010753138596654496,60.743612306220015,0.007935363856621334,0.006400802979507768,0.01951670605630998,0,2,12,1028.2840336017643,1.0,EURUSD=X
2020-12-03 00:00:00+00:00,1.2113430500030518,1.2175003290176392,1.2102434635162354,1.2114603519439697,0.011410306402095838,0.007375061805618077,0.014610022585682447,70.38029288288709,0.005329768972007987,0.0035437880239061765,0.0017859809481018101,89.26400687996095,0.008577521677505454,0.006572068041604512,0.023813468937415868,0,3,12,1175.906208016286,0.0,EURUSD=X
2020-12-04 00:00:00+00:00,1.2145354747772217,1.2177746295928955,1.2133712768554688,1.2145650386810303,0.0033314170009388633,0.008509729981060006,0.016325568496672105,72.51323073269117,0.006496521043856118,0.004134334627896165,0.0023621864159599536,83.75620359327512,0.00868358842418231,0.007080315640327423,0.027385985161512943,0,4,12,1374.1106276690732,0.0,EURUSD=X
2020-12-07 00:00:00+00:00,1.2120624780654907,1.2163525819778442,1.2080796957015991,1.212135910987854,0.002562763801620571,0.010088833532555248,0.01927267310486358,74.06555712788274,0.007584275927675188,0.00482432288785197,0.0027599530398232184,91.4313993195785,0.008514351940235415,0.00714954584368108,0.032384856302998956,0,0,12,1550.912835244473,0.0,EURUSD=X
2020-12-08 00:00:00+00:00,1.2109469175338745,1.213415503501892,1.2097164392471313,1.2113136053085327,-0.001999998037004458,0.011181732025972597,0.012521323362399084,70.70119051692696,0.008156298474486068,0.00549071800517879,0.002665580469307278,84.94639055175246,0.008497104392807537,0.007024255170607459,0.03596495788565457,0,1,12,1668.7614542552367,0.0,EURUSD=X
2020-12-09 00:00:00+00:00,1.2109909057617188,1.214900016784668,1.207394003868103,1.2110936641693115,-0.0006783939588516086,0.011795851847342819,0.014656813575975924,69.54946642726367,0.008445917982902174,0.006081758000723467,0.0023641599821787066,82.75109239792882,0.008154387240089909,0.007014784904230681,0.037965970686377526,0,2,12,1816.2007345668433,0.0,EURUSD=X
2020-12-10 00:00:00+00:00,1.2081671953201294,1.2158055305480957,1.2080358266830444,1.207875370979309,-0.0001815724171323474,0.012143842198646601,0.00302772620003533,69.22464823479535,0.008559032914482456,0.0065772129834752655,0.0019818199310071907,82.16391856583189,0.008108074788409554,0.006733077284887787,0.03909310599761315,0,3,12,1934.9883515446165,0.0,EURUSD=X
2020-12-11 00:00:00+00:00,1.214343786239624,1.2163970470428467,1.2107857465744019,1.2144293785095215,-0.0026573445846650445,0.011842409423837717,-0.0029592226926024034,64.47927366211533,0.008293386946409909,0.006920447776062194,0.0013729391703477143,73.57208553324614,0.008083905436741106,0.006712674985529153,0.038224317499773355,0,4,12,2032.54105342999,0.0,EURUSD=X
2020-12-14 00:00:00+00:00,1.213356614112854,1.2174040079116821,1.2117539644241333,1.213340401649475,0.00542606272772872,0.011922734622863477,-0.00011169444796144123,69.12155239329478,0.008513575042821131,0.007239073229413982,0.0012745018134071489,90.12628030780165,0.00811517476722657,0.006656546341675747,0.038275899596370774,0,0,12,2181.777126281516,0.0,EURUSD=X
2020-12-15 00:00:00+00:00,1.2148748636245728,1.2166485786437988,1.212694525718689,1.214889645576477,-0.0008966983830569486,0.011987162401785567,0.0009936927457576683,67.54205098289039,0.008502196337010659,0.007491697850933318,0.001010498486077341,84.96416574706232,0.007939093961535302,0.006688291889229436,0.03851727233320428,0,1,12,2305.886553974447,0.0,EURUSD=X
2020-12-16 00:00:00+00:00,1.215376853942871,1.2212995290756226,1.2146978378295898,1.2154301404953003,0.0012768419520983176,0.01205659347843492,0.00295220020007414,68.63996641175805,0.008519976680344321,0.007697353616815519,0.0008226230635288018,90.07964648928277,0.007654448173219199,0.006534827249900648,0.038690966726450074,0,2,12,2456.895328221115,0.0,EURUSD=X
2020-12-17 00:00:00+00:00,1.219705581665039,1.2263002395629883,1.2192445993423462,1.2199585437774658,0.00044489219312326966,0.012003057090909331,0.0035806283644983505,69.03351308833834,0.008479929801205932,0.007853868853693602,0.0006260609475123302,80.58279994794316,0.007579251249848736,0.006297727790508743,0.03850203317367762,0,3,12,2491.966700589911,0.0,EURUSD=X
2020-12-18 00:00:00+00:00,1.2261964082717896,1.2268433570861816,1.2227181196212769,1.226271629333496,0.0037257618774535484,0.011915624524709753,0.010003658563184414,72.18318486388246,0.008713156812410361,0.008025726445436953,0.0006874303669734076,80.6068957472094,0.007814311808265825,0.0062127121355947295,0.038079701093020994,0,4,12,2524.2156139867066,0.0,EURUSD=X
2020-12-21 00:00:00+00:00,1.221060872077942,1.223466157913208,1.2130769491195679,1.221612811088562,0.005174836135400485,0.01220330041210951,0.009751288163424299,75.86823727306209,0.00930019725799558,0.008280620607948678,0.0010195766500469012,98.28020224477355,0.007747919058297968,0.006372415068032736,0.03879827490077441,0,0,12,2580.289355774438,0.0,EURUSD=X
2020-12-22 00:00:00+00:00,1.2238404750823975,1.2259002923965454,1.216604232788086,1.2236906290054321,-0.003799173146871393,0.011815521655001436,0.0068178801495779595,68.64150693109009,0.009282500456416543,0.008480996577642251,0.0008015038787742915,77.02269609023973,0.008136973426557271,0.006342368865134859,0.03770866140321992,0,1,12,2605.86924770192,0.0,EURUSD=X
2020-12-23 00:00:00+00:00,1.2185908555984497,1.2219412326812744,1.2157758474349976,1.2186651229858398,0.001700880915794123,0.010989738485435795,0.007244265733105992,70.01341577776324,0.009328603816566083,0.008650518025427018,0.0006780857911390659,83.79006208895944,0.008219765296693143,0.006649534803719699,0.03501366060401499,0,2,12,2681.86181091224,0.0,EURUSD=X
2020-12-24 00:00:00+00:00,1.219393253326416,1.2217471599578857,1.2179378271102905,1.2191405296325684,-0.004106843593038589,0.010154542393792342,0.002661594757902952,62.85130009037428,0.008857520740287672,0.008691918568399149,0.00016560217188852332,57.95112563054311,0.008197980744817531,0.006744892539924318,0.03248611435943681,0,3,12,2673.195721818839,0.0,EURUSD=X
2020-12-25 00:00:00+00:00,1.2184720039367676,1.2212995290756226,1.2167004346847534,1.2184720039367676,0.00039010441651421424,0.009265298661106107,-0.0006705261822788078,63.23445221817796,0.00842542232766852,0.008638619320253024,-0.00021319699258450474,60.39545702500107,0.007884505895015938,0.00672439357527412,0.02962971319483648,0,4,12,2669.5959045793593,0.0,EURUSD=X
2020-12-28 00:00:00+00:00,1.220703125,1.2252004146575928,1.218353271484375,1.2205095291137695,-0.000548358191325371,0.007963397870043548,-0.006360438593012052,62.261955999784306,0.007937537791305571,0.008498403014463534,-0.0005608652231579633,56.958192616746246,0.0076498336447197385,0.006470814158669093,0.025480306834930563,0,0,12,2605.9134290395896,0.0,EURUSD=X
2020-12-29 00:00:00+00:00,1.2220009565353394,1.2275993824005127,1.2220009565353394,1.2223445177078247,0.0016721969568598283,0.007081759941928888,-0.0009031355637220129,64.07536627394552,0.0076273734217644495,0.008324197095923719,-0.0006968236741592693,67.43424883391663,0.007592498611041026,0.0062677377457875305,0.022621521948593702,0,1,12,2572.2861575875804,0.0,EURUSD=X
2020-12-30 00:00:00+00:00,1.2253249883651733,1.2308752536773682,1.2252049446105957,1.225295066833496,0.001503461095783143,0.00527390282413762,-0.0011000421721799603,65.67507653886399,0.0074438263714018404,0.008148122951019344,-0.0007042965796175034,73.13952142147693,0.007556595373591179,0.006211422803514263,0.016821328349480344,0,2,12,2539.01902204898,1.0,EURUSD=X
2020-12-31 00:00:00+00:00,1.229906439781189,1.230950951576233,1.222299575805664,1.2299896478652954,0.002413844119172115,0.005218042614399715,0.005440332805629389,68.13234839918061,0.007450563212380246,0.008008611003291524,-0.0005580477909112782,72.22337603769219,0.007626176844730627,0.006167163794366305,0.016603082676710065,0,3,12,2505.7348895628666,1.0,EURUSD=X
2021-01-01 00:00:00+00:00,1.217285394668579,1.2216993570327759,1.2134994268417358,1.218026876449585,0.003831388176507966,0.0057746583892611695,0.008898989057477102,71.61429415386426,0.007745431153434179,0.007955975033320056,-0.0002105438798858765,94.99242405424874,0.007699405339433357,0.006200195959345034,0.018304026486512016,0,4,1,2480.2900899205856,0.0,EURUSD=X
2021-01-04 00:00:00+00:00,1.2249047756195068,1.23099946975708,1.2171372175216675,1.2250697612762451,-0.00972591227614994,0.005716252208092047,-0.00036531613836388033,55.094640376084726,0.006933890867212744,0.0077515582000985935,-0.0008176673328858493,29.20807595366513,0.008327320745442372,0.006321211369223872,0.018296849034312546,0,0,1,2284.238564693448,1.0,EURUSD=X
2021-01-05 00:00:00+00:00,1.225295066833496,1.2294830083847046,1.2249947786331177,1.2251598834991455,0.005782208063576988,0.005722826604261677,0.0037363347468386543,60.824215207819016,0.006780875576519518,0.007557421675382779,-0.0007765460988632608,66.91476271242809,0.008722672994725959,0.006797425753752333,0.018212583722458466,0,1,1,2175.1365538081336,1.0,EURUSD=X
2021-01-06 00:00:00+00:00,1.2298610210418701,1.2350252866744995,1.2266929149627686,1.230027437210083,7.356497217481106e-05,0.005596594685530351,0.0023032506388627194,60.8929766489269,0.006590906103569383,0.0073641185610201,-0.0007732124574507176,67.41760617246999,0.008420212763073169,0.007119620150974395,0.017809547363016594,0,2,1,2043.5673037698252,1.0,EURUSD=X
2021-01-07 00:00:00+00:00,1.2337758541107178,1.2345678806304932,1.2246646881103516,1.2341108322143555,0.003972994689505738,0.005689122676754651,0.0038622291925296537,64.51563852032332,0.006755254463770788,0.007242345741570238,-0.00048709127779945037,77.22902952486476,0.008523440649664657,0.006845548731962989,0.018032348565651207,0,3,1,2027.5172739957998,1.0,EURUSD=X
2021-01-08 00:00:00+00:00,1.2268733978271484,1.2282146215438843,1.2214934825897217,1.227144479751587,0.003319759284015955,0.005647043242049026,0.0033505845811081514,67.25595482265996,0.007132775379212086,0.007220431669098608,-8.76562898865221e-05,95.8336049012579,0.008621994354698724,0.006906543907706501,0.017839749137518346,0,4,1,2025.934043644722,1.0,EURUSD=X
2021-01-11 00:00:00+00:00,1.2187838554382324,1.2199585437774658,1.2134743928909302,1.2186205387115479,-0.00564483535912963,0.0054844000483144344,0.007485551820152647,58.89912974657361,0.006791548260328906,0.0071346549873446685,-0.00034310672701576284,63.38911902177525,0.008907376873979802,0.007026062942844424,0.0174242952668141,0,0,1,1967.55766386985,1.0,EURUSD=X
2021-01-12 00:00:00+00:00,1.2161602973937988,1.217848777770996,1.2138868570327759,1.2160701751708984,-0.006946159299648702,0.005138611837624003,-0.005264371686048874,50.61233438547859,0.0057668360100289195,0.006861091191881519,-0.0010942551818525995,23.879036629752964,0.009247570444456727,0.00730939335996881,0.01643989780512877,0,1,1,1871.278354822828,1.0,EURUSD=X
2021-01-13 00:00:00+00:00,1.2209266424179077,1.2224938869476318,1.2155394554138184,1.2208894491195679,-0.0020928282920177343,0.005049928819713834,-0.007419201730868186,48.41738068040804,0.004694832044186414,0.006427839362342498,-0.001733007318156084,12.044893850051443,0.008925149818336387,0.007604471052139022,0.016190058326118497,0,2,1,1717.9275577533283,1.0,EURUSD=X
2021-01-14 00:00:00+00:00,1.2161750793457031,1.217285394668579,1.2113136053085327,1.2162491083145142,0.0039629900042505994,0.004771581672299532,-0.007429092891815259,52.600559392677454,0.004185884043557575,0.005979448298585514,-0.001793564255027939,34.40718655618369,0.00878438422658475,0.007310366900764577,0.015237292874601138,0,3,1,1602.2297231861285,1.0,EURUSD=X
2021-01-15 00:00:00+00:00,1.2153000831604004,1.2162491083145142,1.208473801612854,1.2151259183883667,-0.0038007870478363737,0.004966332118418711,-0.014473354769759306,48.52037211437791,0.003369263590883298,0.005457411357045071,-0.002088147766161773,20.81464797795966,0.008840917054045494,0.007222520589353776,0.015919705091772655,0,4,1,1403.9488404304773,1.0,EURUSD=X
2021-01-18 00:00:00+00:00,1.206723928451538,1.2086198329925537,1.205545425415039,1.2068113088607788,-0.000923486741711943,0.005184838542299072,-0.009793925296924466,47.55874190724578,0.0026014658792563594,0.004886222261487329,-0.0022847563822309697,25.053652404256276,0.008764802028875113,0.007275720911106306,0.016635495702323165,0,0,1,1276.1363156630853,1.0,EURUSD=X
2021-01-19 00:00:00+00:00,1.2078461647033691,1.2144912481307983,1.2078461647033691,1.207729458808899,-0.006842590880306143,0.006238921920719773,-0.00969065387922563,41.06972234611765,0.00130699493627362,0.004170376796444587,-0.0028633818601709674,4.2940617481146,0.00882306566776458,0.007262777506741317,0.020155425607332172,0,1,1,1055.5383458814313,1.0,EURUSD=X
2021-01-20 00:00:00+00:00,1.2139458656311035,1.2160005569458008,1.207773208618164,1.2138868570327759,0.0007608065497719529,0.006935434601862484,-0.006858745927904475,42.01064397240415,0.00035115650174954993,0.00340653273750558,-0.00305537623575603,7.408560625973029,0.008741413782211362,0.007305498432129135,0.02238854215674874,0,2,1,836.1287042037769,0.0,EURUSD=X
2021-01-21 00:00:00+00:00,1.211533784866333,1.2171964645385742,1.2109909057617188,1.2115631103515625,0.005098325770698242,0.007092379325969442,-0.005735647967014423,48.006266447578525,8.946691419242647e-05,0.0027431195728429493,-0.002653652658650523,28.295355749206415,0.008707819807546396,0.007201176725464239,0.02277904643422035,0,3,1,631.0260768355267,0.0,EURUSD=X
2021-01-22 00:00:00+00:00,1.2166190147399902,1.2188003063201904,1.2151997089385986,1.2166293859481812,-0.0019143025297213567,0.007367761448607256,-0.0038528274601948853,46.070362325213225,-0.0003019502120438222,0.002134105615865595,-0.002436055827909417,20.41286722335672,0.00852908687678276,0.007187260600085146,0.023708894735280817,0,4,1,369.8532047438964,0.0,EURUSD=X
2021-01-25 00:00:00+00:00,1.2168558835983276,1.218599796295166,1.2117246389389038,1.216944694519043,0.004181602719109279,0.007401355632745352,0.001237293631106473,50.73491362534015,-0.00020102768258967174,0.0016670789561745417,-0.0018681066387642134,37.59841484866253,0.0084368089547717,0.007010423203065746,0.02371781975952874,0,0,1,248.81677232461277,0.0,EURUSD=X
2021-01-26 00:00:00+00:00,1.2143291234970093,1.2175003290176392,1.2108443975448608,1.214624047279358,0.00025916567074868446,0.007432885336696113,0.008396826897346443,51.018864277592876,-9.451359052570218e-05,0.001314760446834493,-0.001409274037360195,38.66798762611456,0.008325262412021021,0.00693277927318305,0.02381268601329654,0,1,1,140.38452931792543,0.0,EURUSD=X
2021-01-27 00:00:00+00:00,1.2163230180740356,1.2171372175216675,1.2061998844146729,1.216299295425415,-0.001906945525246062,0.007498586339733501,0.005708719299816201,48.789956553042444,-0.0001951081575670699,0.0010127867259541803,-0.0012078948835212502,31.281370914079638,0.0082060244877894,0.006854188693751631,0.024069070291794076,0,2,1,25.07103542251805,0.0,EURUSD=X
2021-01-28 00:00:00+00:00,1.2104778289794922,1.214399814605713,1.2082401514053345,1.2105072736740112,0.0013792318288194938,0.007401756218210206,0.0019873667621181923,50.47211082432327,-0.0001380600812608268,0.0007826173645111789,-0.0009206774457720057,47.43825034312668,0.008401117960589774,0.0067467148247580344,0.023725540554250704,0,3,1,-124.23718130786163,0.0,EURUSD=X
2021-01-29 00:00:00+00:00,1.212135910987854,1.2157005071640015,1.2095993757247925,1.2120037078857422,-0.004762003705163664,0.007164253395514755,-0.0008714665117567355,44.97180633992077,-0.0005538325819163248,0.0005153273752256782,-0.0010691599571420029,29.27609830208055,0.008376691250553401,0.006940163139285844,0.023074129664085404,0,4,1,-304.5581856956146,0.0,EURUSD=X
2021-02-01 00:00:00+00:00,1.2122827768325806,1.2136069536209106,1.2069132328033447,1.2123857736587524,0.001236204229644322,0.007291820447942696,-0.003802043675637412,46.59122814592836,-0.0007538951158880813,0.00026148287700292634,-0.0010153779928910077,38.1054201190091,0.0082141512640288,0.006911440283599435,0.023455992367993887,0,0,2,-422.070254577646,0.0,EURUSD=X
2021-02-02 00:00:00+00:00,1.2067675590515137,1.208795189857483,1.2018364667892456,1.2068694829940796,0.0003152348219104262,0.007174465308874382,-0.0037462021740374274,47.01992714101386,-0.0008715696877810153,3.4872364046138e-05,-0.0009064420518271533,40.359700085810346,0.00810554908928145,0.006775196016396691,0.023071216907646526,0,1,2,-453.0214157688399,0.0,EURUSD=X
2021-02-03 00:00:00+00:00,1.203905463218689,1.204999327659607,1.200494647026062,1.203905463218689,-0.004549946712114394,0.0072634360823512194,-0.006384332915726265,41.80271971191979,-0.001393878426043882,-0.00025087779397186595,-0.001143000632072016,29.66908638609165,0.008280103216440406,0.006716177021207531,0.023464084137982733,0,2,2,-522.7480536233082,0.0,EURUSD=X
2021-02-04 00:00:00+00:00,1.2041809558868408,1.2043839693069458,1.1967161893844604,1.2042388916015625,-0.002455957182741275,0.0069944278061548825,-0.010189788198792904,39.28066981121498,-0.0020236560415112237,-0.0006054334434797376,-0.0014182225980314861,18.63257770628879,0.008144012698695918,0.00687770216965643,0.022650698570281888,0,3,2,-641.0028965831652,0.0,EURUSD=X
2021-02-05 00:00:00+00:00,1.1967447996139526,1.2039779424667358,1.1953572034835815,1.1966731548309326,0.0002769556190749256,0.00576108196915505,-0.005178310125657948,39.72124452407564,-0.0024674116693375048,-0.000977829088651291,-0.0014895825806862137,34.06385792556206,0.008109996071823734,0.006762788310104227,0.018651475732448013,0,4,2,-715.6706656456157,1.0,EURUSD=X
2021-02-08 00:00:00+00:00,1.2049354314804077,1.2068549394607544,1.2021398544311523,1.2048773765563965,-0.006282587967714526,0.005967374196212386,-0.01264893247030796,33.73907038069045,-0.0033904993632192237,-0.0014603631435648778,-0.001930136219654346,5.6133838448043525,0.008165116932263536,0.00677711874715659,0.019441488708659003,0,0,2,-870.4773900792359,1.0,EURUSD=X
2021-02-09 00:00:00+00:00,1.2052549123764038,1.211475133895874,1.2050195932388306,1.2053595781326294,0.006855858420775629,0.005944155260691573,-0.00619307588845841,43.64973951336622,-0.003420610218067166,-0.0018524125584653355,-0.0015681976596018305,40.609697185426256,0.008309164624946267,0.006776720263102519,0.019233976836766732,0,1,2,-916.4696200009259,1.0,EURUSD=X
2021-02-10 00:00:00+00:00,1.2116951942443848,1.2143733501434326,1.2110203504562378,1.2119992971420288,0.0004002080092257998,0.005966074440352136,-0.001251092088022876,44.178215295688,-0.003366753808028422,-0.002155280808377953,-0.001211472999650469,42.66659886603443,0.008186921247412786,0.006893515242828215,0.01929717958719703,0,2,2,-946.2715369996607,1.0,EURUSD=X
2021-02-11 00:00:00+00:00,1.2119449377059937,1.2150993347167969,1.2114311456680298,1.2121212482452393,0.005508496493374926,0.005476356307257231,0.006722981305941289,50.99356343412137,-0.0027565268557323552,-0.0022755300178488335,-0.0004809968378835217,70.98929597518497,0.008245982016226389,0.006754889434934546,0.01761615499665709,0,3,2,-961.741817478478,1.0,EURUSD=X
2021-02-12 00:00:00+00:00,1.213003396987915,1.213592290878296,1.2083992958068848,1.2131506204605103,0.0001006197804718223,0.0053130852406361555,0.006545509116711701,51.111625571382966,-0.0022372871115892146,-0.00226788143659691,3.059432500769534e-05,72.12639698830094,0.00791899680426501,0.00680293496064351,0.01708923071908495,0,4,2,-926.0586408655993,1.0,EURUSD=X
2021-02-15 00:00:00+00:00,1.212106466293335,1.214699387550354,1.2117393016815186,1.2122093439102173,0.0008492320522894836,0.005231054003293181,0.013769395229648707,52.15930021159012,-0.0017228640343431856,-0.0021588779561461653,0.0004360139218029797,80.3563930013459,0.007724282394775447,0.0065276286972997385,0.016811105469272922,0,0,2,-909.1334333666225,1.0,EURUSD=X
2021-02-16 00:00:00+00:00,1.2132388353347778,1.2171002626419067,1.2095847129821777,1.2132196426391602,-0.0007758942166107285,0.005200898761086861,0.006085239457957137,51.08131601680975,-0.0013752798207482542,-0.002002158329066583,0.0006268785083183288,77.37433225326211,0.00738398264292259,0.0063720696706224605,0.016727173697232065,0,1,2,-902.8833582486594,1.0,EURUSD=X
2021-02-17 00:00:00+00:00,1.2088537216186523,1.2098335027694702,1.202558994293213,1.2092483043670654,0.0008334358533188535,0.005208582073181909,0.006520929230684702,52.222668472531446,-0.0010066896713694096,-0.0018030645975271485,0.0007963749261577389,82.15237343333662,0.00739338028698019,0.006086270270781264,0.01673793483426534,0,2,2,-851.0716634677557,1.0,EURUSD=X
2021-02-18 00:00:00+00:00,1.2045869827270508,1.2089003324508667,1.2036300897598267,1.2048004865646362,-0.0032733877135847633,0.005151549040318701,-0.002269797335238022,47.52837992322078,-0.001023237881779604,-0.0016470992543776396,0.0006238613725980356,63.88751822976633,0.00762675657690641,0.006114029897978622,0.01660902525043139,0,3,2,-816.8914717191044,1.0,EURUSD=X
2021-02-19 00:00:00+00:00,1.2091752290725708,1.2147716283798218,1.208299994468689,1.209189772605896,-0.0036781674916279705,0.00528055920244145,-0.006039628206502501,42.87943339730287,-0.001379353849881193,-0.0015935501734783504,0.00021419632359715736,43.43125322104894,0.007483289293358722,0.006330306687253519,0.017087816662007545,0,4,2,-786.8630949624267,1.0,EURUSD=X
2021-02-22 00:00:00+00:00,1.212444543838501,1.2155098915100098,1.2092190980911255,1.2126356363296509,0.003643164233586349,0.005038295955033186,-0.0032649267022677453,48.25810970715553,-0.0012925004785797611,-0.0015333402344986325,0.0002408397559188714,63.61832077809577,0.007660993044917781,0.006188680604891045,0.016244674122958002,0,0,2,-686.1135001712678,1.0,EURUSD=X
2021-02-23 00:00:00+00:00,1.2166930437088013,1.2178784608840942,1.213680624961853,1.2166796922683716,0.0028497294649860727,0.004790642251101376,0.00035166567686939487,52.07356952502797,-0.0009348398994133422,-0.0014136401674815745,0.00047880026806823225,79.46642981677029,0.007565216320574637,0.006317638056643064,0.015402286854233492,0,1,2,-635.8856983327669,1.0,EURUSD=X
2021-02-24 00:00:00+00:00,1.2151997089385986,1.2174040079116821,1.2111302614212036,1.215214490890503,0.0033349308049044346,0.004930530311408477,0.0028519564863660474,56.159438544542425,-0.0003213652978391046,-0.0011951851935530805,0.0008738198957139759,94.67716835519421,0.007399331194422403,0.006217919448026691,0.01579934809844595,0,2,2,-529.1918639500848,1.0,EURUSD=X
2021-02-25 00:00:00+00:00,1.2169506549835205,1.224155068397522,1.2156577110290527,1.2171372175216675,-0.0012042622122976354,0.0048562613792510305,0.004933797717053823,54.35149164376144,4.605731767082233e-05,-0.0009469366913083,0.0009929940089791222,88.1713087941055,0.00731893228699784,0.00608890961216255,0.015580123937960216,0,3,2,-462.0354898452375,1.0,EURUSD=X
2021-02-26 00:00:00+00:00,1.2160124778747559,1.2182493209838867,1.2091752290725708,1.2160420417785645,0.0015822117375803302,0.005155447402794012,0.010239646393410906,56.33791709238265,0.0004867790717082432,-0.0006601935387049914,0.0011469726104132347,68.12272237474076,0.007434764088427926,0.0060132351403243064,0.016513860513715794,0,4,2,-377.5756048578512,1.0,EURUSD=X
2021-03-01 00:00:00+00:00,1.2090904712677002,1.2101556062698364,1.2029930353164673,1.208956003189087,-0.0008997964463965946,0.005326822764291423,0.005666826934783931,54.87318956920958,0.0007391621066556997,-0.0003803224096328532,0.001119484516288553,62.43286358542954,0.007551858932919925,0.006113903823221403,0.017078174671941185,0,0,3,-273.4579682186492,1.0,EURUSD=X
2021-03-02 00:00:00+00:00,1.2049063444137573,1.2080358266830444,1.1994003057479858,1.2051095962524414,-0.005827132900038223,0.005297641463151612,-0.0030344095376425573,46.45706417230951,0.00036320656727850675,-0.00023161661425058123,0.000594823181529088,29.621165703435064,0.007944512327861157,0.006246595337629318,0.017084169057489162,0,1,3,-244.45599032444346,1.0,EURUSD=X
2021-03-03 00:00:00+00:00,1.208503007888794,1.2110495567321777,1.2044709920883179,1.208546757698059,-0.0031815938102786046,0.0053618196711558656,-0.009509566149130788,42.63454215277467,-0.00024232048065297995,-0.00023375738753106097,-8.563093121918982e-06,23.063402324976643,0.008059596978806866,0.006592356705619472,0.01734632395633507,0,2,3,-241.2472956173131,1.0,EURUSD=X
2021-03-04 00:00:00+00:00,1.204833745956421,1.2064006328582764,1.2025011777877808,1.2050660848617554,0.0028521567302313144,0.005198588863489892,-0.005486877619075958,46.84358461319876,-0.0004397852549584691,-0.0002749629610165426,-0.00016482229394192648,36.9482514519065,0.00795380895488208,0.006668833396366166,0.01677041495098177,0,3,3,-200.13407643535882,1.0,EURUSD=X
2021-03-05 00:00:00+00:00,1.196859359741211,1.196859359741211,1.1897962093353271,1.1967735290527344,-0.0028800481356082708,0.005154530182060696,-0.009917643209112703,43.37301758349761,-0.0008671428370972123,-0.0003933989362326766,-0.0004737439008645357,22.88763254967302,0.007817506880267526,0.006600309356307656,0.016676312198901394,0,4,3,-159.34696966350532,1.0,EURUSD=X
2021-03-08 00:00:00+00:00,1.1924636363983154,1.1932177543640137,1.1848341226577759,1.1925631761550903,-0.006881411661313397,0.005140993027689993,-0.015845268554735337,36.44514515088316,-0.0018535996074457994,-0.0006854390704753012,-0.0011681605369704981,20.30719269454554,0.008349818926421861,0.006532152233058838,0.016747764068161763,0,0,3,-216.67936761533292,1.0,EURUSD=X
2021-03-09 00:00:00+00:00,1.18519926071167,1.191599726676941,1.1836141347885132,1.185171127319336,-0.0035180865848333243,0.006367424330267401,-0.013559490164037569,33.51782109777899,-0.002941209563428915,-0.001136593169066024,-0.0018046163943628909,19.656326550411098,0.008606218031317335,0.007001573663663069,0.02081633130861595,0,1,3,-317.9682670704203,0.0,EURUSD=X
2021-03-10 00:00:00+00:00,1.189668893814087,1.1925063133239746,1.187000036239624,1.1897906064987183,-0.006198454709617107,0.008324599307537045,-0.016544942464244428,29.098701646340885,-0.004349486677511116,-0.0017791718707550425,-0.002570314806756074,3.8405443393064025,0.00863070541240732,0.007261582595910177,0.02738445295643486,0,2,3,-509.7502388987411,0.0,EURUSD=X
2021-03-11 00:00:00+00:00,1.1927480697631836,1.1977769136428833,1.1917104721069336,1.1926058530807495,0.0038977317898647446,0.009235410001330026,-0.015519590847329678,34.87708883290236,-0.005034765431470634,-0.0024302905828981606,-0.002604474848572473,15.235149169906082,0.008538168311852418,0.007253970039152951,0.030262683696201408,0,3,3,-649.6596160147003,0.0,EURUSD=X
2021-03-12 00:00:00+00:00,1.198164463043213,1.1990407705307007,1.191057562828064,1.1986095905303955,0.002366169783703187,0.00970501763630812,-0.010339874250494097,38.1835586302469,-0.005289710420975258,-0.0030021745505135803,-0.0022875358704616774,22.179356743373656,0.008498749657017605,0.007159254073587304,0.031726428566315176,0,4,3,-756.4511382043955,0.0,EURUSD=X
2021-03-15 00:00:00+00:00,1.1951143741607666,1.1965444087982178,1.1911852359771729,1.1950000524520874,0.00503413381222062,0.009702010155020252,0.001534176210526983,44.63898234966297,-0.004950241423367752,-0.0033917879250844147,-0.001558453498283337,36.98843220164549,0.008461925231704684,0.007090506970878509,0.03155773104414586,0,0,3,-859.4482810143342,0.0,EURUSD=X
2021-03-16 00:00:00+00:00,1.192733883857727,1.1953001022338867,1.188438892364502,1.1925773620605469,-0.0030114376748069382,0.009835849671996796,0.002043393881113964,41.81191940968036,-0.004915803036350974,-0.003696590947337727,-0.0012192120890132472,28.08499126681212,0.008387813040384539,0.007081108669695191,0.032089707029783844,0,1,3,-963.4115847618532,0.0,EURUSD=X
2021-03-17 00:00:00+00:00,1.1902097463607788,1.1917999982833862,1.1887637376785278,1.190164566040039,-0.0020273558871979347,0.00996788965038197,0.00624908468531693,39.98165863763338,-0.005026063897855426,-0.003962485537441267,-0.0010635783604141594,22.109079574926046,0.008278769956741698,0.0070333492041908235,0.032586555326241426,0,2,3,-1085.9159513627847,0.0,EURUSD=X
2021-03-18 00:00:00+00:00,1.198063850402832,1.1990997791290283,1.1910150051116943,1.1982792615890503,-0.002023177780549945,0.010305022806510156,0.0003143070211499843,38.1887597592999,-0.005247647287873969,-0.004219517887527807,-0.0010281294003461616,18.912649161392025,0.007959830987118652,0.0069559875944611065,0.03375699155548264,0,3,3,-1213.026953399646,0.0,EURUSD=X
2021-03-19 00:00:00+00:00,1.1917673349380493,1.1937447786331177,1.1874933242797852,1.1918240785598755,0.006818129005479179,0.010335910672837307,0.004757152997065361,46.82524084227128,-0.004714124119017393,-0.004318439133825724,-0.000395684985191669,53.45325772882313,0.008029501137252266,0.006642717805666635,0.03362888732994213,0,4,3,-1271.6687102887522,0.0,EURUSD=X
2021-03-22 00:00:00+00:00,1.188452959060669,1.1937447786331177,1.1876062154769897,1.1883116960525513,-0.005387043935496716,0.010455879127470301,-0.005661152742418296,41.819491183418755,-0.004757342799659003,-0.00440621986699238,-0.00035112293266662334,29.924612744139566,0.008226389435253185,0.006737152975592342,0.03420347193279614,0,0,3,-1334.5197585910844,0.0,EURUSD=X
2021-03-23 00:00:00+00:00,1.1933317184448242,1.1943150758743286,1.186436653137207,1.193303108215332,-0.002947064563058932,0.010499324686320175,-0.005596950716288185,39.35425394884042,-0.005017178914140441,-0.004528411676421993,-0.0004887672377184484,17.122249016924112,0.008077258986744237,0.006922753905882102,0.03444710973287026,0,1,3,-1394.1884917623936,0.0,EURUSD=X
2021-03-24 00:00:00+00:00,1.184118628501892,1.1851149797439575,1.1813349723815918,1.1840205192565918,0.00420042332273729,0.009851883356311184,0.0006085526841892452,44.37275306052364,-0.0047654030602029,-0.0045758099531781745,-0.00018959310702472507,42.52067780294747,0.008063056397485476,0.006768824225074165,0.03218772508742474,0,2,3,-1363.0677121022604,0.0,EURUSD=X
2021-03-25 00:00:00+00:00,1.1813768148422241,1.1830118894577026,1.1775233745574951,1.1813069581985474,-0.007778902857818792,0.009625125988332131,-0.005162350618360234,38.064314322661644,-0.005254327615106247,-0.004711513485563789,-0.0005428141295424575,15.117231012870583,0.008341990642932244,0.00680989583064659,0.03169341139798895,0,3,3,-1427.2674635556218,0.0,EURUSD=X
2021-03-26 00:00:00+00:00,1.1776067018508911,1.1804006099700928,1.1772600412368774,1.1776621341705322,-0.002291819283459895,0.009096246773281727,-0.014163896459324365,36.43365435156672,-0.00579397619562827,-0.004928006027576685,-0.0008659701680515846,17.535746646334726,0.008210215932658275,0.0070616621573562,0.030020731188788074,0,4,3,-1529.2805046961419,0.0,EURUSD=X
2021-03-29 00:00:00+01:00,1.1787601709365845,1.179356575012207,1.1761800050735474,1.1788004636764526,-0.0030854165403151335,0.008614833573919576,-0.011882579521682146,34.307678248420174,-0.006441504764418848,-0.005230705774945118,-0.0012107989894737303,1.8411069566878633,0.007912837434730535,0.006971622585488843,0.028519898440613776,0,0,3,-1640.0730297183518,0.0,EURUSD=X
2021-03-30 00:00:00+01:00,1.1769136190414429,1.1775789260864258,1.1713168621063232,1.177100658416748,0.0009666010928697233,0.008456782510125509,-0.008003987849058425,35.57213932906372,-0.006784613343319146,-0.005541487288619923,-0.0012431260546992224,11.433178165552754,0.007574532613582616,0.006712618189894422,0.027969625898482526,0,1,3,-1688.3878144178873,0.0,EURUSD=X
2021-03-31 00:00:00+01:00,1.172333002090454,1.1758618354797363,1.1704530715942383,1.1723604202270508,-0.00144197878443586,0.008538141170830153,-0.013577815801398385,34.50412344164894,-0.0071117100757862595,-0.005855531846053191,-0.0012561782297330687,20.817815154895737,0.007568037539050243,0.006434906445274353,0.02827948671474244,0,2,3,-1698.3743065481235,0.0,EURUSD=X
2021-04-01 00:00:00+01:00,1.1728966236114502,1.1775789260864258,1.1714814901351929,1.1728830337524414,-0.004027045738019597,0.008429404098779148,-0.00984788594446151,31.65027505846102,-0.007665075974466751,-0.006217440671735903,-0.0014476353027308474,6.658177490366449,0.007502291059297352,0.0064553847165742285,0.028032221757939728,0,3,4,-1751.9049357663605,0.0,EURUSD=X
2021-04-02 00:00:00+01:00,1.177773118019104,1.1787004470825195,1.1751433610916138,1.177994966506958,0.0004457788887903824,0.008284570058369809,-0.007131020762759399,32.314962896937715,-0.007969583494490617,-0.0065678692362868465,-0.001401714258203771,8.482518122726857,0.007401944265864178,0.006396452880126535,0.027538296068876852,0,4,4,-1864.6454244993624,0.0,EURUSD=X
2021-04-05 00:00:00+01:00,1.1766366958618164,1.1816140413284302,1.1739431619644165,1.176816701889038,0.0043584335414605935,0.008236915745630905,0.0002826212431974451,38.60434222061283,-0.0077095467905079484,-0.006796204747131067,-0.0009133420433768812,26.327266069095238,0.007288763484736603,0.00628351094556265,0.027261075332518127,0,0,4,-1909.993560289049,0.0,EURUSD=X
2021-04-06 00:00:00+01:00,1.181907296180725,1.1855363845825195,1.1796486377716064,1.1818934679031372,-0.0010002289071011639,0.008379845743509402,-0.0016828647837714428,37.733999415888924,-0.007511948866133267,-0.0069393535709315075,-0.0005725952952017593,22.214176924421363,0.0073160574761135366,0.006193626818039382,0.027761887801932488,0,1,4,-1932.3454917836045,0.0,EURUSD=X
2021-04-07 00:00:00+01:00,1.1875497102737427,1.1914690732955933,1.1865352392196655,1.1874228715896606,0.004313981953136592,0.008423271168043612,0.004071707421212212,43.63090584481292,-0.006866545239174959,-0.0069247919045801985,5.8246665405239234e-05,39.93616472331111,0.007416316420211244,0.006190115839368637,0.02778588562000865,0,2,4,-1942.4114671859456,0.0,EURUSD=X
2021-04-08 00:00:00+01:00,1.187197208404541,1.1914832592010498,1.1861833333969116,1.1873664855957031,0.004678428163524373,0.008377273065938927,0.012847969875759535,49.266549206741274,-0.005841543867115551,-0.006708142297087269,0.0008665984299717185,71.11640663639224,0.00757055134680016,0.006245724752027609,0.027505469095336747,0,3,4,-1858.218741971128,0.0,EURUSD=X
2021-04-09 00:00:00+01:00,1.1915684938430786,1.1923214197158813,1.186859130859375,1.1915684938430786,-4.7486026508836154e-05,0.008222104045957154,0.012348590120639935,49.21251663398754,-0.00497640784160569,-0.0063617954059909535,0.0013853875643852634,70.8801063101679,0.0074083638080385894,0.006375917998899898,0.026997277821046096,0,4,4,-1799.2910009444252,0.0,EURUSD=X
2021-04-12 00:00:00+01:00,1.1896406412124634,1.1920371055603027,1.1873382329940796,1.1900511980056763,0.003538931154240421,0.007754476756602307,0.011522568195999616,53.3211204861975,-0.003906680578619426,-0.005870772440516648,0.0019640918618972223,88.48972618137674,0.007269358454357715,0.006217320990205889,0.025372033781939488,0,0,4,-1704.2984767681226,0.0,EURUSD=X
2021-04-13 00:00:00+01:00,1.191213607788086,1.1953144073486328,1.1884304285049438,1.1914690732955933,-0.0012733601511304427,0.007487326225936848,0.011246013160243207,51.69488585271095,-0.0031450924413305437,-0.005325636440679428,0.002180543999348884,89.61868679985827,0.0070857523194909604,0.006108441776740299,0.02452917287558668,0,1,4,-1597.8189258188056,0.0,EURUSD=X
2021-04-14 00:00:00+01:00,1.1957430839538574,1.198193073272705,1.1951857805252075,1.1954143047332764,0.0011914405802817551,0.007428937591048057,0.008101919210573794,53.133354046999536,-0.0023994582087452088,-0.0047404007942925845,0.0023409425855473757,84.53287429513982,0.007071339928362246,0.0059470719620878035,0.024308923671878556,0,2,4,-1498.6628250229955,0.0,EURUSD=X
2021-04-15 00:00:00+01:00,1.1982362270355225,1.199313998222351,1.1957861185073853,1.1986095905303955,0.0033112327681075193,0.007725333737789678,0.006730065029754151,56.97280659366103,-0.0014732082741266694,-0.004086962290259402,0.0026137540161327326,89.98281048560378,0.007046529931844359,0.005915388414178313,0.02519536160446109,0,3,4,-1279.8518752171262,0.0,EURUSD=X
2021-04-16 00:00:00+01:00,1.197074294090271,1.199472188949585,1.1950900554656982,1.1971746683120728,0.002672952619411806,0.007755977816809129,0.009468942463077612,59.842244114772434,-0.00047583058912392673,-0.003364735950032307,0.00288890536090838,97.55930327174798,0.006821755900217955,0.005878920031606126,0.02522787113354811,0,4,4,-1039.9039012105368,0.0,EURUSD=X
2021-04-19 00:00:00+01:00,1.1968307495117188,1.2048193216323853,1.1943435668945312,1.1969454288482666,-0.0011971556290383267,0.008095533242060424,0.0047048696721687655,57.97251274912448,0.00019654651520428779,-0.002652479456984988,0.002849025972189276,92.08273425625437,0.006647497156194296,0.005698212700938722,0.02636390485380988,0,0,4,-805.040172809122,0.0,EURUSD=X
2021-04-20 00:00:00+01:00,1.2043839693069458,1.2081671953201294,1.2028772830963135,1.204529047012329,-0.00019148372403277047,0.00849734546619926,0.005793222051407421,57.662549013688796,0.0007028109386881809,-0.0019814213778503544,0.0026842323165385353,77.0882980383995,0.0069209441263128465,0.005553717818690112,0.027677745948880124,0,1,4,-572.3429755839333,0.0,EURUSD=X
2021-04-21 00:00:00+01:00,1.2032536268234253,1.204529047012329,1.2000004053115845,1.2032392024993896,0.006335809454036445,0.009365735555267232,0.010961236014806586,64.4368008871046,0.0016964086062012385,-0.0012458553810400358,0.0029422639872412745,90.08292660735292,0.007228145722423557,0.005745767728457284,0.03031422067287697,0,2,4,-319.6443196309573,0.0,EURUSD=X
2021-04-22 00:00:00+01:00,1.203818440437317,1.2070006132125854,1.2003936767578125,1.2037750482559204,-0.0010708288987623105,0.010101470935906803,0.00654576219736569,62.602075989880205,0.0023526424460273976,-0.0005261558156265492,0.002878798261653947,85.60078302425703,0.007035324006589348,0.0060072392151195916,0.03273063563349083,0,3,4,-85.75914163255112,0.0,EURUSD=X
2021-04-23 00:00:00+01:00,1.2017930746078491,1.2077994346618652,1.2013888359069824,1.2014753818511963,0.0004453360191536415,0.010665084857645796,0.004309541460651101,63.07248345345827,0.0028827205581383186,0.00015561945912642434,0.002727101099011894,87.16648321792317,0.007004724895745319,0.005844384311489443,0.03454146650672557,0,4,4,159.6798527802319,0.0,EURUSD=X
2021-04-26 00:00:00+01:00,1.208956003189087,1.2118273973464966,1.2063744068145752,1.2089852094650269,-0.0019103788602828908,0.010760966548354014,0.0035923860176454436,59.607227191260954,0.003081723234108935,0.0007408402141229266,0.0023408830199860087,76.53523163804022,0.00696228731425514,0.005830102723330589,0.03491871060614563,0,0,4,349.9357785120534,0.0,EURUSD=X
2021-04-27 00:00:00+01:00,1.2079205513000488,1.209189772605896,1.2057925462722778,1.2081671953201294,0.006250504777101318,0.01130717730337033,0.010058754832578565,66.14800636148959,0.003801592225968653,0.0013529906164920721,0.002448601609476581,88.91678055764743,0.007204410755758365,0.00575878617848099,0.03646321921341255,0,1,4,607.2637554698216,0.0,EURUSD=X
2021-04-28 00:00:00+01:00,1.2088537216186523,1.2102141380310059,1.205763578414917,1.2090305089950562,-0.0006766122021124588,0.011451369725684155,0.0030203906803445424,64.91494123007963,0.0042570144704141555,0.001933795387276489,0.0023232190831376665,85.7269033739622,0.0069324690113197794,0.005963090856683461,0.03695321181205891,0,2,4,849.6740470121928,0.0,EURUSD=X
2021-04-29 00:00:00+01:00,1.2135775089263916,1.215214490890503,1.2104192972183228,1.213592290878296,0.000714564737621437,0.010999468555620886,0.004813096584317389,65.64285316236709,0.004634182112120078,0.002473872732245207,0.0021603093798748707,88.79822773085571,0.006755189768803286,0.005733907423959081,0.03546959555319817,0,3,4,1042.4086157808556,0.0,EURUSD=X
2021-04-30 00:00:00+01:00,1.2124886512756348,1.2128562927246094,1.2024723291397095,1.2127091884613037,0.0037730907940705105,0.010598556208723622,0.008155379725306,69.27078168803271,0.005240775461839098,0.0030272532781639855,0.0022135221836751123,94.18071098985216,0.006714389206420679,0.00556627610407318,0.03404832034441022,0,4,4,1250.45755130909,0.0,EURUSD=X
2021-05-03 00:00:00+01:00,1.2026457786560059,1.2077994346618652,1.201489806175232,1.2027760744094849,-0.0007276763569032951,0.010285027892922457,0.009350009812767679,67.77868821267646,0.005585855808419193,0.0035389737842150275,0.002046882024204166,90.64629407916112,0.007029072958718232,0.005536685357303143,0.0330651577993343,0,0,5,1424.834371309273,0.0,EURUSD=X
2021-05-04 00:00:00+01:00,1.2059816122055054,1.2063002586364746,1.2000048160552979,1.2061271667480469,-0.008190845873297992,0.009031021159511606,-0.005135823835503706,53.753422547108414,0.005000176260342215,0.003831214279440465,0.00116896198090175,40.40313460286272,0.007328380767814914,0.005844041221196744,0.029273447597831147,0,1,5,1521.740189172231,0.0,EURUSD=X
2021-05-05 00:00:00+01:00,1.2016342878341675,1.2029350996017456,1.198724627494812,1.2015043497085571,0.002786131525111424,0.008154478447691718,-0.001688531670107074,56.98713891426445,0.00475165205725725,0.004015301835003822,0.0007363502222534277,56.45940666445813,0.007254599468769331,0.006075960288311598,0.026358754403359413,0,2,5,1574.0483959888243,0.0,EURUSD=X
2021-05-06 00:00:00+01:00,1.2009127140045166,1.2070006132125854,1.1994003057479858,1.2007973194122314,-0.0038327774773150303,0.007549467025570955,-0.00622495398627676,51.624448274927715,0.0041340177518922605,0.00403904501838151,9.497273351075086e-05,34.30985046664915,0.007265166596231156,0.006037930258453948,0.024496990802906477,0,3,5,1572.0333284951787,0.0,EURUSD=X
2021-05-07 00:00:00+01:00,1.2065927982330322,1.2165449857711792,1.205342173576355,1.2068549394607544,-0.0005884542128350434,0.006813247211586344,-0.010543055985305028,50.8365003107105,0.003546603639983159,0.00394055674270184,-0.0003939531027186806,30.92221752590274,0.007289105229686045,0.006050285488468048,0.02212107516168672,0,4,5,1541.8737726820175,0.0,EURUSD=X
2021-05-10 00:00:00+01:00,1.2167521715164185,1.217730164527893,1.2137395143508911,1.2171076536178589,0.005044664866080906,0.006440842683293023,-0.004827413741275599,56.90544530388662,0.003529190722671771,0.0038582835386958263,-0.0003290928160240552,45.6237289949695,0.007893288167490452,0.006039752576181985,0.0208069974240234,0,0,5,1557.3776565697433,0.0,EURUSD=X
2021-05-11 00:00:00+01:00,1.214211106300354,1.2179675102233887,1.2125474214553833,1.2140932083129883,0.008495398926473774,0.006494051109863953,0.011915417602075484,64.82091147134254,0.004293209757565197,0.003945268782469701,0.00034794097509549624,96.7245813209559,0.008106283660322467,0.006485283486655935,0.020802163372935667,0,1,5,1595.451483457698,0.0,EURUSD=X
2021-05-12 00:00:00+01:00,1.214550256729126,1.2150667905807495,1.2068113088607788,1.2144500017166138,-0.0024767285752498314,0.006155424382199274,0.006604644837259865,61.25827038526243,0.004602406130867376,0.004076696252149237,0.0005257098787181391,79.86631231376339,0.007914412596585532,0.006676821519812588,0.0197664084264781,0,2,5,1575.7987513208836,0.0,EURUSD=X
2021-05-13 00:00:00+01:00,1.2076857089996338,1.2106537818908691,1.205312967300415,1.2078505754470825,0.00029387645131562223,0.006042218449429403,0.010774536114827038,61.527794799411105,0.004820667080827956,0.004225490417884981,0.000595176662942975,81.72047007514512,0.00793877467682733,0.006516869846760742,0.01939717914438822,0,3,5,1570.6616399477405,0.0,EURUSD=X
2021-05-14 00:00:00+01:00,1.2080212831497192,1.2147716283798218,1.2071462869644165,1.207729458808899,-0.0054340864261213095,0.005787465575868383,0.0058738106096900555,54.03917376963724,0.004410282913787977,0.004262448917065581,0.00014783399672239645,47.425056219451,0.008024364658211,0.006572646350637217,0.018680865958861054,0,4,5,1489.5579074604125,1.0,EURUSD=X
2021-05-17 00:00:00+01:00,1.2147568464279175,1.2169995307922363,1.2127532958984375,1.2150373458862305,-0.0001002745212409506,0.0053514867802232965,0.0007246267298166575,53.909492260875176,0.004028835496522332,0.004215726232956931,-0.00018689073643459939,46.79564616747511,0.007995862998010592,0.006644173990857922,0.017275339507655,0,0,5,1446.3801778471986,1.0,EURUSD=X
2021-05-18 00:00:00+01:00,1.215524673461914,1.2232415676116943,1.2154065370559692,1.2156872749328613,0.006050930549080791,0.005068591748190269,-0.0017010062548489246,60.12705741979128,0.004267033378092311,0.004225987661984007,4.10457161083037e-05,84.7727371283786,0.008086877925533935,0.006580754925008932,0.01626370466872279,0,1,5,1474.8976586294127,1.0,EURUSD=X
2021-05-19 00:00:00+01:00,1.2226433753967285,1.2247997522354126,1.2191851139068604,1.2223997116088867,0.000534904584481577,0.0052772181225575875,0.0013129688964226283,60.635650832173894,0.0044568746807278625,0.004272165065732778,0.0001847096149950843,69.18745715077578,0.008095259625528931,0.006652103787119552,0.016924076056026267,0,2,5,1477.0072731746948,1.0,EURUSD=X
2021-05-20 00:00:00+01:00,1.217285394668579,1.2229005098342896,1.2170928716659546,1.217285394668579,0.00552151594775574,0.005957770682120135,0.006545934275627774,65.52642593695639,0.005090285183378951,0.004435789089262013,0.0006544960941169383,90.79566962612122,0.008167918031030527,0.0066224325387595085,0.019001694794488558,0,3,5,1556.24121107058,1.0,EURUSD=X
2021-05-21 00:00:00+01:00,1.2227928638458252,1.2242000102996826,1.2173744440078735,1.222538709640503,-0.004183833562572015,0.006038969494829634,0.0078112470311191284,59.464324144287936,0.005120558326304758,0.004572742936670562,0.0005478153896341965,71.18189216125522,0.007999326612266558,0.006709944986446127,0.019341592030422503,0,4,5,1607.733258548175,1.0,EURUSD=X
2021-05-24 00:00:00+01:00,1.2181158065795898,1.2229423522949219,1.217581868171692,1.2183235883712769,0.004315598457791392,0.006272626960283516,0.012262059787967239,63.22754616293565,0.005504990520644348,0.00475919245346532,0.0007457980671790286,91.32873718763429,0.007921847256469198,0.006543209265429986,0.020003621808119456,0,0,5,1652.9774341033356,1.0,EURUSD=X
2021-05-25 00:00:00+01:00,1.2214486598968506,1.2267003059387207,1.2212398052215576,1.2214635610580444,-0.003447842784843669,0.006441540248666533,0.002704643191563383,58.532090192437934,0.005407199910452132,0.004888793944862683,0.0005184059655894491,75.16344052593561,0.00773889274695211,0.006502252219428474,0.0206133636964202,0,1,5,1625.2806931762304,0.0,EURUSD=X
2021-05-26 00:00:00+01:00,1.2248897552490234,1.2265002727508545,1.2200031280517578,1.2249093055725098,0.0025772895778577443,0.0067367794264099065,0.0047514572573790215,60.86367880082417,0.005519444975366161,0.0050149241509633785,0.0005045208244027826,80.81778445388609,0.007784451662701521,0.006335754085245573,0.02150273023574454,0,2,5,1650.5215914898872,0.0,EURUSD=X
2021-05-27 00:00:00+01:00,1.2190364599227905,1.2216993570327759,1.2175670862197876,1.21925950050354,0.0028209965686414318,0.0072396608608180195,0.00205300601741798,63.30217451716229,0.0058193608139842645,0.005175811483567556,0.000643549330416709,91.62588484476896,0.007692501165301175,0.006355124928260015,0.02304284414055453,0,3,5,1693.0237671000064,0.0,EURUSD=X
2021-05-28 00:00:00+01:00,1.2192742824554443,1.2201074361801147,1.2133419513702393,1.2193188667297363,-0.004612427257485008,0.007367179100216389,0.001621728021717006,57.027887841602436,0.005537323407809991,0.005248113868416043,0.00028920953939394825,65.20929714062761,0.007667481035831245,0.006309158273627772,0.02355737381961056,0,4,5,1724.0039274075589,0.0,EURUSD=X
2021-05-31 00:00:00+01:00,1.2190067768096924,1.2233912944793701,1.2184126377105713,1.2190067768096924,4.869039459753921e-05,0.0074798144801741006,-0.0026337349364695672,57.07603118658967,0.005257986296711259,0.005250088354075086,7.897942636172876e-06,65.48687364138009,0.0076030527339772625,0.00628833133403057,0.02391637346549487,0,0,5,1721.0746289693657,0.0,EURUSD=X
2021-06-01 00:00:00+01:00,1.223406195640564,1.2254151105880737,1.2214635610580444,1.223286509513855,-0.00025595431068903274,0.007094124604575639,0.0005607610695028686,56.71629642389938,0.004954316300983974,0.005190933943456864,-0.00023661764247288972,64.02764617356893,0.00741559587932166,0.006237088159489558,0.022688954612117725,0,1,6,1664.886393970621,0.0,EURUSD=X
2021-06-02 00:00:00+01:00,1.2218068838119507,1.2229423522949219,1.2165746688842773,1.2217769622802734,0.0035108358588156197,0.0070546286737396295,0.0014924296671048332,60.40202387566509,0.005001341946817561,0.0051530155441290035,-0.00015167359731144223,84.03823644166992,0.007343648586397353,0.0060620270244529095,0.022483699224070924,0,2,6,1638.5180283814955,0.0,EURUSD=X
2021-06-03 00:00:00+01:00,1.2211503982543945,1.2215979099273682,1.2120903730392456,1.220986247062683,-0.0012340095487372027,0.006369263319753995,-0.0025572042582959753,58.50950604761993,0.004860770329372377,0.005094566501177678,-0.0002337961718053014,74.8218324584987,0.007298519446624517,0.006010629446385594,0.020324462360041172,0,3,6,1558.7606615641876,0.0,EURUSD=X
2021-06-04 00:00:00+01:00,1.2130298614501953,1.2187690734863281,1.210551142692566,1.2133007049560547,-0.0006471845860595016,0.005259665843674268,0.0014162256340262136,57.49334132988995,0.004632165479778516,0.005002086296897846,-0.0003699208171193298,60.88921889406562,0.007469095860510468,0.005977560733532017,0.01679458107707154,0,4,6,1539.1280585375523,1.0,EURUSD=X
2021-06-07 00:00:00+01:00,1.2165746688842773,1.220199704170227,1.2145060300827026,1.2168411016464233,-0.006294536179352939,0.004747663723591409,-0.00493567510344739,48.649255113845484,0.003787179227519255,0.004759104883022128,-0.0009719256555028727,17.02603547675114,0.007680953611196662,0.00615601378125054,0.015255740557352224,0,0,6,1433.9557007593576,1.0,EURUSD=X
2021-06-08 00:00:00+01:00,1.2189621925354004,1.219660997390747,1.2166634798049927,1.2193634510040283,0.002917987829321289,0.004750055221577567,-0.0017765899291691811,52.290129996731906,0.003364419031077537,0.0044801677126332096,-0.0011157486815556727,38.94913227380434,0.007625099725694926,0.006312207568271729,0.015219016290149857,0,1,6,1315.7465381139077,1.0,EURUSD=X
2021-06-09 00:00:00+01:00,1.2171818017959595,1.221899390220642,1.2171818017959595,1.217285394668579,0.0020728666661506967,0.004680602005912151,-0.003206982566484551,54.7516305429466,0.0031960687514969166,0.004223347920405952,-0.001027279168909035,54.56820379570234,0.007294558144270602,0.006253344496603036,0.014965469113892835,0,2,6,1217.0446220442664,1.0,EURUSD=X
2021-06-10 00:00:00+01:00,1.217730164527893,1.2192147970199585,1.2145354747772217,1.218200445175171,-0.0017042140583581888,0.004608503408905917,-0.0036762582290891244,52.35507630521724,0.002861977072627031,0.003951073750850168,-0.0010890966782231368,41.700315201263756,0.007110488878585746,0.0059924798048338,0.014760099861770426,0,3,6,1062.1423387418643,1.0,EURUSD=X
2021-06-11 00:00:00+01:00,1.2173150777816772,1.2195003032684326,1.2094998359680176,1.2172558307647705,0.0007517140274577727,0.003916382460866106,-0.0022815997266258936,53.32392720202464,0.002640604691444226,0.0036889799389689796,-0.0010483752475247536,47.36655618628616,0.0069368341188822515,0.005836879231778063,0.012533955170633684,0,4,6,977.2105788091196,1.0,EURUSD=X
2021-06-14 00:00:00+01:00,1.2110790014266968,1.2131506204605103,1.2095261812210083,1.2110203504562378,-0.0007754178831091973,0.002979031513986955,0.0032598067342746173,52.145105707286504,0.0023617185744009284,0.0034235276660553697,-0.0010618090916544413,45.09176092259925,0.007155665060420308,0.005698747907844497,0.00954146426073567,0,0,6,884.6254580693015,1.0,EURUSD=X
2021-06-15 00:00:00+01:00,1.212415099143982,1.2149192094802856,1.2102874517440796,1.212224006652832,-0.005122571731379644,0.0033810616516859312,-0.004783493245182013,45.06323048749925,0.0016188866509723177,0.0030625994630387593,-0.0014437128120664416,8.94397307341701,0.0071966639520875866,0.005908790102267476,0.01088487491516978,0,1,6,764.2214942371002,1.0,EURUSD=X
2021-06-16 00:00:00+01:00,1.2125474214553833,1.2134994268417358,1.2110350131988525,1.2127091884613037,0.000993919050279235,0.0036373095802550927,-0.005855058510502054,46.57165529007846,0.0011144651351828738,0.0026729725974675824,-0.0015585074622847086,17.116705491097846,0.0070134563652389055,0.005936744291971966,0.011698203715677577,0,2,6,613.7754474230987,1.0,EURUSD=X
2021-06-17 00:00:00+01:00,1.199184536933899,1.2007685899734497,1.19070303440094,1.1995586156845093,0.0004002410493513242,0.003775684886197967,-0.0037593535807773915,47.20097765265764,0.0007452665974461148,0.0022874313974632888,-0.001542164800017174,20.16523478169684,0.0066885247422135054,0.005783296137252528,0.012138383858793945,0,3,6,459.548903451186,1.0,EURUSD=X
2021-06-18 00:00:00+01:00,1.1913270950317383,1.1927480697631836,1.1851149797439575,1.1913414001464844,-0.010843962346389069,0.0056474919781808654,-0.015302760366321388,35.12457951578229,-0.0006015331234019428,0.0017096384932902425,-0.002311171616692185,25.51152871360574,0.007782641122081381,0.005575821518648177,0.01835506565683811,0,4,6,242.0733466885224,0.0,EURUSD=X
2021-06-21 00:00:00+01:00,1.186901330947876,1.1920514106750488,1.1848762035369873,1.1873664855957031,-0.006850199257112499,0.007986608879918188,-0.02128922282672885,29.965495657626846,-0.0023053673849526835,0.0009066373176416574,-0.003212004702594341,15.45012453336962,0.008258426466257837,0.0065326707534250445,0.026136532904981354,0,0,6,0.23218413135883686,0.0,EURUSD=X
2021-06-22 00:00:00+01:00,1.1911568641662598,1.1917530298233032,1.1882412433624268,1.1912561655044556,-0.0033365033317003245,0.010183950480413725,-0.01953217784624628,27.83563865991266,-0.0039310954755753524,-6.090924100174459e-05,-0.003870186234573608,6.541985832482572,0.008181053657100958,0.006955246393125687,0.03343900039439344,0,1,6,-267.538464189943,0.0,EURUSD=X
2021-06-23 00:00:00+01:00,1.1937447786331177,1.1969999074935913,1.1915826797485352,1.1936734914779663,0.003275888241700775,0.011253199366530305,-0.017297002066699263,32.864309288519934,-0.004849727400287218,-0.0010186728728588394,-0.0038310545274283787,17.23234151069153,0.007910017269279467,0.006867585573952993,0.036829230562767545,0,2,6,-526.1860492367047,0.0,EURUSD=X
2021-06-24 00:00:00+01:00,1.1931607723236084,1.1956716775894165,1.191994547843933,1.1933174133300781,0.0020292243125450415,0.011646762885195056,-0.015696835782608387,35.85584074394971,-0.005321350598111341,-0.0018792084179093398,-0.003442142180202001,23.761563303957523,0.007755283320697773,0.006626617182798916,0.03804008497640186,0,3,6,-747.2062287990849,0.0,EURUSD=X
2021-06-25 00:00:00+01:00,1.1927907466888428,1.1974470615386963,1.1927907466888428,1.1930327415466309,-0.000298304478092537,0.012142037254786225,-0.005202915699846544,35.60416825492365,-0.005658618874892163,-0.0026350905093059044,-0.0030235283655862585,22.799792641343583,0.00746398663675389,0.006498927472327615,0.03966955940721703,0,4,6,-973.3396432060981,0.0,EURUSD=X
2021-06-28 00:00:00+01:00,1.1942152976989746,1.1946003437042236,1.1904619932174683,1.1942152976989746,-0.0002385549563488354,0.012492644730605056,0.0014196949757125932,35.39030120630005,-0.0058810835773186465,-0.003284289122908453,-0.0025967944544101934,22.03089128803856,0.007263438651975291,0.006256313323872137,0.04082477698109684,0,0,6,-1163.3488011559552,0.0,EURUSD=X
2021-06-29 00:00:00+01:00,1.1930327415466309,1.1930327415466309,1.1880435943603516,1.1928904056549072,0.0009912185233162951,0.012638988376731665,0.005768069240926321,37.08107822485639,-0.0058940234251601,-0.0038062359833587827,-0.002087787441801317,25.224987362069466,0.007040218068745297,0.0060821852357531795,0.041262114351339155,0,1,6,-1309.9932428316974,0.0,EURUSD=X
2021-06-30 00:00:00+01:00,1.18999445438385,1.1910432577133179,1.1845815181732178,1.1901928186416626,-0.0011094247801214374,0.01245438705630838,0.0013718629105770042,35.946109444069805,-0.0059426825182931076,-0.004233525290345648,-0.0017091572279474597,23.146311904368424,0.006978181302307993,0.005901814647323075,0.04070461083534128,0,2,6,-1485.9069085548576,0.0,EURUSD=X
2021-07-01 00:00:00+01:00,1.1855363845825195,1.188399314880371,1.1838102340698242,1.1856770515441895,-0.002261387132008741,0.012334524314321662,-0.0029159337634230287,33.68536011920645,-0.006128274988119964,-0.004612475229900511,-0.0015157997582194525,16.069575310665027,0.007073231743692383,0.005863067893714917,0.04040423365012269,0,3,7,-1663.8823354157594,0.0,EURUSD=X
2021-07-02 00:00:00+01:00,1.184707760810852,1.1860989332199097,1.1819353103637695,1.1846235990524292,-0.00379414749168705,0.012347655087523668,-0.006402623225422843,30.255009107128856,-0.00656407643535406,-0.005002795470991222,-0.0015612809643628387,6.000896685711658,0.007023899802845668,0.005965563501866231,0.04060129345406055,0,4,7,-1801.4218753273067,0.0,EURUSD=X
2021-07-05 00:00:00+01:00,1.1855926513671875,1.1882002353668213,1.1852006912231445,1.1856207847595215,-0.0008884818090965085,0.012692082740128108,-0.007048542928755008,29.500279137748123,-0.00691474812201287,-0.005385186001195552,-0.0015295621208173188,8.150305939159129,0.006819594306652415,0.005929224952519963,0.041770945766834454,0,0,7,-1883.7393305175553,0.0,EURUSD=X
2021-07-06 00:00:00+01:00,1.1861495971679688,1.1896264553070068,1.1814996004104614,1.186380386352539,0.0008417743052644422,0.01257382415154478,-0.007196786840708791,31.248601914266672,-0.007031142770287824,-0.0057143773550140066,-0.0013167654152738172,11.676152564969277,0.006587954450062392,0.005751918652502055,0.04134693983380419,0,1,7,-1941.6231321437117,0.0,EURUSD=X
2021-07-07 00:00:00+01:00,1.1820330619812012,1.1841325759887695,1.1782448291778564,1.1824523210525513,0.0006406783710120045,0.011986427343174894,-0.005457349033496595,32.619369399391715,-0.006981613176527235,-0.005967824519316652,-0.0010137886572105827,25.32974511259589,0.006697875910525465,0.0055529866523811085,0.039390146225227386,0,2,7,-2009.9651037632143,0.0,EURUSD=X
2021-07-08 00:00:00+01:00,1.179356575012207,1.186633825302124,1.1784253120422363,1.17933988571167,-0.0033109661497897624,0.011542675216198695,-0.006503566033901453,29.35944440103627,-0.007176595334388747,-0.006209578682331071,-0.0009670166520576754,21.911472560218524,0.0068005674293938325,0.005664394065854088,0.038057883440430734,0,3,7,-2130.507084612373,0.0,EURUSD=X
2021-07-09 00:00:00+01:00,1.1846938133239746,1.1874650716781616,1.1825222969055176,1.184800386428833,-0.0026321867575267444,0.010887749086434681,-0.00534476552807206,27.052457673241776,-0.007495860011365929,-0.006466834948138043,-0.0010290250632278859,5.702756394338217,0.006901134988714822,0.005766418580246733,0.035993237406474074,0,4,7,-2226.6096616300015,0.0,EURUSD=X
2021-07-12 00:00:00+01:00,1.1873664855957031,1.1882128715515137,1.183670163154602,1.187295913696289,0.0046301331645948185,0.009616086447342518,0.00014923506212882742,36.482383372904486,-0.007224977749379358,-0.006618463508386307,-0.0006065142409930509,34.13955798361063,0.006988567201413171,0.00582472378281027,0.031642804333194524,0,0,7,-2247.7094924078187,0.0,EURUSD=X
2021-07-13 00:00:00+01:00,1.1864930391311646,1.1877895593643188,1.1793426275253296,1.186521053314209,0.0021062849877842016,0.008635502007558669,0.0014128707579188493,40.28181587958056,-0.0067313387279188674,-0.006641038552292819,-9.030017562604818e-05,47.13558480258257,0.006813863001091632,0.005886120823625483,0.02835635536547119,0,1,7,-2204.524272631423,0.0,EURUSD=X
2021-07-14 00:00:00+01:00,1.1774401664733887,1.1828006505966187,1.1772600412368774,1.1775373220443726,-0.0006526261676987888,0.007159526057404618,0.0001185681787123638,39.49190437816214,-0.006329686320183825,-0.006578768105871021,0.0002490817856871958,43.10032282095853,0.006930510775227177,0.005742724060444645,0.023525053480646152,0,2,7,-2177.495091740841,0.0,EURUSD=X
2021-07-15 00:00:00+01:00,1.1833338737487793,1.1851149797439575,1.1805957555770874,1.1833338737487793,-0.007571489140241527,0.005427238322456975,-0.004156614960849847,31.724410242810507,-0.0066595191354190675,-0.006594918311780631,-6.46008236384367e-05,1.373559858510343,0.007096975153948917,0.0058855975479357395,0.01796908677082629,0,3,7,-2212.476838017113,1.0,EURUSD=X
2021-07-16 00:00:00+01:00,1.1813069581985474,1.182300090789795,1.1793996095657349,1.1811814308166504,0.0049226055054825135,0.004845842004000747,0.0033866301695539835,39.93363012522053,-0.006379640217825111,-0.006551862692989527,0.00017222247516441615,35.02725816541891,0.007131309621494349,0.005997441053103495,0.015965544970264197,0,4,7,-2170.1862698164755,1.0,EURUSD=X
2021-07-19 00:00:00+01:00,1.1811535358428955,1.1823265552520752,1.176429033279419,1.1814005374908447,-0.001818965027435615,0.004957986209518421,-0.0030544855096568124,38.1016255746207,-0.006259364260246869,-0.006493363006440996,0.00023399874619412734,24.861878453038674,0.00690294923303364,0.006037437971374028,0.016364792296189274,0,0,7,-2126.5256435531205,0.0,EURUSD=X
2021-07-20 00:00:00+01:00,1.1792453527450562,1.1804006099700928,1.175709843635559,1.1793843507766724,0.00018549789937249983,0.005114035602719092,-0.00496538069190422,38.41136534906624,-0.006076320578615846,-0.006409954520875966,0.00033363394226012047,34.018255528455946,0.0068311330001495415,0.0058430219167621925,0.016876732897921132,0,1,7,-2078.2001948994534,0.0,EURUSD=X
2021-07-21 00:00:00+01:00,1.178550362586975,1.1802752017974854,1.175364375114441,1.1784114837646484,-0.0017066072430054202,0.005249104465952777,-0.0060148132370700935,36.59660867849991,-0.006024499875578515,-0.006332863591816476,0.00030836371623796117,26.403748468832717,0.006749673061230692,0.005792117722819507,0.01735208431089265,0,2,7,-2046.18485719772,0.0,EURUSD=X
2021-07-22 00:00:00+01:00,1.1795234680175781,1.1829839944839478,1.1766643524169922,1.179273009300232,-0.000824893946899663,0.005206005344265139,0.0007423643428627891,35.719661561794794,-0.005992851965319401,-0.006264861266517062,0.0002720093011976607,21.365106695977065,0.006618326891360245,0.0057277726449742675,0.017223818385212947,0,3,7,-1977.510918128652,0.0,EURUSD=X
2021-07-23 00:00:00+01:00,1.1773570775985718,1.178550362586975,1.1755993366241455,1.1772738695144653,0.0007310905803727952,0.005023055280500904,-0.003431714868165292,37.15580264581233,-0.005831036300992132,-0.006178096273412076,0.0003470599724199443,27.405779051981376,0.0065969922610456255,0.005612209250246039,0.016606396115417078,0,4,7,-1898.5238671578904,0.0,EURUSD=X
2021-07-26 00:00:00+01:00,1.1773016452789307,1.1817537546157837,1.1764568090438843,1.1773432493209839,-0.0016952306802585637,0.004877446891702073,-0.0033081804371776213,35.191037206555436,-0.005797282628933642,-0.00610193354451639,0.0003046509155827477,13.388610737301383,0.006388183719262826,0.005603617333124344,0.01615239172878431,0,0,7,-1863.929382157771,0.0,EURUSD=X
2021-07-27 00:00:00+01:00,1.1806375980377197,1.183712124824524,1.1771769523620605,1.1807769536972046,5.8932597006622345e-05,0.0044368368346538916,-0.0034343036430963814,35.318868233700655,-0.0056992369739072846,-0.006021394230394569,0.00032215725648728454,15.4016013954222,0.006310238137308297,0.005425931412056017,0.014692380049330774,0,1,7,-1866.552424603821,1.0,EURUSD=X
2021-07-28 00:00:00+01:00,1.1822398900985718,1.1830118894577026,1.1785781383514404,1.1823126077651978,0.0029164853819827474,0.00380402140916245,0.0011807880269185667,41.4717843264285,-0.005283558268602162,-0.005873827038036088,0.000590268769433926,42.12616323841865,0.0063263048748193745,0.00534414066733765,0.01256020935783422,0,2,7,-1826.9903136946666,1.0,EURUSD=X
2021-07-29 00:00:00+01:00,1.1846797466278076,1.189202070236206,1.184174656867981,1.1845955848693848,0.0013005454274701567,0.003338468971048422,0.003310493876117482,44.035846192396676,-0.004775170260234107,-0.005654095682475692,0.0008789254222415846,54.07817704419146,0.006191122462779577,0.005350788643603597,0.01100871978311734,0,3,7,-1692.766547881122,1.0,EURUSD=X
2021-07-30 00:00:00+01:00,1.189202070236206,1.1911001205444336,1.1855504512786865,1.1892997026443481,0.001930942027677629,0.003284907000555694,0.00451343796320014,47.70381843214017,-0.0041403248406917115,-0.005351341514118896,0.0012110166734271843,66.71060226225244,0.006241003891938772,0.005226359562586264,0.010811221444749648,0,4,7,-1572.1926936901657,1.0,EURUSD=X
2021-08-02 00:00:00+01:00,1.1865352392196655,1.1898996829986572,1.1859582662582397,1.186704158782959,0.003971074884161485,0.003630259335308141,0.010214983481152462,54.343937493238805,-0.0032204983807604393,-0.0049251728874472045,0.0017046745066867652,88.5584200119696,0.0062598275907323475,0.005247629237661637,0.01190058017534122,0,0,8,-1426.602554976522,1.0,EURUSD=X
2021-08-03 00:00:00+01:00,1.1874933242797852,1.1895995140075684,1.185564637184143,1.1874650716781616,-0.002182413613337375,0.0036911411601771816,0.007950875386064205,50.53149825079038,-0.002670187720118733,-0.004474175853981511,0.001803988133862778,72.06384800115151,0.006094226815709857,0.005274968950266595,0.012126626006873793,0,1,8,-1312.3919984118504,1.0,EURUSD=X
2021-08-04 00:00:00+01:00,1.186915397644043,1.190199851989746,1.18343186378479,1.1869436502456665,0.000641198473579907,0.003761837106828493,0.005664167106256057,51.60340714024806,-0.002147903550253849,-0.004008921393235979,0.0018610178429821298,76.89941742865584,0.005947130387689531,0.005132131429430013,0.012350966277133937,0,2,8,-1171.1084183125702,1.0,EURUSD=X
2021-08-05 00:00:00+01:00,1.1839923858642578,1.1859005689620972,1.1829839944839478,1.1837401390075684,-0.0004391046481545535,0.003900694934170324,0.0039169357156922935,50.79121950488894,-0.001755823889843633,-0.00355830189255751,0.001802478002713877,73.5858061681351,0.006005763088922853,0.005010457224703657,0.012812494112025247,0,3,8,-993.4013021989525,1.0,EURUSD=X
2021-08-06 00:00:00+01:00,1.1833199262619019,1.1835720539093018,1.1756407022476196,1.1835720539093018,-0.0026989581497277593,0.0038330356054074636,-0.0007221416935390135,46.00088100952781,-0.0016841803356968388,-0.003183477581185376,0.0014992972454885372,53.227627063431335,0.005859612565551132,0.005073548569501076,0.012624328104159538,0,4,8,-870.7348208694093,1.0,EURUSD=X
2021-08-09 00:00:00+01:00,1.1750881671905518,1.177163004875183,1.1741775274276733,1.1749500036239624,-0.00014199493007605035,0.0038087180533373345,-0.004815984332890433,45.757030851322,-0.0016222649055495086,-0.0028712350460582026,0.001248970140508694,52.159453337474716,0.006019600008008103,0.004950786516289408,0.012546018287817859,0,0,8,-756.611843774811,1.0,EURUSD=X
2021-08-10 00:00:00+01:00,1.1739004850387573,1.174399495124817,1.171069860458374,1.17384672164917,-0.007284770079574732,0.004022248375413218,-0.009904873992395258,35.39278599250811,-0.0022430671992157425,-0.0027456014766897106,0.0005025342774739681,4.564762568946935,0.006260666184695268,0.00512328183279418,0.013346619889518766,0,1,8,-701.381819658207,1.0,EURUSD=X
2021-08-11 00:00:00+01:00,1.1719757318496704,1.1746878623962402,1.1706448793411255,1.172333002090454,-0.0009390033374948592,0.004279421986667509,-0.011468421559335473,34.32149684775763,-0.002791899840969503,-0.002754861149545669,-3.703869142383364e-05,13.86333067501458,0.006090628826187634,0.005333461404483444,0.014213319422182064,0,2,8,-659.0759030399071,1.0,EURUSD=X
2021-08-12 00:00:00+01:00,1.1742050647735596,1.175100564956665,1.1725116968154907,1.1741899251937866,-0.0012895376634771694,0.00467125535499563,-0.012309470758943286,32.85223093091278,-0.003310832959950716,-0.0028660555116266787,-0.0004447774483240371,8.252763839595318,0.005944368413968142,0.005195306124904003,0.015534755123687025,0,3,8,-629.9039208361611,0.0,EURUSD=X
2021-08-13 00:00:00+01:00,1.1736124753952026,1.1803003549575806,1.1731030941009521,1.173626184463501,0.0015839553267043005,0.004894295242750644,-0.008067829668924165,36.446470640273695,-0.003531543583844554,-0.0029991531260702537,-0.0005323904577743004,17.330745785035347,0.005717453731985484,0.005062527182718836,0.016250757452545724,0,4,8,-618.3557907626767,0.0,EURUSD=X
2021-08-16 00:00:00+01:00,1.179634690284729,1.18035888671875,1.1768028736114502,1.179467797279358,-0.00048011034517492224,0.005144414632166341,-0.008403264856541637,35.81961641424088,-0.0037091902724013526,-0.0031411605553364735,-0.0005680297170648791,14.574773735219214,0.005823154240888551,0.004871613983799365,0.017089445381477355,0,0,8,-620.3971468836077,0.0,EURUSD=X
2021-08-17 00:00:00+01:00,1.177994966506958,1.1784114837646484,1.1710561513900757,1.177994966506958,0.004977404980553768,0.00514223170861897,0.003845094379727687,46.15435909189784,-0.00334010457274192,-0.003180949358817563,-0.00015915521392435676,43.13279834023929,0.005888121956200013,0.004937103203937099,0.01699758994789858,0,1,8,-573.7097789047791,0.0,EURUSD=X
2021-08-18 00:00:00+01:00,1.1709601879119873,1.1731003522872925,1.1696864366531372,1.1709738969802856,-0.0012487248704858844,0.005164241890918305,0.0035338897159928884,44.220922550171586,-0.00313036176912318,-0.003170831840878687,4.0470071755506834e-05,35.932537254284895,0.0060683736657058856,0.004998427093164692,0.01709168717651921,0,2,8,-550.7874073631143,0.0,EURUSD=X
2021-08-19 00:00:00+01:00,1.1703845262527466,1.1706860065460205,1.1668747663497925,1.1703298091888428,-0.0059601863558819135,0.005553396993947545,-0.0011593166000999355,36.394132603242554,-0.0034904450417021504,-0.00323475448104338,-0.00025569056065877054,6.012325266796934,0.006228384821999808,0.005182330435678407,0.018489846291082124,0,3,8,-596.0148056457443,0.0,EURUSD=X
2021-08-20 00:00:00+01:00,1.1676785945892334,1.1690996885299683,1.1664936542510986,1.1676595211029053,-0.0005500445339591264,0.00594705727968156,-0.003287471576888912,35.76869292876947,-0.0037841646370093684,-0.0033446365122365776,-0.00043952812477279085,14.81256228758337,0.00607629523689219,0.005321905648388731,0.01981142197925563,0,4,8,-656.9577946617541,0.0,EURUSD=X
2021-08-23 00:00:00+01:00,1.1699738502502441,1.174329161643982,1.1695605516433716,1.1697548627853394,-0.002281654337924044,0.006490593781419402,-0.005083955555510444,33.2198152127053,-0.004184176877942702,-0.003512544585377803,-0.0006716322925648995,4.917983325119932,0.005916285215524472,0.005203824511406257,0.021671551208159365,0,0,8,-771.5904423019174,0.0,EURUSD=X
2021-08-24 00:00:00+01:00,1.1746740341186523,1.17648446559906,1.172814130783081,1.1744533777236938,0.0017944800214149126,0.00680113799065988,-0.00823501456879372,37.01278805470068,-0.004282744090583046,-0.003666584486418852,-0.0006161596041641942,13.756776055757259,0.005970096310206771,0.0050577137174168466,0.02266775558351967,0,1,8,-817.6751729114159,0.0,EURUSD=X
2021-08-25 00:00:00+01:00,1.1755025386810303,1.1760554313659668,1.1728553771972656,1.175309181213379,0.004016666301490446,0.006837915448924719,-0.0030064549373804983,44.60999511263348,-0.003936352605796278,-0.0037205381102943373,-0.00021581449550194106,41.01488356665049,0.00602434677474348,0.005083297833225115,0.02269915754579774,0,2,8,-826.4692516801902,0.0,EURUSD=X
2021-08-26 00:00:00+01:00,1.177300214767456,1.1781338453292847,1.1747844219207764,1.1774401664733887,0.0007286823861358815,0.0067959924597306536,0.003702289388579194,45.890188913694395,-0.003551835322461061,-0.003686797552727682,0.00013496223026662106,51.61799195890105,0.0058226115885976005,0.005125754883088718,0.022543562811440803,0,3,8,-819.3004135014639,0.0,EURUSD=X
2021-08-27 00:00:00+01:00,1.175295352935791,1.18035888671875,1.1735987663269043,1.1756407022476196,0.001813127383051505,0.00660852634981145,0.006075515832134615,49.04807177745854,-0.003040105460673681,-0.003557459134316882,0.000517353673643201,78.94935947038088,0.005645955290019793,0.0049451443516125345,0.021882028178735035,0,4,8,-796.5905795547183,0.0,EURUSD=X
2021-08-30 00:00:00+01:00,1.1799967288970947,1.1811953783035278,1.1784532070159912,1.1799006462097168,-0.001528285068751023,0.006003285953054367,0.006835195534718785,46.57616990775002,-0.002748079433572137,-0.0033955831941679332,0.0006475037605957962,65.97111168429198,0.005725538511578787,0.0048024496593438055,0.019908393258462286,0,0,8,-795.5289325120725,0.0,EURUSD=X
2021-08-31 00:00:00+01:00,1.179940938949585,1.1845533847808838,1.1796486377716064,1.1796904802322388,0.003623508401804143,0.005592408051500852,0.008673427012065638,52.65883097573407,-0.0021481423790821186,-0.0031460950311507706,0.000997952652068652,91.19333154945795,0.005713334050459459,0.004852559857451865,0.018478861366957488,0,1,8,-756.9040025738632,0.0,EURUSD=X
2021-09-01 00:00:00+01:00,1.1811953783035278,1.1860004663467407,1.1795096397399902,1.1810280084609985,-0.00017812175809306385,0.0050306022953363954,0.0044591829764204505,52.34219972472605,-0.0016703913473681276,-0.0028509542943942422,0.0011805629470261147,73.07321645455986,0.005655577833232165,0.004843078880601552,0.01662546127981472,0,2,9,-705.664670628022,0.0,EURUSD=X
2021-09-02 00:00:00+01:00,1.1842306852340698,1.1872254610061646,1.1834795475006104,1.1840906143188477,0.0011337958991552988,0.004505404949183053,0.004865806665200756,54.22846708029978,-0.001170351776097256,-0.002514833790734845,0.001344482014637589,74.50912090934091,0.005715238459912045,0.004788690693798166,0.014872892146561421,0,3,9,-599.6904403684849,0.0,EURUSD=X
2021-09-03 00:00:00+01:00,1.1874228715896606,1.1907596588134766,1.186816930770874,1.1876484155654907,0.00259316954035671,0.004538493792031737,0.005648225731400114,58.29846453466348,-0.0005209351002462004,-0.002116054052637116,0.0015951189523909157,84.87904732880611,0.005749682323144471,0.004826690112056801,0.014943371762666276,0,4,9,-475.28580609467605,0.0,EURUSD=X
2021-09-06 00:00:00+01:00,1.1885942220687866,1.1886366605758667,1.1857051849365234,1.1885942220687866,0.003004669747078248,0.004975768615340776,0.010213761138853528,62.47308329836753,0.0002776169258678074,-0.0016373198569361314,0.0019149367828039388,87.17859283349217,0.005815351049679074,0.004841232681143938,0.016334057374375117,0,0,9,-301.34778332808594,0.0,EURUSD=X
2021-09-07 00:00:00+01:00,1.187394618988037,1.1887779235839844,1.1838297843933105,1.1875073909759521,0.0007963691029264641,0.005703936675274258,0.007368057545350748,63.51862478995358,0.0009755483263527154,-0.001114746220278362,0.0020902945466310776,91.07625345110485,0.005609359948940802,0.004892629411875541,0.018709529862242284,0,1,9,-143.2837193470473,0.0,EURUSD=X
2021-09-08 00:00:00+01:00,1.1845533847808838,1.185400128364563,1.1803170442581177,1.184356927871704,-0.0009143836244995818,0.006145294951577249,0.006626238725071731,61.40161613662891,0.0014245445406790846,-0.0006068880680868727,0.0020314326087659575,86.59743169023079,0.005562129894778875,0.004723642136097152,0.020175681106958096,0,2,9,-9.593200408211032,0.0,EURUSD=X
2021-09-09 00:00:00+01:00,1.1820330619812012,1.1841325759887695,1.1806097030639648,1.1819101572036743,-0.00265300504922239,0.006213165398875163,0.0028186625438659796,55.61517087688308,0.0015087690815851484,-0.0001837566381524685,0.001692525719737617,73.61439982707631,0.005678431096425704,0.004696329091242834,0.02045276856933418,0,3,9,117.06509082152323,0.0,EURUSD=X
2021-09-10 00:00:00+01:00,1.1823545694351196,1.185300350189209,1.1819353103637695,1.1825922727584839,-0.002065906493599612,0.00620493161501651,-0.0018414613618297215,51.55186098520152,0.0013623790351977583,0.00012547049651757684,0.0012369085386801815,58.25530981662365,0.005540487790090957,0.004804452404284703,0.020467949109856956,0,4,9,200.70138233387507,0.0,EURUSD=X
2021-09-13 00:00:00+01:00,1.1812511682510376,1.1817537546157837,1.1770604848861694,1.1811953783035278,0.0005771297849097579,0.00616802852646976,-0.0042572723886465935,52.591756969267394,0.0012865740683527527,0.00035769121088461206,0.0009288828574681406,54.487903386520344,0.005386895304051223,0.0046850363542181445,0.02033448279521902,0,0,9,324.791167115001,0.0,EURUSD=X
2021-09-14 00:00:00+01:00,1.1810698509216309,1.1846994161605835,1.1801999807357788,1.1811953783035278,-0.001181213920582902,0.006189678468250977,-0.006224869369111374,50.21472922829831,0.0011010877239236994,0.0005063705134924296,0.0005947172104312698,46.58104293171407,0.0053972447732128824,0.0045605455312465425,0.02042998955081642,0,1,9,385.2668493406622,0.0,EURUSD=X
2021-09-15 00:00:00+01:00,1.18035888671875,1.183300256729126,1.1800997257232666,1.1804981231689453,0.0,0.0062063002500031385,-0.005315346009961974,50.21472922829831,0.000943215656648233,0.0005937395421235903,0.00034947611452464274,44.26699824946511,0.005333115534040868,0.004569307391775089,0.020484852308107315,0,2,9,427.46180549421916,0.0,EURUSD=X
2021-09-16 00:00:00+01:00,1.1819353103637695,1.1823126077651978,1.1751710176467896,1.1819995641708374,-0.0005902961926450567,0.0059112945975497546,-0.0032581433957523664,48.934380830613485,0.000753156326461335,0.0006256228989911393,0.00012753342747019573,40.203951207313345,0.005180788067742191,0.00451768234897704,0.019522664754174295,0,3,9,442.34076133709397,0.0,EURUSD=X
2021-09-17 00:00:00+01:00,1.17648446559906,1.1789672374725342,1.1729655265808105,1.176747441291809,0.0012718707234040671,0.005517161966376421,7.564616195065987e-05,51.78525559564617,0.0007154395371327116,0.0006435862266194538,7.185331051325777e-05,43.80462960838744,0.005320845357075477,0.004383071047387796,0.01819785545893837,0,4,9,458.08378592090173,0.0,EURUSD=X
2021-09-20 00:00:00+01:00,1.1728830337524414,1.1737089157104492,1.1700559854507446,1.1729930639266968,-0.004443422009814957,0.004758726739067298,-0.004942389360486299,42.786754514081096,0.00025876342366637495,0.0005666216660288381,-0.00030785824236246315,21.25371814454538,0.005586073373714862,0.004521654494726891,0.015766282293476715,0,0,9,419.9229170406868,0.0,EURUSD=X
2021-09-21 00:00:00+01:00,1.1725666522979736,1.1748948097229004,1.1715912818908691,1.1730204820632935,-0.00319046996268868,0.004413692498901695,-0.00694407930092944,37.738549531061764,-0.00040147461371531357,0.0003730024100800078,-0.0007744770237953214,14.186267453577084,0.0056650292642398325,0.004762239049406646,0.01466994287042404,0,1,9,335.9186857508834,0.0,EURUSD=X
2021-09-22 00:00:00+01:00,1.1726078987121582,1.1744533777236938,1.1717147827148438,1.17229163646698,2.3374508716145215e-05,0.004531169303497173,-0.006920867106655515,37.796269855118204,-0.0009119927162806185,0.00011600338480788255,-0.001027996101088501,14.318698718871456,0.005496350590510649,0.0048294376363107365,0.015060052579820135,0,2,9,244.0041402304016,0.0,EURUSD=X
2021-09-23 00:00:00+01:00,1.1688934564590454,1.175100564956665,1.1684194803237915,1.168770432472229,-0.0006213408951150079,0.0047632874590798815,-0.006951715162355154,36.81911114321127,-0.0013597197363295344,-0.00017914123941960086,-0.0011805784969099336,10.798330214481071,0.005299368048963467,0.004688552250594739,0.015841376607881954,0,3,9,143.9795952951447,0.0,EURUSD=X
2021-09-24 00:00:00+01:00,1.1741775274276733,1.1748120784759521,1.1701655387878418,1.1740258932113647,-0.0030036928399174156,0.005408798388577189,-0.011192162924263394,32.45373927628519,-0.0019759013984979035,-0.0005384932712352614,-0.001437408127262642,1.7238653464418927,0.005398062090671328,0.0045341393842022815,0.01804236112800493,0,4,9,18.382830906714563,0.0,EURUSD=X
2021-09-27 00:00:00+01:00,1.1722092628479004,1.1728004217147827,1.1686612367630005,1.1723054647445679,0.0044965722892382765,0.005490052650297841,-0.002312771615170628,43.26556367073029,-0.0020169083808527777,-0.0008341762931587647,-0.001182732087694013,27.53851468857412,0.00544403237017503,0.00459790718576553,0.01823142553636781,0,0,9,-92.92246720002333,0.0,EURUSD=X
2021-09-28 00:00:00+01:00,1.1696043014526367,1.1705996990203857,1.1669973134994507,1.1696795225143433,-0.0014654093037853588,0.0057538430239476865,-0.0005861920272802745,40.95451059810056,-0.002163293804483768,-0.0010999997954237654,-0.0010632940090600025,22.884782791833985,0.00543836266147426,0.004643868457408601,0.019135464717449285,0,1,9,-213.89718151913092,0.0,EURUSD=X
2021-09-29 00:00:00+01:00,1.168688416481018,1.1691995859146118,1.1610087156295776,1.1686338186264038,-0.002239981224344767,0.006168195409567386,-0.002848168126675543,37.6488903199203,-0.002462807191169869,-0.0013725612745729863,-0.0010902459165968827,14.654448113484046,0.005429061846020183,0.004649446755966074,0.020559522836277037,0,2,9,-334.0616837593011,0.0,EURUSD=X
2021-09-30 00:00:00+01:00,1.1602274179458618,1.161170482635498,1.1570056676864624,1.1601601839065552,-0.0008940088868886198,0.0065758218144923025,-0.003120228556436677,36.38928920995877,-0.0027528204716154026,-0.0016486131139814696,-0.001104207357633933,31.38983084118112,0.005660615063073429,0.004645648413975755,0.02193781554235688,0,3,9,-444.86847011568767,0.0,EURUSD=X
2021-10-01 00:00:00+01:00,1.1574207544326782,1.1608995199203491,1.1563901901245117,1.1574475765228271,-0.007250889529971327,0.007602569919238124,-0.007366928805224049,28.165909657922754,-0.0036246271450961487,-0.0020438159202044058,-0.001580811224891743,11.390715933744275,0.006086867625706856,0.004879166809545812,0.0255484325432816,0,4,10,-613.7993259143462,0.0,EURUSD=X
2021-10-04 00:00:00+01:00,1.160725712776184,1.1640088558197021,1.1588560342788696,1.160725712776184,-0.002338131769523355,0.008397952858971137,-0.014120912310707334,26.13017589023285,-0.004482750601994434,-0.0025316028565624117,-0.0019511477454320224,3.735130013685651,0.005974186352144752,0.005258871113621284,0.028287456328585803,0,0,10,-773.347848244469,0.0,EURUSD=X
2021-10-05 00:00:00+01:00,1.1616560220718384,1.16225004196167,1.1583056449890137,1.1618449687957764,0.0028322114278427346,0.008474378571708121,-0.009877759949627918,32.48123871979993,-0.004842480326054277,-0.002993778350460785,-0.0018487019755934922,16.111155410254366,0.0060161215624826275,0.005146940647895098,0.028464269975010677,0,1,10,-880.4801135784853,0.0,EURUSD=X
2021-10-06 00:00:00+01:00,1.1595144271850586,1.1599582433700562,1.1530168056488037,1.1596084833145142,0.0009642726160647985,0.008327281279850739,-0.006698034434018063,34.55030356671918,-0.004979849511990597,-0.0033909925827667474,-0.0015888569292238498,21.042708079447053,0.005868141234637886,0.005178076011912492,0.027943245533079173,0,2,10,-974.9831184492162,0.0,EURUSD=X
2021-10-07 00:00:00+01:00,1.1555349826812744,1.157139539718628,1.1549345254898071,1.1555349826812744,-0.0019249431217834845,0.008407960091844188,-0.007722979746126013,32.412889272089245,-0.005209133618998774,-0.0037546207900131527,-0.0014545128289856209,25.40103267061115,0.006079571371233226,0.005060450418459299,0.028268388530696718,0,3,10,-1072.340160490245,0.0,EURUSD=X
2021-10-08 00:00:00+01:00,1.1559224128723145,1.1583727598190308,1.1542545557022095,1.1559758186340332,-0.003512824105595058,0.008811103229151565,-0.003986691914996232,28.905357775338473,-0.005654360435756622,-0.004134568719161847,-0.0015197917165947752,11.40284585321616,0.005979170403624212,0.005261261201392918,0.02972822542374209,0,4,10,-1181.9970137473754,0.0,EURUSD=X
2021-10-11 00:00:00+01:00,1.1565908193588257,1.1587486267089844,1.15529465675354,1.1566041707992554,0.0003814994434316876,0.008908197188135004,-0.0012715546851939097,29.790823218198085,-0.0059035813080874355,-0.004488371236946965,-0.0014152100711404703,13.399045624338738,0.005846244240281145,0.005172400933688682,0.030044353723023824,0,0,10,-1295.1197605509792,0.0,EURUSD=X
2021-10-12 00:00:00+01:00,1.15529465675354,1.1570056676864624,1.1533892154693604,1.1553747653961182,0.0005435686067938317,0.008867151345613496,-0.0035508319765493734,31.10791150396929,-0.005981437587381899,-0.004786984507033952,-0.0011944530803479469,16.24435903526008,0.005675367505649944,0.005054662941636445,0.029889672810108417,0,1,10,-1392.8780571126747,0.0,EURUSD=X
2021-10-13 00:00:00+01:00,1.1530966758728027,1.1579005718231201,1.1530567407608032,1.15340256690979,-0.0010629439476148583,0.008723852260957255,-0.005568904262988172,29.925053463955336,-0.006072343791781787,-0.005044056363983519,-0.0010282874277982674,10.677347612981237,0.005528302127896524,0.004912144245857884,0.029437926611767196,0,2,10,-1488.6277395042985,0.0,EURUSD=X
2021-10-14 00:00:00+01:00,1.1599582433700562,1.162500023841858,1.1584665775299072,1.1599582433700562,-0.0017069772903097746,0.008572868557499379,-0.0053517342223866615,28.08043803617352,-0.006231692477422834,-0.005281583586671383,-0.0009501088907514516,1.7699308654940054,0.005479411337497978,0.004793037822612115,0.028977909074329653,0,3,10,-1596.9421129664124,0.0,EURUSD=X
2021-10-15 00:00:00+01:00,1.1590708494186401,1.1619800329208374,1.1588828563690186,1.159151554107666,0.005683771346053135,0.007692383471475959,0.003827889899549408,41.08138545180813,-0.005762561929713916,-0.005377779255279889,-0.00038478267443402703,35.08679959266557,0.0057378431656815426,0.004723800506454875,0.025854751288306183,0,4,10,-1594.2667180773904,0.0,EURUSD=X
2021-10-18 00:00:00+01:00,1.159595012664795,1.1612108945846558,1.1573002338409424,1.1597026586532593,-0.0006954468119872992,0.007177431787079393,0.002747233482258693,40.12029225340203,-0.005393690565064668,-0.0053809615172368454,-1.2729047827822818e-05,34.89043770678527,0.005549224121834207,0.004950037072674788,0.024140743737832204,0,0,10,-1592.6726198927213,0.0,EURUSD=X
2021-10-19 00:00:00+01:00,1.1614537239074707,1.1670000553131104,1.1614537239074707,1.161386251449585,0.00047543786974224567,0.006847798811313064,0.002678952689460612,41.1335058161346,-0.00499925946872426,-0.0053046211075343285,0.00030536163881006873,41.314612783699566,0.0054321838805398625,0.004785040441554576,0.023021103290736207,0,1,10,-1582.2148771725895,0.0,EURUSD=X
2021-10-20 00:00:00+01:00,1.1633858680725098,1.1654006242752075,1.1618045568466187,1.1631964445114136,0.0014517452243154594,0.006405816258981921,0.005203061580980384,44.23770588585407,-0.004498956939762433,-0.00514348827397995,0.0006445313342175168,59.853367433930096,0.005565413364776378,0.004677327524550664,0.02150401681060054,0,2,10,-1559.2561230013023,0.0,EURUSD=X
2021-10-21 00:00:00+01:00,1.165243148803711,1.1669973134994507,1.1633182764053345,1.1655012369155884,0.0015586486059819826,0.005953254609791756,0.008491291663988099,47.44659641107961,-0.003911308994022589,-0.004897052417988478,0.0009857434239658892,72.79880647911338,0.005454624754836821,0.004784585949378535,0.019953688351686386,0,3,10,-1522.1596052525178,0.0,EURUSD=X
2021-10-22 00:00:00+01:00,1.1625880002975464,1.1654061079025269,1.1622366905212402,1.1625338792800903,0.0019814300628668846,0.0057908307068952,0.0047786147279129665,51.29006568470766,-0.0032224696539329134,-0.004562135865177365,0.0013396662112444514,89.28132992327366,0.0053364993429225556,0.0046800677528855104,0.01937090556337175,0,4,10,-1403.5182636943198,0.0,EURUSD=X
2021-10-25 00:00:00+01:00,1.1641308069229126,1.1668611764907837,1.159326195716858,1.1640088558197021,-0.002545992695255239,0.004999797160229223,0.0029179317928171855,46.567991221868745,-0.0028827697013789066,-0.0042262626324176735,0.0013434929310387669,68.06052855924979,0.005188502703738669,0.004590403288915099,0.016767509508347964,0,0,10,-1322.1319303480616,0.0,EURUSD=X
2021-10-26 00:00:00+01:00,1.161170482635498,1.1629002094268799,1.1585874557495117,1.161170482635498,0.0012687600472558458,0.004302412903073942,0.0037131907341176884,49.07761277222561,-0.0024661089923561086,-0.0038742319044053606,0.001408122912049252,78.6086956521739,0.005356108280180605,0.004457442636967649,0.01441045179099899,0,1,10,-1245.7270449108403,1.0,EURUSD=X
2021-10-27 00:00:00+01:00,1.1598236560821533,1.162439227104187,1.1585336923599243,1.1598236560821533,-0.0024384463829575376,0.0037320619061558444,-0.000185785576346853,44.72430474983973,-0.0023379845428035395,-0.0035669824320849965,0.001228997889281457,58.19091181122558,0.005360771979467022,0.004612680360272244,0.012530680180169548,0,2,10,-1172.3811039042657,1.0,EURUSD=X
2021-10-28 00:00:00+01:00,1.1598910093307495,1.1693171262741089,1.158319115638733,1.1600120067596436,-0.0011598870049537302,0.003145076776377158,-0.002899586260923459,42.78496453944822,-0.002318397596067001,-0.0033172654648813975,0.0009988678688143964,48.53161202068995,0.005256826462666712,0.004622057802800415,0.01057209563789467,0,3,10,-1086.0210943865732,1.0,EURUSD=X
2021-10-29 00:00:00+01:00,1.1683744192123413,1.1691803932189941,1.1546677350997925,1.1683608293533325,0.00016239596123290845,0.003143999974819936,-0.004709759185216877,43.156186627305104,-0.0022616060869316,-0.003106133589291438,0.0008445275023598381,42.77429949707482,0.00566691104643166,0.004531700044511639,0.01056675999768475,0,4,10,-1007.4076084388189,1.0,EURUSD=X
2021-11-01 00:00:00+00:00,1.1559356451034546,1.159326195716858,1.1546677350997925,1.1556684970855713,0.0071971863610365006,0.00364851699479652,0.005012284095196051,56.598431247358256,-0.0015253350841302193,-0.0027899738882591948,0.0012646388041289754,94.11885456224982,0.0062987501230580886,0.004850309000489341,0.012174781597737928,0,0,11,-855.4229744023094,1.0,EURUSD=X
2021-11-02 00:00:00+00:00,1.1601735353469849,1.1614995002746582,1.1579166650772095,1.1599582433700562,-0.010863366820322296,0.003782503388520149,-0.007165202130921533,40.80168684345881,-0.0019435955895161783,-0.002620698228510592,0.0006771026389944135,16.062081201155408,0.006826917560949657,0.005450308751119049,0.012760504497413599,0,1,11,-803.9506993138253,1.0,EURUSD=X
2021-11-03 00:00:00+00:00,1.158077597618103,1.159900426864624,1.1563634872436523,1.1579434871673584,0.0037119176436002377,0.003755953770758354,-0.001043980434888847,46.26088164623202,-0.001906941346375035,-0.0024779468520834806,0.0005710055057084455,36.1141852743962,0.006755780820102318,0.005885485619823038,0.012624078213654183,0,2,11,-732.5176595326606,1.0,EURUSD=X
2021-11-04 00:00:00+00:00,1.1615750789642334,1.1617100238800049,1.152923822402954,1.1615750789642334,-0.0017369213195504996,0.0037798871122035637,-0.0016210817092195962,44.199256050337624,-0.0020172134017202303,-0.0023858001620108305,0.0003685867602906002,22.361011652887182,0.006529993341980996,0.005834292342391231,0.01272662534485758,0,3,11,-674.2426975634364,1.0,EURUSD=X
2021-11-05 00:00:00+00:00,1.1556684970855713,1.1564704179763794,1.151410460472107,1.1555349826812744,0.0031362426898386975,0.0036637738195310597,0.001347462091324525,48.64211222558609,-0.0017909210692432787,-0.00226682434345732,0.0004759032742140414,52.773111688009486,0.006691151065914552,0.005621671349736373,0.012297112977563935,0,4,11,-630.6520519611925,1.0,EURUSD=X
2021-11-08 00:00:00+00:00,1.1568450927734375,1.1595547199249268,1.1551746129989624,1.1568851470947266,-0.0051999189655006495,0.0036908981504966856,-0.01097764179509253,42.571007648237426,-0.00207504819236215,-0.0022284691132382862,0.00015342092087613623,23.03344606289777,0.006939255882072545,0.005790522282924375,0.012452907357959255,0,0,11,-607.1679282618173,1.0,EURUSD=X
2021-11-09 00:00:00+00:00,1.1588693857192993,1.1609008312225342,1.157019019126892,1.159151554107666,0.0011684323137661767,0.003677629196112084,0.0010527673050044761,44.246172133812166,-0.0021663022166116264,-0.002216035733912954,4.97335173013278e-05,30.57345618192954,0.006756459528064818,0.005998223678036688,0.012393657413957353,0,1,11,-578.5030898303445,1.0,EURUSD=X
2021-11-10 00:00:00+00:00,1.159366488456726,1.1598236560821533,1.1513441801071167,1.1595547199249268,0.001959059651367445,0.0035180297207052383,-0.0006954468119872992,47.038842404214044,-0.0020323143289757706,-0.0021792914529255177,0.00014697712394974713,43.230234601762845,0.006560689856617875,0.005828797368318288,0.011832624324275171,0,2,11,-521.658991311754,1.0,EURUSD=X
2021-11-11 00:00:00+00:00,1.1485671997070312,1.1491611003875732,1.1454885005950928,1.148593544960022,0.0003478111346459922,0.0031364033347942876,0.001391460615672857,47.54221021647421,-0.001872016410744859,-0.002117836444489386,0.00024582003374452703,45.68277087976228,0.006697746007933499,0.005657938986305566,0.01054538531431852,0,3,11,-468.54523768977793,1.0,EURUSD=X
2021-11-12 00:00:00+00:00,1.1447803974151611,1.1459873914718628,1.1434059143066406,1.145081877708435,-0.009452917379883963,0.004124003818271809,-0.01117580278649477,37.192253083051554,-0.002599489077015127,-0.0022141669709945344,-0.0003853221060205925,13.030732056291242,0.0072240655309263905,0.005831258618266588,0.013998273721902602,0,4,11,-533.7707020122346,1.0,EURUSD=X
2021-11-15 00:00:00+00:00,1.1442302465438843,1.1464208364486694,1.1416958570480347,1.144164800643921,-0.0030573628652154072,0.00530476360551598,-0.009046117278582289,34.5938917988576,-0.003419955487159454,-0.0024553246742275185,-0.0009646308129319355,6.468101159832351,0.00707860589681603,0.0063087764041671514,0.01806139488095418,0,0,11,-661.051013656496,1.0,EURUSD=X
2021-11-16 00:00:00+00:00,1.1367381811141968,1.1387006044387817,1.1330673694610596,1.1366478204727173,-0.0008008833973945917,0.00628681439248757,-0.010995340793120367,33.92727961938816,-0.00409695434370505,-0.002783650608123025,-0.0013133037355820255,8.938559541483963,0.0069104897185173686,0.006186701332563529,0.021422189157742116,0,1,11,-726.3751901187917,0.0,EURUSD=X
2021-11-17 00:00:00+00:00,1.1316184997558594,1.1334000825881958,1.127052664756775,1.1321182250976562,-0.006569840434676122,0.007913365286327339,-0.01941397011909496,28.995276603548632,-0.005180322756721978,-0.0032629850378428156,-0.0019173377188791622,9.877172501109888,0.007209556965970509,0.006079710526030292,0.02714295233121732,0,2,11,-867.0684635936946,0.0,EURUSD=X
2021-11-18 00:00:00+00:00,1.1318106651306152,1.1359764337539673,1.1315033435821533,1.1321182250976562,-0.003985047341380721,0.009566663052442023,-0.02366123336468917,26.49578451866246,-0.006331415899327064,-0.0038766712101396656,-0.0024547446891873986,12.024290237780601,0.007379956876682786,0.006368201488275321,0.032945074205546696,0,3,11,-1032.865841935,0.0,EURUSD=X
2021-11-19 00:00:00+00:00,1.1370097398757935,1.1370097398757935,1.1252391338348389,1.1368415355682373,0.0,0.010623159675199589,-0.01434390775976302,26.49578451866246,-0.007161116613341623,-0.004533560290780057,-0.0026275563225615656,14.61611752606397,0.007172323540620728,0.0065187157251586445,0.036583371012265574,0,4,11,-1211.780043836559,0.0,EURUSD=X
2021-11-22 00:00:00+00:00,1.1275737285614014,1.1290504932403564,1.123822808265686,1.1275737285614014,0.0041721000208909675,0.01108599731810479,-0.007196290763668789,33.43523909924194,-0.007352770564123423,-0.00509740234544873,-0.0022553682186746927,31.81277374648624,0.007500772290644575,0.006308991461185243,0.03801864466982639,0,0,11,-1359.9432975012555,0.0,EURUSD=X
2021-11-23 00:00:00+00:00,1.1243535280227661,1.1273448467254639,1.12271249294281,1.12421452999115,-0.008152241730157717,0.012088647187489402,-0.01450059648154034,27.87446979978445,-0.008158446776088901,-0.0057096112315767646,-0.0024488355445121367,9.90022685725613,0.007894911934352196,0.00665213466813769,0.04179790821970956,0,1,11,-1545.1018039618145,0.0,EURUSD=X
2021-11-24 00:00:00+00:00,1.1243914365768433,1.1254544258117676,1.1187809705734253,1.1244926452636719,-0.0029791387340473152,0.013214413206381833,-0.010938560086620752,26.17519451438976,-0.00896467108136867,-0.0063606232015351455,-0.0026040478798335237,3.8516208904580678,0.007678220768940703,0.007022602647213914,0.04582690028421725,0,2,11,-1778.794975033798,0.0,EURUSD=X
2021-11-25 00:00:00+00:00,1.1206992864608765,1.1230907440185547,1.1203980445861816,1.1202975511550903,0.00024738629959197844,0.014039938416684975,-0.006735674477218678,26.574292111395877,-0.009471980973094762,-0.006982894755847069,-0.0024890862172476935,13.560526084901522,0.007606451802469388,0.006828164507150074,0.04867773673312886,0,3,11,-2001.9056211608947,0.0,EURUSD=X
2021-11-26 00:00:00+00:00,1.1209003925323486,1.1322002410888672,1.1207997798919678,1.1209630966186523,-0.003730654999168914,0.014931254148104834,-0.010441200998726363,24.429010862370504,-0.010096154566748838,-0.0076055467180274235,-0.002490607848721415,3.6006305773405374,0.007355605293542305,0.006789671007159397,0.05196186079014525,0,4,11,-2206.8321981997337,0.0,EURUSD=X
2021-11-29 00:00:00+00:00,1.1291142702102661,1.12980055809021,1.125885248184204,1.1293182373046875,0.0005940791916181354,0.014846128929161508,-0.013967152371546887,25.45714378142233,-0.01041703162375196,-0.008167843699172332,-0.002249187924579628,5.180753239916564,0.0076803970535590585,0.006561862130635917,0.051634943532233996,0,0,11,-2368.926859248986,0.0,EURUSD=X
2021-11-30 00:00:00+00:00,1.1293565034866333,1.1381744146347046,1.1246063709259033,1.1293437480926514,0.007453537686689327,0.014829009192565417,0.0015471349669629042,37.03783617304373,-0.009883211466976682,-0.008510917252733202,-0.0013722942142434802,25.67392118876183,0.007763044511987526,0.006800914746484259,0.05119382585449958,0,1,11,-2448.508148333296,0.0,EURUSD=X
2021-12-01 00:00:00+00:00,1.1330032348632812,1.1358473300933838,1.1304160356521606,1.1330289840698242,2.2589547499674012e-05,0.014414118321858566,0.004562490489730564,37.069983223621854,-0.009350312062292643,-0.00867879621464509,-0.0006715158476475521,34.768704359870824,0.008177687311759937,0.00687394296475146,0.04976038418140593,0,2,12,-2508.877757693213,0.0,EURUSD=X
2021-12-02 00:00:00+00:00,1.1319644451141357,1.1348161697387695,1.1301862001419067,1.1319515705108643,0.003263165872567031,0.013858637319526773,0.0075912802472359875,41.700726885826214,-0.00853226308252597,-0.008649489588221267,0.00011722650569529619,51.54877943586647,0.008058108360972257,0.007217544676029203,0.04768714295993596,0,3,12,-2516.5842043906237,0.0,EURUSD=X
2021-12-03 00:00:00+00:00,1.130684494972229,1.1331830024719238,1.1267352104187012,1.1306205987930298,-0.0009509143844581569,0.01285124920379517,0.010402610756185204,40.75646763577204,-0.0078800552702325,-0.008495602724623514,0.0006155474543910137,47.65073751401708,0.00781324130639301,0.00711877484063698,0.04426284174216081,0,4,12,-2513.0138777608436,0.0,EURUSD=X
2021-12-06 00:00:00+00:00,1.1302627325057983,1.1310003995895386,1.1269001960754395,1.1304799318313599,-0.001175820372980918,0.012190756297444542,0.008615361383000897,39.56460679668574,-0.007385439425895424,-0.008273570064877896,0.000888130638982472,59.43697710325677,0.007715709216880842,0.006910577531254845,0.04203737121567431,0,0,12,-2516.7082472490997,0.0,EURUSD=X
2021-12-07 00:00:00+00:00,1.1284515857696533,1.1299434900283813,1.1231285333633423,1.128668189048767,-0.00012441570746202224,0.01121774405950138,0.0010286688803016197,39.43335637098918,-0.006924976633959412,-0.0080038513786942,0.0010788747447347882,60.324309704703595,0.00745745880953929,0.006825162481550215,0.038686947474967724,0,1,12,-2477.428926776993,0.0,EURUSD=X
2021-12-08 00:00:00+00:00,1.1273066997528076,1.1339025497436523,1.12696373462677,1.1276500225067139,-0.0016026315298297567,0.009708256637601992,-0.0005981872614296835,37.698715649207834,-0.006629824564427622,-0.007729046015840885,0.0010992214514132627,50.98227238081188,0.007449883070859168,0.0066073084028569805,0.03353488006890034,0,2,12,-2395.963211345654,0.0,EURUSD=X
2021-12-09 00:00:00+00:00,1.1344043016433716,1.1345586776733398,1.1279425621032715,1.1345586776733398,-0.0009020955422791577,0.007548808991436969,-0.004747417443629054,36.72109935041301,-0.0064042477718309065,-0.00746408636703889,0.0010598385952079832,45.732217058837996,0.007413378217003679,0.006606556043246842,0.02609912200390803,0,3,12,-2314.9480123812214,0.0,EURUSD=X
2021-12-10 00:00:00+00:00,1.129407525062561,1.1322592496871948,1.1267352104187012,1.1293309926986694,0.006126595156951575,0.0064721025857398,0.0023031967359690153,46.80194589450187,-0.005603413145856662,-0.007091951722802445,0.001488538576945783,81.3558801111357,0.007377326570548129,0.0065341514395768656,0.022240278664502757,0,4,12,-2140.62190751157,0.0,EURUSD=X
2021-12-13 00:00:00+00:00,1.1311193704605103,1.1316057443618774,1.126354455947876,1.131183385848999,-0.004607681451426537,0.005563825680930141,-0.0011406179011217432,41.42428212602566,-0.00532914535259299,-0.006739390448760554,0.0014102450961675644,54.39994098989452,0.007409193762268881,0.006532475083251844,0.019207642412364848,0,0,12,-2029.974336987555,1.0,EURUSD=X
2021-12-14 00:00:00+00:00,1.1283371448516846,1.13275945186615,1.1266590356826782,1.1285407543182373,0.0016402570745917,0.004508412221543534,0.000622261393441681,43.88475748520993,-0.004905762923057111,-0.006372664943619866,0.0014669020205627555,63.951587125961986,0.007255057665964066,0.006549949243382832,0.015538618156781736,0,1,12,-1916.487841584921,1.0,EURUSD=X
2021-12-15 00:00:00+00:00,1.1258726119995117,1.1278001070022583,1.1249226331710815,1.1261261701583862,-0.0023361654386201414,0.004191901889046223,-0.00011290716949963198,41.22437770550639,-0.004728955125469447,-0.006043922979989783,0.0013149678545203358,45.806369409666104,0.007172583274357466,0.006428706839521199,0.014481570282619533,0,2,12,-1794.1723262684668,1.0,EURUSD=X
2021-12-16 00:00:00+00:00,1.1293054819107056,1.1363636255264282,1.1282098293304443,1.1290758848190308,-0.0021395631044885954,0.0041838240000617085,-0.0013513522084983576,38.90371799633453,-0.004729155671444607,-0.0057809695182807486,0.0010518138468361415,30.656128000878223,0.006918693122414487,0.00636925369858749,0.014484654804795804,0,3,12,-1710.1754838317902,1.0,EURUSD=X
2021-12-17 00:00:00+00:00,1.1335426568984985,1.13490629196167,1.1268366575241089,1.1334141492843628,0.0026193465162343,0.0041140470060718115,-0.004832533532380001,43.11647308923495,-0.004440114409220541,-0.0055127984964687075,0.0010726840872481661,39.528103063051645,0.007155747568530738,0.006127748555645948,0.014205872477556603,0,4,12,-1582.904766099904,1.0,EURUSD=X
2021-12-20 00:00:00+00:00,1.1242523193359375,1.130454421043396,1.1237343549728394,1.1243535280227661,0.003842314341898634,0.003818395352930112,0.0036155534666910683,48.71719375017684,-0.0038169856064349528,-0.005173635918461957,0.001356650312027004,68.36167144690764,0.007221025202032902,0.006313444713081157,0.013134515483394338,0,0,12,-1435.0457834676097,1.0,EURUSD=X
2021-12-21 00:00:00+00:00,1.1276754140853882,1.1303266286849976,1.1261768341064453,1.1277517080307007,-0.007994095774538912,0.003927686333771668,-0.0060377989207354155,39.88458303804207,-0.004008065470061384,-0.0049405218287818424,0.0009324563587204586,9.255656434644761,0.007396651566996512,0.006422379635995316,0.013619328793679641,0,1,12,-1373.1276432491236,1.0,EURUSD=X
2021-12-22 00:00:00+00:00,1.1290504932403564,1.134199619293213,1.1265320777893066,1.128757357597351,0.0030223412149650297,0.003808033295042564,-0.0006991739416741805,43.98637467226909,-0.0038410160694770656,-0.004720620676920887,0.0008796046074438218,34.93118604986309,0.0072949693595132925,0.006558758913265289,0.013164641514851971,0,2,12,-1277.0103132491129,1.0,EURUSD=X
2021-12-23 00:00:00+00:00,1.1330161094665527,1.1345586776733398,1.1291524171829224,1.1328877210617065,0.0008917295886046173,0.0036858821596305056,0.0023364943544423866,45.17850457838224,-0.0035861418891214303,-0.004493724919360996,0.0009075830302395661,42.52954316183888,0.0073215816555413605,0.00646283216708435,0.012731003752866395,0,3,12,-1186.227095410219,1.0,EURUSD=X
2021-12-24 00:00:00+00:00,1.1324644088745117,1.134429931640625,1.1308379173278809,1.132733702659607,0.003659212882693552,0.003206556875542244,0.0033760673608635994,49.89517701120948,-0.0030160987433771602,-0.004198199684164229,0.001182100940787069,73.73720997261853,0.007212991542716175,0.0064627601830478006,0.011035038985700681,0,4,12,-1092.4169229857423,1.0,EURUSD=X
2021-12-27 00:00:00+00:00,1.132387399673462,1.1335002183914185,1.1304160356521606,1.1324259042739868,-0.00013595204470506772,0.0025991645156691217,-0.0006003512707032366,49.723380432500065,-0.002547398615757812,-0.003868039470482946,0.001320640854725134,72.57349762213576,0.006954350312003887,0.006367773401445018,0.00894597624951741,0,0,12,-962.7032630130902,1.0,EURUSD=X
2021-12-28 00:00:00+00:00,1.1329776048660278,1.1336004734039307,1.1290377378463745,1.1330032348632812,-0.0002717305796564595,0.0026493755342499484,0.007179571238075333,49.35762682297785,-0.0021757069497720938,-0.003529572966340776,0.0013538660165686822,68.8206754639331,0.006677909771093453,0.006141108469663994,0.009121274381676503,0,1,12,-874.4704262620774,1.0,EURUSD=X
2021-12-29 00:00:00+00:00,1.1313369274139404,1.137000560760498,1.1275355815887451,1.1314777135849,0.0005098175404814054,0.002716700411801856,0.004656633898387774,50.09907278485427,-0.0018136462875344428,-0.0031863876305795093,0.0013727413430450666,73.3920447037058,0.006526825898697931,0.0058939900307515645,0.009348294654599531,0,2,12,-772.6094225759016,1.0,EURUSD=X
2021-12-30 00:00:00+00:00,1.1359764337539673,1.1359764337539673,1.1300712823867798,1.1360150575637817,-0.0013464403555435434,0.002656989254992753,0.00241004496603181,48.09530884253376,-0.0016310061978739299,-0.0028753113440383934,0.0012443051461644636,58.369052432942446,0.006736693989630431,0.005768408710427679,0.009155152605783439,0,3,12,-673.6456031056642,1.0,EURUSD=X
2021-12-31 00:00:00+00:00,1.1323232650756836,1.1379153728485107,1.1305055618286133,1.132502794265747,0.004010104595437491,0.00293482513717515,0.002760499954174156,53.989713230695784,-0.0011073717794785054,-0.002521723431126416,0.0014143516516479104,92.57132587500561,0.006677298088027364,0.00593010976815525,0.010072097851014877,0,4,12,-591.540405139574,1.0,EURUSD=X
2022-01-03 00:00:00+00:00,1.1373846530914307,1.1375917196273804,1.1285407543182373,1.1373459100723267,-0.0030917400915150273,0.0029704528076898652,-0.00020385055491656257,49.32062646237144,-0.0009646778198439954,-0.002210314308869932,0.0012456364890259366,61.832227910456545,0.006729620440303799,0.0058960544043130236,0.010225985410052731,0,0,1,-518.4699533075702,1.0,EURUSD=X
2022-01-04 00:00:00+00:00,1.1301988363265991,1.1323001384735107,1.1273448467254639,1.1302244663238525,0.0042764713968936885,0.0033365121013932157,0.004344660237610931,55.08832612343476,-0.00045554165812577985,-0.0018593597787211016,0.0014038181205953217,95.98433073579973,0.006895430788078033,0.005916951369593307,0.01143725826707499,0,1,1,-375.40960018311614,1.0,EURUSD=X
2022-01-05 00:00:00+00:00,1.1285407543182373,1.1345586776733398,1.1277644634246826,1.1283625364303589,-0.0062614580888774585,0.0032999114297238056,-0.0024525689370727966,46.67638062745023,-0.0006195468257961245,-0.0016113971881361062,0.0009918503623399817,45.76618835060819,0.007117261685134087,0.006100939232457058,0.011383069122973983,0,2,1,-285.42171097719324,1.0,EURUSD=X
2022-01-06 00:00:00+00:00,1.1312217712402344,1.1330673694610596,1.1285535097122192,1.1313496828079224,-0.0016473983257058178,0.003265876500278412,-0.0027531935601905477,44.7522620804866,-0.0008895105603372588,-0.0014670198625763367,0.0005775093022390779,32.63645457678696,0.007094186868242883,0.006307601905722572,0.011284255042518324,0,3,1,-202.27325506632735,1.0,EURUSD=X
2022-01-07 00:00:00+00:00,1.129586100578308,1.1359764337539673,1.1290504932403564,1.1296881437301636,0.002647328567832119,0.003159107453660677,-0.0041067895401530885,48.42548802934293,-0.0008525928571625485,-0.0013441344614935791,0.0004915416043310306,53.70085491639977,0.0069235187369898685,0.006270551869193669,0.010886526467241416,0,4,1,-141.0672742742374,1.0,EURUSD=X
2022-01-10 00:00:00+00:00,1.135344386100769,1.1359764337539673,1.1288337707519531,1.1353960037231445,-0.0014686344133981732,0.0031511091818351477,-0.0024853365040996556,46.57073958108335,-0.0009464970006827222,-0.0012646069693314078,0.0003181099686486856,29.912663755458514,0.006923691721034224,0.006128699124104125,0.010874935113321745,0,0,1,-115.82928654579612,1.0,EURUSD=X
2022-01-11 00:00:00+00:00,1.1332728862762451,1.136899709701538,1.1315544843673706,1.1330417394638062,0.005052597944538828,0.003310552449925879,-0.0017144356276430628,53.20186164750019,-0.0005539544698047738,-0.001122476469426081,0.0005685219996213072,77.8678395643523,0.006939332526818505,0.006098041298657327,0.011367760249752954,0,1,1,-5.8503414265876685,1.0,EURUSD=X
2022-01-12 00:00:00+00:00,1.1370097398757935,1.1433000564575195,1.1355764865875244,1.1366478204727173,-0.002073518183627887,0.003282317286135814,0.0024926669205074248,50.422173935715776,-0.00042789858772751543,-0.000983560893086368,0.0005556623053588525,53.894126669072534,0.006825467727343431,0.006124516233711242,0.011294225251583917,0,2,1,75.14144701997037,1.0,EURUSD=X
2022-01-13 00:00:00+00:00,1.1439814567565918,1.1479079723358154,1.1436413526535034,1.144164800643921,0.0031826550455393843,0.003253047202079359,0.0073427500248008926,54.35602229483624,-3.6595937665584444e-05,-0.0007941679020022113,0.0007575719643366269,58.30680952167481,0.007070671246369856,0.00600490988009356,0.011157996875210519,0,3,1,193.6306203428414,1.0,EURUSD=X
2022-01-14 00:00:00+00:00,1.14565908908844,1.148369312286377,1.1410053968429565,1.1457115411758423,0.0066132886860921225,0.004195618601363154,0.01132728282929496,61.25707238660485,0.0008700424022527464,-0.0004613258411512198,0.0013313682434039661,81.79667934328911,0.007369919861850448,0.006179766448321584,0.014296483035914923,0,4,1,306.5583827039861,1.0,EURUSD=X
2022-01-17 00:00:00+00:00,1.1412137746810913,1.143458366394043,1.1393154859542847,1.1410704851150513,0.0013518511765533425,0.0051232712928447124,0.014183912201441995,62.513018236293874,0.001693843281917573,-3.0292016537461234e-05,0.0017241352984550342,87.35867457446447,0.007369490974819731,0.00643261379237457,0.01743387226867674,0,0,1,428.2279317091784,1.0,EURUSD=X
2022-01-18 00:00:00+00:00,1.141291856765747,1.1423349380493164,1.1329647302627563,1.1410574913024902,-0.004050806764177239,0.004966663018970125,0.004997799334592656,56.58556460704483,0.0019497415698892517,0.0003657147007478814,0.0015840268691413703,65.28412505811778,0.007299959849586723,0.00645840118638831,0.016969694215161105,0,1,1,503.0439183313641,1.0,EURUSD=X
2022-01-19 00:00:00+00:00,1.1330032348632812,1.1356796026229858,1.1319515705108643,1.1329647302627563,-1.1387388185513103e-05,0.004972868669276326,0.007074542410482998,56.56939186446934,0.002126975860945901,0.0007179669327874854,0.0014090089281584158,65.22232176269803,0.007447834702227675,0.006397539041835649,0.01699109066550321,0,2,1,590.7509860618165,1.0,EURUSD=X
2022-01-20 00:00:00+00:00,1.134352684020996,1.136893391609192,1.1330161094665527,1.1343399286270142,-0.0070923341737112455,0.004794334768230021,-0.0032403090417479907,47.469478046882394,0.0015960192156019293,0.0008935773893503742,0.0007024418262515551,26.730208770397923,0.007566269422898982,0.006573756890472997,0.016498093456190098,0,3,1,617.1997473467112,1.0,EURUSD=X
2022-01-21 00:00:00+00:00,1.1315417289733887,1.1361054182052612,1.1302244663238525,1.1313753128051758,0.0012138050969503489,0.0047731478041985135,-0.00858693783568365,48.971653223835155,0.0012715417223461145,0.0009691702559495223,0.0003023714663965922,33.271152036106734,0.007306440274580166,0.006670195795767382,0.01640527282900455,0,4,1,616.8614138669427,1.0,EURUSD=X
2022-01-24 00:00:00+00:00,1.1340954303741455,1.1340954303741455,1.1291396617889404,1.1341469287872314,-0.002613516237083058,0.004816207013297515,-0.01251294750505283,45.92287592939556,0.000766337390305738,0.0009286036828207655,-0.0001622662925150275,19.17036163432861,0.007204619675067918,0.006458016355743431,0.016596642599261413,0,0,1,636.0853992598147,1.0,EURUSD=X
2022-01-25 00:00:00+00:00,1.132387399673462,1.132502794265747,1.1266844272613525,1.1324130296707153,0.0024497759060904123,0.004784792643137795,-0.006067597416755333,49.1125129200851,0.0005828864120300814,0.0008594602286626287,-0.0002765738166325473,30.97555049003159,0.0070439874543634295,0.006352457069007785,0.016448094578041316,0,1,1,584.357341037509,1.0,EURUSD=X
2022-01-26 00:00:00+00:00,1.130352258682251,1.1313496828079224,1.1272051334381104,1.130454421043396,-0.0015288134830733213,0.004799516369003305,-0.007575833555860112,47.23548179767831,0.0002941976942625324,0.0007464077217826095,-0.00045221002752007713,26.417490352159906,0.0070738813166145355,0.006220334162360963,0.016523970592893122,0,2,1,559.6261787902338,1.0,EURUSD=X
2022-01-27 00:00:00+00:00,1.1242270469665527,1.12447988986969,1.1133501529693604,1.1243535280227661,-0.0017295885653036969,0.004843895737446656,-0.002215699352598688,45.13692924908499,-9.157788900826525e-05,0.0005788105996244345,-0.0006703884886326998,17.385352874561587,0.0069405966677567104,0.006257555532478193,0.016705655602465844,0,3,1,509.6642880124501,1.0,EURUSD=X
2022-01-28 00:00:00+00:00,1.1146159172058105,1.1170064210891724,1.1123347282409668,1.1147029399871826,-0.005396850069371961,0.005376882786389068,-0.008803710732756653,39.282541222425436,-0.0008794610184130747,0.0002871562760169327,-0.0011666172944300073,31.42101429048005,0.007666573196776634,0.006172966504549605,0.0186444456939586,0,4,1,344.5502263806291,1.0,EURUSD=X
2022-01-31 00:00:00+00:00,1.115138053894043,1.121692419052124,1.114504098892212,1.1152374744415283,-0.00858323276003281,0.006940983053730528,-0.014736376717161215,32.17374372808585,-0.002256573501344894,-0.00022158967945543265,-0.002034983821889461,6.572052401746725,0.007977446524278255,0.0068776827635036,0.024276363486147517,0,0,1,111.89725287850779,0.0,EURUSD=X
2022-02-01 00:00:00+00:00,1.12291419506073,1.1279042959213257,1.1222084760665894,1.12296462059021,0.0004795308554150779,0.007970437547547103,-0.016672843584669805,32.898076520853394,-0.0032671509203738847,-0.0008307019276391232,-0.0024364489927347615,8.055445282519518,0.007921080355394959,0.007153137073584333,0.027863559966181423,0,1,2,-103.68579767990968,0.0,EURUSD=X
2022-02-02 00:00:00+00:00,1.1273066997528076,1.132939100265503,1.126697063446045,1.1273956298828125,0.006928700232702534,0.008232625055020275,-0.008343606822726835,42.46364438348555,-0.003405270847406161,-0.0013456157115925309,-0.00205965513581363,29.49913987031891,0.008260061864280844,0.007053722094318325,0.028582094879189005,0,2,2,-235.8491234430928,0.0,EURUSD=X
2022-02-03 00:00:00+00:00,1.1299946308135986,1.1450687646865845,1.1272051334381104,1.1299946308135986,0.0039458137962296025,0.008257738593412386,-0.0027058067124549057,47.118909391248174,-0.0031212071333075464,-0.001700733995935534,-0.0014204731373720124,41.795686118830226,0.008382520279353139,0.007326675432598084,0.028556605219961412,0,3,2,-289.2388148496939,0.0,EURUSD=X
2022-02-04 00:00:00+00:00,1.1435105800628662,1.148369312286377,1.1413440704345703,1.14357590675354,0.002305314001488812,0.008268249340549028,0.005017196682570724,49.69015462134565,-0.002655753070708311,-0.0018917378108900896,-0.0007640152598182215,53.94966368407061,0.00905974249143321,0.0074181947867466465,0.028527188967582766,0,4,2,-360.55372372861757,0.0,EURUSD=X
2022-02-07 00:00:00+00:00,1.1454622745513916,1.1460003852844238,1.1416698694229126,1.145514726638794,0.01201888537307716,0.008650909426170311,0.02590193829280607,60.49881833061826,-0.0011774094643948185,-0.0017488721415910354,0.0005714626771962169,86.69776366282916,0.009725095275815002,0.00792229220459236,0.029492973601313647,0,0,2,-322.5909972425751,0.0,EURUSD=X
2022-02-08 00:00:00+00:00,1.144086241722107,1.145081877708435,1.1397050619125366,1.1442956924438477,0.0016954011306149486,0.009109804856790794,0.027148704102170962,61.761802789388035,0.00014891841703223996,-0.0013693140298663804,0.0015182324468986203,92.07820563715761,0.009339768174793305,0.008489716500066908,0.031004889730581044,0,1,2,-270.0357625906048,0.0,EURUSD=X
2022-02-09 00:00:00+00:00,1.1421130895614624,1.1447004079818726,1.1403288841247559,1.142126202583313,-0.0010641802908315512,0.009450067127807663,0.018995319587563175,60.453015719728015,0.0010891222240574372,-0.0008776267790816169,0.001966749003139054,88.69524943760752,0.009087617928469306,0.008162023362026788,0.032197223653850617,0,2,2,-228.5179132808496,0.0,EURUSD=X
2022-02-10 00:00:00+00:00,1.142126202583313,1.1494252681732178,1.1380836963653564,1.142152190208435,-0.001895917178453499,0.009620342526786745,0.013066018982202054,58.09360379631038,0.0016402727708968445,-0.0003740468690859246,0.002014319639982769,82.67467248908297,0.008750754066229834,0.007956754610755377,0.03283962837841299,0,3,2,-170.57887686389947,0.0,EURUSD=X
2022-02-11 00:00:00+00:00,1.1411746740341187,1.1419005393981934,1.1371259689331055,1.1415525674819946,2.2753724643775897e-05,0.009517216048766843,0.010758953240408653,58.1146920765225,0.0020554663971097398,0.0001118557841532083,0.0019436106129565316,80.391016205028,0.008935812476346368,0.007661635762072023,0.032486860633001165,0,4,2,-70.85259101435474,0.0,EURUSD=X
2022-02-14 00:00:00+00:00,1.1365832090377808,1.136893391609192,1.1292799711227417,1.1365057229995728,-0.0005249937193843035,0.009285698681390708,-0.0017693091115301707,57.39698683550224,0.002309503278248526,0.0005513852829722719,0.001758117995276254,78.7743702151457,0.008656555961988027,0.007827771344824477,0.031713229148970117,0,0,2,77.56358461299936,0.0,EURUSD=X
2022-02-15 00:00:00+00:00,1.1306078433990479,1.1368803977966309,1.1305822134017944,1.1306334733963013,-0.004421035549465824,0.009147075473903527,-0.00786458997838968,51.61876385107658,0.002079618616403378,0.0008570319496584932,0.001222586666744885,65.1675462335041,0.008914844561792663,0.0076168168684103334,0.031378518100297174,0,1,2,196.30067027565045,0.0,EURUSD=X
2022-02-16 00:00:00+00:00,1.135563611984253,1.1393154859542847,1.1345458030700684,1.1356796026229858,-0.005166933596931544,0.008980624791675227,-0.011939413158471579,45.83664169328392,0.0014073686296096621,0.000967099285648727,0.0004402693439609351,49.335343159626916,0.00872794026415293,0.007884822775513119,0.030967525724995202,0,2,2,217.30977960237817,0.0,EURUSD=X
2022-02-17 00:00:00+00:00,1.1373329162597656,1.1386927366256714,1.13275945186615,1.1375269889831543,0.00446309909039444,0.009003178713139418,-0.0056443849600384954,50.9239473388405,0.0012671788787845806,0.0010271152042758977,0.00024006367450868284,62.9402387365092,0.00872465971371225,0.007685213544378823,0.030907354913783092,0,3,2,271.9000223852655,0.0,EURUSD=X
2022-02-18 00:00:00+00:00,1.1363893747329712,1.137669324874878,1.131580114364624,1.1366478204727173,0.0016266791759769195,0.009056734213316556,-0.004049548969858985,52.67639133923778,0.0012902726710715129,0.0010797466976350209,0.00021052597343649204,65.9281764183792,0.008525275788412908,0.007669848538285059,0.031040714345318784,0,4,2,368.334639552191,0.0,EURUSD=X
2022-02-21 00:00:00+00:00,1.131733775138855,1.1385631561279297,1.1314136981964111,1.131721019744873,-0.0007728770560625486,0.00907967535375644,-0.004296558169104792,51.72968896299077,0.0012235290354658535,0.0011085031652011874,0.00011502587026466604,53.05307234430229,0.008351271125687265,0.0075003669869065995,0.031143411986270318,0,0,2,432.1462986956959,0.0,EURUSD=X
2022-02-22 00:00:00+00:00,1.1309658288955688,1.1363766193389893,1.1289101839065552,1.1309658288955688,-0.004334500659839646,0.009085285569447333,-0.004210012460008961,46.668013224079544,0.000764272521753373,0.0010396570365116247,-0.0002753845147582517,22.104501253553483,0.008265427326103785,0.007379266603681104,0.031298317682294685,0,1,2,411.6890163056144,0.0,EURUSD=X
2022-02-23 00:00:00+00:00,1.1330546140670776,1.1359764337539673,1.1307356357574463,1.13291335105896,-0.0006672941795093923,0.009098244262097526,0.0002939551208132052,45.92620537917498,0.00033550336181464857,0.0008988263015722296,-0.000563322939757581,16.924719414579712,0.00820835647655595,0.0073082909447187185,0.03136388861831524,0,2,2,370.9234374830839,0.0,EURUSD=X
2022-02-24 00:00:00+00:00,1.1305949687957764,1.1305949687957764,1.1110494136810303,1.1305694580078125,0.0017219991211343544,0.009075775531387465,-0.0024357675858903693,48.21237514071694,0.00015110760154279923,0.0007492825615663435,-0.0005981749600235443,19.51328642071438,0.00799638801369631,0.007245352408357984,0.031232650772946687,0,3,2,332.6699357682096,0.0,EURUSD=X
2022-02-25 00:00:00+00:00,1.1190814971923828,1.1266082525253296,1.1168068647384644,1.11906898021698,-0.0020689076079442037,0.00885622901826958,-0.006116365627123477,45.70770187013801,-0.00018206125860831257,0.0005630137975314123,-0.0007450750561397249,50.8654324055666,0.008986927253998692,0.007072885223511011,0.030540305967121397,0,4,2,290.9280941847089,0.0,EURUSD=X
2022-02-28 00:00:00+00:00,1.118105411529541,1.1244546175003052,1.1143178939819336,1.118105411529541,-0.010172287699242832,0.008407473246870394,-0.015465511778684826,35.86301108359902,-0.001358433251914315,0.0001787243876422669,-0.0015371576395565819,20.897427932405567,0.009328046255095082,0.008030717867147196,0.029290745841544272,0,0,2,121.39932356936956,0.0,EURUSD=X
2022-03-01 00:00:00+00:00,1.1214659214019775,1.1232168674468994,1.1102105379104614,1.1215918064117432,-0.0008610449440320522,0.008091806166017098,-0.012030887451751515,35.179332822442504,-0.0023414773784093956,-0.0003253159655680656,-0.00201616141284133,18.386555666003975,0.00938580891675769,0.00834272525551463,0.028215289816131087,0,1,3,-30.651078151915556,0.0,EURUSD=X
2022-03-02 00:00:00+00:00,1.1131023168563843,1.1141936779022217,1.1058521270751953,1.1132758855819702,0.0031181271875186933,0.00819546175025971,-0.008288510796988224,39.66140450083172,-0.002806868172058774,-0.0008216264068662073,-0.001985241765192567,29.022942208252143,0.009644417532449141,0.008368293048417743,0.02848789721318838,0,2,3,-130.34715605041958,0.0,EURUSD=X
2022-03-03 00:00:00+00:00,1.1113580465316772,1.111605167388916,1.1039842367172241,1.1112345457077026,-0.007414391565838674,0.00931886435552716,-0.017333598777553583,33.67938403022448,-0.0038028817868707154,-0.001417877482867109,-0.0023850043040036066,20.593857061601344,0.01007979337559905,0.008663097492143626,0.03263487715015505,0,3,3,-333.38647541177863,0.0,EURUSD=X
2022-03-04 00:00:00+00:00,1.1069294214248657,1.1069294214248657,1.0890042781829834,1.1066844463348389,-0.0018336334242975427,0.010526597820453993,-0.017101923427314314,32.388005202203686,-0.0047027385771991614,-0.0020748497017335195,-0.002627888875465642,20.52095283082529,0.010023497339109554,0.009070806351848626,0.03693210744852675,0,4,3,-567.6964324062602,0.0,EURUSD=X
2022-03-07 00:00:00+00:00,1.087393879890442,1.0930753946304321,1.0808590650558472,1.087453007698059,-0.00409463455796899,0.011619114897528615,-0.011066819026419483,29.65824086325452,-0.005717133008742437,-0.002803306363135303,-0.0029138266456071337,35.14160946448331,0.010895409495224532,0.009057231600485367,0.04093276046301389,0,0,3,-878.727703654847,0.0,EURUSD=X
2022-03-08 00:00:00+00:00,1.08695650100708,1.0922157764434814,1.0851165056228638,1.0865312814712524,-0.017377526810348876,0.014540234061589963,-0.02741459214435804,21.43504095148188,-0.007980865824894101,-0.003838818255487063,-0.004142047569407038,11.28009984338293,0.0119618360512079,0.010019200294721827,0.05212939598142304,0,1,3,-1275.1452545462573,0.0,EURUSD=X
2022-03-09 00:00:00+00:00,1.0900845527648926,1.1091147661209106,1.0897876024246216,1.0898232460021973,-0.0008476009724390776,0.01662357331828892,-0.03125961222261264,21.132611910038747,-0.009737023646810616,-0.005018459333751774,-0.0047185643130588425,9.807809640024406,0.011614509963308598,0.01100919619636776,0.05964910653647019,0,2,3,-1651.6655330144893,0.0,EURUSD=X
2022-03-10 00:00:00+00:00,1.1073338985443115,1.1116174459457397,1.0982131958007812,1.107382893562317,0.003029792687134769,0.017801404182696202,-0.02106633214956688,25.192217503726837,-0.010739360682632038,-0.006162639603527827,-0.004576721079104211,15.53474074334221,0.012398008155190713,0.01065724190222052,0.06368248291786292,0,3,3,-2029.2254833578595,0.0,EURUSD=X
2022-03-11 00:00:00+00:00,1.1012123823165894,1.104191541671753,1.0934697389602661,1.1013944149017334,0.01611238118156666,0.017426880616032026,-0.0034661018776488417,42.263985994747706,-0.010001511994418344,-0.00693041408170593,-0.0030710979127124135,45.96524789435955,0.013069164711501555,0.011195773591289477,0.0613541070296274,0,4,3,-2256.331054934906,0.0,EURUSD=X
2022-03-14 00:00:00+00:00,1.0932546854019165,1.0986958742141724,1.0902509689331055,1.093206763267517,-0.005407776023448663,0.017159944345914196,-0.004780072088864329,38.99560421999176,-0.00978716146809333,-0.007501763558983411,-0.00228539790910992,36.98893099857209,0.013129449703683642,0.011866016873408231,0.060742798853911185,0,0,3,-2437.1517739197834,0.0,EURUSD=X
2022-03-15 00:00:00+00:00,1.094534993171692,1.1018311977386475,1.093948245048523,1.0943193435668945,-0.00743389608975531,0.017468818983858745,0.005291038351751487,35.00927653564466,-0.010160834417228148,-0.008033577730632359,-0.00212725668659579,22.402553865186718,0.012987592294036805,0.012010033366826833,0.062299280174028866,0,1,3,-2629.494778175109,0.0,EURUSD=X
2022-03-16 00:00:00+00:00,1.0967316627502441,1.1038745641708374,1.0955781936645508,1.0969363451004028,0.0010177217492250978,0.017765670830509193,0.007167821330552382,35.96716895870928,-0.010249052294608818,-0.00847667264342765,-0.0017723796511811673,27.063504428172525,0.012675938163829201,0.011868192196716741,0.06329353163698666,0,2,3,-2826.7623712265226,0.0,EURUSD=X
2022-03-17 00:00:00+00:00,1.102244257926941,1.1110494136810303,1.1021226644515991,1.1021955013275146,0.002391442268559585,0.017421238628153757,0.006526837378720396,38.271824899926756,-0.009992606893363787,-0.008779859493414878,-0.0012127473999489092,35.14221985970837,0.012453029766694464,0.011555764580549995,0.06191835320213195,0,3,3,-2962.7603870643943,0.0,EURUSD=X
2022-03-18 00:00:00+00:00,1.1098902225494385,1.1117905378341675,1.1005337238311768,1.1099518537521362,0.004794404206408531,0.016502879414536865,-0.0046843709298370895,42.7325743906661,-0.00925827843958893,-0.008875543282649688,-0.0003827351569392415,48.94177289954226,0.012571603967689677,0.01129838558739869,0.05837446135715137,0,4,3,-3021.126489106488,0.0,EURUSD=X
2022-03-21 00:00:00+00:00,1.1042159795761108,1.1066721677780151,1.1026087999343872,1.1043134927749634,0.007037183889137211,0.015322686927444219,0.007769640679688994,48.628753231701,-0.007958702067976775,-0.008692175039715106,0.0007334729717383311,68.68342325152045,0.012477690398782609,0.011326260616793427,0.053821101442132445,0,0,3,-2937.094295176756,0.0,EURUSD=X
2022-03-22 00:00:00+00:00,1.1016370058059692,1.1045695543289185,1.0961546897888184,1.101722002029419,-0.005079824821331402,0.01440698935785625,0.01015977021057668,45.00156084675729,-0.007299601774232167,-0.008413660386618518,0.001114058612386351,70.36058233886801,0.012110930642994495,0.01129904730895587,0.05086307948516278,0,1,3,-2783.6606254272906,0.0,EURUSD=X
2022-03-23 00:00:00+00:00,1.1030100584030151,1.1042001247406006,1.096575379371643,1.1029735803604126,-0.002346698435271688,0.013390492333067163,0.006764623604656128,43.39927000826002,-0.006906754916678137,-0.008112279292630442,0.0012055243759523052,67.44889622001604,0.011846925921359181,0.010992728311394022,0.04738559262889686,0,2,3,-2667.6622406157385,0.0,EURUSD=X
2022-03-24 00:00:00+00:00,1.1006306409835815,1.101333737373352,1.0969964265823364,1.1006306409835815,0.0011360200928076658,0.011860552748475271,0.005503724338222327,44.42837555943489,-0.0064204184529690345,-0.0077739071246981616,0.001353488671729127,71.4951902324721,0.011545341596187633,0.010740897272886652,0.04192389392223627,0,3,3,-2542.284678598849,0.0,EURUSD=X
2022-03-25 00:00:00+00:00,1.100897192955017,1.1038745641708374,1.0982975959777832,1.1009578704833984,-0.0021242026269255865,0.010232737758476034,-0.0014197665859172481,42.85746287857688,-0.006153119596044254,-0.00744974961896738,0.001296630022923126,63.92057717210335,0.011147613894893956,0.01048975120833462,0.036246997603881975,0,4,3,-2524.7028380767524,0.0,EURUSD=X
2022-03-28 00:00:00+01:00,1.098189115524292,1.0996744632720947,1.094534993171692,1.098189115524292,0.00029731091215534633,0.009555810010490386,-0.008103039098798837,43.15975278743365,-0.005847472615892135,-0.0071292942183523314,0.0012818216024601961,59.3887145934447,0.010749710630476831,0.010125377358898725,0.03383908411660561,0,0,3,-2437.2729372934373,1.0,EURUSD=X
2022-03-29 00:00:00+01:00,1.0993843078613281,1.1136353015899658,1.097044587135315,1.0993843078613281,-0.002514860044454559,0.008860145672317906,-0.005545868352365924,41.17496479723999,-0.005762237085549238,-0.006855882791791713,0.001093645706242475,38.18360115725942,0.010440651107707524,0.009788578741599309,0.03145469810703878,0,1,3,-2241.8966752642505,1.0,EURUSD=X
2022-03-30 00:00:00+01:00,1.1091516017913818,1.1170001029968262,1.108905553817749,1.1091516017913818,0.0010883301611175344,0.007502223817013807,-0.0021218548452193176,42.40622178022934,-0.005534447613687377,-0.006591595756170846,0.0010571481424834694,39.057513687666315,0.010879941346774906,0.00949681656637259,0.026604939564913253,0,2,3,-2053.1909419192593,1.0,EURUSD=X
2022-03-31 00:00:00+01:00,1.1161835193634033,1.1183055639266968,1.1074001789093018,1.1161835193634033,0.008884330857017897,0.007180260522562856,0.005601241535586388,51.36513563314742,-0.004513752100131052,-0.006176027024962887,0.0016622749248318353,70.65885876250067,0.01136107376025513,0.009809246390847563,0.025238938497691103,0,3,3,-1803.6089051518452,1.0,EURUSD=X
2022-04-01 00:00:00+01:00,1.1072357892990112,1.1075423955917358,1.1029735803604126,1.1072357892990112,0.006339906610299595,0.007649691621974589,0.014130878971280403,56.5994437526554,-0.003101672423079238,-0.005561156104586158,0.0024594836815069196,92.43601782959901,0.011328524564336553,0.010178499828356837,0.026719610081008267,0,4,4,-1619.9395511145842,1.0,EURUSD=X
2022-04-04 00:00:00+01:00,1.1047282218933105,1.1057054996490479,1.0980926752090454,1.1047282218933105,-0.008016361027705643,0.007674222173466731,0.005702233467713258,49.32496110524602,-0.0026737745339666663,-0.004983679790462259,0.002309905256495593,54.552573363873066,0.011462911309954707,0.010231356928508082,0.027021910239555275,0,0,4,-1563.648753301943,1.0,EURUSD=X
2022-04-05 00:00:00+01:00,1.0975863933563232,1.0991426706314087,1.092132329940796,1.0975863933563232,-0.0022647094954257874,0.007077844635908587,0.0059544447095496444,47.48311403365351,-0.0025080904021086425,-0.004488561912791536,0.0019804715106828937,42.88171633183218,0.011297211508526929,0.010376227458287693,0.024978558419546673,0,1,4,-1423.6436839324317,1.0,EURUSD=X
2022-04-06 00:00:00+01:00,1.090643286705017,1.0937448740005493,1.0875712633132935,1.090643286705017,-0.00646478327922817,0.006240981785402281,-0.0016353830886511878,42.603619857570436,-0.0029194171860580376,-0.0041747329674448365,0.001255315781386799,20.838324444221772,0.011389974397383195,0.010292776565843754,0.022168483990040486,0,2,4,-1302.5610701399887,1.0,EURUSD=X
2022-04-07 00:00:00+01:00,1.0898232460021973,1.0935057401657104,1.08672034740448,1.0898232460021973,-0.006325795120395661,0.006159533972273137,-0.016686911921212633,38.465215856549314,-0.003762278106509198,-0.004092241995257709,0.0003299638887485105,9.995423127942967,0.011291771229215094,0.01044335442782018,0.02201845887448187,0,3,4,-1264.6828878044307,1.0,EURUSD=X
2022-04-08 00:00:00+01:00,1.0864840745925903,1.0891940593719482,1.0836936235427856,1.0864840745925903,-0.0007518871777932867,0.006582011951220302,-0.023616433054163166,37.99576745834055,-0.004445180614705668,-0.004162829719147301,-0.0002823508955583677,9.82389528827428,0.010969887052930477,0.010361103298756693,0.023546393270267738,0,4,4,-1270.4019280823338,1.0,EURUSD=X
2022-04-11 00:00:00+01:00,1.0884946584701538,1.0932785272598267,1.0874648094177246,1.0884946584701538,-0.0030639568589273525,0.007344359102792016,-0.018741911078902884,36.065575332078566,-0.005195933511469963,-0.004369450477611833,-0.0008264830338581301,8.062105212401756,0.01062415386767913,0.010096684626550062,0.02635435141419171,0,0,4,-1306.3908368059883,1.0,EURUSD=X
2022-04-12 00:00:00+01:00,1.0877959728240967,1.0903936624526978,1.0851871967315674,1.0877959728240967,0.0018505415077689769,0.0076539814201455085,-0.014694621809638653,38.1044608211324,-0.005564528850479977,-0.0046084661521854624,-0.0009560626982945148,13.871036625267784,0.010350603781933216,0.009760409741110771,0.027414661979507787,0,1,4,-1302.3721769036824,0.0,EURUSD=X
2022-04-13 00:00:00+01:00,1.0826143026351929,1.0873819589614868,1.0810343027114868,1.0826143026351929,-0.000641882475600819,0.008042219203726173,-0.008919954357568427,37.655068318964055,-0.005845636545395827,-0.004855900230827536,-0.0009897363145682913,11.852410572213842,0.009983165349018728,0.009515206932657925,0.028823734822657963,0,2,4,-1306.1024024271883,0.0,EURUSD=X
2022-04-14 00:00:00+01:00,1.089656949043274,1.0922634601593018,1.0758588314056396,1.089656949043274,-0.00476345777917464,0.008899657827106257,-0.007361695769549814,34.41352526718717,-0.006412613283884427,-0.005167242841438914,-0.0012453704424455134,4.239190926711316,0.009753058546418095,0.009221349953273934,0.03204950622537777,0,3,4,-1423.6370736728109,0.0,EURUSD=X
2022-04-15 00:00:00+01:00,1.0820988416671753,1.0823447704315186,1.0798786878585815,1.0820988416671753,0.006505222026846003,0.009105877978762484,-0.0001525907614223776,41.75281595308836,-0.006221941063151215,-0.005378182485781375,-0.0008437585773698403,32.50690175218848,0.010228170704078382,0.008950577110512942,0.03258020611563959,0,4,4,-1498.2544840876367,0.0,EURUSD=X
2022-04-18 00:00:00+01:00,1.081525444984436,1.081583857536316,1.0783647298812866,1.081525444984436,-0.006936226472684548,0.009376249368746599,-0.004036168617620461,36.97129249225197,-0.006604574628896298,-0.00562346091440436,-0.0009811137144919383,14.700802372573856,0.010196034309836526,0.00945215936865802,0.033781895259038436,0,0,4,-1604.564970647835,0.0,EURUSD=X
2022-04-19 00:00:00+01:00,1.0781787633895874,1.081209659576416,1.0761945247650146,1.0781787633895874,-0.000529893075068677,0.009819151138531478,-0.006402616155703367,36.628581978710145,-0.006874833999782171,-0.005873735531479922,-0.0010010984683022483,13.34994060140029,0.00973446841526882,0.009427456706747436,0.03539639209847347,0,1,4,-1711.5643703531375,0.0,EURUSD=X
2022-04-20 00:00:00+01:00,1.0794472694396973,1.08672034740448,1.0784810781478882,1.0794472694396973,-0.0030944085600286275,0.01047314416341589,-0.008841004815950404,34.61192316931559,-0.007275201736677506,-0.00615402877251944,-0.001121172964158066,5.465513706613044,0.009419929258422574,0.00902862191856341,0.037871115911588586,0,2,4,-1811.4697829894833,0.0,EURUSD=X
2022-04-21 00:00:00+01:00,1.0849870443344116,1.0934697389602661,1.082438588142395,1.0849870443344116,0.0011765266514078832,0.010812661604368962,-0.002925356877132246,36.04913756501258,-0.0074047805152996915,-0.00640417912107549,-0.0010006013942242013,11.325866032560642,0.009357190312456146,0.00872662289776519,0.039052871580285566,0,3,4,-1881.9904829643722,0.0,EURUSD=X
2022-04-22 00:00:00+01:00,1.0835175514221191,1.0854227542877197,1.077284336090088,1.0835175514221191,0.005132047716967181,0.010838564650922988,-0.004285665055375976,42.04057865504875,-0.0069799980224447555,-0.006519342901349344,-0.0004606551210954114,30.58369146709696,0.009690424541607052,0.008624241516355009,0.038946551923214376,0,4,4,-1909.0225320695567,0.0,EURUSD=X
2022-04-25 00:00:00+01:00,1.0811045169830322,1.081221342086792,1.0700336694717407,1.0811045169830322,-0.00135438752007766,0.01084572825624263,0.001311072242493161,40.944748721736794,-0.006684871594864639,-0.006552448640052403,-0.00013242295481223545,32.8928573257082,0.009579566945608823,0.008943486451962268,0.0390251483031483,0,0,4,-1880.3525527333945,0.0,EURUSD=X
2022-04-26 00:00:00+01:00,1.0714209079742432,1.0738831758499146,1.0644639730453491,1.0714209079742432,-0.002227037703191659,0.0109949615223974,-0.0003891984264964288,39.14055899352484,-0.006569959088683408,-0.006555950729778604,-1.4008358904803696e-05,46.69036319028275,0.009858446588806651,0.008860907336084299,0.03965042310135023,0,1,4,-1892.0916647897582,0.0,EURUSD=X
2022-04-27 00:00:00+01:00,1.0643619298934937,1.0656436681747437,1.0516685247421265,1.0643619298934937,-0.00895714415828408,0.011636231091781439,-0.006267843185947086,32.8792600466394,-0.00717753822455669,-0.006680268228734222,-0.0004972699958224677,23.954929808718497,0.010342882113726398,0.00920128262892145,0.042342258044862344,0,2,4,-1954.5205204257666,0.0,EURUSD=X
2022-04-28 00:00:00+01:00,1.0555092096328735,1.056222677230835,1.0472848415374756,1.0555092096328735,-0.006588426666132574,0.011986973754637332,-0.013975059248641064,29.21090247586669,-0.00813487581922323,-0.006971189746832024,-0.0011636860723912065,30.366115886315285,0.011014989336468562,0.009717448382207138,0.043907834251367336,0,3,4,-2020.4009887835064,0.0,EURUSD=X
2022-04-29 00:00:00+01:00,1.0504201650619507,1.0590416193008423,1.0505415201187134,1.0504201650619507,-0.008317396565946322,0.011995285885087102,-0.0271688356607257,25.3856698964602,-0.009498421410544466,-0.007476636079574513,-0.0020217853309699536,17.807483732419268,0.011447996409293528,0.010435711252865134,0.04430679848631511,0,4,4,-2216.7984994058497,0.0,EURUSD=X
2022-05-02 00:00:00+01:00,1.0535964965820312,1.056769609451294,1.0503981113433838,1.0535964965820312,-0.004821411811928078,0.012980029919254999,-0.030546239252634222,23.48199793414844,-0.010864445911846543,-0.00815419804602892,-0.002710247865817623,6.788633729709081,0.011237432321638912,0.010898492612828277,0.04817641032433315,0,0,5,-2399.533455729294,0.0,EURUSD=X
2022-05-03 00:00:00+01:00,1.0509058237075806,1.0577645301818848,1.0494390726089478,1.0509058237075806,0.0030238676157681166,0.013201901339348253,-0.02544436728260635,27.153843290108213,-0.011557499107426095,-0.008834858258308355,-0.00272264084911774,13.666058380030302,0.010889865592086859,0.010665783682931964,0.04885218116518944,0,1,5,-2566.9239423686995,0.0,EURUSD=X
2022-05-04 00:00:00+01:00,1.0528532266616821,1.0566357374191284,1.0506519079208374,1.0528532266616821,-0.002553798236022531,0.013846844892074953,-0.019147548936160774,26.014999038415453,-0.012183420682466695,-0.009504570743140024,-0.0026788499393266708,7.840186667423798,0.010706693590719013,0.010362361066444156,0.05136991210549304,0,2,5,-2709.913834162302,0.0,EURUSD=X
2022-05-05 00:00:00+01:00,1.0622477531433105,1.0639996528625488,1.0504642724990845,1.0622477531433105,0.0018530708557986664,0.01440115909937958,-0.010812772336721177,28.356996492901956,-0.012379624294123426,-0.010079581453336706,-0.00230004284078672,12.056722943935245,0.010369346155545587,0.010169217626531947,0.05332752277868286,0,3,5,-2813.3927144436475,0.0,EURUSD=X
2022-05-06 00:00:00+01:00,1.0539740324020386,1.0598385334014893,1.048536777496338,1.0539740324020386,0.008922921299691522,0.014199695837771795,0.0063841636330022045,38.47506573507842,-0.011642845817039227,-0.01039223432607721,-0.0012506114909620163,32.39784527149631,0.010595491456111213,0.009761702131034427,0.05211647270801206,0,4,5,-2898.8065838441767,0.0,EURUSD=X
2022-05-09 00:00:00+01:00,1.053219199180603,1.0572165250778198,1.0496593713760376,1.053219199180603,-0.007788880434709378,0.014476465644161777,0.003383281717443287,33.93020119004724,-0.01159292762982922,-0.010632372986827614,-0.0009605546430016057,14.483502698572892,0.010818026041172744,0.010052896115442017,0.05354937755032455,0,0,5,-3029.2854639869893,0.0,EURUSD=X
2022-05-10 00:00:00+01:00,1.056579828262329,1.0585819482803345,1.0527312755584717,1.056579828262329,-0.0007161781962646829,0.014476045967058298,-0.00035810426729043776,33.540930671591155,-0.011481919419567665,-0.010802282273375624,-0.0006796371461920414,12.849130287770341,0.010585106588359136,0.01027139084588383,0.05358620240751016,0,1,5,-3203.079779810443,0.0,EURUSD=X
2022-05-11 00:00:00+01:00,1.0532968044281006,1.0575631856918335,1.0507071018218994,1.0532968044281006,0.0031908163887828245,0.014131863485900528,0.005399156067791733,37.006049877734746,-0.01099601471931555,-0.01084102876256361,-0.00015498595675193967,20.12559785456357,0.010246932740752255,0.010018274346357341,0.05214574930226246,0,2,5,-3287.3760485877583,0.0,EURUSD=X
2022-05-12 00:00:00+01:00,1.05124831199646,1.0529751777648926,1.0373551845550537,1.05124831199646,-0.003107217974838483,0.014101528254310011,0.0004213101647843054,35.081705645844025,-0.010751903083736414,-0.010823203626798172,7.130054306175859e-05,15.763743889173679,0.010004729249979529,0.00972843807906162,0.052195998417331094,0,3,5,-3350.164533389036,0.0,EURUSD=X
2022-05-13 00:00:00+01:00,1.0379581451416016,1.041938066482544,1.0351966619491577,1.0379581451416016,-0.0019448387415861301,0.013445812987427969,-0.010354873535201148,33.897248134130535,-0.010601531220393756,-0.01077886914551729,0.00017733792512353297,31.67163075852773,0.010428792865912912,0.009516999110304606,0.049865887057010894,0,4,5,-3365.957730651179,0.0,EURUSD=X
2022-05-16 00:00:00+01:00,1.0400632619857788,1.0437977313995361,1.0391337871551514,1.0400632619857788,-0.012642271766999169,0.014102362615404705,-0.015195713336443761,27.427278338774414,-0.011423087586876157,-0.010907712833789064,-0.0005153747530870934,7.138102956311667,0.010830425521726436,0.010047411752320882,0.05297047046902635,0,0,5,-3458.2567099415273,0.0,EURUSD=X
2022-05-17 00:00:00+01:00,1.0438958406448364,1.055375576019287,1.0432424545288086,1.0438958406448364,0.0020281326891944396,0.014254230322254471,-0.012491167275586523,29.715651728853956,-0.011768649919634555,-0.011079900250958162,-0.0006887496686763927,15.983837624506672,0.010473937002884159,0.010413237268902326,0.05343253879741551,0,1,5,-3559.809112665073,0.0,EURUSD=X
2022-05-18 00:00:00+01:00,1.0547856092453003,1.0564124584197998,1.0492409467697144,1.0547856092453003,0.0036849476364928524,0.014107924668154989,-0.01200476033917186,33.8078753151148,-0.011599541199909025,-0.011183828440748335,-0.00041571275916068955,30.202345033668987,0.010819535362214455,0.010033507745767228,0.05268994664740621,0,2,5,-3567.18537015022,0.0,EURUSD=X
2022-05-19 00:00:00+01:00,1.0472739934921265,1.0598047971725464,1.0466053485870361,1.0472739934921265,0.010431853616484466,0.013283142001684164,0.0014134713130626864,43.81742676978378,-0.01046616062003114,-0.011040294876604897,0.0005741342565737575,68.01011518229264,0.010940755534553663,0.01025756823697646,0.04909739086635609,0,3,5,-3476.804064251602,0.0,EURUSD=X
2022-05-20 00:00:00+01:00,1.057898759841919,1.05988347530365,1.0541073083877563,1.057898759841919,-0.007121462112616772,0.011815997525188462,-0.0037805706406184303,39.39236125599312,-0.010058129107616054,-0.01084386172280713,0.000785732615191076,41.93082440391198,0.011102090752479133,0.010446889355164645,0.043987761969628086,0,4,5,-3454.766825678252,0.0,EURUSD=X
2022-05-23 00:00:00+01:00,1.0569819211959839,1.069027066230774,1.0568702220916748,1.0569819211959839,0.010145163935909807,0.009898920292589658,0.0192113861176908,47.472684730772144,-0.008776264035995629,-0.01043034218544483,0.001654078149449201,78.81854339719473,0.011209761542410868,0.010494473737863262,0.03648089741288495,0,0,5,-3265.8556505086844,0.0,EURUSD=X
2022-05-24 00:00:00+01:00,1.0682048797607422,1.0746333599090576,1.0662003755569458,1.0682048797607422,-0.000866660100889094,0.0077369709395944475,0.01626695204857298,46.89171209312812,-0.007745077515330712,-0.009893289251422008,0.002148211736091296,64.39550371753762,0.011277410299317172,0.010605443023781268,0.028538109531585174,0,1,5,-3102.166263582627,1.0,EURUSD=X
2022-05-25 00:00:00+01:00,1.0736525058746338,1.0736525058746338,1.064407229423523,1.0736525058746338,0.010617928594331527,0.007367874233215953,0.023286843542636992,54.26936543754714,-0.0059536261106087895,-0.009105356623259364,0.003151730512650575,83.69924339291273,0.011732698043156926,0.010557347670835486,0.02689115403616475,0,2,5,-2852.2672621313054,1.0,EURUSD=X
2022-05-26 00:00:00+01:00,1.0686614513397217,1.0728693008422852,1.0664504766464233,1.0686614513397217,0.005099795195760315,0.008333956203565352,0.0178869492188396,57.365379752546055,-0.004047651261805285,-0.00809381555096855,0.004046164289163264,97.5128393471959,0.01155502507229649,0.010927835569665133,0.030262811012069204,0,3,5,-2528.054622796225,1.0,EURUSD=X
2022-05-27 00:00:00+01:00,1.0732953548431396,1.0765074491500854,1.0698047876358032,1.0732953548431396,-0.004648668454274474,0.008976050871151957,0.02042202707266605,53.773407326894144,-0.00290638584445313,-0.007056329609665466,0.004149943765212336,84.85697617125982,0.011244096797718916,0.010812615218608844,0.03274665583192235,0,4,5,-2248.4442624003495,0.0,EURUSD=X
2022-05-30 00:00:00+01:00,1.0731456279754639,1.078515887260437,1.0727427005767822,1.0731456279754639,0.004336175406728371,0.009858197193787393,0.014553939928544146,56.49699719766846,-0.001609454701303914,-0.005966954627993156,0.004357499926689242,92.22456282103076,0.011001375441479262,0.010476237269621111,0.03580964744693631,0,0,5,-1801.9633241657928,0.0,EURUSD=X
2022-05-31 00:00:00+01:00,1.0773539543151855,1.0774933099746704,1.068216323852539,1.0773539543151855,-0.00013950201778112348,0.010597849252631316,0.015292320952084548,56.38140642440592,-0.0005869432173257749,-0.00489095234585968,0.004304009128533905,87.60305788853788,0.010627933387348942,0.010251521466134879,0.03850178558060387,0,1,5,-1384.336418610206,0.0,EURUSD=X
2022-06-01 00:00:00+01:00,1.0734105110168457,1.0736640691757202,1.063173770904541,1.0734105110168457,0.003921486730240842,0.011475866551827751,0.008564906159661545,58.92512139740463,0.000556565524769681,-0.003801448771733808,0.004358014296503489,97.31774301848162,0.010531437154119113,0.00986484835812807,0.041528751349034894,0,2,6,-982.2322631229999,0.0,EURUSD=X
2022-06-02 00:00:00+01:00,1.0654165744781494,1.0738486051559448,1.064565896987915,1.0654165744781494,-0.0036603042876901526,0.01191877844095045,-0.00022539402317223178,55.65010378126878,0.00113155763195949,-0.0028148474909951487,0.003946405122954639,88.21452552093079,0.010792061886728072,0.009811192499077212,0.043290011086341555,0,3,6,-663.7329821852956,0.0,EURUSD=X
2022-06-03 00:00:00+01:00,1.0751069784164429,1.0765421390533447,1.0706638097763062,1.0751069784164429,-0.0074472314707665355,0.011987086462635873,-0.0030363936656500057,49.62847642347661,0.0009314618367055605,-0.002065585625455007,0.0029970474621605673,66.73790187098356,0.010684250906821052,0.01012942931924456,0.04386478278770266,0,4,6,-369.491106317935,0.0,EURUSD=X
2022-06-06 00:00:00+01:00,1.0726046562194824,1.0752688646316528,1.0686043500900269,1.0726046562194824,0.0090954131655403,0.012442055017728269,0.001687907774061026,55.86316735657635,0.001537100353032006,-0.0013450484297576042,0.0028821487827896102,90.33576099629936,0.010715773311704927,0.009937849089732637,0.045119287259475664,0,0,6,-22.373764829251463,0.0,EURUSD=X
2022-06-07 00:00:00+01:00,1.0691413879394531,1.0708931684494019,1.0652804374694824,1.0691413879394531,-0.0023275099568660362,0.0126336815520326,-0.0005040991100173642,54.00431732198795,0.0017944712050625977,-0.0007171445027935639,0.0025116157078561617,81.47561499523694,0.010426397685270717,0.009990422146286307,0.04592107453252426,0,1,6,302.2667433216439,0.0,EURUSD=X
2022-06-08 00:00:00+01:00,1.0698620080947876,1.0748296976089478,1.0673270225524902,1.0698620080947876,-0.0032288394982695756,0.012712186587297782,-0.007622904564315358,51.45248159120767,0.0016993931071918045,-0.00023383698079649026,0.0019332300879882948,70.62256009862338,0.010204813475608523,0.009752122406715002,0.04635610209722697,0,2,6,477.02991972493356,0.0,EURUSD=X
2022-06-09 00:00:00+01:00,1.071765422821045,1.0770059823989868,1.0647132396697998,1.071765422821045,0.00067401764019559,0.012677535271337217,-0.003305820919059732,51.9611349598356,0.001663020785271918,0.0001455345724171914,0.0015174862128547266,64.54574758002286,0.010011803588526309,0.009538438974743364,0.04619860436350349,0,3,6,565.6982162098388,0.0,EURUSD=X
2022-06-10 00:00:00+01:00,1.0619205236434937,1.0642147064208984,1.0507733821868896,1.0619205236434937,0.001779121710889564,0.012548760909700876,0.0059590290736797336,53.3514236430687,0.0017674114994206125,0.00046990995781787565,0.0012975015416027368,68.81378148113473,0.010174727812859217,0.00934141312580673,0.045648120107138486,0,4,6,753.086623580154,0.0,EURUSD=X
2022-06-13 00:00:00+01:00,1.0489987134933472,1.0497585535049438,1.041905403137207,1.0489987134933472,-0.009185684635764857,0.011031552350872414,-0.012265248982358923,45.94493410668885,0.0010437095718471845,0.0005846698806237375,0.00045903969122344703,40.18073143377693,0.010947393014380363,0.009581440029004526,0.040501061868183336,0,0,6,782.6652610797917,0.0,EURUSD=X
2022-06-14 00:00:00+01:00,1.0415147542953491,1.0482399463653564,1.0398253202438354,1.0415147542953491,-0.012168340155825574,0.010123924162804098,-0.022008055427744533,38.408143014546916,-0.0005659871591332521,0.00035453847267233953,-0.0009205256318055917,19.37507936869731,0.011595087835230809,0.010436040457975063,0.037626664554692026,0,1,6,711.0861370886469,0.0,EURUSD=X
2022-06-15 00:00:00+01:00,1.0440592765808105,1.0507181882858276,1.0386265516281128,1.0440592765808105,-0.007134383580962855,0.010397557226102734,-0.02584001887472398,34.8431476893051,-0.0024177065606350023,-0.00019991053398912885,-0.0022177960266458736,4.366526990386985,0.011422109650536588,0.01113290789920266,0.03892133128340385,0,2,6,498.32649959355456,0.0,EURUSD=X
2022-06-16 00:00:00+01:00,1.0456204414367676,1.0530306100845337,1.0382598638534546,1.0456204414367676,0.002443097685335127,0.011200493500575963,-0.024117812688691176,36.984759645961915,-0.0036379498232488316,-0.0008875183918410695,-0.002750431431407762,13.619492194037344,0.011469933008192176,0.010940096895592798,0.041824792579976906,0,3,6,270.72449032776166,0.0,EURUSD=X
2022-06-17 00:00:00+01:00,1.0546854734420776,1.0551751852035522,1.0445609092712402,1.0546854734420776,0.0014952837362545157,0.011339684115406987,-0.02439431318418528,38.32419785768025,-0.004427985384385824,-0.0015956117903500205,-0.0028323735940358036,18.284413015410493,0.011705705381255527,0.01096949959435716,0.04228133446056108,0,4,6,160.69782743133277,0.0,EURUSD=X
2022-06-20 00:00:00+01:00,1.049141764640808,1.0545185804367065,1.048635721206665,1.049141764640808,0.008669524471857093,0.011459236142171871,-0.006813174847202563,45.56020265578602,-0.0042733612864551684,-0.0021311616895710503,-0.002142199596884118,41.8663441846898,0.011627746134902419,0.011098764206026958,0.04235985830423402,0,0,6,-26.591656198335677,0.0,EURUSD=X
2022-06-21 00:00:00+01:00,1.0520778894424438,1.058189868927002,1.0514252185821533,1.0520778894424438,-0.005256267333593856,0.011849147584436583,0.00013636923060134087,42.2923559918539,-0.0045457509569932775,-0.002614079543055496,-0.0019316714139377814,28.085137804360265,0.011229317999224575,0.011083102900667937,0.044032640224301325,0,1,6,-237.69039711822612,0.0,EURUSD=X
2022-06-22 00:00:00+01:00,1.053263545036316,1.0602879524230957,1.0471861362457275,1.053263545036316,0.0027985968155990193,0.012085580896824084,0.010142088821623485,44.56041715430068,-0.004473137455922593,-0.0029858911256289158,-0.0014872463302936776,35.662993114397004,0.011073517019722381,0.010673466396271888,0.04478591280017216,0,2,6,-440.09834287314317,0.0,EURUSD=X
2022-06-23 00:00:00+01:00,1.0564124584197998,1.058066725730896,1.0484488010406494,1.0564124584197998,0.0011269656037542486,0.01200576090076517,0.008815848546117389,45.49206097077194,-0.0042706883982401855,-0.00324285058015117,-0.0010278378180890156,38.72305600167371,0.011218395530982793,0.010513529184512479,0.04444003896429254,0,3,6,-607.5301939717168,0.0,EURUSD=X
2022-06-24 00:00:00+01:00,1.052011489868164,1.0569148063659668,1.0513699054718018,1.052011489868164,0.0029896728110676563,0.011963217795947563,0.010321161059364092,47.991766761164705,-0.0038122102808806346,-0.003356722520297063,-0.00045548776058357146,46.85009814599447,0.01110407618521592,0.010619332857701683,0.04415056737732022,0,4,6,-720.1708986342578,0.0,EURUSD=X
2022-06-27 00:00:00+01:00,1.0566133260726929,1.0614246129989624,1.0550860166549683,1.0566133260726929,-0.00416595669291786,0.011798627325716649,-0.0025353374453777056,44.893059348455694,-0.0037606342012463934,-0.003437504856486929,-0.00032312934475946416,35.491622208684845,0.010706992235855143,0.010555090217320212,0.043725299657788055,0,0,6,-841.4163325115753,0.0,EURUSD=X
2022-06-28 00:00:00+01:00,1.0580891370773315,1.0605015754699707,1.0505746603012085,1.0580891370773315,0.004374321239690504,0.01143025111098016,0.007121593748050659,48.6281938282795,-0.0033102713168271514,-0.003412058148554974,0.00010178683172782244,47.36851821085082,0.010614573014065373,0.010133311753365605,0.042175620594277076,0,1,6,-834.9592285269798,0.0,EURUSD=X
2022-06-29 00:00:00+01:00,1.0523545742034912,1.053629755973816,1.0468025207519531,1.0523545742034912,0.0013967370732717033,0.01063490411703703,0.005713690683180728,49.803253131690134,-0.0028019705002673145,-0.003290040618897442,0.0004880701186301276,51.17744426599718,0.010565454596543717,0.010031832519692143,0.039186196955709136,0,2,6,-761.3538017682018,0.0,EURUSD=X
2022-06-30 00:00:00+01:00,1.04465913772583,1.047877550125122,1.0383893251419067,1.04465913772583,-0.005419735136569348,0.010119839088607502,-0.0008630041712811565,45.452659615031955,-0.0028292558390494715,-0.0031978836629278484,0.0003686278238783768,54.30474222069124,0.01061696614860334,0.010039823891619918,0.03749154242005251,0,3,6,-751.9329481815365,0.0,EURUSD=X
2022-07-01 00:00:00+01:00,1.0477677583694458,1.0477896928787231,1.036989450454712,1.0477677583694458,-0.007312588994527469,0.010330981931963785,-0.011125693000204273,40.35776165855754,-0.003432271982022117,-0.0032447613267467023,-0.00018751065527541477,27.625051461506793,0.010856129213816278,0.010163091256460874,0.03855571741419669,0,4,7,-843.1732830547269,0.0,EURUSD=X
2022-07-04 00:00:00+01:00,1.0433948040008545,1.0463534593582153,1.041807770729065,1.0433948040008545,0.0029757272313561955,0.009515223297093114,-0.004033921244767091,43.130900985229914,-0.003617625182501083,-0.0033193340978975787,-0.00029829108460350433,44.109826956195086,0.010852137300258774,0.010361198010817562,0.03540590894532951,0,0,7,-944.6230999583742,0.0,EURUSD=X
2022-07-05 00:00:00+01:00,1.0433186292648315,1.0448557138442993,1.0237300395965576,1.0433186292648315,-0.004173591269306276,0.008914312964442568,-0.012510273858621579,40.2927434573704,-0.004070458093390794,-0.003469558896996222,-0.0006008991963945723,26.213672753528446,0.010502698038838923,0.010400796763264202,0.03330895452288045,0,1,7,-976.2623740528672,0.0,EURUSD=X
2022-07-06 00:00:00+01:00,1.0257673263549805,1.0273902416229248,1.0162187814712524,1.0257673263549805,-7.300662772213862e-05,0.008411025807233897,-0.013959606327023977,40.24306595847021,-0.004384931343333065,-0.0036526333862635907,-0.0007322979570694743,51.96660394364415,0.01126148205376055,0.010066625615838556,0.03143068147062868,0,2,7,-983.7044280720489,1.0,EURUSD=X
2022-07-07 00:00:00+01:00,1.0186411142349243,1.0219202041625977,1.015331506729126,1.0186411142349243,-0.01682257214386984,0.009316806551067732,-0.02526453393204864,30.815739193583937,-0.00598144672748302,-0.0041183960545074765,-0.0018630506729755431,21.122374173949275,0.012392793892319018,0.010978593063377964,0.035411148345429244,0,3,7,-1155.1331726323965,1.0,EURUSD=X
2022-07-08 00:00:00+01:00,1.0169836282730103,1.0191082954406738,1.007973074913025,1.0169836282730103,-0.0069472013164806334,0.010351829643477348,-0.02490575399315964,27.95253233338802,-0.007732585995553931,-0.0048412340427167674,-0.0028913519528371637,7.180265713539391,0.012253010016142981,0.012166005984970411,0.0396202953984444,0,4,7,-1408.656051253615,0.0,EURUSD=X
2022-07-11 00:00:00+01:00,1.0166114568710327,1.0167768001556396,1.0054292678833008,1.0166114568710327,-0.0016271539983530037,0.011831672535632692,-0.0293806808336442,27.316783612209207,-0.009148661669829972,-0.005702719568139408,-0.0034459421016905635,16.857425777904652,0.012173167909821977,0.012048384728621854,0.0453580080362819,0,0,7,-1670.319424103418,0.0,EURUSD=X
2022-07-12 00:00:00+01:00,1.004752516746521,1.007384181022644,1.0001100301742554,1.004752516746521,-0.00036595613894940815,0.013405935275461623,-0.025669427360690444,27.167370139606547,-0.010183553302314019,-0.0065988863149743305,-0.0035846669873396885,19.969854573865874,0.012128967372671082,0.011974258038847052,0.05141193058433929,0,1,7,-1924.197717185465,0.0,EURUSD=X
2022-07-13 00:00:00+01:00,1.0033109188079834,1.011623501777649,0.9998899698257446,1.0033109188079834,-0.011665164743481893,0.01598601455839104,-0.036964846056171674,22.874070386176243,-0.011824326263026874,-0.0076439743045848395,-0.004180351958442035,7.571586331326894,0.01244128589582153,0.012071596906217034,0.062030159147366634,0,2,7,-2280.397079213549,0.0,EURUSD=X
2022-07-14 00:00:00+01:00,1.0032706260681152,1.0049240589141846,0.9953616261482239,1.0032706260681152,-0.001434779126710306,0.01813647685469796,-0.02189230147034893,22.41043470449104,-0.013090081252836061,-0.008733195694235084,-0.0043568855586009776,5.559387047405025,0.012390732042684583,0.012400229741945606,0.0704756648127181,0,3,7,-2629.373018747603,0.0,EURUSD=X
2022-07-15 00:00:00+01:00,1.0025665760040283,1.009795069694519,1.0010610818862915,1.0025665760040283,-4.0159774116754754e-05,0.019812719329142064,-0.01508920850730977,22.39677044413159,-0.013935809155692258,-0.009773718386526518,-0.00416209076916574,11.971907866898,0.012188710665775733,0.012350338702972589,0.07699238697713372,0,4,7,-2949.802799338441,0.0,EURUSD=X
2022-07-18 00:00:00+01:00,1.009631872177124,1.0198878049850464,1.008237361907959,1.009631872177124,-0.0007017548862624512,0.020855162574149468,-0.01417628747226174,22.142715209443168,-0.014495767384914648,-0.010718128186204144,-0.003777639198710504,11.060723766020933,0.011941944747379434,0.01215750749876062,0.08110024231925916,0,0,7,-3341.7239704644985,0.0,EURUSD=X
2022-07-19 00:00:00+01:00,1.0145177841186523,1.0268205404281616,1.0125659704208374,1.0145177841186523,0.007047208975643482,0.021316295236686288,-0.006865538103800972,30.64493704719844,-0.014205673797022422,-0.011415637308367801,-0.002790036488654621,24.490653933142863,0.01232617933549648,0.011828018782359128,0.08231338633048334,0,1,7,-3677.1227361675215,0.0,EURUSD=X
2022-07-20 00:00:00+01:00,1.0231330394744873,1.0271897315979004,1.0175942182540894,1.0231330394744873,0.004839300418470804,0.021208268279339967,0.009719077294528367,35.861138678994735,-0.01342674511832942,-0.011817858870360125,-0.0016088862479692947,36.476856008199114,0.012673499972320845,0.012149791288483591,0.08150182581879158,0,2,7,-3989.369007735462,0.0,EURUSD=X
2022-07-21 00:00:00+01:00,1.0182781219482422,1.0275379419326782,1.016311764717102,1.0182781219482422,0.008491970757633638,0.020620277357701364,0.019756707811028562,43.87658147733894,-0.01197620518363629,-0.011849528133015359,-0.00012667705062093144,52.97050808495254,0.012673389079958502,0.012386952119961199,0.07857496336611952,0,3,7,-4058.8288429273503,0.0,EURUSD=X
2022-07-22 00:00:00+01:00,1.0221081972122192,1.025514841079712,1.0133970975875854,1.0221081972122192,-0.00474514783408686,0.019764643998206648,0.014958571984652114,40.78351461191872,-0.011090548169276682,-0.011697732140267625,0.0006071839709909429,44.94150211396597,0.012570016803931192,0.012445901376836882,0.07567359690702437,0,4,7,-4108.349349801918,0.0,EURUSD=X
2022-07-25 00:00:00+01:00,1.0200231075286865,1.0256409645080566,1.0180604457855225,1.0200231075286865,0.0037613253014305847,0.018949651564788752,0.019491594549340352,44.12968302694012,-0.009964736263244234,-0.011351132964862946,0.0013863967016187126,54.039931452491835,0.012537711567373712,0.012298127378506185,0.07228133272447844,0,0,7,-4080.26272875058,0.0,EURUSD=X
2022-07-26 00:00:00+01:00,1.022494912147522,1.0249052047729492,1.011398434638977,1.022494912147522,-0.002039989199988601,0.0175850062480346,0.010292103129782681,42.71459462454036,-0.009135463590671744,-0.010907999090024706,0.0017725354993529622,76.64482641725435,0.012183626364170889,0.012291595626446246,0.06721315946146982,0,1,7,-4072.4802660589553,0.0,EURUSD=X
2022-07-27 00:00:00+01:00,1.0129557847976685,1.0171905755996704,1.0107442140579224,1.0129557847976685,0.0024232829634851516,0.01570273474501687,0.007862975054498067,44.967515637817826,-0.008184459691390922,-0.01036329121029795,0.0021788315189070276,84.32688869994017,0.012278136633442408,0.011915586297228517,0.05987367737187687,0,2,7,-3935.967532601932,0.0,EURUSD=X
2022-07-28 00:00:00+01:00,1.0209290981292725,1.0233110189437866,1.0115723609924316,1.0209290981292725,-0.009329266323505392,0.014181629535765017,-0.009947146934133011,38.65019581332904,-0.008107056998308604,-0.00991204436790008,0.0018049873695914764,54.68046362829711,0.012240462451739351,0.012121098292453988,0.054583004957903525,0,3,7,-3765.6153609307507,0.0,EURUSD=X
2022-07-29 00:00:00+01:00,1.0192328691482544,1.0253781080245972,1.014857530593872,1.0192328691482544,0.007871334021945176,0.013017305623761622,0.002603391081366091,45.537459821304026,-0.007317977961625477,-0.00939323108664516,0.002075253125019683,79.46053287244665,0.012204619273140468,0.011989532352607541,0.04971040636252468,0,4,7,-3488.088831875416,0.0,EURUSD=X
2022-08-01 00:00:00+01:00,1.0208247900009155,1.0277491807937622,1.0209603309631348,1.0208247900009155,-0.0016614562011467715,0.011194812452200328,-0.0028131347266436846,44.39562301933071,-0.006751669598474841,-0.008864918789011097,0.0021132491905362562,74.18886351048202,0.0120843305701108,0.011974318767152341,0.04282182727936809,0,0,8,-3213.0815335853144,0.0,EURUSD=X
2022-08-02 00:00:00+01:00,1.0261356830596924,1.0293148756027222,1.0183714628219604,1.0261356830596924,0.0015618813922195773,0.009523114827913444,0.0007859454029146562,45.76997112119571,-0.006104047769031062,-0.00831274458501509,0.002208696815984028,78.62021116249795,0.0118294720754963,0.011837810649269167,0.03637052809016907,0,1,8,-2955.8283636103342,1.0,EURUSD=X
2022-08-03 00:00:00+01:00,1.015568733215332,1.020762324333191,1.0123199224472046,1.015568733215332,0.005202551026187496,0.007602006524341996,0.0035606738663607196,50.192898466301905,-0.005103428966128032,-0.007670881461237679,0.0025674524951096473,90.63655881511337,0.011766182125872401,0.011528175338590341,0.02888319563343636,0,2,8,-2620.2067169139104,1.0,EURUSD=X
2022-08-04 00:00:00+01:00,1.015764594078064,1.0232481956481934,1.0155996084213257,1.015764594078064,-0.010297809557554993,0.007254098039249981,0.002579528600239467,42.72616489836391,-0.005104257196838047,-0.007157556608357753,0.002053299411519706,51.34762246318721,0.011912580589202072,0.011585805806191165,0.027848120735973914,0,3,8,-2410.356688744812,1.0,EURUSD=X
2022-08-05 00:00:00+01:00,1.024779200553894,1.0249052047729492,1.014363408088684,1.024779200553894,0.0001928583032602127,0.007219029804650634,-0.005058631457044216,42.895731241597176,-0.005031113693993117,-0.006732268025484826,0.001701154331491709,35.71214460638761,0.011610215006606304,0.011727698187801337,0.027708151784454984,0,4,8,-2184.2924500548806,1.0,EURUSD=X
2022-08-08 00:00:00+01:00,1.0170871019363403,1.0221813917160034,1.0160020589828491,1.0170871019363403,0.008874700426048987,0.0075104955864665375,0.005441672431810929,50.20322422201278,-0.004197358994900258,-0.006225286219367913,0.002027927224467655,75.57612561143137,0.011533899412153364,0.011329479560407718,0.028573279344201456,0,0,8,-1874.258281422901,1.0,EURUSD=X
2022-08-09 00:00:00+01:00,1.0197629928588867,1.0246951580047607,1.0189213752746582,1.0197629928588867,-0.00750610337660651,0.007513804368100154,-0.003661439358826568,44.92083490547078,-0.0041099139323970135,-0.005802211761973733,0.0016922978295767195,34.15542232093566,0.011336988137788476,0.011340129464030183,0.02880205865695198,0,1,8,-1658.8275937417468,1.0,EURUSD=X
2022-08-10 00:00:00+01:00,1.0208144187927246,1.0369141101837158,1.0203040838241577,1.0208144187927246,0.0026309358534308824,0.007082338488306906,-0.006210377736600936,47.009667736295064,-0.0037811048333962205,-0.005397990376258231,0.0016168855428620107,48.564660872244545,0.011070635847119328,0.011117277462683206,0.027076917758048154,0,2,8,-1443.5098044949918,1.0,EURUSD=X
2022-08-11 00:00:00+01:00,1.0300782918930054,1.036591649055481,1.0276330709457397,1.0300782918930054,0.0010310493136156396,0.006399900224254292,0.0051652688841496985,47.846606855345065,-0.003396526919703158,-0.004997697684947217,0.001601170765244059,38.48010968938045,0.011504955952670025,0.010844905443451824,0.024442645074263816,0,3,8,-1223.7136117798718,1.0,EURUSD=X
2022-08-12 00:00:00+01:00,1.0316723585128784,1.0327378511428833,1.0239607095718384,1.0316723585128784,0.00907498261166495,0.006062588276042905,0.014091550245392215,54.64383908648626,-0.002317514154027034,-0.00446166097876318,0.002144146824736146,73.87907747951296,0.011810118403390477,0.011169011174409885,0.022946139760016533,0,4,8,-969.4987643155824,1.0,EURUSD=X
2022-08-15 00:00:00+01:00,1.0256409645080566,1.0267151594161987,1.0182262659072876,1.0256409645080566,0.0015475198656440536,0.005410325053010733,0.006726481133944473,55.71343585114085,-0.0013185613547863628,-0.003833041053967817,0.002514479699181454,79.97030005147384,0.01159347720108008,0.011447547572578539,0.020445764663609468,0,0,8,-731.8192866065273,1.0,EURUSD=X
2022-08-16 00:00:00+01:00,1.0161981582641602,1.019440770149231,1.0123404264450073,1.0161981582641602,-0.00584623010886498,0.00491182563816327,0.008410157355679182,50.829237386948726,-0.001002016531210126,-0.003266836149416279,0.002264819618206153,56.92323109930806,0.011725806872830846,0.01130364094480258,0.018671077310450368,0,1,8,-594.7137093912893,1.0,EURUSD=X
2022-08-17 00:00:00+01:00,1.0170663595199585,1.019783854484558,1.0148060321807861,1.0170663595199585,-0.00920673663656335,0.004806734084126173,-0.003495748149020983,44.28369980886581,-0.0014958646287053234,-0.002912641845274088,0.0014167772165687644,18.253662116265723,0.011838287672132164,0.011538897977202128,0.018441382994903232,0,2,8,-636.9733325770148,1.0,EURUSD=X
2022-08-18 00:00:00+01:00,1.0180189609527588,1.0193679332733154,1.0113166570663452,1.0180189609527588,0.0008543621622787434,0.004867644355610613,-0.0036716362972212258,44.985180041298435,-0.0017964775436167812,-0.0026894089849426265,0.0008929314413258452,19.29901944152275,0.011348254431535006,0.011639641367864802,0.018659128004273034,0,3,8,-575.5627010224639,1.0,EURUSD=X
2022-08-19 00:00:00+01:00,1.0089900493621826,1.011224627494812,1.003623127937317,1.0089900493621826,0.0009366167938638092,0.004875248502947781,-0.011707198409244057,45.79162560188666,-0.0019355368066020784,-0.002538634549274517,0.0006030977426724387,26.183479487907903,0.011112755986923236,0.011147390045578553,0.018670789586707787,0,4,8,-532.4321230128392,1.0,EURUSD=X
2022-08-22 00:00:00+01:00,1.0035223960876465,1.0048232078552246,0.99277263879776,1.0035223960876465,-0.008869099630645416,0.005535861033529898,-0.02198596188366586,39.83179290804813,-0.002742684027772224,-0.0025794444449740586,-0.00016323958279816555,16.12124684439511,0.011347261488960283,0.011013741903548,0.021390458329837943,0,0,8,-607.6845518512926,1.0,EURUSD=X
2022-08-23 00:00:00+01:00,0.9939467906951904,1.0019036531448364,0.9903146624565125,0.9939467906951904,-0.005418936765523519,0.006676077908984969,-0.02156560549531017,36.715437615494146,-0.0037799747440048215,-0.002819550504780211,-0.0009604242392246103,24.352965482040208,0.011695129280064734,0.011307432233898271,0.025936783737954737,0,1,8,-679.1029588372636,1.0,EURUSD=X
2022-08-24 00:00:00+01:00,0.9966909885406494,0.9998200535774231,0.9911981225013733,0.9966909885406494,-0.009541994707629509,0.008714924285374542,-0.0218966816540771,31.994366116146637,-0.005313456222571178,-0.0033183316483384045,-0.0019951245742327733,7.794358980262443,0.011803172447998254,0.01176635348043619,0.03418395251549262,0,2,8,-866.3281506620157,1.0,EURUSD=X
2022-08-25 00:00:00+01:00,0.9969095587730408,1.0030593872070312,0.995678722858429,0.9969095587730408,0.002760910212849188,0.009885682049990576,-0.020033472534600416,34.59015202346744,-0.006235439248333474,-0.0039017531683374186,-0.0023336860799960555,13.683265349976784,0.011575940921430508,0.011842358949467786,0.038669441585102764,0,3,8,-953.0283133097379,0.0,EURUSD=X
2022-08-26 00:00:00+01:00,0.9971283078193665,1.0088272094726562,0.9947279095649719,0.9971283078193665,0.0002192958849878135,0.010815907947055729,-0.020735765235611936,34.80360775449745,-0.006869295683046728,-0.004495261671279281,-0.002374034011767447,14.152305742195344,0.011276278309085635,0.011611826589041583,0.042298894412080845,0,4,8,-1119.5354165521326,0.0,EURUSD=X
2022-08-29 00:00:00+01:00,0.993867814540863,1.0031095743179321,0.9914930462837219,0.993867814540863,0.00021942717310774462,0.011564669896785222,-0.01175605403672153,35.03211671503337,-0.007270174211584823,-0.0050502441793403895,-0.002219930032244434,14.62172985985068,0.01147792270898554,0.011308753568280377,0.045217233636090204,0,0,8,-1335.49484028795,0.0,EURUSD=X
2022-08-30 00:00:00+01:00,1.0014019012451172,1.0052272081375122,0.998342752456665,1.0014019012451172,-0.003269883377028826,0.012371941680181985,-0.009620693653099366,33.16617984401033,-0.007761498172552672,-0.0055924949779828466,-0.0021690031945698256,7.624880245686606,0.011487823089358732,0.011548741735125002,0.0485323176536959,0,1,8,-1496.536100192208,0.0,EURUSD=X
2022-08-31 00:00:00+01:00,1.0025062561035156,1.0077394247055054,0.9971680045127869,1.0025062561035156,0.00758057217874053,0.012276353353203952,0.007500512723334518,40.98792148815894,-0.0074569787106062435,-0.0059653917245075265,-0.001491586986098717,23.958428591484534,0.011478649554165192,0.011471740841589246,0.04779503265935829,0,2,8,-1540.2696523086925,0.0,EURUSD=X
2022-09-01 00:00:00+01:00,1.003905177116394,1.0045808553695679,0.9917388558387756,1.003905177116394,0.0011028088293274507,0.012436672602666371,0.005834574235873191,42.05835747030566,-0.007045318588347449,-0.0061813770972755115,-0.0008639414910719375,28.738041680775222,0.011413847456918999,0.01144995303947504,0.048365858847824586,0,3,9,-1594.682310888848,0.0,EURUSD=X
2022-09-02 00:00:00+01:00,0.995232880115509,1.0033310651779175,0.9951239228248596,0.995232880115509,0.0013954237236539768,0.012509783439504301,0.007017304911754785,43.45750649931789,-0.00653090948197943,-0.006251283574216296,-0.0002796259077631341,37.33606899634681,0.011515858319338516,0.011369447749740674,0.04858239174866153,0,4,9,-1690.564798583635,0.0,EURUSD=X
2022-09-05 00:00:00+01:00,0.9909427762031555,0.9943521022796631,0.9880836606025696,0.9909427762031555,-0.008638561886686547,0.012541405293124828,-0.00190088646465425,37.42424854414891,-0.006745263253619349,-0.006350079510096907,-0.00039518374352244187,16.689353594479087,0.011320529460209653,0.011571018752919375,0.04912960599645739,0,0,9,-1816.4800293538594,0.0,EURUSD=X
2022-09-06 00:00:00+01:00,0.9952229857444763,0.9985321760177612,0.9865143895149231,0.9952229857444763,-0.004310653313479351,0.013063075936997627,-0.0029430858861837494,34.84691968366266,-0.007178565657415703,-0.006515776739560667,-0.000662788917855036,9.019236952397428,0.011022578749690353,0.011423999177414462,0.051394739525276276,0,1,9,-1908.6769268557962,0.0,EURUSD=X
2022-09-07 00:00:00+01:00,0.9897951483726501,0.9955201148986816,0.9877811670303345,0.9897951483726501,0.0043193306859965475,0.013073787410694846,-0.00617026539789689,39.33573358898346,-0.007094799364701476,-0.006631581264588829,-0.00046321810011264695,26.50732686128765,0.011093665017772338,0.011075486506619334,0.0512156648409695,0,2,9,-1850.860438935765,0.0,EURUSD=X
2022-09-08 00:00:00+01:00,0.9995701909065247,1.00290846824646,0.9933445453643799,0.9995701909065247,-0.005453890685378271,0.013186637735043283,-0.012679330082457807,35.95292548733937,-0.0073813079642909285,-0.006781526604529249,-0.0005997813597616794,13.276921332757635,0.010854042364241968,0.01120804141747082,0.051941028934837596,0,3,9,-1931.9402144457729,0.0,EURUSD=X
2022-09-09 00:00:00+01:00,1.0012015104293823,1.011224627494812,1.000930905342102,1.0012015104293823,0.009875823850971521,0.011886622577400642,-0.0043181231740642145,45.10824917811262,-0.0067418875713607385,-0.006773598797895548,3.171122653480938e-05,58.512556531773996,0.0110154193292111,0.010858709536344095,0.04636251331633462,0,4,9,-1968.6218965423122,0.0,EURUSD=X
2022-09-12 00:00:00+01:00,1.0071406364440918,1.0196797847747803,1.0064716339111328,1.0071406364440918,0.0016320209803157848,0.009933461128565262,0.005997219779535934,46.48314579918332,-0.0060339527993342745,-0.0066256695981832935,0.000591716798849019,59.43739160429265,0.011061063419145117,0.011002200071079547,0.03868128513340211,0,0,9,-1942.287003706657,0.0,EURUSD=X
2022-09-13 00:00:00+01:00,1.0129557847976685,1.018744945526123,0.9995802044868469,1.0129557847976685,0.00593199865645655,0.008396653192833666,0.01634590879505593,51.26876932452377,-0.004936763620085216,-0.006287888402563679,0.0013511247824784627,62.19207329675445,0.011590864199591749,0.010982640377016639,0.032504080917313403,0,1,9,-1821.3891125209643,1.0,EURUSD=X
2022-09-14 00:00:00+01:00,0.9982032775878906,1.0022751092910767,0.9963633418083191,0.9982032775878906,0.005773918897869379,0.008124054932099663,0.017817915489489078,55.4677646502534,-0.0035569965754298494,-0.005741710037136913,0.0021847134617070637,79.72585604836608,0.012131855402426348,0.011442616127521253,0.03126829180798751,0,2,9,-1663.8638481361063,1.0,EURUSD=X
2022-09-15 00:00:00+01:00,0.9984025359153748,1.0017931461334229,0.9957482218742371,0.9984025359153748,-0.014563821472942773,0.007244805692972395,0.008494817568124535,44.89820861482968,-0.003612285117571945,-0.00531582505322392,0.0017035399356519747,35.24422965980917,0.012450468801492278,0.012153692213616432,0.02829629304689823,0,3,9,-1659.9920267256562,1.0,EURUSD=X
2022-09-16 00:00:00+01:00,0.9988313317298889,1.0035626888275146,0.994579553604126,0.9988313317298889,0.00019961698379278303,0.005937916122359326,-0.001168157075683629,45.05051392478936,-0.0035985414578829644,-0.004972368334155729,0.0013738268762727643,35.84503156771018,0.011992929905613242,0.012470389801321166,0.023187299791180702,0,4,9,-1649.2506450640565,1.0,EURUSD=X
2022-09-19 00:00:00+01:00,1.002234935760498,1.002807855606079,0.9966810345649719,1.002234935760498,0.00042948189641878187,0.005489905027126064,-0.0023673343226149335,45.40026463466431,-0.003512558679956035,-0.00468040640331579,0.0011678477233597554,37.13793283167662,0.011777944571168628,0.012006962061194587,0.021428633072315822,0,0,9,-1554.7081513077608,1.0,EURUSD=X
2022-09-20 00:00:00+01:00,1.0029587745666504,1.0050251483917236,0.9957084655761719,1.0029587745666504,0.0034075863686757746,0.005439787206598456,-0.004870919220293146,48.21767243356281,-0.003133651524666048,-0.004371055427585842,0.0012374039029197943,47.4004489390266,0.011374292890449954,0.011751680320574236,0.02116090161714673,0,1,9,-1370.3158235760104,1.0,EURUSD=X
2022-09-21 00:00:00+01:00,0.997078537940979,0.9974067807197571,0.9869135022163391,0.997078537940979,0.0007222246803870735,0.00538923667149338,-0.009869147677571077,48.82249199133709,-0.0027433336888378346,-0.004045511079836241,0.0013021773909984062,49.58296116443785,0.011227320742242941,0.011340738202688798,0.020949128855368787,0,2,9,-1229.5095789007128,1.0,EURUSD=X
2022-09-22 00:00:00+01:00,0.983071506023407,0.9906188249588013,0.9811038970947266,0.983071506023407,-0.005862889656867543,0.005380220995624859,-0.0011267641292758146,44.29614528108992,-0.0028753447598086623,-0.003811477815830725,0.0009361330560220629,31.852924843149907,0.011571460142819252,0.011260217039099012,0.021037423062889287,0,3,9,-1088.3505743687326,1.0,EURUSD=X
2022-09-23 00:00:00+01:00,0.9841550588607788,0.9852216839790344,0.9703933596611023,0.9841550588607788,-0.014048072829345282,0.006478136137967157,-0.015355559847323175,35.78536586048925,-0.004063374842913192,-0.0038618572212472187,-0.0002015176216659735,5.1006186688422055,0.011885973050207336,0.011770720717587084,0.025691339963600787,0,4,9,-1149.6283978153933,1.0,EURUSD=X
2022-09-26 00:00:00+01:00,0.968992292881012,0.9699885249137878,0.9582307934761047,0.968992292881012,0.0011022116201444554,0.007236540232592779,-0.014693444631629693,36.797014385992576,-0.0048614241136701875,-0.004061770599731813,-0.0007996535139383745,27.921885525143036,0.012096140997901964,0.01207733775607077,0.028667462014233487,0,0,9,-1180.693832390098,1.0,EURUSD=X
2022-09-27 00:00:00+01:00,0.9623712301254272,0.9670057892799377,0.9594534635543823,0.9623712301254272,-0.015406887200598907,0.009692996134777325,-0.03316851338280424,29.736996991037444,-0.006640840924031943,-0.004577584664591839,-0.0020632562594401042,17.51289838526475,0.013083864168385686,0.012483216932446044,0.0389995423512844,0,1,9,-1375.6745385235579,1.0,EURUSD=X
2022-09-28 00:00:00+01:00,0.9596191644668579,0.9686262011528015,0.954016387462616,0.9596191644668579,-0.0068329364477182075,0.012278670533000004,-0.04046780931625016,27.27601692884639,-0.008487467751125188,-0.005359561281898509,-0.003127906469226679,6.738005883933448,0.01283064739397454,0.013595444002082697,0.049742832190533944,0,2,9,-1718.8995428403864,0.0,EURUSD=X
2022-09-29 00:00:00+01:00,0.9708172082901001,0.9787322282791138,0.9638276100158691,0.9708172082901001,-0.0028596715824626973,0.014410569841388051,-0.0375691302627742,26.30167765735601,-0.010057069873307678,-0.006299063000180343,-0.0037580068731273347,8.53257253444609,0.012957730700846755,0.01337056185315239,0.05854691770919369,0,3,9,-1979.619840287392,0.0,EURUSD=X
2022-09-30 00:00:00+01:00,0.9829555749893188,0.9849985241889954,0.9736055731773376,0.9829555749893188,0.011669258220226908,0.014933519633967338,-0.012465316773218604,36.27633642376847,-0.010278913397684275,-0.00709503307968113,-0.0031838803180031447,25.586280203585716,0.013397397351661691,0.013347240438464414,0.05997172010282379,0,4,9,-2171.2180538218277,0.0,EURUSD=X
2022-10-03 00:00:00+01:00,0.9792688488960266,0.9844263195991516,0.9753623604774475,0.9792688488960266,0.012503246332641771,0.014999952693237199,-0.0012187956162603708,44.97068981150399,-0.009367281055902787,-0.0075494826749254625,-0.001817798380977325,44.70853112208957,0.013453391533606945,0.013629707885635903,0.059494633451541386,0,0,10,-2259.0261372434898,0.0,EURUSD=X
2022-10-04 00:00:00+01:00,0.9832068681716919,0.998013973236084,0.9806710481643677,0.9832068681716919,-0.0037506538312601645,0.015200484277739101,0.01060540531696108,43.04950130478564,-0.008840387359032809,-0.007807663611746932,-0.0010327237472858766,49.506125954532976,0.013139860647042456,0.013738200238651063,0.060516984427166326,0,1,10,-2425.717734937397,0.0,EURUSD=X
2022-10-05 00:00:00+01:00,0.998432457447052,0.9994204044342041,0.9835453629493713,0.998432457447052,0.004021387262654885,0.015209925714707277,0.02165031267980555,45.71712707037554,-0.008012689764178127,-0.007848668842233172,-0.00016402092194495524,57.22640616509988,0.013540236625114948,0.013364288912542377,0.06031203513325554,0,2,10,-2573.0155120658637,0.0,EURUSD=X
2022-10-06 00:00:00+01:00,0.9910998940467834,0.9926347136497498,0.9789333343505859,0.9910998940467834,0.015485641697837949,0.015351425586237834,0.0404465588197771,54.57625998406647,-0.00605831911645216,-0.00749059889707697,0.0014322797806248103,87.07537524027647,0.013731186599214752,0.013561494845366645,0.05994484132508628,0,3,10,-2492.4587382957457,0.0,EURUSD=X
2022-10-07 00:00:00+01:00,0.9789045453071594,0.9816046953201294,0.9731696844100952,0.9789045453071594,-0.0073440755512070854,0.015176966464760546,0.020892383842687767,50.31722258532998,-0.0050430102008311994,-0.007001081157827816,0.0019580709569966166,72.70026934335142,0.014143182063304132,0.01385449305533534,0.0597020630508111,0,4,10,-2394.6488807507917,0.0,EURUSD=X
2022-10-10 00:00:00+01:00,0.9735012650489807,0.9752291440963745,0.96825110912323,0.9735012650489807,-0.012304863326973892,0.015063607040260902,-0.0041212744352189246,44.14661196195397,-0.005162918383481929,-0.006633448602958639,0.0014705302194767097,48.791927879081776,0.014413684032831567,0.01444796852880717,0.05999436027396115,0,0,10,-2409.5906175886626,0.0,EURUSD=X
2022-10-11 00:00:00+01:00,0.9710057377815247,0.975809633731842,0.9673987030982971,0.9710057377815247,-0.005519721288538171,0.014691490892435257,-0.005889683771262533,41.70621639459565,-0.005629057767880918,-0.006432570435943095,0.0008035126680621769,42.914435519124964,0.014145094900767128,0.014806024964031616,0.05883708444487558,0,1,10,-2420.9175481609827,0.0,EURUSD=X
2022-10-12 00:00:00+01:00,0.9700167775154114,0.9733022451400757,0.9669683575630188,0.9700167775154114,-0.0025634555979036078,0.013651301748439908,-0.012409525182483394,40.59019256286451,-0.006129191281063151,-0.006371894604967107,0.0002427033239039561,37.41816573088652,0.013735511738822686,0.01456746788446863,0.05481179997348784,0,2,10,-2404.0190903954654,0.0,EURUSD=X
2022-10-13 00:00:00+01:00,0.9707984328269958,0.979508638381958,0.9635953307151794,0.9707984328269958,-0.0010184906511189196,0.013590403882300487,-0.02846029265144112,40.13187830301393,-0.006530076860698508,-0.006403531056113388,-0.00012654580458512036,35.24003187384887,0.013206824298696558,0.014160076461774869,0.054622919839784526,0,3,10,-2328.627297801212,0.0,EURUSD=X
2022-10-14 00:00:00+01:00,0.975134015083313,0.9803825616836548,0.9709492325782776,0.975134015083313,0.000805816280401439,0.013326534203984308,-0.02048376893361803,40.701786614253365,-0.006707389904096139,-0.006464302825709939,-0.00024308707838620065,36.961587286167564,0.013400144539273845,0.013604084897662913,0.053519240997145404,0,4,10,-2218.772409776793,0.0,EURUSD=X
2022-10-17 00:00:00+01:00,0.973937451839447,0.9847074747085571,0.9724504947662354,0.973937451839447,0.0044659963486877174,0.012741965392103325,-0.0038517853879852515,43.89221716496357,-0.006424014474298634,-0.006456245155427678,3.223068112904407e-05,46.51048305684389,0.013127571990515638,0.013741849153040745,0.05094410175606203,0,0,10,-2157.917529159586,0.0,EURUSD=X
2022-10-18 00:00:00+01:00,0.9846396446228027,0.9873617887496948,0.9814602136611938,0.9846396446228027,-0.0012270756894514623,0.011704773504344278,0.0004480598085758736,43.20137604736985,-0.006224240883805021,-0.006409844301103147,0.00018560341729812607,43.87511437434444,0.013065386844216076,0.013478865573679274,0.04685476258621976,0,1,10,-2022.7284760117464,0.0,EURUSD=X
2022-10-19 00:00:00+01:00,0.9863878488540649,0.9866993427276611,0.9760192036628723,0.9863878488540649,0.010988583263886964,0.010359680772974111,0.014041015733261997,50.67871154760981,-0.005143055416981901,-0.006156486524278898,0.0010134311072969972,58.74185793077057,0.013091026134646912,0.01326920657274691,0.04101954599267903,0,2,10,-1802.2436285868018,1.0,EURUSD=X
2022-10-20 00:00:00+01:00,0.9766482710838318,0.9845135807991028,0.9755526185035706,0.9766482710838318,0.001775476176293811,0.009566183527792581,0.016877101219409996,51.79507232468417,-0.004097904580743661,-0.005744770135571851,0.0016468655548281903,63.62169221938457,0.012918819915371334,0.013271682279800382,0.03781053208164093,0,3,10,-1677.2369727404773,1.0,EURUSD=X
2022-10-21 00:00:00+01:00,0.9778899550437927,0.9856975078582764,0.9707323908805847,0.9778899550437927,-0.009873983931927066,0.009473688098260259,0.006025801092200966,45.60224431201379,-0.004009300818002992,-0.00539767627205808,0.0013883754540550877,36.43520867821877,0.012769992089308695,0.013227709809013149,0.03781835992117617,0,4,10,-1605.031367163491,1.0,EURUSD=X
2022-10-24 00:00:00+01:00,0.9860085844993591,0.9889631271362305,0.9808922410011292,0.9860085844993591,0.0012713727108562,0.009330439319445483,0.0028262166203321115,46.48079306958443,-0.003795140165853139,-0.005077169050817092,0.001282028884963953,39.90117212521525,0.01292678672419319,0.013058720997637017,0.03719922583284194,0,0,10,-1516.7096393493555,1.0,EURUSD=X
2022-10-25 00:00:00+01:00,0.9886503219604492,0.9975360631942749,0.9852216839790344,0.9886503219604492,0.00830219127795706,0.009358583936204574,0.01239415594616844,51.94559497499835,-0.002936461063971496,-0.004649027453447973,0.0017125663894764767,62.56303604555399,0.012794385679067802,0.013110217220630691,0.03700421859151797,0,1,10,-1276.0295558532969,1.0,EURUSD=X
2022-10-26 00:00:00+01:00,0.9963731169700623,1.0080543756484985,0.9944608211517334,0.9963731169700623,0.0026792235915789053,0.008938537611398251,0.004073243810107652,53.605646248267256,-0.002019505946638467,-0.004123123152086071,0.0021036172054476046,73.8198306730754,0.012760099503080135,0.012941264868752694,0.035248898789161064,0,2,10,-1021.0508650416592,1.0,EURUSD=X
2022-10-27 00:00:00+01:00,1.009193778038025,1.0094891786575317,0.9976455569267273,1.009193778038025,0.0078114524802854746,0.008524504247673438,0.010123064804171689,58.15643345137025,-0.0006620160853213486,-0.003430901738733127,0.0027688856534117783,73.7257993374438,0.013234667659149362,0.012806547352344447,0.033355612823512154,0,3,10,-764.493200257515,1.0,EURUSD=X
2022-10-28 00:00:00+01:00,0.9967803955078125,0.9998999834060669,0.9931473135948181,0.9967803955078125,0.012867329366482494,0.01029774880683696,0.033323672316622144,64.39950155352119,0.0014318194876314916,-0.0024583574934602032,0.003890176981091695,99.35633939460058,0.01322619580402937,0.013114099538820877,0.039782266604881905,0,4,10,-417.5435417825753,0.0,EURUSD=X
2022-10-31 00:00:00+00:00,0.9955002665519714,0.9968101382255554,0.9873520135879517,0.9955002665519714,-0.012300296335898242,0.010768841760755233,0.019317552416389994,55.72950428239157,0.002065730580980585,-0.0015535398785720457,0.0036192704595526303,72.30830771548538,0.013427643563970615,0.013268916467093285,0.04212028504850316,0,0,10,-175.90342174796038,0.0,EURUSD=X
2022-11-01 00:00:00+00:00,0.9886307716369629,0.9951634407043457,0.9862127304077148,0.9886307716369629,-0.0012842637772675358,0.011049567463018212,0.009626368575109012,54.908539340714306,0.0024367249330704555,-0.0007554869162435455,0.003192211849314001,69.51898188373329,0.013144106497801553,0.013488337487320609,0.043273865524578944,0,1,11,57.82458373968655,0.0,EURUSD=X
2022-11-02 00:00:00+00:00,0.9877909421920776,0.9913553595542908,0.9867576956748962,0.9877909421920776,-0.006900545530541979,0.011090253924359923,-1.977476065306849e-05,50.600771053918905,0.0021516271822790145,-0.00017406409653903353,0.002325691278818048,54.550755807686265,0.012868637186834056,0.013295263383353625,0.043735002928733634,0,2,11,164.63770129754965,0.0,EURUSD=X
2022-11-03 00:00:00+00:00,0.9814409017562866,0.9839614629745483,0.9731224179267883,0.9814409017562866,-0.0008494874618303339,0.010631233415324163,-0.00861341462531906,50.08345294522185,0.0018367450892489146,0.00022809774061855612,0.0016086473486303585,44.01435797431989,0.012277853379159804,0.013027693044315978,0.04196047617155676,0,3,11,220.7544756411557,0.0,EURUSD=X
2022-11-04 00:00:00+00:00,0.9749630093574524,0.993818461894989,0.9748489260673523,0.9749630093574524,-0.006428526689766123,0.010507753618258462,-0.027500046954007873,46.234547557815766,0.0010625550945411177,0.00039498921140306844,0.0006675658831380493,27.630026867374823,0.012448615585311911,0.01251002822196284,0.04174144907138579,0,4,11,324.038003899687,0.0,EURUSD=X
2022-11-07 00:00:00+00:00,0.9928810596466064,1.0005003213882446,0.9919454455375671,0.9928810596466064,-0.0066003896793398464,0.010633927208785147,-0.02188785639112134,42.63497518901377,-7.286785728266576e-05,0.0003014177976659216,-0.00037428565494858736,10.915812995689224,0.012914395602620825,0.012768295274623956,0.04252333702383452,0,0,11,368.0029273715039,0.0,EURUSD=X
2022-11-08 00:00:00+00:00,1.0018634796142578,1.0094178915023804,0.9976056814193726,1.0018634796142578,0.018378184728221614,0.010580278343031975,-0.002631045910652441,53.434209858433235,0.0004677462959193912,0.0003346834973166155,0.0001330627986027757,57.147844381458285,0.013816032490347354,0.013006991599998304,0.04154527719848867,0,1,11,505.80479303780095,0.0,EURUSD=X
2022-11-09 00:00:00+00:00,1.008084774017334,1.0088781118392944,1.0012515783309937,1.008084774017334,0.009046823766432288,0.010797494895896431,0.013384883777574963,57.730199984777514,0.0016025202732444788,0.0005882508525021882,0.0010142694207422906,80.32422323758787,0.014010375302163538,0.01379033448316418,0.04201808503088551,0,2,11,676.1161348458766,0.0,EURUSD=X
2022-11-10 00:00:00+00:00,1.0019538402557373,1.018298864364624,0.9937788844108582,1.0019538402557373,0.006209722711393306,0.011220205825623126,0.020544662801038394,60.451628807390705,0.002969611458308763,0.0010645229736635034,0.0019050884846452596,96.37636470731171,0.013554386602601913,0.013898013007706263,0.04339358812174476,0,3,11,855.5095257543261,0.0,EURUSD=X
2022-11-11 00:00:00+00:00,1.0192224979400635,1.0338374376296997,1.016621708869934,1.0192224979400635,-0.006081764073436191,0.010911603848342182,0.020900839228060297,56.585281847362076,0.003517775232481757,0.0015551734254271542,0.0019626018070546024,63.81958875101427,0.014337643270542195,0.013527955139272992,0.0424583067238595,0,4,11,948.4592940096466,0.0,EURUSD=X
2022-11-14 00:00:00+00:00,1.0328551530838013,1.0350252389907837,1.0273585319519043,1.0328551530838013,0.017234983280186356,0.012280044282305388,0.04539606955117215,63.63936964748863,0.005284716406637746,0.0023010820216692726,0.0029836343849684735,75.92862563308132,0.015590925706500782,0.014067235858234889,0.04697347886518749,0,0,11,1250.7104275836382,0.0,EURUSD=X
2022-11-15 00:00:00+00:00,1.0319278240203857,1.0475481748580933,1.031385064125061,1.0319278240203857,0.013375543780961063,0.014690240513029775,0.040260707008977104,68.05250490843295,0.0076963525926520004,0.0033801361358658183,0.004316216456786182,96.49436670303122,0.015606055373945027,0.015094977896901486,0.05545124221098401,0,1,11,1649.5537780858967,0.0,EURUSD=X
2022-11-16 00:00:00+00:00,1.0357863903045654,1.0437324047088623,1.0336451530456543,1.0357863903045654,-0.0008978306983770112,0.016705917766931654,0.030008424319153182,67.45277766298986,0.009424128453072944,0.004588934599307244,0.0048351938537657,79.01217067617448,0.015645845042451253,0.015123204366313054,0.06311648587250655,0,2,11,2064.196570077172,0.0,EURUSD=X
2022-11-17 00:00:00+00:00,1.0395010709762573,1.040571928024292,1.0309491157531738,1.0395010709762573,0.003739182328805546,0.01863343024503691,0.027479451134687194,68.68923769398191,0.010978207381165506,0.005866789155678897,0.005111418225486609,84.19662084944063,0.015371469017167346,0.01510528154154517,0.07013655102508744,0,3,11,2440.7006182296464,0.0,EURUSD=X
2022-11-18 00:00:00+00:00,1.036172866821289,1.0395874977111816,1.0328017473220825,1.036172866821289,0.0035863385602117326,0.019884088862084176,0.03747401248638016,69.87572464044018,0.012367010613382412,0.0071668334472196,0.005200177166162812,89.18774331141378,0.014960850678163832,0.014787352746766375,0.07457659459287558,0,4,11,2856.7988855252624,0.0,EURUSD=X
2022-11-21 00:00:00+00:00,1.0330898761749268,1.0333247184753418,1.022704005241394,1.0330898761749268,-0.003201732300133653,0.020373192951844376,0.016630685562263103,67.41097349057556,0.01304867195260484,0.008343201148296649,0.004705470804308191,84.71589876162949,0.014376914943230639,0.014438566340826759,0.07665644535082651,0,0,11,3354.327484574958,0.0,EURUSD=X
2022-11-22 00:00:00+00:00,1.0245691537857056,1.0290182828903198,1.0243382453918457,1.0245691537857056,-0.0029753632285509646,0.020745996986180407,0.00022725654262822914,65.1195514526444,0.013188097714364355,0.009312180461510191,0.0038759172528541642,80.57352819869668,0.014312053988706665,0.013916422254046252,0.07829211020865279,0,1,11,3689.146116252175,0.0,EURUSD=X
2022-11-23 00:00:00+00:00,1.0311086177825928,1.0382059812545776,1.0298130512237549,1.0311086177825928,-0.008247803589722214,0.020570170213928193,-0.00713099314059662,59.13654680913035,0.012467326964302305,0.009943209762068615,0.002524117202233691,69.12490780094133,0.01391488090259055,0.013968851136914193,0.07827415766795856,0,2,11,3935.0152269634073,0.0,EURUSD=X
2022-11-24 00:00:00+00:00,1.0416233539581299,1.0448229312896729,1.0383676290512085,1.0416233539581299,0.00638264774293118,0.020873962735367624,-0.0045161556144768245,62.02061971124029,0.012282209379654185,0.01041100968558573,0.001871199694068456,77.3868955333769,0.01389501994303923,0.01349506799052326,0.07892639763999408,0,3,11,4169.452056669031,0.0,EURUSD=X
2022-11-25 00:00:00+00:00,1.040810227394104,1.0429050922393799,1.0356147289276123,1.040810227394104,0.010197505863299927,0.02194480128701514,0.0020416361667423555,66.15666455685101,0.01283598840990563,0.010896005430449711,0.001939982979455919,89.34437037108502,0.01388211234047072,0.013339773815783482,0.08213773789516368,0,4,11,4486.13340104483,0.0,EURUSD=X
2022-11-28 00:00:00+00:00,1.0367528200149536,1.0496704578399658,1.0342438220977783,1.0367528200149536,-0.000780633960381194,0.022457026622909056,0.004475469992802683,65.56205162154632,0.013058717002175646,0.011328547744794899,0.001730169257380747,87.46878114264621,0.013411273124134782,0.01333779393696738,0.08412062615388324,0,0,11,4736.7288557149295,0.0,EURUSD=X
2022-11-29 00:00:00+00:00,1.034554123878479,1.039414644241333,1.032545804977417,1.034554123878479,-0.003898316208238106,0.02246731368974401,0.0035456197224477126,62.54138102995191,0.012760734347615266,0.011614985065358973,0.0011457492822562927,76.88804048181464,0.013555227596852834,0.012935844364466107,0.08448852292915382,0,1,11,4745.41111374305,0.0,EURUSD=X
2022-11-30 00:00:00+00:00,1.0324499607086182,1.0394577980041504,1.0292301177978516,1.0324499607086182,-0.002120752501491019,0.021744916066756742,0.009745530651473988,60.90382311161584,0.012206456116231168,0.011733279275533413,0.00047317684069775497,72.95418068582336,0.013077628430214492,0.01310248278363159,0.08194572717114051,0,2,11,4702.900321754875,0.0,EURUSD=X
2022-12-01 00:00:00+00:00,1.042535424232483,1.053141474723816,1.0397928953170776,1.042535424232483,-0.002033884087158655,0.020596517339329733,0.0013008745178659797,59.30349736165556,0.011465234159388826,0.011679670252304496,-0.0002144360929156701,47.89364902446678,0.0128740606999348,0.012666597828371954,0.07777617370936003,0,3,12,4595.556118203004,0.0,EURUSD=X
2022-12-02 00:00:00+00:00,1.052842140197754,1.0545185804367065,1.0434166193008423,1.052842140197754,0.009768476834405293,0.018780452258587616,0.0008756238719946907,64.16403266249417,0.011558385167648177,0.011655413235373233,-9.702806772505547e-05,65.15462463967916,0.013432450222453584,0.012348799283643254,0.07023232078726444,0,4,12,4648.315331561315,0.0,EURUSD=X
2022-12-05 00:00:00+00:00,1.0544185638427734,1.0594117641448975,1.0492409467697144,1.0544185638427734,0.009886202162251445,0.015772123119512687,0.011560140827761023,68.32718925756143,0.012321835405905368,0.01178869766947966,0.0005331377364257081,94.73059052757793,0.013328929221151444,0.012758275632784402,0.05840482045979763,0,0,12,4755.390648700273,0.0,EURUSD=X
2022-12-06 00:00:00+00:00,1.0496923923492432,1.0532081127166748,1.0477018356323242,1.0496923923492432,0.001497302952485846,0.014394003658527731,0.017039494358515483,68.92188603568951,0.012905314995528272,0.012012021134689382,0.0008932938608388896,86.39742536380376,0.013103349803582276,0.012641022908943159,0.05322189812242996,0,1,12,4783.556344409992,0.0,EURUSD=X
2022-12-07 00:00:00+00:00,1.0469011068344116,1.0546187162399292,1.0443755388259888,1.0469011068344116,-0.0044822536852026085,0.013108191459569585,0.014632650067655906,64.98251647390029,0.012838371477993604,0.012177291203350227,0.0006610802746433771,73.52229586882605,0.012647162546929913,0.012483037791915957,0.04868582351173138,0,2,12,4813.872451865833,0.0,EURUSD=X
2022-12-08 00:00:00+00:00,1.051325798034668,1.0563119649887085,1.049163818359375,1.051325798034668,-0.0026591461795627547,0.01188622187814055,0.013996945785028636,62.70302722102232,0.012416949974719316,0.012225222957624045,0.00019172701709527055,65.91822087702604,0.01247544932314495,0.01208057042290463,0.04426494897242651,0,3,12,4786.498694211557,0.0,EURUSD=X
2022-12-09 00:00:00+00:00,1.0559661388397217,1.0588396787643433,1.0520004034042358,1.0559661388397217,0.004226465299703053,0.00930282437738593,0.008431726728764577,64.81029642378394,0.012298239548246048,0.012239826275748447,5.841327249760109e-05,77.97205181747621,0.012256549953941516,0.011866397025989812,0.03449842711051451,0,4,12,4688.8553195564555,1.0,EURUSD=X
2022-12-12 00:00:00+00:00,1.0522217750549316,1.0579211711883545,1.0507071018218994,1.0522217750549316,0.004413799046621314,0.008935688674671954,0.0029672051703601987,66.9211057984553,0.012435251562685767,0.012278911333135911,0.00015634022954985616,90.17599195154614,0.01191778786649393,0.01160695357846305,0.03299133055041496,0,0,12,4563.332324267836,0.0,EURUSD=X
2022-12-13 00:00:00+00:00,1.0541739463806152,1.066894292831421,1.0529308319091797,1.0541739463806152,-0.003545912740065993,0.009139840571159278,-0.00208341247316024,63.605659431948546,0.012102189202988,0.01224356690710633,-0.00014137770411832944,76.17761136257712,0.011581807973634011,0.011326307960003733,0.033865159799332155,0,1,12,4443.792188634077,0.0,EURUSD=X
2022-12-14 00:00:00+00:00,1.062665343284607,1.0669853687286377,1.0620108842849731,1.062665343284607,0.0018552850472817184,0.009302651709273909,0.0042693974578040805,64.59062651623637,0.011859054990424944,0.012166664523770054,-0.00030760953334510975,66.22693464155721,0.011802572959552242,0.010986619441126215,0.03440458128679322,0,2,12,4407.751731619439,0.0,EURUSD=X
2022-12-15 00:00:00+00:00,1.0676347017288208,1.0725586414337158,1.0607378482818604,1.0676347017288208,0.00805502444178785,0.010206063523516487,0.015057999602142713,68.57458479929223,0.012210795688131881,0.012175490756642421,3.530493148946011e-05,88.55781556862027,0.011874633630157257,0.011106575587636561,0.03744411271616267,0,3,12,4429.511955588196,0.0,EURUSD=X
2022-12-16 00:00:00+00:00,1.064056158065796,1.0663254261016846,1.0599396228790283,1.064056158065796,0.00467631552644221,0.01146283238077279,0.015512701889975888,70.65538697132595,0.012743637698259702,0.012289120144965878,0.0004545175532938237,88.63580087270887,0.01187078788170713,0.01112237510726156,0.041859212572799204,0,4,12,4353.700350601808,0.0,EURUSD=X
2022-12-19 00:00:00+00:00,1.05850350856781,1.0659003257751465,1.0577198266983032,1.05850350856781,-0.0033518427765883985,0.01200586097453383,0.007661248716709146,67.20443902582586,0.012730411998622682,0.01237737851569724,0.0003530334829254418,80.37670648698915,0.011572522950856085,0.011156166703912914,0.04398965485575926,0,0,12,4232.134665622013,0.0,EURUSD=X
2022-12-20 00:00:00+00:00,1.0614584684371948,1.065552830696106,1.058066725730896,1.0614584684371948,-0.005218380116402188,0.011859216994043582,0.0059699710287315355,62.13340087921006,0.01213202766432575,0.012328308345422943,-0.0001962806810971926,67.56147755223323,0.011330235531283742,0.01093290939253861,0.043680289463679745,0,1,12,4107.688021552247,0.0,EURUSD=X
2022-12-21 00:00:00+00:00,1.062699317932129,1.0643506050109863,1.0597037076950073,1.062699317932129,0.0027916391825502096,0.010895260501771477,0.006910170832423068,63.70305859080592,0.011760674598097154,0.012214781595957786,-0.0004541069978606319,66.1226301485489,0.011055654776564186,0.010674214647291343,0.04001809457518864,0,2,12,4100.1948575185,0.0,EURUSD=X
2022-12-22 00:00:00+00:00,1.0610079765319824,1.0657458305358887,1.05840265750885,1.0610079765319824,0.0011690042821561608,0.010352102506673086,3.1971163581001605e-05,64.37094886144061,0.011434688826738038,0.012058763042113837,-0.0006240742153757993,66.16801862055706,0.010597886386522386,0.010403370539539835,0.037978687843805876,0,3,12,4133.4462317532725,0.0,EURUSD=X
2022-12-23 00:00:00+00:00,1.060333013534546,1.063117265701294,1.0587948560714722,1.060333013534546,-0.0015915521649506603,0.01031921062905009,-0.00620692188639782,62.67798773383672,0.010914055203846695,0.01182982147446041,-0.0009157662706137139,59.01563762335196,0.01036540686084497,0.009988507740688912,0.03791836669536506,0,4,12,4031.301512594109,0.0,EURUSD=X
2022-12-26 00:00:00+00:00,1.0667804479599,1.0637166500091553,1.060895323753357,1.0667804479599,-0.0006361526137086404,0.010113031778035334,-0.0034990113097205233,61.977461779869074,0.010327931468693707,0.01152944347330707,-0.0012015120046133618,56.620716784326,0.009933764201486171,0.0097756145744181,0.037184408929965544,0,0,12,3848.1893115383555,0.0,EURUSD=X
2022-12-27 00:00:00+00:00,1.064022183418274,1.0668998956680298,1.0612443685531616,1.064022183418274,0.006080575010922296,0.009780371579320097,0.007819472798242133,65.89828335252763,0.010265345744671084,0.011276623927579872,-0.001011278182908788,79.49766725743072,0.009465897935280685,0.009311910637735628,0.035743913597873225,0,1,12,3766.726609819506,0.0,EURUSD=X
2022-12-28 00:00:00+00:00,1.0637166500091553,1.067429542541504,1.0613908767700195,1.0637166500091553,-0.0025855972022179596,0.008766955182889684,0.002415275827846397,62.90955625082803,0.009879294849370668,0.010997158111938032,-0.0011178632625673639,63.51133757961784,0.009193728590965506,0.008896335135486155,0.03212328108546269,0,2,12,3665.684729715119,0.0,EURUSD=X
2022-12-29 00:00:00+00:00,1.062925100326538,1.0670194625854492,1.0612331628799438,1.062925100326538,-0.0002871494728964308,0.006924835710872324,0.000957309428791131,62.57102954581058,0.009439875729540637,0.010685701635458553,-0.001245825905917916,59.536071225941605,0.00896836696100257,0.008643024052398142,0.025380800251600985,0,3,12,3558.000110662857,0.0,EURUSD=X
2022-12-30 00:00:00+00:00,1.066075325012207,1.0697933435440063,1.0639203786849976,1.066075325012207,-0.0007441358397561881,0.006025361408715754,0.0018068891440590207,61.645517718275514,0.008924880994541473,0.010333537507275137,-0.001408656512733664,55.91367346048095,0.008741076442752769,0.008437440190515233,0.022100506794264126,0,4,12,3427.87741308577,1.0,EURUSD=X
2023-01-02 00:00:00+00:00,1.0709733963012695,1.071237325668335,1.0653257369995117,1.0709733963012695,0.002963731578736084,0.006078377509030916,0.005415573602221002,63.93205410260678,0.008670987020455323,0.010001027409911175,-0.0013300403894558523,66.96872153051929,0.008607302640946732,0.008199304718597328,0.022229084245978043,0,0,1,3269.196837542576,0.0,EURUSD=X
2023-01-03 00:00:00+00:00,1.0677714347839355,1.068261981010437,1.0521553754806519,1.0677714347839355,0.004594488939143604,0.006487910609946249,0.00393046980696754,67.20567882599045,0.008763981906888985,0.009753618309306739,-0.000989636402417754,89.31690191762334,0.008414751642937911,0.008036896780697866,0.023618263781731177,0,1,1,3189.9344164493655,0.0,EURUSD=X
2023-01-04 00:00:00+00:00,1.0546854734420776,1.063151240348816,1.0545964241027832,1.0546854734420776,-0.0029897675594858786,0.00620657046764515,0.0035236590214846597,63.16932343718787,0.008481539581123743,0.00949920256367014,-0.0010176629825463974,76.53705705354795,0.009157842298486466,0.00788066749944537,0.02266184090116384,0,2,1,3037.765814354289,1.0,EURUSD=X
2023-01-05 00:00:00+00:00,1.0606365203857422,1.06326425075531,1.0515578985214233,1.0606365203857422,-0.012255395598315344,0.005472563908113649,-0.008490208898206064,49.96241766466369,0.007119702784878612,0.009023302607911836,-0.0019035998230332238,13.259116267156449,0.009444782897248314,0.00868300790054392,0.02022971067464409,0,3,1,2730.7544189126625,1.0,EURUSD=X
2023-01-06 00:00:00+00:00,1.0522217750549316,1.062225103378296,1.0485258102416992,1.0522217750549316,0.005642484981084106,0.004935699931494577,-0.0021530961495714873,54.61000359846475,0.0064463278114190725,0.008507907648613283,-0.0020615798371942107,46.13255150439476,0.009606323564151057,0.008904825277761836,0.018142785489780856,0,4,1,2457.8649911256016,1.0,EURUSD=X
2023-01-09 00:00:00+00:00,1.0656323432922363,1.0759514570236206,1.0652804374694824,1.0656323432922363,-0.007933674891517195,0.005235168354536179,-0.01299490723801977,47.84319941167306,0.005174030665522356,0.007841132251995097,-0.0026671015864727417,16.273527960612647,0.009898678533611458,0.009129561649348642,0.019397473240639507,0,0,1,2128.2512906666825,1.0,EURUSD=X
2023-01-10 00:00:00+00:00,1.073318362236023,1.0756852626800537,1.0713175535202026,1.073318362236023,0.012745001629152375,0.004793706448302838,-0.004987101479345002,56.990043813061995,0.005188042269114623,0.007310514255419003,-0.00212247198630438,62.374219235600684,0.01088660735040271,0.009289018483644945,0.01753823302946769,0,1,1,1952.740452766421,1.0,EURUSD=X
2023-01-11 00:00:00+00:00,1.0738946199417114,1.077470064163208,1.0726851224899292,1.0738946199417114,0.007212636696105612,0.004972987981569732,0.005194864061155435,61.19085687678644,0.0057530267487084785,0.006999016754076898,-0.0012459900053684199,90.39915153675298,0.010827058210218043,0.010142943355336673,0.01806386356219192,0,2,1,1857.5033172148612,1.0,EURUSD=X
2023-01-12 00:00:00+00:00,1.0766000747680664,1.0838346481323242,1.0738024711608887,1.0766000747680664,0.0005368935499137084,0.005497200520425605,0.018213151677288986,61.49451640743598,0.006176086123787394,0.006834430628018998,-0.0006583445042316035,87.64713634978295,0.010395478457579526,0.010082049028987324,0.01995729634912351,0,3,1,1758.4514897368322,1.0,EURUSD=X
2023-01-13 00:00:00+00:00,1.0860239267349243,1.0867793560028076,1.0780625343322754,1.0860239267349243,0.0025192926532231485,0.0061437994656800415,0.0150509190240955,62.95984129437393,0.006652979909512524,0.006798140484317703,-0.00014516057480517923,79.51058772687986,0.010369528351426386,0.009655840363766498,0.022248688734535543,0,4,1,1679.5343532368272,1.0,EURUSD=X
2023-01-16 00:00:00+00:00,1.082461953163147,1.0875475406646729,1.080263614654541,1.082461953163147,0.008753345079312025,0.007820476010974978,0.03212455062358699,67.58689771646932,0.007702557477912375,0.006979023883036638,0.0007235335948757374,98.02520458469152,0.010355939271663159,0.009548158282849113,0.028074730024282336,0,0,1,1726.372473208573,0.0,EURUSD=X
2023-01-17 00:00:00+00:00,1.0830129384994507,1.086909294128418,1.0787020921707153,1.0830129384994507,-0.0032798297386377184,0.008503308544840648,0.01579307345244052,64.31649491812806,0.008152951612922621,0.007213809429013835,0.0009391421839087862,86.96729374530302,0.01013650975298235,0.009567023802916358,0.030626480457748642,0,1,1,1723.2113788963866,0.0,EURUSD=X
2023-01-18 00:00:00+00:00,1.0793308019638062,1.0884472131729126,1.0767043828964233,1.0793308019638062,0.0005090112725842921,0.009150407198199274,0.009032339895155728,64.60182895973624,0.008456866627431392,0.007462420868697347,0.0009944457587340453,88.37928990829052,0.009998702053319514,0.009359546310708726,0.03294037733498512,0,2,1,1752.3980941221112,0.0,EURUSD=X
2023-01-19 00:00:00+00:00,1.0797853469848633,1.0833063125610352,1.0782949924468994,1.0797853469848633,-0.003399900781191234,0.009419992475700833,0.0050621186857140454,61.086424361514425,0.008304870443619938,0.007630910783681865,0.000673959659938073,77.16410110933604,0.01012328264068878,0.009263797563385768,0.03402653911970267,0,3,1,1863.024243221638,0.0,EURUSD=X
2023-01-20 00:00:00+00:00,1.083388328552246,1.0856584310531616,1.0804619789123535,1.083388328552246,0.00042113596705495304,0.009561197821895928,0.0029586401593768574,61.365912168320534,0.008127402717884813,0.007730209170522456,0.0003971935473623574,78.30270092718396,0.009758142460220706,0.009375273214214762,0.03452205722934707,0,4,1,1964.883492090464,0.0,EURUSD=X
2023-01-23 00:00:00+00:00,1.0864723920822144,1.0919533967971802,1.0847516059875488,1.086507797241211,0.0033367572336886475,0.009783776114143902,-0.0024268325197972507,63.597736145864246,0.008183158411440461,0.007820799018706057,0.0003623593927344036,87.32788867820297,0.00948063828936911,0.009007058875427161,0.03520822633474266,0,0,1,2125.038900201145,0.0,EURUSD=X
2023-01-24 00:00:00+00:00,1.0874292850494385,1.089680790901184,1.0839285850524902,1.0874292850494385,0.0028793633886876613,0.010349813403837206,0.0037376316703245926,65.45826617278371,0.008382432785722704,0.007933125772109388,0.00044930701361331656,87.46050612549651,0.009415240429052322,0.008725789463675937,0.03713825266988051,0,1,1,2167.5921285884797,0.0,EURUSD=X
2023-01-25 00:00:00+00:00,1.088814616203308,1.0922634601593018,1.0858116149902344,1.088814616203308,0.0008481189095626007,0.010757368026001511,0.004077833600129255,66.01090517940057,0.008516542131634663,0.008049809044014443,0.00046673308762022053,89.58240117266955,0.00915359510188386,0.008658255353702628,0.03856797137336377,0,2,1,2169.670717468821,0.0,EURUSD=X
2023-01-26 00:00:00+00:00,1.0922038555145264,1.0932546854019165,1.0851635932922363,1.0922038555145264,0.0012739505666399253,0.011098082315470057,0.008786753998168528,66.86908735885375,0.008635069692624953,0.008166861173736545,0.0004682085188884074,92.11470217880719,0.00896061296382554,0.008406936282507308,0.039738895617635626,0,3,1,2261.372389512259,0.0,EURUSD=X
2023-01-27 00:00:00+00:00,1.0894432067871094,1.0901559591293335,1.0838816165924072,1.0894432067871094,0.00311277903582563,0.011474651770694656,0.011500904845893611,68.9355915862379,0.008899894482413906,0.008313467835472018,0.0005864266469418882,96.24358127543519,0.008898504331386585,0.008204157967931988,0.04095977886273671,0,4,1,2363.270282308278,0.0,EURUSD=X
2023-01-30 00:00:00+00:00,1.0871455669403076,1.0915005207061768,1.0854581594467163,1.0871455669403076,-0.0025275947466020243,0.011648753245496852,0.005588834654471908,65.35952666389332,0.008785732302626581,0.00840792072890293,0.00037781157372365065,82.625446957429,0.00885734251643891,0.008167937783217975,0.04168661626414484,0,0,1,2408.2050240781577,0.0,EURUSD=X
2023-01-31 00:00:00+00:00,1.0850694179534912,1.0868383646011353,1.0804152488708496,1.0850694179534912,-0.0021090037851332344,0.011790260211846126,0.0005869904484037125,62.455580086389475,0.008412879184784838,0.008408912420079313,3.966764705525677e-06,70.3002028397566,0.008656272426654734,0.008147338117164253,0.04228219110714831,0,1,1,2388.0553044620938,0.0,EURUSD=X
2023-02-01 00:00:00+00:00,1.0860947370529175,1.092442512512207,1.085293173789978,1.0860947370529175,-0.0019097249254850235,0.011671718869094015,-0.0021701338453837815,59.867189341600735,0.007859265806504201,0.008298983097364291,-0.0004397172908600904,57.92115310368496,0.008518704258283539,0.007977620863171137,0.041937166999710604,0,2,2,2308.959692733457,0.0,EURUSD=X
2023-02-02 00:00:00+00:00,1.1012852191925049,1.102657437324524,1.088767170906067,1.1012852191925049,0.0009449341051008808,0.010354483863241476,-0.0024980185882099715,60.73270473222796,0.007417750685509095,0.008122736614993253,-0.000704985929484158,56.738262961522395,0.008436874994028702,0.007843426514890187,0.0371691423661656,0,3,2,2279.2753710002744,0.0,EURUSD=X
2023-02-03 00:00:00+00:00,1.0905125141143799,1.094067931175232,1.0811045169830322,1.0905125141143799,0.013986332519027034,0.01035321900555051,0.008314714906129339,70.78522502870774,0.00819907786184193,0.008138004864362988,6.107299747894201e-05,94.71269119470855,0.009017291085284254,0.007660935466122818,0.03665197523593729,0,4,2,2371.2446104672567,0.0,EURUSD=X
2023-02-06 00:00:00+00:00,1.079086184501648,1.0800302028656006,1.0718343257904053,1.079086184501648,-0.009781939220090408,0.007780849698095231,0.0009815172747040801,59.20894132208942,0.007858430909866598,0.008082090073463711,-0.0002236591635971126,53.204262551100086,0.009814677594154855,0.0082688561282649,0.027817504468269954,0,0,2,2359.7833180705634,0.0,EURUSD=X
2023-02-07 00:00:00+00:00,1.0730764865875244,1.0745997428894043,1.0669511556625366,1.0730764865875244,-0.010477944512183313,0.006612455252209943,-0.007413342503287956,49.88927436757483,0.006590485426706483,0.007783769144112266,-0.001193283717405783,23.527341498977037,0.010447785503427693,0.009095360254924908,0.02389067430691164,0,1,2,2240.3524145416236,1.0,EURUSD=X
2023-02-08 00:00:00+00:00,1.0729728937149048,1.0760208368301392,1.0716849565505981,1.0729728937149048,-0.005569247387685716,0.006634302840897,-0.011052685816715924,45.805503765693906,0.0050425694974434165,0.007235529214778496,-0.0021929597173350798,17.154771205170835,0.010568302884547952,0.009736291526294225,0.02410384952783333,0,2,2,2030.2080530918065,1.0,EURUSD=X
2023-02-09 00:00:00+00:00,1.0715816020965576,1.0790396928787231,1.0711569786071777,1.0715816020965576,-9.653820013244552e-05,0.006714989821905041,-0.012081674729055747,45.736005446793754,0.0037640858536529542,0.006541240542553388,-0.0027771546889004337,16.864646140902625,0.01012312984133317,0.009849552534321536,0.024399358158989786,0,3,2,1792.506053629505,1.0,EURUSD=X
2023-02-10 00:00:00+00:00,1.0742292404174805,1.0751763582229614,1.0669283866882324,1.0742292404174805,-0.0012966698660300535,0.0071084480458910755,-0.026971774957378236,44.753894735365996,0.0026085430879245752,0.005754701051627626,-0.0031461579637030506,12.968156353705522,0.009963100157776902,0.009446905230107711,0.02586254974087045,0,4,2,1537.320525588195,1.0,EURUSD=X
2023-02-13 00:00:00+00:00,1.0677714347839355,1.0725010633468628,1.065723180770874,1.0677714347839355,0.002470776201964231,0.007436223838948596,-0.014931762346737765,47.08265835831007,0.001884683942792842,0.00498069762986067,-0.003096013687067828,20.43394268593373,0.009840590970416337,0.009274649937759017,0.026988408705773098,0,0,2,1285.356704645652,0.0,EURUSD=X
2023-02-14 00:00:00+00:00,1.0730419158935547,1.0798436403274536,1.0709964036941528,1.0730419158935547,-0.00601157126484031,0.00824369777025608,-0.010485492150877573,42.389229307981516,0.0007809273660930316,0.004140743577107142,-0.0033598162110141105,5.5456754898701535,0.009745267304429915,0.009216008829087649,0.030099934944862215,0,1,2,1007.4632233371185,0.0,EURUSD=X
2023-02-15 00:00:00+00:00,1.0735719203948975,1.0744600296020508,1.0665984153747559,1.0735719203948975,0.004935963763336382,0.008535220632694407,-3.221643042394806e-05,47.03018785159979,0.00032769859974712823,0.0033781345816351394,-0.003050435981888011,19.81557449802632,0.009911477178650497,0.009081907388785213,0.03101129190285796,0,2,2,798.9403956122588,0.0,EURUSD=X
2023-02-16 00:00:00+00:00,1.0691757202148438,1.0722250938415527,1.0655754804611206,1.0691757202148438,0.000493927118309756,0.008740258651868687,0.0005582868714593126,47.48830235689795,1.1149941323784773e-05,0.0027047376535728686,-0.002693587712249084,21.250568865850944,0.009765058396410814,0.0092322433088644,0.03174058560282233,0,3,2,607.2077892908893,0.0,EURUSD=X
2023-02-17 00:00:00+00:00,1.0665756464004517,1.0681477785110474,1.0613795518875122,1.0665756464004517,-0.004094928431470746,0.009201186202404054,-0.0022451690818569014,44.08268220834671,-0.0005876793631582888,0.002046254250226637,-0.002633933613384926,9.70887207216475,0.009638728506222674,0.009133258651298768,0.033551854179818305,0,4,2,285.765050872686,0.0,EURUSD=X
2023-02-20 00:00:00+00:00,1.0684444904327393,1.0705492496490479,1.0671560764312744,1.0684444904327393,-0.0024318489142922672,0.00978088970619279,-0.007124730671131618,42.157052820576375,-0.001257563716670962,0.0013854906568471174,-0.002643054373518079,12.588083081117297,0.009507117064873307,0.009037079122097037,0.03575267100735079,0,0,2,24.01977244528366,0.0,EURUSD=X
2023-02-21 00:00:00+00:00,1.068261981010437,1.0695644617080688,1.0644866228103638,1.068261981010437,0.0017521907973379047,0.010054257673057232,0.0006303368182347668,44.04889719919616,-0.0016189890997055922,0.0007845947055365755,-0.0024035838052421676,17.115553450546404,0.009111866077996371,0.00889809171183311,0.03668764552824479,0,1,2,-160.04922461906847,0.0,EURUSD=X
2023-02-22 00:00:00+00:00,1.065200924873352,1.0665528774261475,1.0619093179702759,1.065200924873352,-0.00017081787957773376,0.010208740597875358,-0.004454564926419713,43.897897655995,-0.001898266272811755,0.0002480225098669094,-0.0021462887826786646,16.673405263036297,0.008823721279404137,0.008529617490812253,0.037257712769250294,0,2,2,-288.04916501861345,0.0,EURUSD=X
2023-02-23 00:00:00+00:00,1.0605803728103638,1.0630381107330322,1.0582010746002197,1.0605803728103638,-0.002865454534092482,0.010368172291820084,-0.007797330912368006,41.338343347559245,-0.0023396273250946287,-0.00026950745712539824,-0.0020701198679692304,11.690310346085118,0.008647217119458208,0.008283621496529624,0.037948312172910365,0,3,2,-450.2194791429421,0.0,EURUSD=X
2023-02-24 00:00:00+00:00,1.0598047971725464,1.0614246129989624,1.053774118423462,1.0598047971725464,-0.004337728174182431,0.010456814281936755,-0.00803922801646939,37.75941396123428,-0.003027351649428134,-0.0008210762955859455,-0.0022062753538421884,10.899648310360647,0.008529548059006358,0.008153287898911897,0.03843948876324266,0,4,2,-714.1189343020108,0.0,EURUSD=X
2023-02-27 00:00:00+00:00,1.0554758310317993,1.0618642568588257,1.0533522367477417,1.0554758310317993,-0.0007312747413590337,0.010574171392774922,-0.006348212853683588,37.17758384479234,-0.0035935365510033623,-0.001375568346669429,-0.0022179682043339333,23.13306232194872,0.008466758524470226,0.008048225561690553,0.03889934229665874,0,0,2,-942.3044094097337,0.0,EURUSD=X
2023-02-28 00:00:00+00:00,1.0611205101013184,1.0645002126693726,1.058234691619873,1.0611205101013184,-0.004084682530496431,0.010972069144931654,-0.012137887851981333,34.026015290864734,-0.004341507359180374,-0.001968756149171618,-0.0023727512100087562,8.016163725216671,0.008469991494942637,0.0080217455251376,0.040528640580288516,0,1,2,-1089.190266589832,0.0,EURUSD=X
2023-03-01 00:00:00+00:00,1.0577309131622314,1.0691070556640625,1.0565686225891113,1.0577309131622314,0.0053479946234307185,0.010902574237593254,-0.006685130647787085,41.04401355482762,-0.004427760717771179,-0.0024605570628915305,-0.001967203654879648,29.323751496224563,0.008509590790844823,0.007982120234518794,0.040057711790977425,0,2,3,-1200.228659681096,0.0,EURUSD=X
2023-03-02 00:00:00+00:00,1.066894292831421,1.067270040512085,1.0583466291427612,1.066894292831421,-0.0031943562553166105,0.010802336401422644,-0.007012772460753158,38.40226847246083,-0.004715274521292168,-0.002911500554571658,-0.0018037739667205095,16.528669012626786,0.008797365239709563,0.008045137647914851,0.03981661121478899,0,3,3,-1342.776367853285,0.0,EURUSD=X
2023-03-03 00:00:00+00:00,1.0599732398986816,1.062925100326538,1.0591312646865845,1.0599732398986816,0.008663242754052058,0.0080181901386691,0.005953268778985832,48.123175229001944,-0.004155817447633492,-0.003160363933184025,-0.0009954535144494668,51.1186809824233,0.008850348247576988,0.008245770268732357,0.029300616124499863,0,4,3,-1400.0944501372855,0.0,EURUSD=X
2023-03-06 00:00:00+00:00,1.0626201629638672,1.0693814754486084,1.062304139137268,1.0626201629638672,-0.006487102779762277,0.006401739708903579,0.00015893750111772853,42.64862700051282,-0.004222243422191907,-0.0033727398309856015,-0.0008495035912063054,24.993025118572984,0.008772682525952662,0.00834959592793395,0.02354642100121098,0,0,3,-1484.3842006272262,1.0,EURUSD=X
2023-03-07 00:00:00+00:00,1.0688328742980957,1.06963312625885,1.0571606159210205,1.0688328742980957,0.002497160273063681,0.005829775683310164,0.00676882570118531,45.21550656482452,-0.004015019272589626,-0.0035011957193064065,-0.0005138235532832196,43.90760455200068,0.00881807917052224,0.00825570870167176,0.02138925145297655,0,1,3,-1501.7764865777556,1.0,EURUSD=X
2023-03-08 00:00:00+00:00,1.05507493019104,1.0573283433914185,1.0526647567749023,1.05507493019104,0.005846596508106927,0.005648598760729094,0.007268132246393888,50.78347954989057,-0.0033113080600841727,-0.00346321818746196,0.00015191012737778746,82.02593530701061,0.00907910996818705,0.00825019456508866,0.0206040557999584,0,2,3,-1491.3720684395576,1.0,EURUSD=X
2023-03-09 00:00:00+00:00,1.0549525022506714,1.0586491823196411,1.053851842880249,1.0549525022506714,-0.012871932027811672,0.0059287689416967215,-0.002511019521260871,40.87596834222592,-0.003819731476945254,-0.0035345208453586192,-0.0002852106315866347,13.476330769333316,0.0095854676506875,0.008605180265768533,0.021908014279950806,0,3,3,-1604.9840480775722,1.0,EURUSD=X
2023-03-10 00:00:00+00:00,1.0584698915481567,1.0698620080947876,1.0575743913650513,1.0584698915481567,-0.00011603719969588422,0.00616261948825265,-0.011193040079966354,40.79968834832019,-0.004184305539792321,-0.00366447778424536,-0.0005198277555469614,12.791782757655339,0.00924345849273783,0.009086160400811923,0.02277478261785765,0,4,3,-1624.821249272256,1.0,EURUSD=X
2023-03-13 00:00:00+00:00,1.0683646202087402,1.0737217664718628,1.0652350187301636,1.0683646202087402,0.0033341684009291495,0.005848148116936896,-0.0014182889661145115,44.03125235756897,-0.004141666636072072,-0.0037599155546107024,-0.0003817510814613698,33.75617803841648,0.009648176160693427,0.0087328497168852,0.021540791079241377,0,0,3,-1646.1223086834227,1.0,EURUSD=X
2023-03-14 00:00:00+00:00,1.0725010633468628,1.0747140645980835,1.0679652690887451,1.0725010633468628,0.009348143711590318,0.005871454797769864,0.0054059366131831155,51.9734124036212,-0.003271738523354939,-0.00366228014835955,0.0003905416250046109,74.55884600795974,0.010048440358051471,0.009030789655696703,0.02142634128319363,0,1,3,-1542.8305795624506,1.0,EURUSD=X
2023-03-15 00:00:00+00:00,1.0727657079696655,1.0760092735290527,1.052033543586731,1.0727657079696655,0.003871752264984485,0.005827283406622264,0.003431957546380593,54.85736303972859,-0.0022229134721925004,-0.00337440681312614,0.0011514933409336398,89.9633980850224,0.00981275144028625,0.00936916586981663,0.021183133479055732,0,2,3,-1444.3992146731412,1.0,EURUSD=X
2023-03-16 00:00:00+00:00,1.0583354234695435,1.063456416130066,1.0555092096328735,1.0583354234695435,0.00024675464840751005,0.005757635931148915,0.01676731886276772,55.04336630807278,-0.0013547408442811104,-0.0029704736193571345,0.0016157327750760241,86.47146273673324,0.010824392761860216,0.009147152418637644,0.020924790162952664,0,3,3,-1307.860526319899,1.0,EURUSD=X
2023-03-17 00:00:00+00:00,1.0614134073257446,1.0669625997543335,1.0612106323242188,1.0614134073257446,-0.01345147816798975,0.005719302423532677,0.003206704767896973,44.32002457544839,-0.0018102437786133851,-0.002738427651208385,0.0009281838725949997,26.284413020887715,0.011283828874355343,0.010227752489257691,0.021068883562525703,0,4,3,-1310.2862583734543,1.0,EURUSD=X
2023-03-20 00:00:00+00:00,1.0678855180740356,1.0730534791946411,1.0632416009902954,1.0678855180740356,0.002908325458965244,0.005670420905764917,0.0027809159250458126,46.70502021487789,-0.0019009525645201641,-0.002570932633870741,0.0006699800693505766,39.122328127563726,0.011094067975100678,0.010630946242506214,0.020828237531404715,0,0,3,-1210.4438041440455,1.0,EURUSD=X
2023-03-21 00:00:00+00:00,1.071914792060852,1.0787253379821777,1.070491909980774,1.071914792060852,0.006097634252235196,0.005642657602047881,-0.0004484444033826529,51.4173338206162,-0.001434063689631726,-0.002343558845022938,0.0009094951553912118,66.11675442390975,0.01113306825322895,0.010388817703145906,0.02060064389842991,0,1,3,-1083.864352869624,1.0,EURUSD=X
2023-03-22 00:00:00+00:00,1.0774236917495728,1.0801469087600708,1.0759514570236206,1.0774236917495728,0.003773132904811183,0.005882340041612032,-0.0005466393517421508,54.13617416745264,-0.0007305013905327673,-0.002020947354124904,0.0012904459635921365,74.48449579512923,0.011112121942865602,0.010386150406437278,0.021394968733138824,0,2,3,-980.1850315288409,1.0,EURUSD=X
2023-03-23 00:00:00+00:00,1.0870392322540283,1.0928997993469238,1.0868619680404663,1.0870392322540283,0.005139307461304199,0.006701427222150215,0.004342032696704079,57.62763974778788,0.0002685038205740842,-0.0015630571191851063,0.0018315609397591905,90.31344346823163,0.010906407282605113,0.010313604599525003,0.024249488275104664,0,3,3,-728.9082889966002,1.0,EURUSD=X
2023-03-24 00:00:00+00:00,1.0835057497024536,1.0839003324508667,1.0718917846679688,1.0835057497024536,0.008924567538366901,0.008454812779479529,0.027121655524280808,62.93196953122744,0.0018151920026163726,-0.0008874072948248106,0.002702599297441183,85.65915329438087,0.01123281444794411,0.010033131242181711,0.03032358683672298,0,4,3,-437.11656088093883,1.0,EURUSD=X
2023-03-27 00:00:00+01:00,1.077818512916565,1.0795999765396118,1.074806571006775,1.077818512916565,-0.00325055660065543,0.009315840999789339,0.020814078872784414,59.96144016897747,0.0027244255371094983,-0.00016504072843794885,0.002889466265547447,77.01269795893364,0.011512431100666643,0.010367101836818866,0.03352066618892287,0,0,3,-160.8385585496036,0.0,EURUSD=X
2023-03-28 00:00:00+01:00,1.0807071924209595,1.08489990234375,1.0804035663604736,1.0807071924209595,-0.005248921648501104,0.009312544220723319,0.009301554028416703,55.42658241153499,0.0029520577018737892,0.00045837895762439873,0.0024936787442493905,63.09599166887877,0.011311484500310363,0.010681233401265425,0.03368561673735372,0,1,3,10.112639327529571,0.0,EURUSD=X
2023-03-29 00:00:00+01:00,1.0839520692825317,1.0871999263763428,1.0821340084075928,1.0839520692825317,0.002680116800534149,0.009659466363271078,0.008202517984851498,57.197285166047294,0.003327196279155231,0.0010321424219305654,0.002295053857224666,70.1646096537159,0.011009334852229985,0.010466743054583363,0.03484711965782121,0,2,3,142.8620911040549,0.0,EURUSD=X
2023-03-30 00:00:00+01:00,1.0843634605407715,1.0923947095870972,1.0826963186264038,1.0843634605407715,0.0030025495197298913,0.009937600997020651,0.006059248170381171,59.15992152693773,0.0038420420790405974,0.001594122353352572,0.0022479197256880254,78.10484494371534,0.010686720502455224,0.010156662055654424,0.03574318678605068,0,3,3,364.6513077674374,0.0,EURUSD=X
2023-03-31 00:00:00+01:00,1.0904649496078491,1.0925856828689575,1.086059331893921,1.0904649496078491,0.00037952901230409175,0.010449022510652124,-0.0024615226698934123,59.414010713567755,0.004234444876428212,0.0021221868579677,0.002112258018460512,79.11152209234827,0.010616125535186519,0.009855293811842167,0.037568390017426685,0,4,3,665.6277282477138,0.0,EURUSD=X
2023-04-03 00:00:00+01:00,1.0803335905075073,1.0915720462799072,1.078934907913208,1.0803335905075073,0.005626793311566347,0.011055170533180392,0.006422854615498519,63.08257764516335,0.004980355656069246,0.0026938206175880094,0.002286535038481237,94.04190647324619,0.010445132448972199,0.009735411980920863,0.03952533226215138,0,0,4,985.4215771009541,0.0,EURUSD=X
2023-04-04 00:00:00+01:00,1.091226577758789,1.0971648693084717,1.0883879661560059,1.091226577758789,-0.009290861759458813,0.010980178759719518,0.0023334889508779266,54.304965137792635,0.004699802912386808,0.0030950170765477692,0.0016047858358390387,69.2504032834419,0.010601704300238416,0.009668432547825713,0.03962536948978886,0,1,4,1118.3339680861782,0.0,EURUSD=X
2023-04-05 00:00:00+01:00,1.0960105657577515,1.0969241857528687,1.0905362367630005,1.0960105657577515,0.010082984873371004,0.011673591614816322,0.009733797842378156,60.645493057739834,0.005295393872140952,0.003535092435666406,0.0017603014364745463,85.74433439314546,0.011046673907433125,0.009715401472362118,0.04170723076360106,0,2,4,1288.8511594852305,0.0,EURUSD=X
2023-04-06 00:00:00+01:00,1.090334177017212,1.0930156707763672,1.0885539054870605,1.090334177017212,0.004384046445045309,0.011782659235488513,0.011124566128833724,63.06916221201437,0.006083307269333815,0.0040447354023998875,0.0020385718669339277,96.78952010238523,0.01071390784189277,0.010078984867993275,0.041913156676138784,0,3,4,1482.84978397477,0.0,EURUSD=X
2023-04-07 00:00:00+01:00,1.0920130014419556,1.0925379991531372,1.0881037712097168,1.0920130014419556,-0.005179136878680546,0.011096750760407623,0.005506194826467858,58.46803648047466,0.006178475561116281,0.004471483434143167,0.0017069921269731144,79.86428599039249,0.010481247301092638,0.009826260671019616,0.039678751647748645,0,4,4,1682.7557582107424,0.0,EURUSD=X
2023-04-10 00:00:00+01:00,1.0913575887680054,1.0918222665786743,1.0832475423812866,1.0913575887680054,0.0015397338358560386,0.010552233169054398,0.0014196254860490143,59.41116623066897,0.006316550951112054,0.0048404969375369445,0.0014760540135751099,80.68505334102052,0.010049317346973192,0.009598097538447443,0.0376737077091337,0,0,4,1860.3895104155818,0.0,EURUSD=X
2023-04-11 00:00:00+01:00,1.086932897567749,1.0926692485809326,1.0868029594421387,1.086932897567749,-0.0006001876104815285,0.010537040003600246,0.010204253905795158,58.849310776468066,0.006300462556735553,0.005132490061376667,0.0011679724953588865,77.02187673933757,0.009957613183665745,0.009208088577381413,0.0376420571864273,0,1,4,1998.8513857836394,0.0,EURUSD=X
2023-04-12 00:00:00+01:00,1.0917507410049438,1.099855899810791,1.091524362564087,1.0917507410049438,-0.004054300117389831,0.010449297481392828,-0.003934728385976971,55.06338378508536,0.0058630907268559795,0.00527861019447253,0.0005844805323834499,59.51435336735753,0.009665375751889188,0.009161203240741071,0.037480567135936976,0,2,4,2055.511016152099,0.0,EURUSD=X
2023-04-13 00:00:00+01:00,1.0999890565872192,1.1068999767303467,1.0981649160385132,1.0999890565872192,0.0044325122994950394,0.010496400657324401,-0.0038866639482280085,58.21548813571476,0.005837934032033143,0.005390474961984653,0.0004474590700484903,71.0158581294228,0.009898063358400103,0.008853097496405015,0.037483375911789706,0,3,4,2077.561889875765,0.0,EURUSD=X
2023-04-14 00:00:00+01:00,1.1054610013961792,1.1075423955917358,1.0978032350540161,1.1054610013961792,0.0075459674748579175,0.009597788431390196,0.008854972882185397,62.99546306504178,0.006408882775905678,0.005594156524768858,0.0008147262511368197,78.46623009520131,0.0102731470989003,0.008998328937116364,0.03401767297430543,0,4,4,2148.6503580386297,0.0,EURUSD=X
2023-04-17 00:00:00+01:00,1.098659634590149,1.0999042987823486,1.0910717248916626,1.098659634590149,0.004974544770415257,0.009105497946674077,0.012314871651222248,65.7944140165364,0.007219680006994578,0.005919261221214002,0.0013004187857805754,92.7243027456798,0.010235005201673116,0.009293088662490566,0.03211308794474817,0,0,4,2244.7097692187053,0.0,EURUSD=X
2023-04-18 00:00:00+01:00,1.0925379991531372,1.0983458757400513,1.0922753810882568,1.0925379991531372,-0.006152516278222664,0.00835969853728727,0.006690791265204554,59.74540798248547,0.0072300852718167885,0.00618142603133456,0.0010486592404822283,68.9495243294149,0.010531738866161936,0.00931590174011558,0.02966533396230033,0,1,4,2368.0777312901964,0.0,EURUSD=X
2023-04-19 00:00:00+01:00,1.0975382328033447,1.098659634590149,1.0918341875076294,1.0975382328033447,-0.0055719125780892,0.007489659278198938,0.005156805537794407,54.856839273429806,0.006667507820257157,0.00627864238911908,0.000388865431138077,47.550806952332934,0.010235489911571234,0.009639700288983486,0.02672682094494864,0,2,4,2373.196094239377,1.0,EURUSD=X
2023-04-20 00:00:00+01:00,1.095218300819397,1.0989010334014893,1.0934339761734009,1.095218300819397,0.004576713719873782,0.007184342483356857,0.005301110941379861,57.88788029440652,0.006549638053151341,0.006332841521925533,0.00021679653122580814,65.02956533334445,0.009991915423781828,0.009325861829366644,0.02552049909335617,0,3,4,2360.2222962466635,1.0,EURUSD=X
2023-04-21 00:00:00+01:00,1.0970927476882935,1.099251389503479,1.0939722061157227,1.0970927476882935,-0.0021137596072823284,0.0072335755518589655,-0.004337093845845907,56.00888197515299,0.006197584395837286,0.006305790096707883,-0.00010820570087059778,56.92003817032466,0.009668711266946583,0.009123218098443289,0.025749815622642048,0,4,4,2307.0799627470287,1.0,EURUSD=X
2023-04-24 00:00:00+01:00,1.0992271900177002,1.103423833847046,1.0968761444091797,1.0992271900177002,0.0017114824208963597,0.007179077677075958,-0.007569922138652374,57.21722505825063,0.006000659663599084,0.006244764010086124,-0.00024410434648703978,56.98822374877331,0.009355173561290137,0.008813029971549554,0.025512152496244268,0,0,4,2238.5033062301827,0.0,EURUSD=X
2023-04-25 00:00:00+01:00,1.1059499979019165,1.1068068742752075,1.0969241857528687,1.1059499979019165,0.0019455441063704892,0.006657832226464473,0.0005165889504650245,58.611352478981175,0.005948259222583241,0.0061854630525855474,-0.00023720383000230653,65.77379784102061,0.00915463898104557,0.008510682456043956,0.023613870574851897,0,1,4,2266.5545007420164,1.0,EURUSD=X
2023-04-26 00:00:00+01:00,1.0978394746780396,1.109410047531128,1.0969241857528687,1.0978394746780396,0.006115940312673818,0.0067448610272001575,0.012276002078806858,62.73076219842211,0.006375710682948954,0.0062235125786582295,0.00015219810429072458,93.44553483807654,0.009206642519709377,0.008277624665141026,0.023777123175967526,0,2,4,2332.7998156206927,1.0,EURUSD=X
2023-04-27 00:00:00+01:00,1.1047282218933105,1.1065618991851807,1.0994206666946411,1.1047282218933105,-0.007333535186277218,0.006414704653159112,0.000274470506531177,55.54780158898825,0.00599095757354795,0.006177001577636174,-0.00018604400408822348,55.77421662482286,0.009440872466748657,0.00838614636480382,0.022780309318123887,0,3,4,2278.4661550680303,1.0,EURUSD=X
2023-04-28 00:00:00+01:00,1.1032048463821411,1.1043744087219238,1.0965633392333984,1.1032048463821411,0.006274821933590191,0.006384836869323678,0.008683128346922864,59.76217907834636,0.00617076950132045,0.00617575516237303,-4.9856610525797485e-06,82.10482669376262,0.009389554755348117,0.00854587787263066,0.02253285130483867,0,4,4,2251.2934627366235,1.0,EURUSD=X
2023-05-01 00:00:00+01:00,1.1010911464691162,1.103557825088501,1.0966956615447998,1.1010911464691162,-0.0013789595313846714,0.006518192760714298,0.0055711777392810635,58.44264248514554,0.006119802799951168,0.0061645646898886575,-4.4761889937489086e-05,72.55196633657101,0.009302078177102688,0.008511161627090652,0.023035244831220793,0,0,5,2149.97771255201,1.0,EURUSD=X
2023-05-02 00:00:00+01:00,1.0969241857528687,1.1005216836929321,1.0943553447723389,1.0969241857528687,-0.0019159632229287515,0.005484784284700014,0.0016956971846611157,56.576053466829904,0.0058415160431390944,0.006099954960538745,-0.00025843891739965076,54.63652142258163,0.00912779856043115,0.008448054647366648,0.019420395712031267,0,1,5,2077.8447741681684,1.0,EURUSD=X
2023-05-03 00:00:00+01:00,1.1010911464691162,1.1058155298233032,1.100594401359558,1.1010911464691162,-0.0037843921728094587,0.005319630694460014,-0.008161139442262821,52.983368103552884,0.005224508002253714,0.005924865568881739,-0.0007003575666280253,31.913828632348064,0.008956941641598734,0.008321266573374285,0.018907175917047842,0,2,5,2032.4416608383842,1.0,EURUSD=X
2023-05-04 00:00:00+01:00,1.1068925857543945,1.109139323234558,1.0986838340759277,1.1068925857543945,0.003798768201457303,0.005381142570697636,0.002961882739760613,55.992867687674945,0.005013965713941415,0.005742685597893675,-0.0007287198839522595,54.63652142258163,0.008952256100801293,0.008134605087254656,0.0190534235589396,0,3,5,1957.0370881497795,1.0,EURUSD=X
2023-05-05 00:00:00+01:00,1.102292776107788,1.1048002243041992,1.0971648693084717,1.102292776107788,0.005268809311456124,0.005501637920131732,0.0019591821935847076,59.84647517410325,0.005254664596693992,0.005645081397653739,-0.00039041680095974664,86.27212626679581,0.009059629890646227,0.008087736981904119,0.019377971831143835,0,4,5,1944.719317993384,1.0,EURUSD=X
2023-05-08 00:00:00+01:00,1.10186767578125,1.1053388118743896,1.1012487411499023,1.10186767578125,-0.0041556061589043125,0.00536430007095532,-0.0008267460729021181,55.68300137742617,0.005016427742748686,0.005519350666672728,-0.0005029229239240426,59.50541587254217,0.009107350358880271,0.008218896183494835,0.01897308255255506,0,0,5,1849.3409289815454,1.0,EURUSD=X
2023-05-09 00:00:00+01:00,1.0996140241622925,1.1001100540161133,1.0944032669067383,1.0996140241622925,-0.0003856510137344449,0.005106590709561458,0.0007052361783344008,55.30010655867257,0.004738696532067932,0.00536321983975177,-0.0006245233076838377,57.08675569904434,0.008748973242137916,0.008265375742530015,0.01806855416242885,0,1,5,1753.7558028408391,1.0,EURUSD=X
2023-05-10 00:00:00+01:00,1.096467137336731,1.100473165512085,1.0942834615707397,1.096467137336731,-0.0020453015080595938,0.004194064547901426,0.0024521643741290955,53.21110317944237,0.004287320137776218,0.0051480398993566595,-0.0008607197615804413,38.683152137415405,0.008657218644450331,0.007956403837976744,0.014870193984072362,0,2,5,1668.9369230718987,1.0,EURUSD=X
2023-05-11 00:00:00+01:00,1.098406195640564,1.0998680591583252,1.0901321172714233,1.098406195640564,-0.0028618103774721293,0.003825243853127531,-0.004199478987015004,50.350884088443294,0.003633785607585205,0.004845189041002369,-0.001211403433417164,16.161140368488518,0.008480967594228537,0.00789555687503624,0.013601452842714322,0,3,5,1554.809414301025,1.0,EURUSD=X
2023-05-12 00:00:00+01:00,1.0912145376205444,1.0935176610946655,1.085564136505127,1.0912145376205444,0.0017684600274869844,0.0038458166032910076,-0.0076668596601419114,52.06082848859926,0.003235029181016813,0.004523157069005258,-0.001288127887988445,42.91995176699749,0.008570608615133774,0.007721157826574933,0.013650463250808178,0,4,5,1396.2903589920631,1.0,EURUSD=X
2023-05-15 00:00:00+01:00,1.0852696895599365,1.0892059803009033,1.0848575830459595,1.0852696895599365,-0.006547357479011251,0.0041117784983739115,-0.01005017789045215,45.76533271161872,0.0023120532306153407,0.004080936301327275,-0.0017688830707119343,23.695471769799134,0.008875712223726863,0.007854192113149881,0.014690661839035817,0,0,5,1187.0662017505433,1.0,EURUSD=X
2023-05-16 00:00:00+01:00,1.0873701572418213,1.090358018875122,1.0856702327728271,1.0873701572418213,-0.005447918677449981,0.00518698099954848,-0.015063502257242511,41.31749197219576,0.0010883428460570777,0.003482417610273236,-0.002394074764216158,1.678473108986653,0.008695800963073869,0.008178347104972455,0.018633686192242406,0,1,5,968.1971915068042,1.0,EURUSD=X
2023-05-17 00:00:00+01:00,1.0865668058395386,1.0875475406646729,1.081162929534912,1.0865668058395386,0.001935433839248324,0.005621819951470421,-0.011134695130683547,43.410209530496644,0.00028475130176941477,0.0028428843485724716,-0.002558133046803057,10.347587019490403,0.008438124416796132,0.007997093634729946,0.020156787473188033,0,2,5,781.0427914757719,1.0,EURUSD=X
2023-05-18 00:00:00+01:00,1.0838346481323242,1.0849517583847046,1.0765421390533447,1.0838346481323242,-0.0007388021428880176,0.006220433833437762,-0.009029300705937993,42.78181072769856,-0.0004121732542137213,0.0021918728280152333,-0.0026040460822289546,19.315843073422446,0.008291444896293606,0.007765858823817459,0.02231958089798767,0,3,5,597.7667074626524,0.0,EURUSD=X
2023-05-19 00:00:00+01:00,1.0775396823883057,1.082391619682312,1.0761018991470337,1.0775396823883057,-0.0025144866312231118,0.006957463706324668,-0.013266082771630772,40.62778209004893,-0.0011714495382035839,0.00151920835477147,-0.002690657892975054,22.371592093474007,0.008415246459857908,0.007650101342101874,0.02502705298225166,0,4,5,306.36579821438767,0.0,EURUSD=X
2023-05-22 00:00:00+01:00,1.0822745561599731,1.0830715894699097,1.0796570777893066,1.0822745561599731,-0.005808049922436109,0.008249015701263244,-0.012531775155834701,36.115851041140935,-0.002255136776884381,0.0007643393284402998,-0.003019476105324681,4.351983488370415,0.008366496640245953,0.007809685895934701,0.029846310405611167,0,0,5,16.32573309172414,0.0,EURUSD=X
2023-05-23 00:00:00+01:00,1.0811045169830322,1.0821340084075928,1.0763798952102661,1.0811045169830322,0.00439415257651854,0.008792981660899056,-0.0027598056305966345,41.388422427085686,-0.002700769192619301,7.131762422837954e-05,-0.0027720868168476806,18.68383260325181,0.008164025957485813,0.007730475222416006,0.031675283665743625,0,1,5,-224.14711738933093,0.0,EURUSD=X
2023-05-24 00:00:00+01:00,1.076971173286438,1.0799369812011719,1.0749683380126953,1.076971173286438,-0.0010810927507085566,0.008994935766798304,-0.005762196265053143,40.49891530886433,-0.0031124698607416512,-0.0005654398727656266,-0.0025470299879760245,15.142275689367752,0.008001928456930185,0.007551560306369477,0.03243785875889558,0,2,5,-455.9610797165757,0.0,EURUSD=X
2023-05-25 00:00:00+01:00,1.0757315158843994,1.0754191875457764,1.0709964036941528,1.0757315158843994,-0.00382326003791833,0.009739791801028,-0.008831148256628785,37.437884804751896,-0.003729283045343923,-0.0011982085072812859,-0.0025310745380626373,6.5946790388042364,0.007868660636459237,0.00743003030667186,0.03525878872177687,0,3,5,-679.0145000811907,0.0,EURUSD=X
2023-05-26 00:00:00+01:00,1.0724436044692993,1.0757546424865723,1.0702054500579834,1.0724436044692993,-0.0011510590374074203,0.010090952822539995,-0.007476354683704001,36.545718909579705,-0.004268932335490083,-0.0018123532729230453,-0.002456579062567038,13.787944530260166,0.007733382704732518,0.007314706802087243,0.036572115049954994,0,4,5,-937.9966798883235,0.0,EURUSD=X
2023-05-29 00:00:00+01:00,1.0723055601119995,1.0745755434036255,1.0706294775009155,1.0723055601119995,-0.0030564423990097067,0.010590890958580429,-0.004729364497937705,34.216687273382945,-0.00490536921603435,-0.0024309564615453065,-0.0024744127544890433,7.394527065347533,0.007577369113579399,0.007210992421890003,0.03850169302008632,0,0,5,-1158.6452186932045,0.0,EURUSD=X
2023-05-30 00:00:00+01:00,1.0707669258117676,1.0745755434036255,1.067338466644287,1.0707669258117676,-0.00012871945594572498,0.01098832303648785,-0.009211152559425173,34.118374387811315,-0.00535911254164656,-0.0030165876775655573,-0.002342524864081003,6.938449177641943,0.00731799031280301,0.0070664271411480534,0.03995164393991861,0,1,5,-1349.8181548440434,0.0,EURUSD=X
2023-05-31 00:00:00+01:00,1.073306918144226,1.0738831758499146,1.06516695022583,1.073306918144226,-0.001434884194828956,0.011515612736246232,-0.009562064544983206,32.980913183346644,-0.005776276999718721,-0.0035685255419961905,-0.002207751457722531,10.53950849830327,0.007312210773269822,0.006834344745244266,0.04192894135558513,0,2,5,-1532.3848378368407,0.0,EURUSD=X
2023-06-01 00:00:00+01:00,1.0695186853408813,1.0753995180130005,1.0664163827896118,1.0695186853408813,0.002372124382281404,0.011465675924847154,-0.003402370679087219,36.730833626762326,-0.0058346682608643174,-0.004021754085769816,-0.001812914175094501,28.711688945139873,0.007412497548328011,0.006812786398426289,0.041648323838977104,0,3,6,-1688.4804853912146,0.0,EURUSD=X
2023-06-02 00:00:00+01:00,1.0760787725448608,1.077934741973877,1.071811318397522,1.0760787725448608,-0.0035294963065128915,0.010933868807133143,-0.005775447174112269,33.7020464424365,-0.006116119663329478,-0.004440627201281749,-0.0016754924620477289,17.27491269082615,0.0075246859536894865,0.0069306854101062005,0.03985724498951856,0,4,6,-1862.8513466780148,0.0,EURUSD=X
2023-06-05 00:00:00+01:00,1.0698620080947876,1.0722709894180298,1.0674750804901123,1.0698620080947876,0.0061336817148627265,0.010203094310911062,0.0033896123399050904,42.53840422651673,-0.005743618852255938,-0.004701225531476587,-0.001042393320779351,43.316234300911425,0.007588355287925638,0.006992690633506376,0.036966610425351515,0,0,6,-1893.7511002551976,0.0,EURUSD=X
2023-06-06 00:00:00+01:00,1.0711798667907715,1.073306918144226,1.0667349100112915,1.0711798667907715,-0.005777239184238336,0.00956706846369041,-0.0022787833133651736,37.44501710692643,-0.0058822433711955835,-0.004937429099420387,-0.0009448142717751965,20.978257395787836,0.0076608793426987025,0.007092835553099971,0.03486365459947658,0,1,6,-2005.9502028123757,0.0,EURUSD=X
2023-06-07 00:00:00+01:00,1.0698047876358032,1.074021577835083,1.0668829679489136,1.0698047876358032,0.0012318024997735044,0.008788376734577826,0.0003856497329619568,39.10944334608078,-0.005818689883264172,-0.005113681256189145,-0.0007050086270750273,30.391583869082407,0.00758310282771555,0.007151814163246466,0.03198659844616544,0,2,6,-2083.825437434998,0.0,EURUSD=X
2023-06-08 00:00:00+01:00,1.0707440376281738,1.078283429145813,1.0702168941497803,1.0707440376281738,-0.0012837051905092434,0.008143265767793931,-0.0032629348131643088,37.97408362753931,-0.005812280332337938,-0.005253401071418903,-0.0005588792609190346,25.90299277605779,0.007551353331890827,0.007088305189280091,0.02967671771565515,0,3,6,-2120.7846368958512,0.0,EURUSD=X
2023-06-09 00:00:00+01:00,1.078271746635437,1.0787487030029297,1.0747718811035156,1.078271746635437,0.0008779639082063806,0.006843631936413129,0.0011457044220801738,39.27092453594612,-0.005666095866182719,-0.005335940030371667,-0.0003301558358110518,31.14883984153933,0.0076175882017564655,0.007052435564916129,0.02491855035813863,0,4,6,-2135.5755884614728,0.0,EURUSD=X
2023-06-12 00:00:00+01:00,1.0750954151153564,1.0789697170257568,1.073433518409729,1.0750954151153564,0.007030353420354185,0.006009167866411496,0.0020379308155944464,48.554716192531686,-0.004886491980539587,-0.005246050420405251,0.00035955843986566413,77.23670343567765,0.007645236571256422,0.007064627470325407,0.021727407236665643,0,0,6,-2034.2791175305113,0.0,EURUSD=X
2023-06-13 00:00:00+01:00,1.0762988328933716,1.0822510719299316,1.076055645942688,1.0762988328933716,-0.002945761613426079,0.005651937815253542,0.0048916654493493805,45.40086954740565,-0.004473387268540074,-0.005091517790032216,0.0006181305214921417,67.22033898305085,0.007494591003025809,0.00711121679412622,0.020496143787949752,0,1,6,-1969.8003704870555,0.0,EURUSD=X
2023-06-14 00:00:00+01:00,1.078934907913208,1.085835337638855,1.077574610710144,1.078934907913208,0.0011193590458071778,0.0049867073782329675,0.004778810974048975,46.81051602712792,-0.00400275181937082,-0.004873764595899937,0.000871012776529117,65.15923300212124,0.007470381418136479,0.006963299386731096,0.01806353766740311,0,2,6,-1900.636551320896,1.0,EURUSD=X
2023-06-15 00:00:00+01:00,1.084304690361023,1.0938525199890137,1.0804269313812256,1.084304690361023,0.0024492036405445727,0.004344754583347483,0.008534379713874385,49.86403013996786,-0.0033781197499849203,-0.004574635626716934,0.0011965158767320138,66.61360372363436,0.007617961655804117,0.006923848105522056,0.015699716115204383,0,3,6,-1800.2279423808118,1.0,EURUSD=X
2023-06-16 00:00:00+01:00,1.0945948362350464,1.0970999002456665,1.0920130014419556,1.0945948362350464,0.004976929014374631,0.004395445915721642,0.012664700671962237,55.471831203220916,-0.0024218798450850176,-0.004144084470390551,0.0017222046253055337,66.71556567705044,0.008139365257232798,0.007025665132249581,0.01580423206691275,0,4,6,-1597.6718469063521,1.0,EURUSD=X
2023-06-19 00:00:00+01:00,1.0942115783691406,1.0949305295944214,1.0911003351211548,1.0942115783691406,0.009490087025812999,0.0061802474472254605,0.015138196517290536,63.822656143220705,-0.0008242229285593261,-0.0034801121620243063,0.0026558892334649802,92.15523774325894,0.008471925587762138,0.007435961679874948,0.02201274805034877,0,0,6,-1330.2065819746974,0.0,EURUSD=X
2023-06-20 00:00:00+01:00,1.0924304723739624,1.0945229530334473,1.0894551277160645,1.0924304723739624,-0.0003501367384702858,0.007295874926106077,0.017780899243936554,63.3461494620038,0.00040632215267533134,-0.002702825299084379,0.0031091474517597104,90.95504212817268,0.008140373365298171,0.007742493092962016,0.025995481632973366,0,1,6,-1061.05933249463,0.0,EURUSD=X
2023-06-21 00:00:00+01:00,1.0920368432998657,1.0961307287216187,1.0906671285629272,1.0920368432998657,-0.0016277528317081291,0.008064859564482784,0.014988067428471252,61.06441200767843,0.0012237114428859108,-0.0019175179506903213,0.003141229393576232,84.78196680549512,0.00792090564758993,0.007451616895680613,0.02878225372968916,0,2,6,-817.0764989793531,0.0,EURUSD=X
2023-06-22 00:00:00+01:00,1.0992635488510132,1.1011154651641846,1.095110297203064,1.0992635488510132,-0.0003603241433216553,0.008724590413789646,0.012143397428857394,60.54536293008964,0.0018187701179903648,-0.0011702603369541842,0.002989030454944549,83.32600502512562,0.007745383826954321,0.007253331878121354,0.0311479558689389,0,3,6,-560.8701679180497,0.0,EURUSD=X
2023-06-23 00:00:00+01:00,1.0958904027938843,1.0958904027938843,1.0845046043395996,1.0958904027938843,0.006617638951915028,0.009921920664568491,0.013795807232937163,66.22201030704385,0.002840746786405779,-0.00036805891228219157,0.0032088056986879707,94.61347757493802,0.007840615115337502,0.007045975312335293,0.03518971235756557,0,4,6,-243.98617650896998,0.0,EURUSD=X
2023-06-26 00:00:00+01:00,1.0906671285629272,1.0921800136566162,1.088814616203308,1.0906671285629272,-0.003068550813546622,0.01046761470687166,0.0011836037554262546,61.75568570965745,0.00333998469828356,0.0003735498098309588,0.0029664348884526014,84.80227457915085,0.008334781500771507,0.007154561346051106,0.03723937633488534,0,0,6,-33.94151241783456,0.0,EURUSD=X
2023-06-27 00:00:00+01:00,1.091048002243042,1.0976104736328125,1.0903223752975464,1.091048002243042,-0.004766237771259507,0.010539587919801571,-0.003239272802702531,55.51217927143497,0.003276391560125047,0.0009541181598897766,0.0023222734002352704,69.47831022798898,0.008244853292900412,0.007641911342605044,0.03767499477817506,0,1,6,194.0962929166675,0.0,EURUSD=X
2023-06-28 00:00:00+01:00,1.0957223176956177,1.0962508916854858,1.0899657011032104,1.0957223176956177,0.0003492116615053664,0.010462059991933198,-0.0012654994215935966,55.86259310913421,0.0032196131664190553,0.0014072171611956325,0.0018123960052234228,67.4177070633806,0.00817651365306939,0.007556819934549303,0.03738480688467875,0,2,6,428.8443333351477,0.0,EURUSD=X
2023-06-29 00:00:00+01:00,1.0915838479995728,1.094067931175232,1.0862362384796143,1.0915838479995728,0.004284243629030016,0.01066056741370812,0.003374862687430369,60.02418233645039,0.0035113177867531764,0.0018280372863071414,0.001683280500446035,80.51745595638486,0.008041419148012676,0.0074622133007796925,0.03793163888416803,0,3,6,658.2571052322868,0.0,EURUSD=X
2023-06-30 00:00:00+01:00,1.0868029594421387,1.0933741331100464,1.0836466550827026,1.0868029594421387,-0.00377693292288539,0.010294993460693085,-0.006986223512521206,55.073118666702435,0.0033697119404727527,0.0021363722171402638,0.001233339723332489,65.56738856136393,0.008144609152869157,0.0073667443529411986,0.03676975771542112,0,4,6,835.8231476215375,0.0,EURUSD=X
2023-07-03 00:00:00+01:00,1.0907504558563232,1.093135118484497,1.0871810913085938,1.0907504558563232,-0.004379772168849438,0.010116443388896008,-0.008292292120250289,49.9475722938103,0.0028389844900535977,0.0022768946717229305,0.0005620898183306671,42.88663619022248,0.008257671215331627,0.0074940991668350125,0.036290991796005034,0,0,7,851.618861736487,0.0,EURUSD=X
2023-07-04 00:00:00+01:00,1.091309905052185,1.0918222665786743,1.0890754461288452,1.091309905052185,0.0036322098498984268,0.009539980807624495,7.640029777533641e-05,53.77311401473451,0.0027057192842747657,0.0023626595942332976,0.00034305969004146813,55.970122800354474,0.008120134631547826,0.007570632834481576,0.03409917657557717,0,1,7,923.287735355635,0.0,EURUSD=X
2023-07-05 00:00:00+01:00,1.0884946584701538,1.0906195640563965,1.086507797241211,1.0884946584701538,0.0005129030135702095,0.008939099892478052,0.00024004700856838923,54.30614103598523,0.002615103240850125,0.002413148323556663,0.00020195491729346196,52.60389056629866,0.007736326475710774,0.007440722927516663,0.03193504168754763,0,2,7,990.1158951230227,0.0,EURUSD=X
2023-07-06 00:00:00+01:00,1.0856584310531616,1.0901559591293335,1.083435297012329,1.0856584310531616,-0.002579694886849393,0.007972887431666808,-0.006596250809844051,51.112250276102856,0.0022897279439781926,0.0023884642476409692,-9.873630366277666e-05,27.75233896778332,0.007526739428229584,0.007107362829491461,0.028556904170751792,0,3,7,1041.5464368336854,0.0,EURUSD=X
2023-07-07 00:00:00+01:00,1.0890636444091797,1.096467137336731,1.0868619680404663,1.0890636444091797,-0.0026056420166346017,0.006907914617326612,-0.005428274664626032,48.046464235528525,0.0017824587528341151,0.0022672631486795984,-0.00048480439584548327,12.57416797022493,0.0074691624774277845,0.006932879820154982,0.0248070741959852,0,4,7,1004.5952943386368,0.0,EURUSD=X
2023-07-10 00:00:00+01:00,1.0969723463058472,1.0992755889892578,1.0944511890411377,1.0969723463058472,0.0031365420823148416,0.006460021792488294,0.002080124044013809,51.78568256697846,0.0016363536570864756,0.002141081250360974,-0.0005047275932744985,31.834241329090027,0.00770770132072361,0.006858334235810275,0.023126106246444768,0,0,7,959.4836712623886,0.0,EURUSD=X
2023-07-11 00:00:00+01:00,1.100594401359558,1.1025601625442505,1.0978635549545288,1.100594401359558,0.007261928113446503,0.005758698074707531,0.005704229061851862,59.140965396673835,0.002134129546396357,0.0021396909095680507,-5.56136317169352e-06,76.56629268029559,0.007886575839248932,0.00702634058796467,0.020466822529133292,0,1,7,1006.4813423670608,1.0,EURUSD=X
2023-07-12 00:00:00+01:00,1.101406455039978,1.1125946044921875,1.1012852191925049,1.101406455039978,0.0033018654170349215,0.0051830748461205185,0.008507662456274545,62.000135088556306,0.0027887432013209423,0.0022695013679186293,0.000519241833402313,89.72143787671959,0.007722378724902818,0.007165742283902852,0.01836039308812922,0,2,7,1081.9796466791001,1.0,EURUSD=X
2023-07-13 00:00:00+01:00,1.1144545078277588,1.1196202039718628,1.113065242767334,1.1144545078277588,0.0007378319201123418,0.004727718796954061,0.011862067001753962,62.63148774680506,0.003334615809157837,0.002482524256166471,0.0008520915529913659,61.630949363466144,0.008027937611169001,0.007011379577054064,0.016735003730235436,0,3,7,1120.733284713022,1.0,EURUSD=X
2023-07-14 00:00:00+01:00,1.1223469972610474,1.12447988986969,1.1206114292144775,1.1223469972610474,0.011846719009202866,0.006430188196816438,0.026524066825201142,70.97587940000959,0.004765162766355413,0.0029390519582042597,0.0018261108081511533,85.72416905788674,0.008755495562648699,0.007203468203306631,0.022494851611286643,0,4,7,1255.1672380112127,1.0,EURUSD=X
2023-07-17 00:00:00+01:00,1.1227755546569824,1.125112533569336,1.1205486059188843,1.1227755546569824,0.007081930556925409,0.009009009480928483,0.030561439657573075,74.66158990561848,0.006461258111928103,0.0036434931889490286,0.0028177649229790746,94.80347480591449,0.008846201739740303,0.007801059372917138,0.03129476458718444,0,0,7,1476.84593491702,0.0,EURUSD=X
2023-07-18 00:00:00+01:00,1.1237596273422241,1.1275737285614014,1.1220070123672485,1.1237596273422241,0.00038184037288013783,0.01086171132860921,0.023522204947125536,74.84836033694117,0.00775066208534958,0.004464926968229139,0.0032857351171204406,94.39267306229155,0.008540325019076828,0.0078788692032424,0.03771612807689902,0,1,7,1677.4921387473191,0.0,EURUSD=X
2023-07-19 00:00:00+01:00,1.1228890419006348,1.123974323272705,1.1176306009292603,1.1228890419006348,0.0008764642952547863,0.012333006560771692,0.021047922789767082,75.29860961648548,0.008751053764940231,0.005322152327571358,0.0034289014373688727,91.35877491492465,0.008327924388725113,0.007599779179890399,0.042787541277068415,0,2,7,1891.8563680545471,0.0,EURUSD=X
2023-07-20 00:00:00+01:00,1.120523452758789,1.12296462059021,1.1133129596710205,1.120523452758789,-0.0007747078827242682,0.013364447369120009,0.019504685815443956,74.03591571518686,0.009365660900162887,0.006130854042089664,0.0032348068580732225,89.38637714038784,0.008186195671205094,0.007416515860399729,0.04640192046699592,0,3,7,2100.7609239620633,0.0,EURUSD=X
2023-07-21 00:00:00+01:00,1.113709807395935,1.1147029399871826,1.110962986946106,1.113709807395935,-0.0021066989289000304,0.014120793748236762,0.005445664123930438,70.57284505668358,0.009551751562880462,0.006815033546247824,0.002736718016632638,84.02690001620483,0.008290871760346834,0.007305688828779299,0.04913149200426626,0,4,7,2316.919753561293,0.0,EURUSD=X
2023-07-24 00:00:00+01:00,1.112532615661621,1.114504098892212,1.1068804264068604,1.112532615661621,-0.0060807699705690554,0.014332990532641374,-0.007695650174313617,61.63071472313297,0.009045158559563893,0.007261058548911038,0.0017841000106528547,68.58990979311835,0.008381557049799425,0.007444373485165284,0.05017490557774517,0,0,7,2488.873936381688,0.0,EURUSD=X
2023-07-25 00:00:00+01:00,1.1063170433044434,1.1088933944702148,1.1022076606750488,1.1063170433044434,-0.0010570004201242433,0.01425461727406979,-0.009122873180553603,60.21122199249406,0.008451269446426934,0.007499100728414218,0.0009521687180127168,65.9228650137741,0.008327422438053149,0.007533762994278535,0.04995334827166163,0,1,7,2603.2432635339833,0.0,EURUSD=X
2023-07-26 00:00:00+01:00,1.1050456762313843,1.1086474657058716,1.1038380861282349,1.1050456762313843,-0.005586867539592366,0.013980287655688723,-0.015521632574604705,53.23881180560628,0.007393831811385976,0.00747804694500857,-8.421513362259422e-05,51.84086857883649,0.008470103334375942,0.007527157326601499,0.04926724739023012,0,2,7,2635.715650435505,0.0,EURUSD=X
2023-07-27 00:00:00+01:00,1.1078368425369263,1.115200161933899,1.0984907150268555,1.1078368425369263,-0.001149188725558914,0.013848658914203558,-0.015890586695056053,51.914564140492374,0.006379675244641225,0.007258372604935101,-0.0008786973602938758,44.66450961158368,0.008208623066037425,0.007664935048895116,0.04885952980639846,0,3,7,2646.1288261177765,0.0,EURUSD=X
2023-07-28 00:00:00+01:00,1.0978755950927734,1.1046794652938843,1.0947027206420898,1.0978755950927734,0.002525837950030141,0.01353341107861299,-0.01132203899046258,54.58533375219431,0.005735062423335879,0.006953710568615257,-0.001218648145279378,40.41252177418194,0.008815824768966429,0.007409595665043805,0.04762700408660688,0,4,7,2626.9739688765894,0.0,EURUSD=X
2023-07-31 00:00:00+01:00,1.1024264097213745,1.1045451164245605,1.100618600845337,1.1024264097213745,-0.00899161957941541,0.012957041080960114,-0.01421753871431286,44.98286905931356,0.0043700376256474716,0.0064369759800217,-0.0020669383543742287,9.652501251169571,0.009124274563671429,0.008029894104915837,0.04601235888577609,0,0,7,2461.5340691384645,0.0,EURUSD=X
2023-08-01 00:00:00+01:00,1.0997591018676758,1.1002310514450073,1.095446228981018,1.0997591018676758,0.004145109563362226,0.012502324602683605,-0.009083963740008194,49.3653000878475,0.0036138007018124974,0.00587234092437986,-0.002258540222567363,23.49696455382205,0.008948935047108263,0.008276538445752114,0.04421432057862294,0,1,8,2277.5919343593364,0.0,EURUSD=X
2023-08-02 00:00:00+01:00,1.1007881164550781,1.1007033586502075,1.0919772386550903,1.1007881164550781,-0.0024194883487713703,0.012105612329496612,-0.005927723410262042,47.002086526134484,0.0027673477765548515,0.005251342294814858,-0.0024839945182600067,15.382495231049313,0.008808309739483133,0.00813717752543321,0.042915185186722576,0,2,8,2045.8162490653572,0.0,EURUSD=X
2023-08-03 00:00:00+01:00,1.0944151878356934,1.0953983068466187,1.0913575887680054,1.0944151878356934,0.000935672717465863,0.011424320709253878,-0.0038528360120153593,48.03560941312659,0.002154722314717805,0.0046320182987954475,-0.0024772959840776423,24.752097252222836,0.008802439043456994,0.00800182124771565,0.04046210267633588,0,3,8,1844.5079851381947,0.0,EURUSD=X
2023-08-04 00:00:00+01:00,1.095158338546753,1.1040940284729004,1.0936251878738403,1.095158338546753,-0.005789423526761706,0.010694242429104082,-0.012115190780708773,42.50690899143866,0.001141808090766805,0.003933976257189719,-0.002792168166422914,8.442642106891636,0.008847302518000977,0.008043052710977655,0.03809690610604214,0,4,8,1542.4837250718447,0.0,EURUSD=X
2023-08-07 00:00:00+01:00,1.1002674102783203,1.1012003421783447,1.096611499786377,1.1002674102783203,0.0006790391062911905,0.010208825571963986,-0.002475013160112116,43.32606318997295,0.00039448494535365697,0.0032260779948225064,-0.0028315930494688495,10.494629743616752,0.008963126666648055,0.008078560155731563,0.03634299072552292,0,0,8,1256.7985218202712,0.0,EURUSD=X
2023-08-08 00:00:00+01:00,1.100315809249878,1.1009820699691772,1.0930992364883423,1.100315809249878,0.0046651443464760245,0.010045423758309028,-0.0019584068596468773,48.73397312409191,0.00021204108129069255,0.002623270612116144,-0.0024112295308254513,27.316718382801735,0.008754475021286894,0.008146316598053894,0.035595230237321814,0,1,8,992.0073736457182,0.0,EURUSD=X
2023-08-09 00:00:00+01:00,1.0958904027938843,1.0994327068328857,1.0955902338027954,1.0958904027938843,4.398837146823986e-05,0.010056776350059034,0.000506208478981085,48.783830793832784,7.054519599480891e-05,0.002112725528891877,-0.002042180332897068,28.342492051339107,0.008692214911254614,0.007956329398970566,0.035633889845712086,0,2,8,761.1686684487407,0.0,EURUSD=X
2023-08-10 00:00:00+01:00,1.0977671146392822,1.1058399677276611,1.096803903579712,1.0977671146392822,-0.004021942081347207,0.010325802614684052,-0.00444927919186322,44.52036532192527,-0.0003941412142847156,0.0016113521802565587,-0.0020054933945412743,19.011429657110288,0.008408883520956607,0.007931646165615204,0.03673486847729806,0,3,8,498.61742980728803,0.0,EURUSD=X
2023-08-11 00:00:00+01:00,1.0981649160385132,1.1004369258880615,1.0951822996139526,1.0981649160385132,0.0017124995716848446,0.010446422077061835,0.0030627561101537193,46.649741970662,-0.0006040109188392151,0.001168279560437404,-0.0017722904792766192,26.882693519194426,0.00851893219330091,0.007659988542943101,0.03710044735951165,0,4,8,215.53328436016855,0.0,EURUSD=X
2023-08-14 00:00:00+01:00,1.094439148902893,1.0960345268249512,1.087748646736145,1.094439148902893,0.00036237321552645696,0.00998029830930246,0.0027453358897397973,47.11310392102312,-0.0007298219897755587,0.0007886592503948116,-0.0015184812401703703,28.55114346569603,0.008285767484787194,0.007757425199879675,0.03543217005020562,0,0,8,38.536655126756834,0.0,EURUSD=X
2023-08-15 00:00:00+01:00,1.0909883975982666,1.0949664115905762,1.0900845527648926,1.0909883975982666,-0.003392720966774565,0.009457822762467292,-0.005297131698150492,43.31830006015972,-0.001117287050589777,0.00040746999019789393,-0.0015247570407876708,24.372068785825952,0.008437946186042978,0.0075707886483165,0.03369157746516292,0,1,8,-184.7231342981511,0.0,EURUSD=X
2023-08-16 00:00:00+01:00,1.0904173851013184,1.0934697389602661,1.0897756814956665,1.0904173851013184,-0.003152985991122126,0.008757260074998548,-0.008477031387897793,40.09692480032449,-0.0016833975350658559,-1.0703514854856022e-05,-0.001672694020211,11.801719645648776,0.008183939946017307,0.007734221742979592,0.03129463637300644,0,2,8,-383.4068188497569,0.0,EURUSD=X
2023-08-17 00:00:00+01:00,1.0874884128570557,1.0917268991470337,1.0862362384796143,1.0874884128570557,-0.0005233900728965901,0.007806027850333311,-0.004994128681675591,39.57250379493889,-0.0021532982273884116,-0.00043922245736156715,-0.0017140757700268444,14.751484241669466,0.007863234054487472,0.007505327829358553,0.027909954168597664,0,3,8,-578.9585634238374,0.0,EURUSD=X
2023-08-18 00:00:00+01:00,1.0874648094177246,1.089561939239502,1.0846457481384277,1.0874648094177246,-0.0026861019315007617,0.006958159290327939,-0.009363280831749199,36.9061253395608,-0.0027305652368427857,-0.0008974910132578109,-0.0018330742235849748,6.387429460984627,0.0076937645268397555,0.00723063709141428,0.024945460317346055,0,4,8,-728.7819755478462,0.0,EURUSD=X
2023-08-21 00:00:00+01:00,1.087559461593628,1.0913575887680054,1.0870628356933594,1.087559461593628,-2.170454328709326e-05,0.006619746450289798,-0.00974362453627442,36.88455695836719,-0.0031536053022382937,-0.0013487138710539075,-0.0018048914311843862,13.301085550368413,0.00749536642499936,0.0070749549412631825,0.023732743057791834,0,0,8,-789.0578037089044,0.0,EURUSD=X
2023-08-22 00:00:00+01:00,1.0898351669311523,1.093199610710144,1.0834001302719116,1.0898351669311523,8.703930010756089e-05,0.006124185318983135,-0.006286039124387632,37.043448224867106,-0.003441557826026065,-0.001767282662048339,-0.001674275163977726,13.747679847010518,0.007266751185688406,0.006891914134070622,0.02195417425587383,0,1,8,-895.7155525142507,0.0,EURUSD=X
2023-08-23 00:00:00+01:00,1.0846692323684692,1.0870510339736938,1.0802985429763794,1.0846692323684692,0.0020924881975554754,0.005912465437419597,-0.0010570512662215759,40.89602407420108,-0.0034464038752763937,-0.00210310690469395,-0.0013432969705824437,28.67684167467953,0.0074476604180129784,0.00666775252458656,0.021150936008641298,0,2,8,-964.0326314490817,1.0,EURUSD=X
2023-08-24 00:00:00+01:00,1.086578607559204,1.0876895189285278,1.081548810005188,1.086578607559204,-0.004740106320141768,0.0060608498915303245,-0.005271516037242074,35.57417389259972,-0.0038230227237032732,-0.0024470900684958148,-0.0013759326552074585,17.11215969606594,0.007596872099210119,0.006866296374748611,0.021785021897785636,0,3,8,-1049.37223184497,1.0,EURUSD=X
2023-08-25 00:00:00+01:00,1.07991361618042,1.0839755535125732,1.076669692993164,1.07991361618042,0.0017603294476837839,0.005567680019416465,-0.0008366114867019991,38.74692851489965,-0.003922212430489624,-0.002742114540894577,-0.0011800978895950475,24.587761426697845,0.007492860443790814,0.006991553161786493,0.019977213521203126,0,4,8,-1091.76451043879,1.0,EURUSD=X
2023-08-28 00:00:00+01:00,1.0797386169433594,1.0821340084075928,1.0799369812011719,1.0797386169433594,-0.006133924717840578,0.006325937044337315,-0.0069438506624852625,32.69432924260177,-0.0044869078101199555,-0.003091073194739653,-0.0013958346153803026,11.12064667467654,0.007665435738237187,0.006938388711397625,0.022837977588408654,0,0,8,-1192.0558123299418,0.0,EURUSD=X
2023-08-29 00:00:00+01:00,1.0825556516647339,1.0856702327728271,1.0783531665802002,1.0825556516647339,-0.00016204929212715324,0.006614872120106276,-0.007191188092656953,32.55055394663124,-0.004892160165663073,-0.0034512905889243373,-0.0014408695767387358,10.520723504074411,0.007276504058875448,0.007099343876333079,0.02388496517959363,0,1,8,-1314.7463596579964,0.0,EURUSD=X
2023-08-30 00:00:00+01:00,1.0869210958480835,1.094546914100647,1.085611343383789,1.0869210958480835,0.002608996915706596,0.006682080998699546,-0.006679464461508133,37.32831001097633,-0.004929193740914384,-0.003746871219322347,-0.001182322521592037,20.177933616130904,0.007279401354143413,0.006721598143879048,0.02406485770575439,0,2,8,-1398.9421172229527,0.0,EURUSD=X
2023-08-31 00:00:00+01:00,1.0932546854019165,1.0939722061157227,1.0837171077728271,1.0932546854019165,0.004032535580629437,0.006348198452960875,0.0020760831158610493,43.953727398402016,-0.004553794940619804,-0.003908255963581839,-0.0006455389770379655,43.13250473983569,0.0076159628599841035,0.006697267521947921,0.022770589334367767,0,3,8,-1419.4857428454698,0.0,EURUSD=X
2023-09-01 00:00:00+01:00,1.0844104290008545,1.0880801677703857,1.0785857439041138,1.0844104290008545,0.005827092305068504,0.0063160147006190255,0.0061441278120770715,51.89889479277614,-0.0037025403612729324,-0.0038671128431200575,0.00016457248184712512,85.64489916525079,0.0078044725373349185,0.006966320804913106,0.022523899394253755,0,4,9,-1374.0762380125063,0.0,EURUSD=X
2023-09-04 00:00:00+01:00,1.07758629322052,1.080905795097351,1.0774004459381104,1.07758629322052,-0.008089840838697682,0.006353193146645955,0.004164048635982187,42.77911754412448,-0.003698933547780614,-0.003833476984052169,0.0001345434362715549,42.306689948137915,0.008294791748796906,0.007196972962096779,0.022841265770659373,0,0,9,-1432.723492115792,0.0,EURUSD=X
2023-09-05 00:00:00+01:00,1.0794472694396973,1.07991361618042,1.0707554817199707,1.0794472694396973,-0.006292945547030637,0.006434991337521898,-0.0019933747752139963,37.328587956273,-0.0041983301117347605,-0.003906447609588687,-0.00029188250214607324,5.127196345814023,0.008203019699793137,0.007697566126241955,0.023281861535192256,0,1,9,-1521.4530945150918,0.0,EURUSD=X
2023-09-06 00:00:00+01:00,1.0726161003112793,1.0748181343078613,1.0705147981643677,1.0726161003112793,0.0017269857930499732,0.006154899772323023,-0.0028713371181025016,39.5890659225896,-0.0043932970647360126,-0.004003817500618153,-0.00038947956411785993,36.53326786152713,0.008271242182697144,0.007599277826744639,0.02223009645478397,0,2,9,-1600.7545664832746,0.0,EURUSD=X
2023-09-07 00:00:00+01:00,1.0724204778671265,1.0734220743179321,1.068764328956604,1.0724204778671265,-0.006328395394398223,0.006710824981149058,-0.013161024835609214,34.64872465637616,-0.005040919456223536,-0.00421123789173923,-0.0008296815644843062,8.743725073910197,0.00831847283217089,0.007711279161572143,0.02439233606740914,0,3,9,-1696.3554763220827,0.0,EURUSD=X
2023-09-08 00:00:00+01:00,1.0697818994522095,1.0742061138153076,1.0695072412490845,1.0697818994522095,-0.00018237880644911275,0.00688031030920571,-0.01905704847460199,34.5158907005374,-0.005506474750441415,-0.004470285263479667,-0.0010361894869617477,14.180691695949696,0.008056992298539263,0.007756726959107502,0.02501293885982879,0,4,9,-1814.030170977489,0.0,EURUSD=X
2023-09-11 00:00:00+01:00,1.071811318397522,1.0756852626800537,1.0711455345153809,1.071811318397522,-0.0024603954040161025,0.007017998246977554,-0.013489845871478168,32.69517742493365,-0.006018959088121889,-0.004780020028408112,-0.001238939059713777,3.9467357129646756,0.007817126603373827,0.007531434493951441,0.02557642288041928,0,0,9,-1904.2518565647028,0.0,EURUSD=X
2023-09-12 00:00:00+01:00,1.0750375986099243,1.0762641429901123,1.070617914199829,1.0750375986099243,0.0018970398979003544,0.007054120221466707,-0.005359176206425897,35.51279729237588,-0.0061899950597481546,-0.005062015034676121,-0.0011279800250720336,11.818013685962642,0.007680429219407428,0.007293379412209705,0.02565938907418535,0,1,9,-1941.2653821949282,0.0,EURUSD=X
2023-09-13 00:00:00+01:00,1.075326681137085,1.0765421390533447,1.0717424154281616,1.075326681137085,0.0030101195583809304,0.006977679436885242,-0.004085119259287118,39.82563198650734,-0.0059960892649078,-0.005248829880722457,-0.0007472593841853434,24.33142223044202,0.0075351291887556975,0.007144335444024093,0.025305163861529423,0,2,9,-1966.1622037021637,0.0,EURUSD=X
2023-09-14 00:00:00+01:00,1.0734220743179321,1.0755001306533813,1.065507411956787,1.0734220743179321,0.0002689045736952167,0.006831137195638026,0.002527074528360096,40.21147580665188,-0.005752776554362793,-0.0053496192154505245,-0.0004031573389122684,25.452653967079712,0.007339743077071941,0.007007293058875662,0.024767055651089373,0,3,9,-1999.3639010036147,0.0,EURUSD=X
2023-09-15 00:00:00+01:00,1.0637166500091553,1.068764328956604,1.0634677410125732,1.0637166500091553,-0.001771189028006659,0.006875855288429532,0.0009339587144006067,38.46164506383166,-0.005648522677778711,-0.005409399907916162,-0.00023912276986254918,27.254814224900553,0.007529241335609248,0.006837704620277834,0.024973418767663576,0,4,9,-2058.876098260399,0.0,EURUSD=X
2023-09-18 00:00:00+01:00,1.0668259859085083,1.0698162317276,1.0656323432922363,1.0668259859085083,-0.009041573245960888,0.007622948765526834,-0.005669613073618018,31.04742472962502,-0.006276693543516565,-0.005582858635036243,-0.0006938349084803222,0.8008868056967293,0.007702462190591365,0.007078239619117031,0.02793951337246285,0,0,9,-2091.9080699804595,0.0,EURUSD=X
2023-09-19 00:00:00+01:00,1.0692671537399292,1.071926236152649,1.0676347017288208,1.0692671537399292,0.002923086612704795,0.007851302796610804,-0.004651315398000566,35.34735791500168,-0.006449282742154727,-0.00575614345645994,-0.000693139285694787,10.805451246782836,0.007587970728295183,0.007219979914561186,0.028692602058139845,0,1,9,-2060.029163722406,0.0,EURUSD=X
2023-09-20 00:00:00+01:00,1.0682048797607422,1.0726966857910156,1.0675777196884155,1.0682048797607422,0.0022882530643852927,0.007603073199051625,-0.005367667956410638,38.58550649017902,-0.006316269065166358,-0.005868168578201224,-0.0004481004869651339,19.011684708273087,0.007410276407998429,0.007096421789218034,0.027722011510590068,0,2,9,-2040.5127248814242,0.0,EURUSD=X
2023-09-21 00:00:00+01:00,1.065303087234497,1.0673611164093018,1.0619093179702759,1.065303087234497,-0.0009934598434746533,0.007650385137626483,-0.006622918877835282,37.70062993358495,-0.0062248156007354005,-0.005939497982708059,-0.0002853176180273413,19.24693893366398,0.0072466113861842625,0.006937130271917679,0.027922257989208853,0,3,9,-1999.0761045330771,0.0,EURUSD=X
2023-09-22 00:00:00+01:00,1.0661548376083374,1.0671560764312744,1.0615260601043701,1.0661548376083374,-0.0027165130783666225,0.0076458638166662304,-0.007563648333386408,35.317935805318314,-0.006313707981400407,-0.006014339982446529,-0.000299367998953878,17.865255970982844,0.0071786792722044095,0.006802394053880293,0.02798176898291774,0,4,9,-2019.5445658312153,0.0,EURUSD=X
2023-09-25 00:00:00+01:00,1.0648492574691772,1.0655415058135986,1.0577309131622314,1.0648492574691772,0.0007995380695380305,0.007832984576104018,0.002292140110019991,36.584839040819716,-0.0062434560221118485,-0.0060601631903795935,-0.00018329283173225495,25.173424270321433,0.0070680604903972585,0.006733242695130526,0.028643678038590227,0,0,9,-1982.9606144548413,0.0,EURUSD=X
2023-09-26 00:00:00+01:00,1.0591648817062378,1.060895323753357,1.0568143129348755,1.0591648817062378,-0.0012245689773250357,0.008032920676313324,-0.0018529061584937612,35.43901711605693,-0.006221413660299158,-0.006092413284363506,-0.0001290003759356513,37.840937896070976,0.007164907915805023,0.006637616020126537,0.029410820459704726,0,1,9,-1944.4708219396186,0.0,EURUSD=X
2023-09-27 00:00:00+01:00,1.0569483041763306,1.057373046875,1.0509058237075806,1.0569483041763306,-0.005338197611603257,0.008407427954375287,-0.009447846591337905,30.901124717541606,-0.0065866991794518714,-0.006191270463381179,-0.0003954287160706921,11.914991328728798,0.00722705338855479,0.006764676623589404,0.030947201009189556,0,2,9,-1996.6922197443268,0.0,EURUSD=X
2023-09-28 00:00:00+01:00,1.0505305528640747,1.0578652620315552,1.049185872077942,1.0505305528640747,-0.0020927596526203462,0.008424693715975692,-0.010537843252441337,29.324294518920624,-0.006974650438387853,-0.006347946458382514,-0.0006267039800053383,23.570003673513042,0.007300768003562106,0.0068376602337110156,0.03107578932409962,0,3,9,-2059.905078182451,0.0,EURUSD=X
2023-09-29 00:00:00+01:00,1.0562450885772705,1.0617965459823608,1.0558546781539917,1.0562450885772705,-0.006071963299337679,0.007962758066228533,-0.013866977902759592,25.298992193942368,-0.0077110750286928376,-0.006620572172444579,-0.0010905028562482582,4.9154396224524035,0.007399240999994333,0.006949600831368427,0.02955130246422852,0,4,9,-2163.507177547856,0.0,EURUSD=X
2023-10-02 00:00:00+01:00,1.0565240383148193,1.0590976476669312,1.0492738485336304,1.0565240383148193,0.005439666364406293,0.007602650849264539,-0.00929484975493522,33.98811289484925,-0.007744309963876983,-0.006845319730731061,-0.0008989902331459224,25.80475072010319,0.007675437579872318,0.007005231153274172,0.028062227263174727,0,0,10,-2167.482483725281,0.0,EURUSD=X
2023-10-03 00:00:00+01:00,1.0480751991271973,1.049428105354309,1.0449867248535156,1.0480751991271973,0.0002640956540915784,0.0076246795608265645,-0.007818213795015905,34.38930621047378,-0.007659842085440571,-0.0070082242016729634,-0.0006516178837676079,26.824442982207678,0.00782889197654578,0.0072648016528945435,0.028136107056487017,0,1,10,-2175.249171317543,0.0,EURUSD=X
2023-10-04 00:00:00+01:00,1.0472300052642822,1.0532413721084595,1.045369029045105,1.0472300052642822,-0.007996826272971713,0.008073668348931258,-0.010470213628284042,28.699891783984256,-0.008180353374163118,-0.007242650036170995,-0.0009377033379921237,10.121696325669525,0.00809377922545706,0.007469780778197427,0.0300331064300574,0,2,10,-2284.0560208854895,0.0,EURUSD=X
2023-10-05 00:00:00+01:00,1.0507071018218994,1.0536853075027466,1.0500892400741577,1.0507071018218994,-0.0008064248286944187,0.008795017857715914,-0.009194677614456914,28.197322432489344,-0.00856236083588291,-0.0075065921961133784,-0.001055768639769531,8.095574063876652,0.008077962356735448,0.007728750307736349,0.03274284727792743,0,3,10,-2373.2261400563807,0.0,EURUSD=X
2023-10-06 00:00:00+01:00,1.0546631813049316,1.0598160028457642,1.0483938455581665,1.0546631813049316,0.0033202797285585284,0.009017690549576348,0.00016805694736188315,33.36685363849308,-0.008486702445615446,-0.007702614246013793,-0.0007840881996016534,20.64375688325991,0.007962058062573227,0.007688120069549798,0.03346073329073084,0,4,10,-2410.3621525979474,0.0,EURUSD=X
2023-10-09 00:00:00+01:00,1.056747317314148,1.0576413869857788,1.0521442890167236,1.056747317314148,0.00376515917344844,0.009031429784383038,-0.0014976706537586093,38.76841099937718,-0.00801512668313431,-0.007765116733437896,-0.0002500099496964142,34.920498348017624,0.00820920800721783,0.00754938467911793,0.033386009982465714,0,0,10,-2391.0716336056526,0.0,EURUSD=X
2023-10-10 00:00:00+01:00,1.0578875541687012,1.061954379081726,1.0555983781814575,1.0578875541687012,0.001976115262350975,0.00879522035798277,0.00021133357238589667,41.46070149185981,-0.007388062154151553,-0.007689705817580628,0.0003016436634290746,42.441750412995596,0.008015485861634784,0.007768373643079154,0.032448704677828226,0,1,10,-2363.9660718642167,0.0,EURUSD=X
2023-10-11 00:00:00+01:00,1.0604791641235352,1.063354730606079,1.0592771768569946,1.0604791641235352,0.0010790061501657622,0.008195530985767776,0.009362262411776623,42.938924776373376,-0.006721618775193283,-0.007496088409103159,0.0007744696339098758,57.658905642282484,0.007896951221537196,0.007576878875310556,0.0302036467864709,0,2,10,-2302.6680643826166,0.0,EURUSD=X
2023-10-12 00:00:00+01:00,1.0624282360076904,1.0639089345932007,1.0545964241027832,1.0624282360076904,0.0024497971874435365,0.007405686809201447,0.012651622654671124,46.26050938405359,-0.005916138766504986,-0.007180098480583525,0.0012639597140785387,69.88223907081787,0.0077233958798115345,0.007446587814918427,0.027226072422085655,0,3,10,-2223.686782950674,0.0,EURUSD=X
2023-10-13 00:00:00+01:00,1.0536741018295288,1.0558546781539917,1.0496152639389038,1.0536741018295288,0.0018379162458757037,0.00670422515964017,0.011155472505579134,48.680058388502566,-0.0050621627829958715,-0.006756511341065995,0.0016943485580701231,84.85379235150151,0.007836904066283389,0.007269569480602197,0.02460202078885016,0,4,10,-2065.4268966114296,0.0,EURUSD=X
2023-10-16 00:00:00+01:00,1.0521553754806519,1.055464744567871,1.0516352653503418,1.0521553754806519,-0.008239741642275256,0.006716133811407335,-0.0009378154968670005,39.97454427558617,-0.005033740305478984,-0.006411957133948593,0.0013782168284696087,45.91100667166464,0.008192337495033621,0.007437692596483026,0.024850482682773973,0,0,10,-2007.1997490829635,0.0,EURUSD=X
2023-10-17 00:00:00+01:00,1.0554312467575073,1.0595004558563232,1.0533411502838135,1.0554312467575073,-0.0014413625107041472,0.006569448722942021,-0.0043453546162455225,38.6821214205363,-0.005075259380206809,-0.006144617583200236,0.001069358202993427,37.88484921029919,0.00788070476092617,0.007786243064424918,0.024342817478657307,0,1,10,-1970.4467498715633,0.0,EURUSD=X
2023-10-18 00:00:00+01:00,1.057305932044983,1.0595465898513794,1.0527091026306152,1.057305932044983,0.003113486233303764,0.006009877586902888,-0.0023218983922389524,42.96553917215297,-0.004788627791253441,-0.005873419624810878,0.0010847918335574365,55.197157455065486,0.007842445876265114,0.007466810164221732,0.02220022992761657,0,2,10,-1833.6718953616557,1.0,EURUSD=X
2023-10-19 00:00:00+01:00,1.053851842880249,1.0585371255874634,1.0528864860534668,1.053851842880249,0.0017762268203020959,0.005422022414665611,-0.0029922625412209802,45.31961839446224,-0.00435994008134899,-0.005570723716118501,0.0012107836347695113,65.10448494622979,0.007770663115157903,0.007417385676723375,0.019993205677556646,0,3,10,-1667.3007392124666,1.0,EURUSD=X
2023-10-20 00:00:00+01:00,1.0586491823196411,1.0601080656051636,1.056579828262329,1.0586491823196411,-0.003266877693623771,0.005049220771827642,-0.008072444647808985,41.88899144765418,-0.0042499275915011125,-0.005306564491195024,0.001056636899693911,46.850331693242026,0.007619232859360665,0.007373582128888393,0.01867955796520192,0,4,10,-1529.0144532104384,1.0,EURUSD=X
2023-10-23 00:00:00+01:00,1.0589966773986816,1.064736008644104,1.057183027267456,1.0589966773986816,0.004552195331632758,0.004508875367146062,0.004721650158691304,47.79936125096172,-0.00373260950210752,-0.004991773493377523,0.0012591639912700034,72.2032873225772,0.0075218749926145145,0.007197127232144942,0.016604964766006484,0,0,10,-1422.7983461093522,1.0,EURUSD=X
2023-10-24 00:00:00+01:00,1.0669853687286377,1.0690499544143677,1.0584250688552856,1.0669853687286377,0.00032824384587826216,0.0040487225234044615,0.006502178364012456,48.2102581671565,-0.0032570460411252,-0.004644828002927059,0.001387781961801859,70.36537774987382,0.007524096877188331,0.007102831532098137,0.014905454053644164,0,1,10,-1319.5949926210917,1.0,EURUSD=X
2023-10-25 00:00:00+01:00,1.059535264968872,1.0606703758239746,1.0566803216934204,1.059535264968872,0.007543641543408253,0.004749946806260801,0.010947299510628339,56.6569752183011,-0.002210061730089752,-0.004157874748359598,0.0019478130182698462,90.00496318012881,0.007745581783037881,0.007051733882868178,0.01735609729103247,0,2,10,-1100.2021492955537,1.0,EURUSD=X
2023-10-26 00:00:00+01:00,1.056725025177002,1.0569707155227661,1.0526316165924072,1.056725025177002,-0.006982386055249035,0.004818288777169341,0.002108503183726018,48.68271577478053,-0.0019588992594867793,-0.0037180796505850346,0.0017591803910982553,53.93764860684688,0.007928400729622124,0.007310357700331415,0.017729610842674645,0,3,10,-964.8183322503021,1.0,EURUSD=X
2023-10-27 00:00:00+01:00,1.0564459562301636,1.0597710609436035,1.053629755973816,1.0564459562301636,-0.0026523324751750454,0.004650805854991255,0.0027263626440130473,46.049837278905805,-0.001963974580622363,-0.0033672586365925006,0.0014032840559701377,36.58283751456787,0.007855204132968032,0.0075028039846923395,0.01715884345547337,0,4,10,-869.6890045012685,1.0,EURUSD=X
2023-10-30 00:00:00+00:00,1.0562450885772705,1.0625998973846436,1.054841160774231,1.0562450885772705,-0.0002640885189518771,0.004651091480157737,-0.002081167327452116,45.785028531508914,-0.001967831405412346,-0.0030873731903564698,0.001119541784944124,35.146905477519475,0.00773278276416943,0.0074355002133745214,0.017164430179753932,0,0,10,-764.8127971493354,1.0,EURUSD=X
2023-10-31 00:00:00+00:00,1.061503529548645,1.0669056177139282,1.0567585229873657,1.061503529548645,-0.0001901352849225102,0.004650565409869219,-0.002598297879621403,45.581849286225655,-0.0019644513355450144,-0.002862788819394179,0.0008983374838491646,34.1133533705453,0.007734636610329656,0.0073210118066302675,0.017165752580448345,0,1,10,-663.1027965966189,1.0,EURUSD=X
2023-11-01 00:00:00+00:00,1.0579099655151367,1.0580778121948242,1.0522881746292114,1.0579099655151367,0.0049784288024075085,0.004375365288679944,-0.005137689176117344,51.6329840999484,-0.0015199394502054542,-0.002594218945556434,0.0010742794953509799,61.17033674783782,0.007943628933638803,0.007286491655490256,0.016069955290798535,0,2,11,-531.8224851188359,1.0,EURUSD=X
2023-11-02 00:00:00+00:00,1.05870521068573,1.067008137702942,1.0584250688552856,1.05870521068573,-0.003385352882468773,0.003741077818949526,-0.00153397391051735,47.7271680680376,-0.0014410199820262815,-0.0023635791528504035,0.0009225591708241221,42.67987486965589,0.008034466504052717,0.007508794881018771,0.013787001660948177,0,3,11,-446.01796858459403,1.0,EURUSD=X
2023-11-03 00:00:00+00:00,1.0619093179702759,1.0736998319625854,1.0615485906600952,1.0619093179702759,0.0007517134694974281,0.0033978799539384937,0.0018738891022254123,48.65284884897116,-0.0012993282485389557,-0.0021507289719881143,0.0008514007234491586,40.59759728924941,0.008110445481463608,0.007588955285153213,0.012512807827945267,0,4,11,-343.9769003890964,1.0,EURUSD=X
2023-11-06 00:00:00+00:00,1.0732147693634033,1.075700283050537,1.0723400115966797,1.0732147693634033,0.0030264395151795576,0.0034301454138781625,0.005171454070029169,52.316734412551675,-0.00091791074520442,-0.0019041653266313756,0.0009862545814269556,44.934136537240974,0.008602172323991597,0.007637606473748476,0.012593512969926005,0,0,11,-226.90139812684333,1.0,EURUSD=X
2023-11-07 00:00:00+00:00,1.0721560716629028,1.0721560716629028,1.0664732456207275,1.0721560716629028,0.010646343526523161,0.004779518151527709,0.01606604468001871,62.48774784365965,0.0002932405237567881,-0.001464684156553743,0.0017579246803105311,89.3836401130375,0.008972800378010857,0.008015331664783304,0.01736278024494746,0,1,11,-33.13327443077214,1.0,EURUSD=X
2023-11-08 00:00:00+00:00,1.0696102380752563,1.071604609489441,1.0660640001296997,1.0696102380752563,-0.0009864732863567038,0.005599068822747235,0.010035333673160007,61.171860609549135,0.0011543519233445654,-0.0009408769405740814,0.002095228863918647,84.86163089691692,0.008813423475486923,0.008368931180041854,0.020360085170475786,0,2,11,69.06970529960299,1.0,EURUSD=X
2023-11-09 00:00:00+00:00,1.0710422992706299,1.0728002786636353,1.0681477785110474,1.0710422992706299,-0.0023744990630868434,0.006021007677304912,0.011059799927702008,58.00843465720145,0.0016127704040829194,-0.00043014747164268126,0.0020429178757256005,73.98762697624684,0.008619041193895224,0.008239845844544751,0.021946507798882218,0,3,11,167.74014586243388,1.0,EURUSD=X
2023-11-10 00:00:00+00:00,1.0667576789855957,1.0692557096481323,1.0657685995101929,1.0667576789855957,0.0013388626477159882,0.006481399352503966,0.0116529969441721,59.28395621741166,0.0020677895324510143,6.943992917605786e-05,0.0019983496032749564,80.10438147610682,0.008335716833801844,0.008047339680015171,0.023593042627150937,0,4,11,312.69969837417807,0.0,EURUSD=X
2023-11-13 00:00:00+00:00,1.069015622138977,1.0705492496490479,1.0665528774261475,1.069015622138977,-0.00400042116726107,0.0064051111043163115,0.00456570154651903,53.998938935035866,0.0020589283762983968,0.00046733761860052564,0.0015915907576978712,61.80350823595305,0.008117001328561498,0.007814067803785081,0.023408990408689375,0,0,11,422.73995171938986,0.0,EURUSD=X
2023-11-14 00:00:00+00:00,1.0701825618743896,1.08672034740448,1.0693585872650146,1.0701825618743896,0.0021166411059054813,0.006251877375046597,-0.003912681174632948,56.214214352336654,0.002208643125151788,0.0008155987199107782,0.0013930444052410098,71.4478474502915,0.007822670678157133,0.007592967923443732,0.02280070067511949,0,1,11,563.0926797645749,0.0,EURUSD=X
2023-11-15 00:00:00+00:00,1.0878314971923828,1.0887316465377808,1.0832945108413696,1.0878314971923828,0.0010916021349414162,0.0062937495750114815,-0.0018406926385747813,57.35716135688914,0.002393860492746036,0.0011312510744778297,0.0012626094182682064,51.96996240106911,0.008528531720110404,0.0073096600120786705,0.02292838061495744,0,2,11,644.3874396668765,1.0,EURUSD=X
2023-11-16 00:00:00+00:00,1.0854581594467163,1.0893957614898682,1.0830950736999512,1.0854581594467163,0.01649151831354989,0.008272124564769712,0.0170354195093676,70.07846426589794,0.003919585629558631,0.00168891798549399,0.0022306676440646406,97.5300121029734,0.009244285501773312,0.007839938209292477,0.02964675949742018,0,3,11,928.9242712420702,0.0,EURUSD=X
2023-11-17 00:00:00+00:00,1.0853756666183472,1.089229702949524,1.0825204849243164,1.0853756666183472,-0.002181714495114284,0.009132546183979007,0.01345965531511073,67.17626608586514,0.004880960596016282,0.0023273265075984487,0.002553634088417833,89.38868739177785,0.009034028522355004,0.008516482575878689,0.03280201958040844,0,4,11,1207.792928283542,0.0,EURUSD=X
2023-11-20 00:00:00+00:00,1.090702772140503,1.0945110321044922,1.0897995233535767,1.090702772140503,-7.599816506165258e-05,0.009929557224298382,0.01745287425580644,67.07229155602795,0.005571970494014478,0.0029762553048816548,0.002595715189132823,89.16638021594636,0.008867970629701611,0.008323411699934174,0.035667411819461585,0,0,11,1416.9562568789345,0.0,EURUSD=X
2023-11-21 00:00:00+00:00,1.0945948362350464,1.0967316627502441,1.0922993421554565,1.0945948362350464,0.00490807531990578,0.0110096993105193,0.020287028133538776,70.27217413470218,0.006474816062657984,0.003675967456436921,0.0027988486062210634,90.98057262889232,0.008887070262304711,0.00813051076444798,0.03935417703843284,0,1,11,1600.2434373517183,0.0,EURUSD=X
2023-11-22 00:00:00+00:00,1.0918222665786743,1.0922515392303467,1.0854581594467163,1.0918222665786743,0.0035684002956233307,0.012404159138828374,0.02281131764836397,72.38376769541983,0.007418864671699499,0.004424546899489437,0.002994317772210062,94.42177886904484,0.00868291457283589,0.008119050052229881,0.04418101900143864,0,2,11,1796.0379246156197,0.0,EURUSD=X
2023-11-23 00:00:00+00:00,1.0890873670578003,1.0927051305770874,1.0888028144836426,1.0890873670578003,-0.002532964312081498,0.01302242616347284,0.0036685547316761546,68.6432461598784,0.00785278478116136,0.0051101944758238215,0.002742590305337538,86.04614128353951,0.008715326159656903,0.007952681346245669,0.04650094198337486,0,3,11,2018.2351623287693,0.0,EURUSD=X
2023-11-24 00:00:00+00:00,1.0906314849853516,1.0944151878356934,1.089561939239502,1.0906314849853516,-0.002504894436201721,0.01305335028382902,0.003343479966960494,65.07115072053531,0.007885091631283592,0.005665173906915776,0.002219917724367816,75.31156516014276,0.00837153972635604,0.0080024123162879,0.04672841668192183,0,4,11,2197.2866642474587,0.0,EURUSD=X
2023-11-27 00:00:00+00:00,1.0940439701080322,1.0959264039993286,1.0925856828689575,1.0940439701080322,0.0014178090521081987,0.012943380659483363,0.004842395613474215,66.14243500735105,0.007943722170400402,0.006120883559612701,0.001822838610787701,80.29853274658596,0.008154131230037257,0.007675864709213378,0.04626914632535359,0,0,11,2412.659750779878,0.0,EURUSD=X
2023-11-28 00:00:00+00:00,1.0958423614501953,1.1007153987884521,1.0935057401657104,1.0958423614501953,0.003128907582130358,0.012790581426014946,0.0030633441601806144,68.44574984717948,0.00817135206501729,0.00653097726069362,0.0016403748043236702,91.31968106199733,0.007949901786032956,0.007453202478902261,0.04558031308287929,0,1,11,2588.3777969540524,0.0,EURUSD=X
2023-11-29 00:00:00+00:00,1.100594401359558,1.1016855239868164,1.096118688583374,1.100594401359558,0.0016438017038615804,0.01289425829435841,0.0011397141424858148,69.61875851521981,0.008400035171399534,0.006904788842834803,0.0014952463285647305,86.05584076682983,0.007897027274369296,0.007254603459125603,0.045874365965426336,0,2,11,2766.8833617556425,0.0,EURUSD=X
2023-11-30 00:00:00+00:00,1.0973695516586304,1.098538875579834,1.0894907712936401,1.0973695516586304,0.0043364265486818265,0.01278760158788892,0.008034398133655918,72.52518107377446,0.008862556057529503,0.007296342285773743,0.0015662137717557595,96.96209337754279,0.007750322650244424,0.007175238457159279,0.04529847605495395,0,3,11,2866.518888064571,0.0,EURUSD=X
2023-12-01 00:00:00+00:00,1.0892059803009033,1.0913456678390503,1.0831537246704102,1.0892059803009033,-0.002930098224145139,0.012158138472493503,0.007604701745099307,67.7859589341789,0.008866679213739515,0.007610409671366898,0.0012562695423726164,87.71520864295555,0.00798984460850682,0.007062636865156428,0.04319524817432429,0,4,12,2924.641151231517,0.0,EURUSD=X
2023-12-04 00:00:00+00:00,1.088814616203308,1.0887316465377808,1.0805671215057373,1.088814616203308,-0.00743921803314862,0.011174581598630587,-0.0013070452339520866,57.536176639266564,0.008117639763843165,0.007711855689862152,0.00040578407398101334,61.3958359453938,0.008434557635629206,0.007335476257943012,0.03999843948746931,0,0,12,2945.1989372134067,0.0,EURUSD=X
2023-12-05 00:00:00+00:00,1.0837758779525757,1.0848339796066284,1.078260064125061,1.0837758779525757,-0.0003593113742242915,0.010906695514312241,-0.004779838879974574,57.090495575137375,0.007407056850710747,0.007650895922031871,-0.0002438390713211244,39.05359179019384,0.00844915057559612,0.007746550707631454,0.03905359703202302,0,1,12,2896.3123728552137,0.0,EURUSD=X
2023-12-06 00:00:00+00:00,1.0793657302856445,1.0803686380386353,1.0773192644119263,1.0793657302856445,-0.004627728334785308,0.010487544327890832,-0.011011148977350449,51.55358448716815,0.0063639708121501215,0.007393510900055522,-0.0010295400879054006,23.546234994173236,0.008599536397214046,0.007796031215935442,0.03772733452570634,0,2,12,2769.1553807809732,0.0,EURUSD=X
2023-12-07 00:00:00+00:00,1.076669692993164,1.0796804428100586,1.0757662057876587,1.076669692993164,-0.004069243241750842,0.009916634585284302,-0.0192883691282546,47.23552610550016,0.005122407625463898,0.006939290245137198,-0.0018168826196732994,8.398769074212693,0.008446470478888001,0.007967212739780292,0.03581933173654034,0,3,12,2539.7692288278904,0.0,EURUSD=X
2023-12-08 00:00:00+00:00,1.079214334487915,1.0800535678863525,1.0731456279754639,1.079214334487915,-0.0024977977499498483,0.00954032782683351,-0.01886316112396169,44.76696036537684,0.003876229417401067,0.006326678079589972,-0.0024504486621889053,3.4857676369540123,0.00812273951771028,0.007844996969689598,0.03454638462115425,0,4,12,2323.9516524004707,0.0,EURUSD=X
2023-12-11 00:00:00+00:00,1.0765769481658936,1.077934741973877,1.0743216276168823,1.0765769481658936,0.00236343746955181,0.00854850712891206,-0.009173329924453744,47.552967680768944,0.00305869675918502,0.005673081815508982,-0.0026143850563239623,21.263940520446095,0.008035968117223022,0.007526530419524591,0.03088192522208276,0,0,12,2143.42570993178,0.0,EURUSD=X
2023-12-12 00:00:00+00:00,1.076658010482788,1.0822042226791382,1.0761829614639282,1.076658010482788,-0.002443802160275177,0.007850944917488955,-0.01123944136614119,45.01839282243219,0.0021729329840776135,0.004973052049222709,-0.0028001190651450953,12.022889603608872,0.007811449456780857,0.0074643694822868634,0.028431426347574652,0,1,12,1918.8358665938943,0.0,EURUSD=X
2023-12-13 00:00:00+00:00,1.0798670053482056,1.0808240175247192,1.0774004459381104,1.0798670053482056,7.529635204672758e-05,0.007212952038399332,-0.0065676562973835395,45.115222692646824,0.001460662256961287,0.004270574090770424,-0.002809911833809137,12.306921181237207,0.007683578868097222,0.007255274544679324,0.026119031095388764,0,2,12,1667.0398542716675,0.0,EURUSD=X
2023-12-14 00:00:00+00:00,1.0886130332946777,1.1004126071929932,1.088020920753479,1.0886130332946777,0.0029805145498138508,0.0074211058793826525,0.0004644163220082209,48.94821168488015,0.0011419578616531645,0.0036448508449469725,-0.002502892983293808,23.550812413850718,0.007432323737656788,0.007115301078783895,0.02679292633598756,0,3,12,1390.1634727152828,0.0,EURUSD=X
2023-12-15 00:00:00+00:00,1.0993602275848389,1.100594401359558,1.0902271270751953,1.0993602275848389,0.008099171382361048,0.007413789570132681,0.011092854548836462,57.63267909584985,0.0015769357600714518,0.0032312678279718685,-0.0016543320679004167,54.19573117246564,0.008368986459594703,0.006827333047045125,0.02655146688335201,0,4,12,1228.7536914975524,0.0,EURUSD=X
2023-12-18 00:00:00+00:00,1.0895264148712158,1.0930036306381226,1.0894551277160645,1.0895264148712158,0.009872373342467489,0.007855058595765522,0.018667184499993716,65.41763040796721,0.002757085672177695,0.003136431396813034,-0.00037934572463533926,91.85247065703187,0.008627013717115108,0.007612597081104481,0.027856798446328164,0,0,12,1170.5188715947218,0.0,EURUSD=X
2023-12-19 00:00:00+00:00,1.092382788658142,1.098799705505371,1.091607689857483,1.092382788658142,-0.008945032271384545,0.007839251277134593,0.01202837077961183,55.38864194996803,0.0028658210771892456,0.0030823093328882765,-0.00021648825569903088,57.39609874274257,0.008718305585090774,0.007918131767493529,0.02805166317130312,0,1,12,1015.1257850097614,0.0,EURUSD=X
2023-12-20 00:00:00+00:00,1.0981045961380005,1.09797203540802,1.0935654640197754,1.0981045961380005,0.0026216654758792757,0.007757702922640871,0.014605174551483469,57.43011023623007,0.0031462125817574016,0.0030950899826621015,5.112259909530008e-05,70.08386281415983,0.008757947374309667,0.007980998671537237,0.027687267049670568,0,2,12,910.8622377128862,0.0,EURUSD=X
2023-12-21 00:00:00+00:00,1.0945708751678467,1.099976897239685,1.0936251878738403,1.0945708751678467,0.0052379143458374244,0.008043761802304596,0.01688873787185874,61.25497452075436,0.003786478743766475,0.0032333677348829765,0.0005531110088834983,90.92926599408487,0.008531611615421686,0.00797551290205969,0.02855862449585438,0,3,12,902.4328844344989,0.0,EURUSD=X
2023-12-22 00:00:00+00:00,1.100618600845337,1.1040574312210083,1.0994206666946411,1.100618600845337,-0.0032180185590533483,0.008165081481094995,0.0054728739147440475,57.80089926460974,0.003963068750641563,0.003379307938034694,0.000583760812606869,78.05539028129438,0.008375904311880475,0.007794480749465774,0.02908294814354064,0,4,12,889.3600391311966,0.0,EURUSD=X
2023-12-25 00:00:00+00:00,1.102657437324524,1.1042402982711792,1.0999890565872192,1.102657437324524,0.005525202446632571,0.008592672273890623,0.0011446414277351824,61.7737035332937,0.00453869922317085,0.0036111861950619255,0.0009275130281089245,88.8753485251073,0.008455236579114843,0.007610178771690129,0.030437795422184825,0,0,12,952.085585943381,0.0,EURUSD=X
2023-12-26 00:00:00+00:00,1.1020255088806152,1.1039965152740479,1.1009578704833984,1.1020255088806152,0.0018524459586828357,0.009058896734624278,0.012052045984456639,63.03708691233958,0.005100610916817905,0.003909071139413122,0.001191539777404783,94.90954259491414,0.008154951229460921,0.007668053824250746,0.032029967050322725,0,1,12,1054.8407364433972,0.0,EURUSD=X
2023-12-27 00:00:00+00:00,1.1043012142181396,1.1122480630874634,1.1029249429702759,1.1043012142181396,-0.0005730958886397408,0.009386694481176207,0.008827235583158677,62.3492674152526,0.0054323182548698945,0.004213720562504477,0.0012185976923654177,92.87727006107168,0.007789500769545814,0.007399965938850481,0.03320800832587209,0,2,12,1198.5167173364018,0.0,EURUSD=X
2023-12-28 00:00:00+00:00,1.110864281654358,1.113945484161377,1.1071009635925293,1.110864281654358,0.002065020563667419,0.009644142585206184,0.005643012607298603,63.877835949244066,0.005811833908418107,0.004533343231687203,0.0012784906767309041,79.67684404676615,0.007963290300781694,0.007053782672022947,0.03404849082831884,0,3,12,1330.6119938172262,0.0,EURUSD=X
2023-12-29 00:00:00+00:00,1.1068191528320312,1.1086474657058716,1.1043256521224976,1.1068191528320312,0.0059431859276410925,0.010611604219880492,0.014885656887236864,67.92254188968292,0.006566493046042732,0.004939973194558309,0.0016265198514844228,92.22387022434557,0.008083360275242809,0.00716855373990632,0.03724275798863564,0,4,12,1463.6793098928663,0.0,EURUSD=X
2024-01-01 00:00:00+00:00,1.1055831909179688,1.1053388118743896,1.1039965152740479,1.1055831909179688,-0.003641424869924248,0.011199287666460545,0.005633697251647307,63.22357469400235,0.0067602300364628665,0.0053040245629392205,0.001456205473523646,81.1285612816668,0.007973022365001204,0.007303234909298253,0.0394489572805259,0,0,1,1501.3633283712431,0.0,EURUSD=X
2024-01-02 00:00:00+00:00,1.1038745641708374,1.1046061515808105,1.0941996574401855,1.1038745641708374,-0.0011166791890978578,0.011604908157168773,0.0026533658545340177,61.816394960472,0.006736383365881338,0.005590496323527644,0.0011458870423536934,77.11784239403448,0.0076051377359285036,0.007211598756653655,0.040923434483262904,0,1,1,1612.0794417113668,0.0,EURUSD=X
2024-01-03 00:00:00+00:00,1.0941756963729858,1.0967004299163818,1.0898706912994385,1.0941756963729858,-0.0015454528986756921,0.011690731380309599,0.0016778697728152547,59.83375622144346,0.006504631466186073,0.00577332335205933,0.0007313081141267427,61.15298131704917,0.007875023146060981,0.006889494497629823,0.04128989224056361,0,2,1,1717.7639694102545,0.0,EURUSD=X
2024-01-04 00:00:00+00:00,1.0927767753601074,1.0970205068588257,1.0917030572891235,1.0927767753601074,-0.008786204622023064,0.011215539108747641,-0.009169163009861259,50.02553641124672,0.005475233755015685,0.0057137054326506015,-0.00023847167763491658,19.275214174454828,0.008312798126442263,0.007197219945722977,0.0399627056318243,0,3,1,1702.1524567424394,0.0,EURUSD=X
2024-01-05 00:00:00+00:00,1.0947387218475342,1.0996382236480713,1.0879853963851929,1.0947387218475342,-0.0012785158887330672,0.010448356116869836,-0.016282372737121076,48.783390146536284,0.004494734911846043,0.00546991132848969,-0.000975176416643647,13.563084112149532,0.008098844658103682,0.007607041359112807,0.037276772570097004,0,4,1,1660.1144902873443,0.0,EURUSD=X
2024-01-08 00:00:00+00:00,1.0942236185073853,1.0978153944015503,1.092454433441162,1.0942236185073853,0.0017953771819319009,0.00977441459711574,-0.010914548192978657,50.63470944582822,0.003831824313922816,0.005142293925576316,-0.0013104696116535003,26.01426281977692,0.008352700558444734,0.0073979703983026,0.03480984348784322,0,0,1,1537.2543522265107,0.0,EURUSD=X
2024-01-09 00:00:00+00:00,1.095170259475708,1.0967316627502441,1.0912623405456543,1.095170259475708,-0.00047052628163146704,0.008693600351955572,-0.010274733284567739,50.122444502933554,0.003227691535550248,0.0047593734475711025,-0.0015316819120208547,24.030050190798505,0.008139004872869266,0.007633449339942537,0.03097528999129279,0,1,1,1474.038285733346,0.0,EURUSD=X
2024-01-10 00:00:00+00:00,1.0932426452636719,1.0969723463058472,1.0923351049423218,1.0932426452636719,0.0008651256948868369,0.0073402253049624335,-0.007885229878149769,51.101522440372406,0.002793100843009988,0.004366118926658879,-0.0015730180836488914,27.676574719083064,0.00794831325370645,0.007431725617499566,0.02613060969215187,0,2,1,1398.3939743242577,0.0,EURUSD=X
2024-01-11 00:00:00+00:00,1.0975141525268555,1.0991426706314087,1.0931470394134521,1.0975141525268555,-0.0017601046005020216,0.006162777622377408,-0.000852743405293066,48.99259305979091,0.0022670095559511605,0.003946297052517336,-0.0016792874965661751,20.25127543406086,0.007711808118693518,0.007270401761348643,0.021977673973234545,0,3,1,1248.8961411266282,1.0,EURUSD=X
2024-01-12 00:00:00+00:00,1.0981649160385132,1.098659634590149,1.0937089920043945,1.0981649160385132,0.003907190486658552,0.005742479690156405,0.004335173727669117,53.565713964069076,0.0021697419240542803,0.0035909860268247247,-0.0014212441027704444,36.70540802409893,0.007589224054355163,0.00702661382628942,0.020399105903220593,0,4,1,1087.705065969401,1.0,EURUSD=X
2024-01-15 00:00:00+00:00,1.0945708751678467,1.0958904027938843,1.0934100151062012,1.0945708751678467,0.000592943161743742,0.005740661699989521,0.0031296912428535606,54.238850389275605,0.002120721445018958,0.0032969331104635716,-0.0011762116654446134,39.21219273633988,0.007400753949455108,0.006910823632694713,0.02038056331093248,0,0,1,903.0002585284361,0.0,EURUSD=X
2024-01-16 00:00:00+00:00,1.0945708751678467,1.094666838645935,1.086708426475525,1.0945708751678467,-0.0032727697071506245,0.005424678299491777,0.0003173543822194702,49.933570030446354,0.0017714432060060847,0.0029918351295720744,-0.0012203919235659897,25.36770614733961,0.007211764448230601,0.006761329135785968,0.01932199183128693,0,1,1,707.6145393479521,0.0,EURUSD=X
2024-01-17 00:00:00+00:00,1.087878942489624,1.0884946584701538,1.0845398902893066,1.087878942489624,0.0,0.005308870177037193,-0.0005472978312507371,49.933570030446354,0.001477604777081254,0.0026889890590739104,-0.0012113842819926565,28.86673290120404,0.0072650964283862834,0.00658866831910242,0.018909498504950353,0,2,1,522.1695370003954,1.0,EURUSD=X
2024-01-18 00:00:00+00:00,1.0885775089263916,1.0907504558563232,1.084869384765625,1.0885775089263916,-0.006113749991014994,0.005856537347485841,-0.004906232662332921,42.6269985895182,0.0006967212954491764,0.002290535506348964,-0.0015938142108997875,13.850634676530072,0.007462659889111552,0.006678221394523938,0.02098853571630093,0,3,1,375.3095907026186,0.0,EURUSD=X
2024-01-19 00:00:00+00:00,1.0879143476486206,1.0892653465270996,1.0868265628814697,1.0879143476486206,0.0006421361876616238,0.006206574747266078,-0.008142622653100728,43.555501926813236,0.00013270425157152488,0.0018589692553934761,-0.0017262650038219513,19.41263454726779,0.0073496892606534575,0.006855423548546021,0.022228718543688936,0,4,1,231.1015251672807,0.0,EURUSD=X
2024-01-22 00:00:00+00:00,1.089229702949524,1.0909883975982666,1.0880327224731445,1.089229702949524,-0.0006091998707791202,0.006576222690279008,-0.009334270509087306,42.846596411907626,-0.00036360349728981056,0.0014144547048568188,-0.0017780582021466294,16.816572406254455,0.006998910288151773,0.006755760944360018,0.023566961964001345,0,0,1,95.48642456362228,0.0,EURUSD=X
2024-01-23 00:00:00+00:00,1.088020920753479,1.0918222665786743,1.0824267864227295,1.088020920753479,0.0012090614520767762,0.0067042552699614665,-0.004879695175064591,44.76682932750216,-0.0006433763420827798,0.0010028884954688992,-0.001646264837551679,31.06179038956527,0.0067185631211156465,0.0064255595208241485,0.023996773930960114,0,1,1,-30.38251925328734,0.0,EURUSD=X
2024-01-24 00:00:00+00:00,1.0857881307601929,1.0931470394134521,1.0851871967315674,1.0857881307601929,-0.0011097587522371777,0.006860479616573218,-0.005984038642873002,43.326200582403565,-0.0009516667364957154,0.0006119774490759763,-0.0015636441855716916,32.5024241584707,0.006909771480746302,0.006175031190083082,0.0245832346250056,0,2,1,-148.68749517245905,0.0,EURUSD=X
2024-01-25 00:00:00+00:00,1.088174819946289,1.0900371074676514,1.0826143026351929,1.088174819946289,-0.00205215722482599,0.0069456104976214645,-0.0019219158012621085,40.71954775947538,-0.0013604738912809111,0.0002174871810045988,-0.00157796107228551,19.529713256683753,0.006984776566541906,0.006363830368921571,0.024939464781979424,0,3,1,-230.5471082907602,0.0,EURUSD=X
2024-01-26 00:00:00+00:00,1.0847046375274658,1.0883287191390991,1.0813382863998413,1.0847046375274658,0.002198116850315124,0.006044349818218141,-0.0003699221936890318,44.55922359883978,-0.0014748692610533354,-0.00012098410740698803,-0.0013538851536463474,34.386655541530274,0.007016064299821663,0.006418800029655773,0.021655724262821485,0,4,1,-336.75126152534125,0.0,EURUSD=X
2024-01-29 00:00:00+00:00,1.0843517780303955,1.084975242614746,1.079715371131897,1.0843517780303955,-0.003188993491867853,0.005591359811092977,-0.002950333478083267,40.45615497705036,-0.0018245113048431794,-0.0004616895468942263,-0.0013628217579489531,18.9074279898764,0.0070142334740671015,0.006468179499826292,0.020096838273238504,0,0,1,-457.33277860222563,0.0,EURUSD=X
2024-01-30 00:00:00+00:00,1.0834470987319946,1.085564136505127,1.0812681913375854,1.0834470987319946,-0.0003253046819037264,0.005055345064917877,-0.004478325284299034,40.05229321000668,-0.002105803563364095,-0.0007905123501882,-0.0013152912131758948,23.86542143242845,0.006888921903265817,0.006468595907877494,0.018176171123839215,0,1,1,-544.6888094012273,1.0,EURUSD=X
2024-01-31 00:00:00+00:00,1.08433997631073,1.088565707206726,1.0807656049728394,1.08433997631073,-0.0008343042513787591,0.004542689075002737,-0.0042037997011279415,38.977946117375495,-0.0023743596237486564,-0.0011072818049002913,-0.0012670778188483651,19.208679004467136,0.006703709279285509,0.00635833711800809,0.016346587198684825,0,2,1,-636.0058044177034,1.0,EURUSD=X
2024-02-01 00:00:00+00:00,1.0803920030593872,1.086555004119873,1.078027606010437,1.0803920030593872,0.0008241081449942289,0.0046949024918524285,-0.001333735752341525,40.66946722889217,-0.0024864818627978735,-0.0013831218164798078,-0.0011033600463180658,24.411638853230638,0.006782023061757024,0.006182294691461679,0.016880406535488,0,3,2,-634.6931983433574,1.0,EURUSD=X
2024-02-02 00:00:00+00:00,1.0874648094177246,1.0897995233535767,1.0783065557479858,1.0874648094177246,-0.0036408998446917362,0.005154965291629296,-0.007152175132379979,35.92724902643721,-0.0028609289833816387,-0.001678683249860174,-0.0011822457335214647,13.236432556525454,0.00690669270801981,0.006277372511599596,0.018602280064961434,0,4,2,-681.9146875832585,0.0,EURUSD=X
2024-02-05 00:00:00+00:00,1.0780043601989746,1.0787487030029297,1.072466492652893,1.0780043601989746,0.006546518613900432,0.005039844005457938,0.002544629934053244,47.69422664646094,-0.0025574835822235187,-0.001854443316332843,-0.0007030402658906756,56.716578306347614,0.007234283772132025,0.006351187319539977,0.018068565575899233,0,0,2,-700.5294656217773,0.0,EURUSD=X
2024-02-06 00:00:00+00:00,1.0741831064224243,1.076310396194458,1.0724550485610962,1.0741831064224243,-0.008699545159365218,0.005504171584587154,-0.005853651886798428,37.71657242551288,-0.003045276056518942,-0.002092609864370063,-0.0009526661921488789,26.778148615698548,0.007788857557324848,0.006710811235305899,0.01990642355606418,0,1,2,-788.6121559952592,0.0,EURUSD=X
2024-02-07 00:00:00+00:00,1.075719952583313,1.0784345865249634,1.0756388902664185,1.075719952583313,-0.0035447479784265212,0.006144214578441412,-0.008550479594631177,34.570643496513085,-0.0036975750079393244,-0.0024136028930839153,-0.001283972114855409,8.35133687066835,0.007628889991650103,0.007250958901472303,0.022300256091681667,0,2,2,-916.6314355283369,0.0,EURUSD=X
2024-02-08 00:00:00+00:00,1.077574610710144,1.0789813995361328,1.074310064315796,1.077574610710144,0.001430711534839757,0.006523858705540572,-0.00794955817892562,36.8519611192865,-0.004043900418492008,-0.002739662398165534,-0.0013042380203264741,15.778588177005018,0.007387646428142171,0.007091892246982615,0.023644335678554073,0,3,2,-1013.9493235030867,0.0,EURUSD=X
2024-02-09 00:00:00+00:00,1.0777255296707153,1.0794472694396973,1.0763914585113525,1.0777255296707153,0.0017241086979722375,0.006295918817044542,-0.0026077500955811184,39.58939986598155,-0.0041212037195652584,-0.003015970662445479,-0.0011052330571197796,24.741757260466535,0.007193624199013224,0.006855809662472985,0.022778942752151612,0,4,2,-1129.6082551329714,0.0,EURUSD=X
2024-02-12 00:00:00+00:00,1.0798202753067017,1.0805437564849854,1.0757662057876587,1.0798202753067017,0.00014005430257113538,0.005797317581361029,-0.00895594934444277,39.818020609041454,-0.004122764580023697,-0.003237329445961123,-0.0008854351340625739,25.471116564982687,0.006898066108251189,0.006674820258930992,0.02097204182750903,0,0,2,-1211.673563477063,0.0,EURUSD=X
2024-02-13 00:00:00+00:00,1.0772264003753662,1.079563856124878,1.0702054500579834,1.0772264003753662,0.0019436726497759071,0.005390305656990986,0.0016845155500038178,43.04015361392721,-0.0039099021882809115,-0.0033718439944250807,-0.0005380581938558308,35.59457762261129,0.006746600721756579,0.006388161313503702,0.019461831527262094,0,1,2,-1282.047918789353,0.0,EURUSD=X
2024-02-14 00:00:00+00:00,1.0708931684494019,1.0734450817108154,1.069553017616272,1.0708931684494019,-0.0024021357911608865,0.004960252866293451,0.002833124012793009,40.171997145576476,-0.003905491167184305,-0.0034785734289769256,-0.0004269177382073795,35.402741043520074,0.006951473902253842,0.006262936667171993,0.017952239035049583,0,2,2,-1360.600997282512,1.0,EURUSD=X
2024-02-15 00:00:00+00:00,1.0732147693634033,1.0786322355270386,1.072524070739746,1.0732147693634033,-0.005879202295596797,0.00550950809382936,-0.0044870266860066454,34.18245855936628,-0.004362743299539673,-0.0036554074030894753,-0.0007073358964501978,6.619170984455959,0.0070030388205995844,0.006491286065741943,0.020058038995381635,0,3,2,-1472.1366312032383,0.0,EURUSD=X
2024-02-16 00:00:00+00:00,1.0773887634277344,1.0780508518218994,1.0734450817108154,1.0773887634277344,0.0021679108452647977,0.005639678357916651,-0.004045976309582366,37.841102164832975,-0.004486072466512336,-0.0038215404157740476,-0.0006645320507382888,18.08584550164861,0.007055612267530808,0.0065252911351132105,0.020487524657562782,0,4,2,-1522.555507822791,0.0,EURUSD=X
2024-02-19 00:00:00+00:00,1.0784461498260498,1.0789813995361328,1.0762988328933716,1.0784927606582642,0.0038892439644739873,0.00548983639998047,-0.00031247867263928253,43.88109700975553,-0.0041986063618122405,-0.003896953604981686,-0.0003016527568305543,38.70171926519077,0.0068970744240283285,0.006548808106261693,0.019865923311476873,0,0,2,-1541.2148511230184,0.0,EURUSD=X
2024-02-20 00:00:00+00:00,1.0775396823883057,1.0838581323623657,1.0762524604797363,1.0775396823883057,0.0010246971826746165,0.005144821804118032,-0.0012293848141168295,45.392520725757166,-0.0038374681091208895,-0.003885056505809527,4.758839668863755e-05,44.15449835138954,0.006596038153937821,0.006395104979488838,0.018598370575921574,0,1,2,-1521.7680063345003,1.0,EURUSD=X
2024-02-21 00:00:00+00:00,1.0813149213790894,1.0822510719299316,1.0791910886764526,1.0813149213790894,-0.0008837131826242572,0.004847142832472095,0.00029082281387671216,44.28368781542846,-0.0035868222391273186,-0.0038254096524730856,0.00023858741334576708,39.4471267074894,0.006668154848844363,0.006121387696198878,0.0175377687226538,0,2,2,-1472.1029806442634,1.0,EURUSD=X
2024-02-22 00:00:00+00:00,1.0820403099060059,1.0886249542236328,1.0805087089538574,1.0820403099060059,0.003503573049315589,0.004656843658015585,0.009731832489675574,49.5416276187735,-0.0030484131367150002,-0.003670010349321469,0.0006215972126064687,58.09349976448422,0.006528385898328764,0.006166709361912734,0.016790408245811364,0,3,2,-1400.7979573632888,1.0,EURUSD=X
2024-02-23 00:00:00+00:00,1.0825674533843994,1.0839403867721558,1.0813733339309692,1.0825674533843994,0.0006708392833341126,0.004246158175670303,0.00822346169149113,50.50807564387952,-0.0025339771410914924,-0.0034428037076754737,0.0009088265665839813,65.47469481895403,0.006641804424860666,0.006033403597409295,0.015299404325290743,0,4,2,-1329.1083192026197,1.0,EURUSD=X
2024-02-26 00:00:00+00:00,1.081958293914795,1.0859060287475586,1.0813382863998413,1.0820051431655884,0.0004871754532318473,0.004128021481955168,0.004806705000513389,51.2389805571139,-0.0020600004323854115,-0.0031662430526174616,0.00110624262023205,68.2386693918881,0.006350750740312513,0.006135233794528539,0.014866501411911039,0,0,2,-1264.5365919793462,1.0,EURUSD=X
2024-02-27 00:00:00+00:00,1.0850930213928223,1.0866140127182007,1.0833649635314941,1.0850930213928223,-0.0005194228009101076,0.004004953177784671,0.003256751121055723,50.38420368825904,-0.001710032026410957,-0.002875000847376161,0.001164968820965204,65.29030483726802,0.006223392997984282,0.005869427498036027,0.014430783524836661,0,1,2,-1170.6907446993323,1.0,EURUSD=X
2024-02-28 00:00:00+00:00,1.084481120109558,1.0847163200378418,1.0798670053482056,1.084481120109558,0.002853848012403848,0.004115075496639205,0.007009801242563007,54.83953082981054,-0.001170026242618416,-0.002534005926424612,0.001363979683806196,81.48099533087063,0.006108069894743427,0.005735354366205354,0.014785384769177122,0,2,2,-1021.1137683830561,1.0,EURUSD=X
2024-02-29 00:00:00+00:00,1.0838816165924072,1.085587739944458,1.0805671215057373,1.0838816165924072,-0.0005639159695992602,0.004124554569847768,0.0029281004708883174,53.808395757725876,-0.0007824237936666645,-0.0021836894998730227,0.0014012657062063582,78.27260964953402,0.006045066048305804,0.005632251019848431,0.014827804527269799,0,3,2,-844.3786717810726,1.0,EURUSD=X
2024-03-01 00:00:00+00:00,1.0804970264434814,1.0841518640518188,1.079925298690796,1.0804970264434814,-0.0005528021705811792,0.0042514034996325775,0.0017016987902800373,52.76166408032777,-0.0005176537932218839,-0.001850482358542795,0.001332828565320911,75.12922924987656,0.0059718912190497245,0.005577238284851404,0.015292280984705567,0,4,3,-668.1573334527461,1.0,EURUSD=X
2024-03-04 00:00:00+00:00,1.084269404411316,1.0866494178771973,1.0838581323623657,1.084269404411316,-0.0031226566602047257,0.003812691197329846,-0.0019125154136541145,47.18139507250287,-0.0005743095165116063,-0.0015952477901365573,0.001020938273624951,57.38278735147231,0.005847225086333526,0.005526985334431276,0.013757193621515885,0,0,3,-575.65705912085,1.0,EURUSD=X
2024-03-05 00:00:00+00:00,1.0855170488357544,1.0875357389450073,1.084269404411316,1.0855170488357544,0.003491335816306229,0.003981661680278756,0.002092652941651618,53.13134047419264,-0.00031122262972882453,-0.0013384427580550107,0.0010272201283261862,77.16251945470569,0.005869022682575119,0.005392778826502229,0.014316898508947105,0,1,3,-454.70339512748376,1.0,EURUSD=X
2024-03-06 00:00:00+00:00,1.0855995416641235,1.0914051532745361,1.084293007850647,1.0855995416641235,0.0011506775155347704,0.00402195016083132,0.00039077520044128455,54.93928238269804,-2.0265377960182462e-06,-0.0010711595140032123,0.001069132976207194,80.69729905822425,0.005683116386226282,0.005406660990603326,0.01444514247831959,0,2,3,-305.33579804801013,1.0,EURUSD=X
2024-03-07 00:00:00+00:00,1.089953899383545,1.0940918922424316,1.086932897567749,1.089953899383545,7.599404215485883e-05,0.004092389538015158,0.0010312964733332208,55.06271184784841,0.00024682483151194923,-0.0008075626449001801,0.0010543874764121293,67.67489711934157,0.005785189888916488,0.0052350025659688385,0.014697014018534673,0,3,3,-177.33776364998945,1.0,EURUSD=X
2024-03-08 00:00:00+00:00,1.0950144529342651,1.0978032350540161,1.0927051305770874,1.0950144529342651,0.004011016541833223,0.004558962602170818,0.005602348723496409,61.11712080426699,0.0007863372058065643,-0.0004887826747588313,0.0012751198805653957,76.80423393563562,0.005978558509587318,0.005307738145795405,0.016307211134036475,0,4,3,-42.55243676671326,0.0,EURUSD=X
2024-03-11 00:00:00+00:00,1.0942955017089844,1.09505033493042,1.0914647579193115,1.0942955017089844,0.004642906047294559,0.005460203923512667,0.013435878244448807,66.72768477368349,0.0016037618597324332,-7.027376786057835e-05,0.0016740356275930116,87.05948080827078,0.006112185449650452,0.005459798720982011,0.01944065106376888,0,0,3,127.82428795304325,0.0,EURUSD=X
2024-03-12 00:00:00+00:00,1.093135118484497,1.0942115783691406,1.0903223752975464,1.093135118484497,-0.0006565677953876969,0.006100175723019184,0.009246869142371494,65.28637690731594,0.002168565557974178,0.00037749409730637295,0.001791071460667805,81.15352590789726,0.00593171341832602,0.005585498103670282,0.021733492697944494,0,1,3,268.5409812953442,0.0,EURUSD=X
2024-03-13 00:00:00+00:00,1.0927767753601074,1.0949305295944214,1.0920488834381104,1.0927767753601074,-0.0010603929401840073,0.006397472317928749,0.007017918011433588,62.92397624551649,0.0024937963970022015,0.0008007545572455387,0.0016930418397566628,73.97381363817625,0.005791814346405446,0.005426331400412459,0.022816885471910152,0,2,3,383.8045954097888,0.0,EURUSD=X
2024-03-14 00:00:00+00:00,1.0955302715301514,1.0954701900482178,1.0884116888046265,1.0955302715301514,-0.0003278122880970846,0.006012907569836957,0.006611308701348406,62.17574761630786,0.0026916017749563093,0.0011789240007876929,0.0015126777741686164,71.97594044928884,0.005583945189970131,0.005300089164593423,0.021452349580995872,0,3,3,494.43338254704383,0.0,EURUSD=X
2024-03-15 00:00:00+00:00,1.0883406400680542,1.0901559591293335,1.0873819589614868,1.0883406400680542,0.0025197242768419947,0.005886712154260984,0.00511615413253752,65.564178952128,0.0030355560900525713,0.0015502504186406686,0.0014853056714119028,87.32752891133856,0.0056892706223716435,0.005097025007050614,0.020949333569588925,0,4,3,636.1215171197591,0.0,EURUSD=X
2024-03-18 00:00:00+00:00,1.0882576704025269,1.0907504558563232,1.0880801677703857,1.0882576704025269,-0.006562695389562556,0.0055874276542593505,-0.006094725826063185,52.371568146601696,0.0026969108802306074,0.0017795825109586565,0.0009173283692719509,47.24312109530772,0.00586491647567828,0.0052274723674895504,0.020015611384008935,0,0,3,735.7589039449076,0.0,EURUSD=X
2024-03-19 00:00:00+00:00,1.087393879890442,1.0877841711044312,1.0835057497024536,1.087393879890442,-7.623501546549782e-05,0.0053056464638487205,-0.005517551060959414,52.24092927792836,0.0023942378692427546,0.0019025135826154763,0.0004917242866272784,46.78053967831982,0.005636728733553939,0.005389271893217122,0.01900764730847929,0,1,3,803.1024780821207,0.0,EURUSD=X
2024-03-20 00:00:00+00:00,1.0863306522369385,1.0874292850494385,1.0836936235427856,1.0863306522369385,-0.0007937371227215717,0.004858115437829956,-0.005252085032282805,50.819640921178234,0.0020609097671429044,0.0019341928195209619,0.00012671694762194253,41.7754099125831,0.005573528159733889,0.0051837046702174336,0.01741817862011177,0,2,3,837.9444265924216,0.0,EURUSD=X
2024-03-21 00:00:00+00:00,1.0937210321426392,1.0944511890411377,1.0856467485427856,1.0937210321426392,-0.0009777760139780822,0.0046696610768993665,-0.005898847109964134,49.0506775789567,0.0016914532388121462,0.0018856449033791988,-0.00019419166456705267,35.82826013029186,0.0054422519702281,0.005130600106198837,0.016758884997961118,0,3,3,831.59632944264,0.0,EURUSD=X
2024-03-22 00:00:00+00:00,1.0862362384796143,1.08695650100708,1.080905795097351,1.0862362384796143,0.006803066718666706,0.004701102650111043,-0.0016514736603172597,59.58208339941262,0.0019722631508161115,0.0019029685528665814,6.929459794953008e-05,71.44810565635005,0.005682408293665524,0.004975905016260436,0.01675772134863472,0,4,3,864.0823279570064,0.0,EURUSD=X
2024-03-25 00:00:00+00:00,1.0807539224624634,1.0843634605407715,1.080263614654541,1.0807539224624634,-0.006843421167792574,0.004549860613204511,-0.001933587252892055,48.620668567995246,0.0015727174261244148,0.0018369183275181481,-0.00026420090139373333,31.545863728076984,0.006191896061638565,0.00523128219476372,0.016330353977702754,0,0,3,823.7524847811006,0.0,EURUSD=X
2024-03-26 00:00:00+00:00,1.0838228464126587,1.0864133834838867,1.082602620124817,1.0838228464126587,-0.005047075233675091,0.00464590365851517,-0.006895194165999263,42.45910812680139,0.0008044245700704611,0.0016304195760286108,-0.0008259950059581497,2.7954299851155078,0.006176233759026755,0.005729237648779962,0.016759658813790997,0,1,3,734.9938881929169,0.0,EURUSD=X
2024-03-27 00:00:00+00:00,1.0832358598709106,1.0839285850524902,1.081174612045288,1.0832358598709106,0.002839613982804634,0.004696910778646647,-0.00328402940629291,46.543060087731305,0.0004381329373364107,0.0013919622482901708,-0.0009538293109537601,20.292524450667084,0.006139321420626511,0.0056985639115003425,0.016895684960659935,0,2,3,661.6456531734102,0.0,EURUSD=X
2024-03-28 00:00:00+00:00,1.0813382863998413,1.0828369855880737,1.0775513648986816,1.0813382863998413,-0.0005415890093947162,0.004753788524385024,-0.0028488493440327334,45.872430838283094,9.93342082191706e-05,0.0011334366402759707,-0.0010341024320568001,16.945892491827124,0.005897510819667628,0.005667575869726224,0.017109551418069097,0,3,3,586.1595017764797,0.0,EURUSD=X
2024-03-29 00:00:00+00:00,1.0794472694396973,1.0807305574417114,1.0768898725509644,1.0794472694396973,-0.0017517638968261862,0.004899517409868039,-0.01132166738948015,43.68125224128689,-0.0003186117875930705,0.0008430269547021626,-0.001161638742295233,21.133759995742246,0.00588229540199344,0.005453899944024486,0.017664995009762038,0,4,3,468.12062960033273,0.0,EURUSD=X
2024-04-01 00:00:00+01:00,1.0792726278305054,1.0801469087600708,1.0731571912765503,1.0792726278305054,-0.0017487746285576034,0.004986728906069909,-0.006249993140920562,41.551196054957416,-0.0007932818063451919,0.0005157652024926917,-0.0013090470088378836,13.764010701705985,0.005779875291056549,0.005449358730646223,0.018010929288285207,0,0,4,359.930165439923,0.0,EURUSD=X
2024-04-02 00:00:00+01:00,1.0737217664718628,1.0778765678405762,1.072535514831543,1.0737217664718628,-0.00016178799477861716,0.005286377271804597,-0.0013706123116193902,41.35064945745293,-0.0011700655470541221,0.00017859905258332898,-0.001348664599637451,27.407506344330173,0.0058662925905182605,0.00535534316540107,0.019096280501776305,0,1,4,245.46799196246732,0.0,EURUSD=X
2024-04-03 00:00:00+01:00,1.076855182647705,1.0831888914108276,1.0764726400375366,1.076855182647705,-0.005143150317636236,0.006112497476011191,-0.009319862534942325,35.48780646542474,-0.0018947361583041555,-0.00023606798959416794,-0.0016586681687099877,5.1723062529237485,0.005928494048264271,0.005463512777424903,0.022194671913044986,0,2,4,98.07938732370431,0.0,EURUSD=X
2024-04-04 00:00:00+01:00,1.0838346481323242,1.087583065032959,1.0835057497024536,1.0838346481323242,0.0029182757337018472,0.006510840056126005,-0.005890385888781324,40.607021995251834,-0.0021909464732241535,-0.0006270436863201651,-0.0015639027869039884,19.710403498656454,0.006181253397600027,0.005505377272445916,0.02357227603547339,0,3,4,-13.6939122472032,0.0,EURUSD=X
2024-04-05 00:00:00+01:00,1.0837054252624512,1.084845781326294,1.0791677236557007,1.0837054252624512,0.006481340849805228,0.006482306809743121,0.0023085853556468194,50.104563464352644,-0.0018412855533973538,-0.0008698920597356029,-0.0009713934936617509,51.557315520936456,0.006506012611003876,0.005703133230010344,0.023317841504106256,0,4,4,-147.86750336057497,0.0,EURUSD=X
2024-04-08 00:00:00+01:00,1.0830481052398682,1.085835337638855,1.0821573734283447,1.0830481052398682,-0.00011922747634585118,0.006154776813902533,0.003944755749823781,49.94531591317203,-0.0015566597562191031,-0.001007245599032303,-0.0005494141571868001,50.96767876763743,0.006446872972403117,0.006003488087575324,0.02214230636661366,0,0,4,-201.81678280688226,0.0,EURUSD=X
2024-04-09 00:00:00+01:00,1.0863661766052246,1.0888501405715942,1.0849870443344116,1.0863661766052246,-0.0006065486129902542,0.005823391176770251,0.003498168407135571,49.09061123206204,-0.0013683584097334833,-0.0010794681611725392,-0.00028889024856094416,47.968364138771335,0.006249093775125056,0.005952526892584606,0.020962834767817972,0,1,4,-240.56763336209076,0.0,EURUSD=X
2024-04-10 00:00:00+01:00,1.0859296321868896,1.0868383646011353,1.073375940322876,1.0859296321868896,0.0030636417249643166,0.0055166465885824155,0.011776244580483874,53.42353808745327,-0.0009405455830882037,-0.0010516836455556722,0.00011113806246746847,63.10853885401595,0.006217161029167986,0.0057522904428530626,0.01979797270195921,0,2,4,-273.2028598207215,0.0,EURUSD=X
2024-04-11 00:00:00+01:00,1.074171543121338,1.0755810737609863,1.0700452327728271,1.074171543121338,-0.0004018391107306618,0.005191899492321755,0.008426805837413509,52.78698050487479,-0.0006294701815314774,-0.0009672409527508333,0.0003377707712193559,82.09883308855228,0.006734679832674507,0.005725196960182044,0.018640020535646958,0,3,4,-296.4632798526253,1.0,EURUSD=X
2024-04-12 00:00:00+01:00,1.0726851224899292,1.072961449623108,1.062371850013733,1.0726851224899292,-0.010827671256997462,0.004964383223188379,-0.008915663498706095,39.22876171628063,-0.0013165439071189944,-0.0010371015436244654,-0.00027944236349452894,21.942731082049104,0.007388231231345078,0.0062696502023362214,0.018018284932268515,0,4,4,-425.37225201380437,1.0,EURUSD=X
2024-04-15 00:00:00+01:00,1.0649627447128296,1.0665528774261475,1.0623606443405151,1.0649627447128296,-0.0013837832894822988,0.005345586647269897,-0.010169094401140444,37.903372792716596,-0.0019584210483940545,-0.0012213654445783833,-0.0007370556038156712,38.94991806083308,0.007703335651077928,0.006887604830572675,0.019428752244593867,0,0,4,-500.5608101183415,1.0,EURUSD=X
2024-04-16 00:00:00+01:00,1.0625749826431274,1.065405249595642,1.0604116916656494,1.0625749826431274,-0.007199109613056143,0.00645021593017525,-0.01669857547373954,31.87753460600574,-0.0030550281920287414,-0.001588097994068455,-0.0014669301979602864,9.823140272715,0.007890560115244794,0.007233432051329792,0.023613569005357618,0,1,4,-607.5096780144532,0.0,EURUSD=X
2024-04-17 00:00:00+01:00,1.0621461868286133,1.0652689933776855,1.0608166456222534,1.0621461868286133,-0.002242108544694643,0.00752280660517327,-0.021899792606248192,30.27485619678579,-0.0040698549432627296,-0.00208444938390731,-0.0019854055593554196,7.606923234923017,0.007683631387726785,0.007425885461388553,0.027602098703285848,0,2,4,-717.5713641007098,0.0,EURUSD=X
2024-04-18 00:00:00+01:00,1.0669398307800293,1.0691757202148438,1.0647813081741333,1.0669398307800293,-0.00040354405243714364,0.008365240556641049,-0.02190146088046263,29.983324608376392,-0.004852772947885775,-0.0026381140967030032,-0.002214658851182772,6.099120133803377,0.007452825413991453,0.007234062018024839,0.030705483053658854,0,3,4,-863.2754585842068,0.0,EURUSD=X
2024-04-19 00:00:00+01:00,1.0644185543060303,1.0680338144302368,1.0611768960952759,1.0644185543060303,0.00451316778317401,0.00800208000981033,-0.0067323626171427176,37.257222338336135,-0.005028469041447492,-0.003116185085651901,-0.001912283955795591,22.955327612875642,0.007422590269151382,0.006985234967320289,0.02924049733125345,0,4,4,-1008.2105803965671,0.0,EURUSD=X
2024-04-22 00:00:00+01:00,1.0657799243927002,1.067121982574463,1.0625072717666626,1.065825343132019,-0.002363091527059935,0.008239575737690828,-0.007706425688752461,35.18668332023597,-0.005309945653514836,-0.0035549371992244882,-0.0017550084542903477,14.089596284357329,0.007382185130994922,0.006973375500759374,0.03017965061915324,0,0,4,-1151.8832329401118,0.0,EURUSD=X
2024-04-23 00:00:00+01:00,1.065405249595642,1.0709964036941528,1.0639317035675049,1.065405249595642,0.0013216500410460075,0.008502267320998567,0.0008099799016181297,37.2811065911452,-0.005357741091055468,-0.003915497977590684,-0.0014422431134647837,19.036380937210502,0.007184508393623877,0.006926261585506814,0.031100724551676714,0,1,4,-1267.1645083090625,0.0,EURUSD=X
2024-04-24 00:00:00+01:00,1.0704345703125,1.0715816020965576,1.0679197311401367,1.0704345703125,-0.00039414857141839565,0.008574993509101445,0.0026635926863951553,36.897663561116076,-0.005367642515494264,-0.0042059268851714,-0.001161715630322864,17.559178232638466,0.007175950660268453,0.006743451279548927,0.031379120113404504,0,2,4,-1393.0069346356809,0.0,EURUSD=X
2024-04-25 00:00:00+01:00,1.0699878931045532,1.0731916427612305,1.0678740739822388,1.0699878931045532,0.004720570617393394,0.008387432789536743,0.007803430061387617,44.285665721902454,-0.004913030953062947,-0.00434734769874971,-0.0005656832543132371,35.244111519582155,0.007104550791743244,0.006703773270489128,0.030548558407135884,0,3,4,-1481.1271789341326,0.0,EURUSD=X
2024-04-26 00:00:00+01:00,1.072961449623108,1.0752919912338257,1.0675548315048218,1.072961449623108,-0.0004172858578515015,0.008258762931887615,0.002856826820585967,43.7952350979643,-0.004536497216144797,-0.0043851776022287275,-0.00015131961391606948,33.673430891309906,0.006976909219403847,0.006639842223942834,0.030092476506843716,0,4,4,-1507.7938922731819,0.0,EURUSD=X
2024-04-29 00:00:00+01:00,1.0706866979599,1.0735372304916382,1.0690956115722656,1.0706866979599,0.002779056228315868,0.008143052467726699,0.008025879746757392,47.92927898565951,-0.0039525873898296204,-0.004298659559748906,0.00034607216991928546,44.129544473274954,0.007031212827232423,0.006502478930491473,0.029588633503953382,0,0,4,-1511.5060247872373,0.0,EURUSD=X
2024-04-30 00:00:00+01:00,1.0715701580047607,1.0736525058746338,1.068433165550232,1.0715701580047607,-0.002120068399481645,0.00803512496437425,0.004561117690817351,45.19088893258305,-0.0036315261213790695,-0.004165232872074939,0.0005337067506958693,38.88119522020182,0.006846241833813862,0.006567012404870431,0.029258497639625704,0,1,4,-1491.7520687847364,0.0,EURUSD=X
2024-05-01 00:00:00+01:00,1.0666552782058716,1.0688670873641968,1.0650080442428589,1.0666552782058716,0.0008251340439218158,0.008037003439908897,0.005786444558498749,46.47006042179381,-0.0032681220342978268,-0.003985810704519517,0.00071768867022169,73.55913555992142,0.006730034583141575,0.006388981423821477,0.02924120986092884,0,2,5,-1440.4086538333584,0.0,EURUSD=X
2024-05-02 00:00:00+01:00,1.0721560716629028,1.0730764865875244,1.0675777196884155,1.0721560716629028,-0.004586615036051955,0.008084637672200627,-0.003530614772208951,40.76944799437218,-0.003338230359894334,-0.0038562946355944804,0.0005180642757001462,41.958742239134786,0.006718040238767309,0.006309474785951074,0.029550053275234574,0,3,5,-1432.5523241647109,0.0,EURUSD=X
2024-05-03 00:00:00+01:00,1.073306918144226,1.080940842628479,1.0725010633468628,1.073306918144226,0.005157048926138108,0.007609014578690977,0.002026358029209696,48.39906855618686,-0.002916306289531212,-0.0036682969663818267,0.0007519906768506147,78.9256959743641,0.006696837963259131,0.00626591633095702,0.027668919563222677,0,4,5,-1376.7530979222045,0.0,EURUSD=X
2024-05-06 00:00:00+01:00,1.0758124589920044,1.079214334487915,1.0756388902664185,1.0758124589920044,0.0010733945474359352,0.007077268718537352,0.0003219766388060652,49.85441569119404,-0.0024606993209130845,-0.0034267774372880784,0.0009660781163749938,62.81422208801993,0.0068459760348532055,0.006239443583237242,0.025707719406785505,0,0,5,-1302.5914020273572,0.0,EURUSD=X
2024-05-07 00:00:00+01:00,1.0767507553100586,1.0789813995361328,1.0755810737609863,1.0767507553100586,0.00233441227800002,0.006604095519215055,0.004787358469915848,52.964711149394496,-0.0018758279323332072,-0.0031165875362971045,0.0012407596039638973,74.51633158387338,0.0067789360569129025,0.006363540389992905,0.023933078789429404,0,1,5,-1175.3367231782192,0.0,EURUSD=X
2024-05-08 00:00:00+01:00,1.0750491619110107,1.0758472681045532,1.0735719203948975,1.0750491619110107,0.0008721746157627219,0.005694807118305618,0.004834585273393532,54.11256331092824,-0.0013213685577055934,-0.0027575437405788026,0.0014361751828732092,78.79933893070836,0.0065376067510724434,0.006295733737340966,0.02061985600353555,0,2,5,-1039.8348852871181,0.0,EURUSD=X
2024-05-09 00:00:00+01:00,1.0746910572052002,1.078283429145813,1.0725126266479492,1.0746910572052002,-0.0015803038824503401,0.0045181657777709746,0.007869349992115415,51.650835914829486,-0.00100764437799028,-0.0024075638680610984,0.0013999194900708185,70.18975583864119,0.006297694477078779,0.006081216545903048,0.016385346535559873,0,3,5,-942.1826525484637,1.0,EURUSD=X
2024-05-10 00:00:00+01:00,1.078515887260437,1.0793308019638062,1.0762062072753906,1.078515887260437,-0.00033310542298736756,0.004546479558652759,0.002364381090866452,51.12372349584568,-0.0007789327108367328,-0.0020818376366162255,0.0013029049257794927,66.09563350406125,0.006260059335706279,0.005860004542567162,0.01649352191179709,0,4,5,-820.9570197650974,1.0,EURUSD=X
2024-05-13 00:00:00+01:00,1.077040672302246,1.0807305574417114,1.0766464471817017,1.077040672302246,0.003559004264149568,0.004916422808632113,0.004853196255566239,56.25833937308033,-0.00028575128389296545,-0.0017226203660715735,0.001436869082178608,85.7432209863824,0.0061443225801991125,0.005804327418493203,0.017772334221088253,0,0,5,-663.1802418311815,0.0,EURUSD=X
2024-05-14 00:00:00+01:00,1.079354166984558,1.0828369855880737,1.0776442289352417,1.079354166984558,-0.0013678194040684932,0.005000674833990094,0.001141661169635988,53.90613066533035,-1.3780119460404805e-05,-0.0013808523167493398,0.001367072197288935,75.52112170230595,0.005997164557328445,0.005704819454092866,0.018101655933931312,0,1,5,-496.9950967823671,0.0,EURUSD=X
2024-05-15 00:00:00+01:00,1.0814552307128906,1.0874292850494385,1.0813616514205933,1.0814552307128906,0.002148010508616016,0.004982741942651329,0.002417840583496922,56.9462969442324,0.00038401202242410726,-0.0010278794489146505,0.0014118914713387577,80.46536507087457,0.00598281803793553,0.005556252748885013,0.017998081620959158,0,2,5,-309.75239316829845,0.0,EURUSD=X
2024-05-16 00:00:00+01:00,1.0889805555343628,1.089680790901184,1.0855170488357544,1.0889805555343628,0.001946593428366894,0.004948474474156762,0.0059588612584864364,59.555280840621826,0.0008589025504066594,-0.0006505230490503885,0.0015094255994570478,73.35538033740423,0.006132268039860161,0.0055321920575405435,0.01783957824619264,0,3,5,-95.1673280063261,0.0,EURUSD=X
2024-05-17 00:00:00+01:00,1.0867793560028076,1.087890625,1.0836349725723267,1.0867793560028076,0.006958517197712899,0.005999253698576796,0.013296377813288407,67.21777308416421,0.0018214905275997229,-0.00015612033372036622,0.001977610861320089,97.1619075228294,0.006281788907605396,0.0056312006754345185,0.021478250176347698,0,4,5,124.02313121205295,0.0,EURUSD=X
2024-05-20 00:00:00+01:00,1.0875475406646729,1.0884946584701538,1.0855052471160889,1.0875475406646729,-0.002021339610122852,0.006284199723314048,0.007661888749141088,63.432157164307476,0.002379302905759717,0.00035096431417565044,0.0020283385915840666,88.24032468473692,0.006214917054350449,0.005780187922146331,0.022543969753024567,0,0,5,289.87706775685433,0.0,EURUSD=X
2024-05-21 00:00:00+01:00,1.086082935333252,1.0875475406646729,1.0845986604690552,1.086082935333252,0.0007068450993499287,0.006546599912542893,0.009755312526840365,64.19011707056386,0.0028505005208685485,0.0008508715555142301,0.0019996289653543184,91.35381939411509,0.005984523790044341,0.005714616439252024,0.023468716766644467,0,1,5,437.8532037354197,0.0,EURUSD=X
2024-05-22 00:00:00+01:00,1.0855170488357544,1.0864840745925903,1.0822510719299316,1.0855170488357544,-0.001346704651206121,0.006457908134710083,0.006234068996548547,61.56979739013827,0.0030703534917848607,0.0012947679427683563,0.0017755855490165044,83.7223726363705,0.00576769210472815,0.0055101904240932205,0.023181987466684525,0,2,5,559.1640134411598,0.0,EURUSD=X
2024-05-23 00:00:00+01:00,1.0825204849243164,1.086130142211914,1.0813032388687134,1.0825204849243164,-0.0005210343327269884,0.006556452952173011,0.0037558818964573693,60.54146750129516,0.0031624712442206437,0.001668308603058814,0.0014941626411618298,75.76363156945196,0.005658071430294617,0.005313313237147359,0.02354800364481981,0,3,5,695.273889662394,0.0,EURUSD=X
2024-05-24 00:00:00+01:00,1.0812681913375854,1.0856584310531616,1.0806137323379517,1.0812681913375854,-0.0027604945630765876,0.0063930270495698395,-0.0059322185113548365,55.27662758757182,0.0029595615787580964,0.0019265591981986706,0.0010330023805594259,58.293118173548955,0.0055987022812164795,0.005226756915080639,0.023024606281631516,0,4,5,809.9605172202142,0.0,EURUSD=X
2024-05-27 00:00:00+01:00,1.0847634077072144,1.08672034740448,1.0841753482818604,1.0847634077072144,-0.0011568313063549107,0.006305956453364218,-0.005071098042837674,53.19468954965794,0.002666961508257515,0.0020746396602104394,0.0005923218480470755,50.99884041467327,0.0055591305979303,0.005177903434198495,0.022737323150967263,0,0,5,855.6793058025827,0.0,EURUSD=X
2024-05-28 00:00:00+01:00,1.0861891508102417,1.0889450311660767,1.0859060287475586,1.0861891508102417,0.0032325156678336686,0.006161686876010018,-0.002560010347462116,57.954585821032076,0.0026861443940950913,0.0021969406069873697,0.0004892037871077216,71.35754806724206,0.0055514895599991735,0.00512474015848325,0.022145545976524145,0,1,5,919.7022274875804,0.0,EURUSD=X
2024-05-29 00:00:00+01:00,1.0851871967315674,1.085894227027893,1.080952525138855,1.0851871967315674,0.0013143355434903636,0.00606392502270963,9.77968380997396e-05,59.75259593093554,0.0027842968810287694,0.0023144118617956498,0.0004698850192331196,79.66212322156412,0.00545364198134654,0.005110978650318911,0.02176557557202757,0,2,5,980.3343611689899,0.0,EURUSD=X
2024-05-30 00:00:00+01:00,1.0801819562911987,1.0845986604690552,1.0788999795913696,1.0801819562911987,-0.0009224489840714556,0.005279043743098413,-0.00030386635063983647,57.879376893163354,0.0027495391379512846,0.002401437317026777,0.0003481018209245076,66.65133191191953,0.00543814081634941,0.005025531076824487,0.018965853580359977,0,3,5,1043.7648554734615,0.0,EURUSD=X
2024-05-31 00:00:00+01:00,1.0835410356521606,1.0882576704025269,1.081162929534912,1.0835410356521606,-0.004612329057552267,0.004864258540462097,-0.0021602627069742253,49.52657977080154,0.0022916950689242377,0.002379488867406269,-8.779379848203143e-05,27.124565575269802,0.0054987891251957206,0.0050344673734610875,0.017556644918102274,0,4,5,1004.6838480553961,0.0,EURUSD=X
2024-06-03 00:00:00+01:00,1.0853049755096436,1.0890873670578003,1.0828019380569458,1.0853049755096436,0.0031097347455193436,0.004498174071740848,0.002102017180181326,54.29378001570225,0.0021748298918553566,0.002338557072296087,-0.0001637271804407303,48.990789343369315,0.00568285519563375,0.0050748323729946365,0.01618499942755645,0,0,6,988.5047563466849,0.0,EURUSD=X
2024-06-04 00:00:00+01:00,1.0907385349273682,1.0918222665786743,1.0860711336135864,1.0907385349273682,0.0016279400589764847,0.004323745472470856,0.0004992496968292404,56.61131014459522,0.002199197620482707,0.002310685181933411,-0.00011148756145070403,59.41107523552567,0.005725896181720946,0.005236182754036637,0.01553209793392248,0,1,6,978.9666114342243,0.0,EURUSD=X
2024-06-05 00:00:00+01:00,1.0881866216659546,1.0889924764633179,1.0860947370529175,1.0881866216659546,0.005006481625289716,0.004500434987392299,0.004188390312803936,62.85862496318887,0.0026266733999325,0.002373882825533229,0.0002527905743992709,91.61346863468634,0.005782424387957361,0.005249558898276415,0.016086280214613162,0,2,6,998.761130995856,0.0,EURUSD=X
2024-06-06 00:00:00+01:00,1.087453007698059,1.0898706912994385,1.0863661766052246,1.087453007698059,-0.0023396196060713192,0.004223674576854133,0.0027639700720953897,58.591662267354636,0.0027280852928937005,0.0024447233190053232,0.00028336197388837726,71.86531365313652,0.005701093922706885,0.005313816833278821,0.015132436536288313,0,3,6,995.7892827749444,0.0,EURUSD=X
2024-06-07 00:00:00+01:00,1.0894432067871094,1.090179681777954,1.0804970264434814,1.0894432067871094,-0.000674161906872528,0.00372704401745564,0.006731320926546047,57.385671987937656,0.0027179278521292094,0.0024993642256301006,0.00021856362649910884,66.18819188191883,0.005544195406385955,0.005242611756415174,0.013362133828325332,0,4,6,1002.2740222820169,1.0,EURUSD=X
2024-06-10 00:00:00+01:00,1.0778882503509521,1.078283429145813,1.073364496231079,1.0778882503509521,0.0018301472109247818,0.0036294718436022857,0.005447113621678712,59.80289320992933,0.0028377585269856453,0.0025670430859012095,0.00027071544108443583,81.58948339483395,0.005839799686963577,0.005089017373137248,0.01298854879978294,0,0,6,1037.918358066832,1.0,EURUSD=X
2024-06-11 00:00:00+01:00,1.0764262676239014,1.0773539543151855,1.0721101760864258,1.0764262676239014,-0.010606295366450635,0.003536927913275552,-0.006833770530913275,44.14592025948476,0.0019775409237525743,0.0024491426534714827,-0.00047160172971890844,24.508670520231213,0.006571150463325484,0.0054178155157199115,0.012793054928240346,0,1,6,959.7828977923051,1.0,EURUSD=X
2024-06-12 00:00:00+01:00,1.0740330219268799,1.0851753950119019,1.073502779006958,1.0740330219268799,-0.0013563397936425803,0.0038280039113237217,-0.013121629836264859,42.6253307823924,0.0011644197814690838,0.002192198079071003,-0.0010277782976019193,21.89565606536161,0.006514502163411262,0.006104598764419427,0.013864680934312727,0,2,6,872.8627014366572,1.0,EURUSD=X
2024-06-13 00:00:00+01:00,1.0813149213790894,1.0817828178405762,1.075384497642517,1.0813149213790894,-0.0022233252467021014,0.004472135939307187,-0.013006592304366293,40.18517793652181,0.00032317512970148066,0.0018183934891970986,-0.001495218359495618,9.754652055854908,0.006882938866377876,0.006065457979796425,0.016233761306241642,0,3,6,765.8606642677638,1.0,EURUSD=X
2024-06-14 00:00:00+01:00,1.0738831758499146,1.0745755434036255,1.0668145418167114,1.0738831758499146,0.0067799586265469,0.004386721730068322,-0.005644461209374896,49.63310480418958,0.00024128967359593467,0.001502972726076866,-0.0012616830524809313,46.69593667035566,0.006944857226900619,0.0063653416135231915,0.015816474444410453,0,4,6,721.021615832598,1.0,EURUSD=X
2024-06-17 00:00:00+01:00,1.0702168941497803,1.0726161003112793,1.068764328956604,1.0702168941497803,-0.00687287799533598,0.004879637581589298,-0.014282553546855481,42.291202838360135,-0.00041846113535082274,0.0011186859537913284,-0.0015371470891421511,28.26580226904376,0.007484537393720428,0.0064670509633454115,0.01771545548138819,0,0,6,607.9993781342364,1.0,EURUSD=X
2024-06-18 00:00:00+01:00,1.0740677118301392,1.0761250257492065,1.0711110830307007,1.0740677118301392,-0.0034140414735827074,0.005586940163641911,-0.007117023679100498,39.20978045904834,-0.0012230580456717988,0.000650337153898703,-0.0018733951995705018,13.605205453332061,0.007315559500834008,0.00699347714900952,0.020352792817770523,0,1,6,416.2650691552669,0.0,EURUSD=X
2024-06-19 00:00:00+01:00,1.0742292404174805,1.075326681137085,1.0726275444030762,1.0742292404174805,0.0035981656628754077,0.005823186150797985,-0.002191098326658758,43.83840976604818,-0.0015323145217560619,0.00021380681876775006,-0.0017461213405238118,29.003718180951473,0.0072150289364477415,0.006811078501157797,0.021137363024033917,0,2,6,215.21208923768665,0.0,EURUSD=X
2024-06-20 00:00:00+01:00,1.0751532316207886,1.0750375986099243,1.0707554817199707,1.0751532316207886,0.0001503895755938789,0.005999159541641748,0.00018269316361285703,44.030917418676495,-0.0017442617365441837,-0.00017780689229463672,-0.001566454844249547,29.649632948803507,0.006892465207702102,0.006716470437579735,0.02177284776622027,0,3,6,39.54410467251033,0.0,EURUSD=X
2024-06-21 00:00:00+01:00,1.0706409215927124,1.0722709894180298,1.0671902894973755,1.0706409215927124,0.0008601434112416317,0.006147333918580258,-0.005698330464581236,45.188321028099686,-0.0018167309200995962,-0.0005055916978556286,-0.0013111392222439676,33.34445609686338,0.006706011756434352,0.006410681756787115,0.022291445613922947,0,4,6,-70.82041707244598,0.0,EURUSD=X
2024-06-24 00:00:00+01:00,1.0687757730484009,1.074702501296997,1.0684444904327393,1.0687757730484009,-0.004196899470109816,0.006565591978579777,-0.003019187123996181,40.755882478496936,-0.0022127616397105143,-0.0008470256862266058,-0.0013657359534839084,15.300791305176851,0.006795792496932833,0.006263548890377103,0.023908473317812717,0,0,6,-251.61222487199234,0.0,EURUSD=X
2024-06-25 00:00:00+01:00,1.0732723474502563,1.0745755434036255,1.0692213773727417,1.0732723474502563,-0.0017420859848481518,0.00697243969847612,-0.0013465691947651681,39.05079909897658,-0.0026466122396389125,-0.0012069429969090671,-0.0014396692427298453,8.393834725333035,0.006757379523170332,0.0063584829187787704,0.0254343099970515,0,1,6,-382.2015681189576,0.0,EURUSD=X
2024-06-26 00:00:00+01:00,1.0709619522094727,1.0720411539077759,1.0667691230773926,1.0709619522094727,0.004207219620098845,0.006932258650985494,-0.0007405160504523334,45.022441718947505,-0.0025976617631995325,-0.0014850867501671602,-0.0011125750130323723,27.638634496762773,0.006688978868317067,0.006296052944272395,0.025181790838717046,0,2,6,-496.35881785805947,0.0,EURUSD=X
2024-06-27 00:00:00+01:00,1.068010926246643,1.0726161003112793,1.0677828788757324,1.068010926246643,-0.0021526644623542923,0.006993196466108739,-0.0030415185931245148,42.707100209489965,-0.0027140123007161066,-0.0017308718602769496,-0.000983140440439157,17.909991750771457,0.006675710690070403,0.006245767045708034,0.02545795305888711,0,3,6,-588.2731235573141,0.0,EURUSD=X
2024-06-28 00:00:00+01:00,1.0708472728729248,1.0720986127853394,1.0686043500900269,1.0708472728729248,-0.0027554909460054677,0.007340437638957287,-0.006643058090778808,39.88563950852258,-0.003009650692663346,-0.001986627626754229,-0.0010230230659091168,6.746630570649534,0.006544104314747294,0.006250601492937101,0.026795881693550853,0,4,6,-742.7173174732042,0.0,EURUSD=X
2024-07-01 00:00:00+01:00,1.0735257863998413,1.077818512916565,1.072075605392456,1.0735257863998413,0.002655728098447163,0.007355494577967787,0.00019273621627080573,43.733296514658356,-0.0029807169304949532,-0.0021854454875023742,-0.000795271442992579,22.156305253136274,0.006368645902172222,0.006111146267562908,0.026779726585461256,0,0,7,-836.7113161212649,0.0,EURUSD=X
2024-07-02 00:00:00+01:00,1.0737102031707764,1.0746102333068848,1.0710651874542236,1.0737102031707764,0.002501303028703994,0.0071271237357703986,0.004444349760934774,47.17205042179372,-0.002710409149663251,-0.00229043821993455,-0.0004199709297287011,36.708483643452524,0.006411688340848502,0.005932457312953805,0.0258835363631171,0,1,7,-838.0631982468745,0.0,EURUSD=X
2024-07-03 00:00:00+01:00,1.0748412609100342,1.081560492515564,1.0737102031707764,1.0748412609100342,0.00017178606538514885,0.006299898170798572,0.0004079632924114396,47.41035976938114,-0.0024530303863765646,-0.002322956653222953,-0.00013007373315361169,46.23165851489551,0.006206928163120832,0.0059715259498458045,0.02287537612390371,0,2,7,-861.949434907644,0.0,EURUSD=X
2024-07-04 00:00:00+01:00,1.0793308019638062,1.0816657543182373,1.0784229040145874,1.0793308019638062,0.0010534106278563549,0.005560138634331337,0.003622265658045354,48.93194296576462,-0.0021331987677197795,-0.002285005076122318,0.00015180630840253874,54.573296045261486,0.006324311104668459,0.0057747393860425695,0.020168011693771724,0,3,7,-877.1193109166369,0.0,EURUSD=X
2024-07-05 00:00:00+01:00,1.0810693502426147,1.0838346481323242,1.0810693502426147,1.0810693502426147,0.004176934043238045,0.004848808753290072,0.010599026132574352,54.55282247010884,-0.001500168455164097,-0.002128037751930674,0.0006278692967665771,84.32563499303788,0.006360038412063792,0.005859474308674956,0.017514682857058855,0,4,7,-888.9094917041195,1.0,EURUSD=X
2024-07-08 00:00:00+01:00,1.082602620124817,1.0847163200378418,1.0815136432647705,1.082602620124817,0.0016107649996139894,0.0037243070888154568,0.009545784565772486,56.54735291753971,-0.0008484209862749115,-0.0018721143987995216,0.0010236934125246102,83.79599877057197,0.0062274532518105255,0.005883099368820756,0.013431166192419434,0,0,7,-820.2115926912522,1.0,EURUSD=X
2024-07-09 00:00:00+01:00,1.0830950736999512,1.0834236145019531,1.0806254148483276,1.0830950736999512,0.0014182900309382962,0.004105691069435023,0.00845516133843005,58.2860795070013,-0.0002058118848751178,-0.001538853896014641,0.0013330420111395231,88.2226738934056,0.0060431330049117065,0.005752298337401531,0.014785601199630504,0,1,7,-679.3199334848675,1.0,EURUSD=X
2024-07-10 00:00:00+01:00,1.0814785957336426,1.0828721523284912,1.081186294555664,1.0814785957336426,0.00045487934906107697,0.004532204218523234,0.008740599187248455,58.855532495468715,0.0003392862647777495,-0.001163225863856163,0.0015025121286339125,90.96657633243,0.005811352051248405,0.005579503731161674,0.01631415875458363,0,2,7,-565.0916418333771,1.0,EURUSD=X
2024-07-11 00:00:00+01:00,1.083329677581787,1.0898351669311523,1.0832945108413696,1.083329677581787,-0.0014924617474129098,0.004775596742544385,0.006175176805167215,56.146056524035714,0.0006335411452302875,-0.0008038724620388729,0.0014374136072691605,81.9597215579999,0.005532596843608313,0.005373524796675387,0.017215970619092424,0,3,7,-454.21474212317275,0.0,EURUSD=X
2024-07-12 00:00:00+01:00,1.0872756242752075,1.091119408607483,1.086307168006897,1.0872756242752075,0.00171162134456182,0.004933320467975072,0.003704958304446837,58.50200424284041,0.0010045275249783714,-0.0004421924646354241,0.0014467199896137954,71.79624997415914,0.005734309297458417,0.005107029704898511,0.017754174387882998,0,4,7,-330.5845383229905,0.0,EURUSD=X
2024-07-15 00:00:00+01:00,1.0885539054870605,1.0921919345855713,1.088435411453247,1.0885539054870605,0.0036424246238953017,0.005613967825872032,0.005740865774429782,63.05804075934363,0.0015985151367918782,-3.405094434996363e-05,0.0016325660811418417,84.21462316108976,0.005881125135189659,0.005274016237861476,0.020130384103340875,0,0,7,-145.98279541990505,0.0,EURUSD=X
2024-07-16 00:00:00+01:00,1.0901559591293335,1.0906314849853516,1.0872164964675903,1.0901559591293335,0.0011756735673211782,0.006124569365447197,0.005497202068065921,64.42079091121411,0.002147644500419821,0.00040228814460399327,0.0017453563558158275,85.68990256116889,0.0058122097905592375,0.00540269536083123,0.021935493595540714,0,1,7,22.43739749033051,0.0,EURUSD=X
2024-07-17 00:00:00+01:00,1.0902509689331055,1.0947147607803345,1.0896332263946533,1.0902509689331055,0.0014717265118406875,0.006777076299493973,0.006519174171166542,66.10822182399713,0.002681198628567083,0.0008580702413966113,0.0018231283871704717,91.65893396106624,0.005640979699645094,0.00533153971400682,0.024236814337281466,0,2,7,179.96855529365695,0.0,EURUSD=X
2024-07-18 00:00:00+01:00,1.094020128250122,1.0942115783691406,1.0905362367630005,1.094020128250122,8.715248765667205e-05,0.00729210944497938,0.00811146261615292,66.21057153200097,0.0030762495266634104,0.0013017060984499712,0.0017745434282134393,82.9041683787609,0.005601019320076241,0.005174019432576361,0.026076451431950448,0,3,7,340.7210653884788,0.0,EURUSD=X
2024-07-19 00:00:00+01:00,1.0901559591293335,1.0901559591293335,1.0877368450164795,1.0901559591293335,0.00345714833044819,0.008039638959895666,0.009868141609669756,70.07186384783415,0.00365137904161017,0.001771640687082011,0.001879738354528159,97.06281157535524,0.005483847185501878,0.005119667522968736,0.028650554235763265,0,4,7,545.3260728273591,0.0,EURUSD=X
2024-07-22 00:00:00+01:00,1.0899182558059692,1.0901559591293335,1.0873701572418213,1.0899182558059692,-0.00353208229081603,0.00811885397925888,0.0026491303491200657,62.221518622843234,0.00375211512440754,0.002167735574547117,0.0015843795498604232,80.72353531229365,0.0055409497603690705,0.005030332714854506,0.029035405214707308,0,0,7,685.2489373285962,0.0,EURUSD=X
2024-07-23 00:00:00+01:00,1.0889805555343628,1.0900371074676514,1.084445834159851,1.0889805555343628,-0.0002180452451537862,0.007918361438413353,0.001253360363718814,61.763125427372216,0.0037693181706108803,0.00248805209375987,0.0012812660768510105,77.16445609793472,0.005344153483736437,0.005083821406653719,0.028324561067566853,0,1,7,796.8306165991872,0.0,EURUSD=X
2024-07-24 00:00:00+01:00,1.0850694179534912,1.0866494178771973,1.0826728343963623,1.0850694179534912,-0.0008603399994553396,0.007856877785595474,-0.0010781976515630287,59.8887512826115,0.003665038847016966,0.002723449444411289,0.0009415894026056767,64.8032429426485,0.005361804899740997,0.0049074829266479054,0.02812882987829643,0,2,7,891.5483205661942,0.0,EURUSD=X
2024-07-25 00:00:00+01:00,1.0839520692825317,1.0864368677139282,1.0829308032989502,1.0839520692825317,-0.00359155869312322,0.007425164480926525,-0.004752622219345359,52.70425340677109,0.0032295721186954562,0.002824673979268123,0.0004048981394273333,31.541585582536595,0.005429370345330961,0.004941439516241916,0.0266790492753795,0,3,7,962.9327041132203,0.0,EURUSD=X
2024-07-26 00:00:00+01:00,1.0851283073425293,1.0868501663208008,1.084269404411316,1.0851283073425293,-0.001029748560296584,0.006557753153516485,-0.009202809626267183,50.82827914300591,0.0027624570145643457,0.0028122305863273675,-4.977357176302183e-05,23.61113461375751,0.005291991350305752,0.005008865704665948,0.023586678106036513,0,4,7,996.0666272196116,0.0,EURUSD=X
2024-07-29 00:00:00+01:00,1.0853756666183472,1.0871928930282593,1.0803102254867554,1.0853756666183472,0.0010851384423078425,0.005832536702343232,-0.004611864701285162,52.73552737677597,0.0024588336071160732,0.0027415511904851086,-0.0002827175833690354,31.959556646078347,0.005120998899445986,0.004876834669686018,0.02095550742216342,0,0,7,986.1948467392349,0.0,EURUSD=X
2024-07-30 00:00:00+01:00,1.081946611404419,1.0837758779525757,1.0799952745437622,1.081946611404419,0.00022795394253760648,0.00525094902805863,-0.004167825580885354,53.14709950050471,0.0022126634881591833,0.002635773650019924,-0.0004231101618607405,35.16559908634987,0.005246832373878694,0.00471818104730617,0.01886164278991835,0,1,7,962.1845723584627,0.0,EURUSD=X
2024-07-31 00:00:00+01:00,1.0816072225570679,1.0851871967315674,1.0808707475662231,1.0816072225570679,-0.003159325678096292,0.004609791623767854,-0.006459200850002622,47.03284706755099,0.001721036756946237,0.0024528262714051865,-0.0007317895144589494,13.256827237681817,0.005256372352500571,0.004849437410842345,0.01661105657365689,0,2,7,910.9889634470243,0.0,EURUSD=X
2024-08-01 00:00:00+01:00,1.082391619682312,1.0837758779525757,1.0778300762176514,1.082391619682312,-0.00031368354387706354,0.004008915878594597,-0.0031907593552431557,46.463103041576424,0.0012891724098316182,0.002220095499090473,-0.0009309230892588548,10.951116006349412,0.005189234981989405,0.00485977926448548,0.014450376365617898,0,3,8,854.5090693699034,0.0,EURUSD=X
2024-08-02 00:00:00+01:00,1.0787602663040161,1.0926215648651123,1.0782949924468994,1.0787602663040161,0.0007252143928826449,0.003807763785805852,-0.0014395928052912677,48.03004868395526,0.000998698718694957,0.0019758161430113697,-0.0009771174243164127,27.01586427467011,0.005243275464341899,0.004794230560942882,0.01371536507082494,0,4,8,745.8781092379454,0.0,EURUSD=X
2024-08-05 00:00:00+01:00,1.0910836458206177,1.1007397174835205,1.089372158050537,1.0910836458206177,-0.0033549348611565666,0.003989967788559036,-0.005868468268152016,41.91392485812463,0.00047005782259912365,0.0016746644789289206,-0.001204606656329797,5.50907589011501,0.005892082389618398,0.004860464023490683,0.014420032584528782,0,0,8,625.235390185731,1.0,EURUSD=X
2024-08-06 00:00:00+01:00,1.0950982570648193,1.0963108539581299,1.0904649496078491,1.0950982570648193,0.011423649815007764,0.004092543729879648,0.00525898947048864,60.36112779531817,0.0010335853119098903,0.0015464486455251147,-0.0005128633336152243,57.85149339161203,0.00704118016032454,0.005400211443172067,0.014623693512433972,0,1,8,605.48824645038,1.0,EURUSD=X
2024-08-07 00:00:00+01:00,1.0926215648651123,1.093637228012085,1.0906909704208374,1.0926215648651123,0.0036794715598382766,0.004485819715214275,0.012155540321281633,64.33487800314975,0.001783570591540773,0.0015938730347282463,0.0001896975568125266,75.37516911229056,0.006955803316749985,0.006429724561152114,0.015970206125346668,0,2,8,631.2878901467872,1.0,EURUSD=X
2024-08-08 00:00:00+01:00,1.0928125381469727,1.0946906805038452,1.0882340669631958,1.0928125381469727,-0.002261616420014434,0.004491682197322326,0.010183310612520646,60.31755955728916,0.0021532694175823153,0.0017057523112990601,0.0004475171062832551,64.56447080861692,0.006773766411552267,0.006366159647973543,0.016027325122379466,0,3,8,660.5097446914399,1.0,EURUSD=X
2024-08-09 00:00:00+01:00,1.0915720462799072,1.093135118484497,1.0909645557403564,1.0915720462799072,0.00017478447067253988,0.0045524134723067275,0.009627678443888232,60.522264002712845,0.002433615148018653,0.0018513248786429788,0.0005822902693756742,65.39806431470497,0.006751112635059206,0.0061984706206228216,0.016241189165838183,0,4,8,684.6429173141953,1.0,EURUSD=X
2024-08-12 00:00:00+01:00,1.091381311416626,1.0939722061157227,1.0913337469100952,1.091381311416626,-0.0011351369276645373,0.004629179911193902,0.011876392166153993,58.41434272128729,0.002526569116679811,0.0019863737262503455,0.0005401953904294655,59.983348943698616,0.006423930499993592,0.006184761379761503,0.016533829254164818,0,0,8,709.3559705225989,1.0,EURUSD=X
2024-08-13 00:00:00+01:00,1.0936251878738403,1.0962508916854858,1.0915720462799072,1.0936251878738403,-0.00017473410383794796,0.004690627127293628,0.0002728164766729879,58.07939107114304,0.00255538817292833,0.0021001766155859425,0.0004552115573423876,59.15079612862941,0.006153539693253153,0.005886055068741514,0.016756225337437574,0,1,8,704.6397135098839,0.0,EURUSD=X
2024-08-14 00:00:00+01:00,1.0996986627578735,1.1048502922058105,1.098828673362732,1.0996986627578735,0.002055996775592428,0.004832122061103558,-0.0013451479640989028,60.918532538347606,0.0027278446646055166,0.0022257102253898575,0.0005021344392156591,68.9452596524092,0.00606182830579649,0.005626735522813343,0.017226267463775417,0,2,8,738.5088666243647,0.0,EURUSD=X
2024-08-15 00:00:00+01:00,1.1013215780258179,1.1016855239868164,1.09505033493042,1.1013215780258179,0.005553525057191644,0.00545572435288152,0.0064771720789118525,67.3618306237366,0.003316367323596081,0.0024438416450311023,0.0008725256785649788,80.93416629165894,0.00643063373623747,0.005512263050856464,0.019341961601061008,0,3,8,831.271701256307,0.0,EURUSD=X
2024-08-16 00:00:00+01:00,1.0972732305526733,1.1004369258880615,1.0973695516586304,1.0972732305526733,0.0014757817963280129,0.006039313686800367,0.007786367361115376,68.84017515210103,0.0038691305413465216,0.0027288994242941865,0.001140231117052335,86.9404664213675,0.006445244830534542,0.005839015474267516,0.021379386244134064,0,4,8,952.512817826611,0.0,EURUSD=X
2024-08-19 00:00:00+01:00,1.1024993658065796,1.1072603464126587,1.1023900508880615,1.1024993658065796,-0.0036758995319072785,0.0063070151573331665,0.005222911572530409,61.3724251607418,0.0039351693831355394,0.002970153416062457,0.0009650159670730823,71.95780501363264,0.006267157797438325,0.005873874119109065,0.02240943384252843,0,0,8,1056.2152781605296,0.0,EURUSD=X
2024-08-20 00:00:00+01:00,1.1086474657058716,1.1117286682128906,1.107248067855835,1.1086474657058716,0.004762838560523397,0.006947795181811963,0.010187140162334574,66.43449908807621,0.004358963659685022,0.0032479154647869703,0.001111048194898052,83.82284438935673,0.006532869087620256,0.005684500138331892,0.024569168159995394,0,1,8,1114.8805566003023,0.0,EURUSD=X
2024-08-21 00:00:00+01:00,1.112792730331421,1.1148271560668945,1.11055588722229,1.112792730331421,0.005576511052951094,0.00807917935636793,0.013736221512268498,71.21376185064084,0.005131768128609604,0.0036246859975514975,0.0015070821310581065,90.91052953629529,0.006725471467526741,0.005892647834143384,0.028411592358155775,0,2,8,1226.2086505931698,0.0,EURUSD=X
2024-08-22 00:00:00+01:00,1.115536093711853,1.1157476902008057,1.1099271774291992,1.115536093711853,0.0037390286396496997,0.00928025227481985,0.011906959621747149,73.91101093634015,0.006009436407684365,0.004101636079578071,0.0019078003281062942,94.4311381153452,0.00668648710277647,0.0060437773218771,0.032513767541840655,0,3,8,1395.6633359579919,0.0,EURUSD=X
2024-08-23 00:00:00+01:00,1.111716389656067,1.1195951700210571,1.110679268836975,1.111716389656067,0.0024652959222828397,0.010375458219892546,0.012906780335236512,75.54419052378422,0.006847428446906223,0.004650794553043702,0.0021966338938625212,99.23093920736912,0.0066246317934071835,0.005993967510748795,0.036261473948711764,0,4,8,1594.2110858493952,0.0,EURUSD=X
2024-08-26 00:00:00+01:00,1.1187934875488281,1.1201093196868896,1.1152873039245605,1.1187934875488281,-0.00342409723658188,0.010862901585131717,0.0131627735929718,69.06165730986686,0.00712123580712376,0.005144882803859714,0.0019763530032640463,74.87722179142149,0.0067882938927411015,0.005958922486927313,0.03809549583808306,0,0,8,1766.6021636073715,0.0,EURUSD=X
2024-08-27 00:00:00+01:00,1.1164700984954834,1.1179554462432861,1.1151255369186401,1.1164700984954834,0.006365920264025826,0.011773694172951987,0.014779257247307331,73.58451068751019,0.007819158376436208,0.005679737918375013,0.0021394204580611953,95.87193190445382,0.006902910759746935,0.006067512877299294,0.04102840320740811,0,1,8,1937.2890375875602,0.0,EURUSD=X
2024-08-28 00:00:00+01:00,1.117793083190918,1.1181930303573608,1.1105434894561768,1.117793083190918,-0.0020766916139590696,0.011970562608155653,0.007056014676975142,69.96818535921945,0.008091515013363804,0.006162093337372772,0.001929421675991032,88.58292599919967,0.006671842179064152,0.00618279949373392,0.04180124916576969,0,2,8,2074.203753324529,0.0,EURUSD=X
2024-08-29 00:00:00+01:00,1.1124955415725708,1.1140199899673462,1.1056320667266846,1.1124955415725708,0.0011849710056877072,0.011972212081718857,0.004493516827709598,70.84677338513808,0.008318226086223346,0.006593319887142887,0.0017249061990804587,92.05264966214558,0.006741677802072718,0.005968763163230818,0.04175752767402651,0,3,8,2180.8461498681286,0.0,EURUSD=X
2024-08-30 00:00:00+01:00,1.1080454587936401,1.109570026397705,1.1053999662399292,1.1080454587936401,-0.004739286454720659,0.011443971426157155,-0.0027256420983789997,62.91026531004393,0.007978458209806805,0.006870347551675671,0.0011081106581311336,73.540828627888,0.00712877342079848,0.006059959388729777,0.04010516242463423,0,4,8,2224.0003251822945,0.0,EURUSD=X
2024-09-02 00:00:00+01:00,1.1044842004776,1.1077632904052734,1.1042524576187134,1.1044842004776,-0.004000090438690873,0.010094477844470123,-0.00330203898816539,57.121482532426256,0.007266343347516635,0.006949546710843864,0.0003167966366727712,57.72595117549752,0.007126402128787275,0.00643364707126707,0.03551796500313244,0,0,9,2278.460533743092,0.0,EURUSD=X
2024-09-03 00:00:00+01:00,1.1067456007003784,1.107051968574524,1.1033751964569092,1.1067456007003784,-0.003214000190856159,0.009657783861070357,-0.012789927033431625,52.92445157269185,0.006341522283787482,0.006827941825432587,-0.0004864195416451056,37.6466390752105,0.006888302060654381,0.006452244518939865,0.03409100214553099,0,1,9,2255.7567100542515,0.0,EURUSD=X
2024-09-04 00:00:00+01:00,1.1048868894577026,1.1093976497650146,1.1040817499160767,1.1048868894577026,0.0020474717717107183,0.009426302200965537,-0.00871003872670606,55.17664506517051,0.005725075915061106,0.006607368643358292,-0.0008822927282971854,46.67094809951953,0.006658907064722978,0.0062239254046235,0.03320590709434543,0,2,9,2188.075516026248,0.0,EURUSD=X
2024-09-05 00:00:00+01:00,1.1080454587936401,1.112112045288086,1.1075178384780884,1.1080454587936401,-0.0016794385642910914,0.00897956816906885,-0.011546138482421586,52.9349724765537,0.005028588821457403,0.006291612678978114,-0.0012630238575207118,33.05811118974601,0.006562977977881193,0.0060267771554346925,0.03168541688174571,0,3,9,2058.340258432944,0.0,EURUSD=X
2024-09-06 00:00:00+01:00,1.1111111640930176,1.1149640083312988,1.1067211627960205,1.1111111640930176,0.0028587264145090163,0.008485505297325821,-0.004000090438690873,56.192084195256236,0.004677567839632468,0.005968803711108986,-0.0012912358714765176,31.916711517761033,0.006610276395917057,0.00592302231446938,0.02985670827435772,0,4,9,1941.1444306967173,0.0,EURUSD=X
2024-09-09 00:00:00+01:00,1.1087212562561035,1.109139323234558,1.10349702835083,1.1087212562561035,0.0027667685247454443,0.0078118330284754605,0.0027667685247454443,59.147240195112886,0.004593803472174418,0.0056938036633220725,-0.0011000001911476544,46.22870006268878,0.0067268884773000045,0.005949248472643077,0.027410517487397798,0,0,9,1890.343196172443,0.0,EURUSD=X
2024-09-10 00:00:00+01:00,1.1037527322769165,1.1050333976745605,1.101624846458435,1.1037527322769165,-0.002150916950658943,0.006873381738973286,0.0038362303206069814,55.97713330650479,0.004285177163418474,0.005412078363341353,-0.001126901199922879,31.947056476890637,0.006790263281934826,0.006067249490656614,0.024169623477539905,0,1,9,1780.3620759869993,0.0,EURUSD=X
2024-09-11 00:00:00+01:00,1.1020983457565308,1.1054977178573608,1.100279450416565,1.1020983457565308,-0.0044813102943156435,0.00608357558588369,-0.002704206297786893,49.979717773358,0.003598192505359199,0.005049301191744923,-0.0014511086863857239,11.511747141410689,0.006812130890201514,0.006151978684507791,0.02148863903399429,0,2,9,1623.1092130148036,0.0,EURUSD=X
2024-09-12 00:00:00+01:00,1.1010911464691162,1.1047526597976685,1.1006548404693604,1.1010911464691162,-0.0014988742242775244,0.005921496838282547,-0.002523827305562998,48.130581691389615,0.0028869777658762086,0.00461683650657118,-0.0017298587406949714,9.172502930656167,0.006698283500958255,0.00618105536264584,0.020947535986566686,0,3,9,1406.8046583398495,0.0,EURUSD=X
2024-09-13 00:00:00+01:00,1.1077877283096313,1.1102476119995117,1.1073951721191406,1.1077877283096313,-0.0009138923865484871,0.005936734519367097,-0.0062761976680048015,46.990724803956894,0.0022165118272181594,0.004136771570700576,-0.0019202597434824168,4.093300069133427,0.006512536060054673,0.006083314285504638,0.021020650515828156,0,4,9,1207.214215886575,0.0,EURUSD=X
2024-09-16 00:00:00+01:00,1.1088441610336304,1.1135361194610596,1.1087088584899902,1.1088441610336304,0.006081768854457881,0.0053085665044933375,-0.002991092062421208,54.67630986262379,0.0022001588673739025,0.003749449030035242,-0.0015492901626613393,41.91388833433154,0.006701388165079018,0.005878866405202127,0.018682823310920787,0,0,9,1119.030979343579,1.0,EURUSD=X
2024-09-17 00:00:00+01:00,1.1129536628723145,1.1146159172058105,1.1113086938858032,1.1129536628723145,0.0009536418367903643,0.005072942653728565,0.00011085272951461,55.76588150667213,0.0022465475193547135,0.0034488687278991363,-0.0012023212085444227,47.81127304185799,0.006633316949818247,0.0060435797928828795,0.017836565499992477,0,1,9,1029.1286669952735,1.0,EURUSD=X
2024-09-18 00:00:00+01:00,1.1123099327087402,1.1140819787979126,1.110913634300232,1.1123099327087402,0.003706113070797379,0.005126272398310853,0.00833604332413973,59.81301874749534,0.002585113732176625,0.003276117728754634,-0.0006910039965780093,86.30979924177849,0.00657177689427267,0.005960101638642314,0.01795752131956971,0,2,9,965.0164866773571,0.0,EURUSD=X
2024-09-19 00:00:00+01:00,1.1114816665649414,1.118067979812622,1.107051968574524,1.1114816665649414,-0.0005783979918021487,0.005112100174824467,0.009265585953855737,58.90387246790045,0.0027695604815134445,0.0031748062793063962,-0.00040524579779295175,81.92607746198745,0.006328674580230384,0.005908224588329284,0.017918239371552146,0,3,9,905.3004902793251,0.0,EURUSD=X
2024-09-20 00:00:00+01:00,1.1161960363388062,1.1181679964065552,1.1137346029281616,1.1161960363388062,-0.0007446361121506984,0.004945500172409824,0.00943656674485549,57.68886000037547,0.002816435587254862,0.0031031321408960897,-0.00028669655364122783,62.97438028159576,0.006663484341506653,0.00569390820434249,0.017347213026614187,0,4,9,848.8845588490897,1.0,EURUSD=X
2024-09-23 00:00:00+01:00,1.1160838603973389,1.1168192625045776,1.1084877252578735,1.1160838603973389,0.004241518250529985,0.00514929359272811,0.007590179791939988,62.43808776675542,0.003197140047078495,0.003121933722132571,7.520632494592387e-05,88.97640943622551,0.006665116162942875,0.005969815448694214,0.017985767386878453,0,0,9,818.2784185806045,0.0,EURUSD=X
2024-09-24 00:00:00+01:00,1.1111727952957153,1.1163455247879028,1.1103955507278442,1.1111727952957153,-0.00010049842305048795,0.004928507241628471,0.006529050355425836,62.2590142862165,0.0034500296194490687,0.0031875529015958706,0.0002624767178531981,88.34932693589231,0.006784146240354391,0.0059718775617542,0.017216321538402062,0,1,9,813.4294863954403,1.0,EURUSD=X
2024-09-25 00:00:00+01:00,1.1191190481185913,1.1212396621704102,1.1141688823699951,1.1191190481185913,-0.004400265316868879,0.004673930865573335,-0.0016001273332467703,54.843105624299874,0.0032170800213824347,0.0031934583255531835,2.3621695829251135e-05,60.895641743302676,0.006724562513190406,0.006105392670767226,0.01639919304052967,0,2,9,805.6426430324095,1.0,EURUSD=X
2024-09-26 00:00:00+01:00,1.1131023168563843,1.118956208229065,1.112681269645691,1.1131023168563843,0.007151230534546471,0.0048081451966314965,0.00612159903424514,62.604693808824486,0.0036317968860171135,0.0032811260376459698,0.0003506708483711437,89.88266875963305,0.00696329853901215,0.006008799979318924,0.016750318919272804,0,3,9,875.5119005404633,1.0,EURUSD=X
2024-09-27 00:00:00+01:00,1.117717981338501,1.1199839115142822,1.1126564741134644,1.117717981338501,-0.005376310297212861,0.004830757243300554,0.001458098986420131,54.90891913057923,0.0034353623415401824,0.0033119732984248124,0.00012338904311537,61.17717984154879,0.006925761391432738,0.006255757834264373,0.016920060866685665,0,4,9,903.2128983692846,1.0,EURUSD=X
2024-09-30 00:00:00+01:00,1.1169815063476562,1.1208375692367554,1.1136106252670288,1.1169815063476562,0.004146666853728442,0.005160741871390902,0.00136351048574479,59.06599531777439,0.003610512359779383,0.0033716811106957265,0.0002388312490836566,83.19825737799087,0.006954452534960248,0.006196340675434898,0.018001209796000627,0,0,9,914.6446436144256,0.0,EURUSD=X
2024-10-01 00:00:00+01:00,1.113660216331482,1.1145787239074707,1.1061090230941772,1.113660216331482,-0.0006589094951865437,0.005228499997371419,0.000804281812656793,58.14487317827196,0.003647842575827731,0.0034269134037221275,0.00022092917210560356,79.68457631649292,0.006973916208872127,0.006226112514342472,0.018249582080494143,0,1,10,945.0731508325899,0.0,EURUSD=X
2024-10-02 00:00:00+01:00,1.1063904762268066,1.108217477798462,1.1034117937088013,1.1063904762268066,-0.0029734512140978664,0.005194973900501485,0.00223855465711309,54.05115315003675,0.003370572828412133,0.003415645288660129,-4.507246024799613e-05,63.17944382028979,0.007252385283486903,0.006262157978350853,0.01818663951259126,0,2,10,929.7527332427809,1.0,EURUSD=X
2024-10-03 00:00:00+01:00,1.1048502922058105,1.1048502922058105,1.1009578704833984,1.1048502922058105,-0.006527790072830886,0.005114299977121969,-0.011373742510399909,46.35763853262715,0.002535005321905537,0.0032395172953092106,-0.0007045119734036738,16.7080126512026,0.007466387950572172,0.006554996124171433,0.01802185798441396,0,3,10,874.8340415818227,1.0,EURUSD=X
2024-10-04 00:00:00+01:00,1.103557825088501,1.1039965152740479,1.0956143140792847,1.103557825088501,-0.001392079970037985,0.005257094967527629,-0.007413536496697848,44.899496913209454,0.0017286057829744017,0.002937334992842249,-0.0012087292098678475,19.191705459162083,0.0073211177929176025,0.006757827737607494,0.018550865709533255,0,4,10,805.0562585748945,1.0,EURUSD=X
2024-10-07 00:00:00+01:00,1.0974539518356323,1.0985027551651,1.095554232597351,1.0974539518356323,-0.0011698119884905323,0.00549722520785696,-0.012668809562357386,43.6584775409364,0.0009740092712289261,0.0025446698485195847,-0.0015706605772906586,30.998646266066867,0.0074578935310324794,0.006634104372673428,0.01942093920226936,0,0,10,643.0015200451901,1.0,EURUSD=X
2024-10-08 00:00:00+01:00,1.0975743532180786,1.0997470617294312,1.096166729927063,1.0975743532180786,-0.005531086014798681,0.00620891328807184,-0.01748243314777498,38.277606898430335,-0.00011521730682018116,0.002012692417451632,-0.002127909724271813,7.396096813867682,0.0074968720281837235,0.006795632307449617,0.022057235594209804,0,1,10,460.6273277936776,0.0,EURUSD=X
2024-10-09 00:00:00+01:00,1.0975743532180786,1.098056435585022,1.094067931175232,1.0975743532180786,0.00010970973519652816,0.006664217360840582,-0.014444139134638267,38.438783430993624,-0.0009576822670132046,0.0014186174805586645,-0.002376299747571869,7.864850439746594,0.007217119154911183,0.006830400151208853,0.023672111468265044,0,2,10,314.85905781454466,0.0,EURUSD=X
2024-10-10 00:00:00+01:00,1.0943313837051392,1.095446228981018,1.0914051532745361,1.0943313837051392,0.0,0.006997859144509366,-0.007968364874934797,38.43878343099364,-0.001606819403722426,0.0008135301037024465,-0.0024203495074248725,12.904669354591043,0.006986503815973958,0.006575517306641369,0.02485724770645073,0,3,10,115.74607515188649,0.0,EURUSD=X
2024-10-11 00:00:00+01:00,1.0933860540390015,1.0954222679138184,1.0927408933639526,1.0933860540390015,-0.002954669543280719,0.007555948293823464,-0.00952066408895147,35.53974409787779,-0.00235578972093764,0.00017966613877442924,-0.002535455859712069,9.808207136292804,0.006928124967943138,0.0063842670693765174,0.02691918561288426,0,4,10,-61.16330475072075,0.0,EURUSD=X
2024-10-14 00:00:00+01:00,1.0925379991531372,1.0939722061157227,1.0905719995498657,1.0925379991531372,-0.0008638422329961815,0.008320793858367167,-0.009217252434129408,34.717763958313185,-0.0029911541340494896,-0.0004544979157903545,-0.002536656218259135,6.639629200463499,0.00662478565236618,0.006336394123878234,0.029669691221490893,0,0,10,-305.2844015465703,0.0,EURUSD=X
2024-10-15 00:00:00+01:00,1.0909169912338257,1.0918222665786743,1.0885775089263916,1.0909169912338257,-0.0007756225559412133,0.009027079410230383,-0.004479415901024852,33.95896482181226,-0.0035225106408123263,-0.001068100460794749,-0.0024544101800175774,6.410660074088759,0.006394458574758378,0.0060636661219118,0.03221309889961744,0,1,10,-558.8633542736854,0.0,EURUSD=X
2024-10-16 00:00:00+01:00,1.0884116888046265,1.0901559591293335,1.0868147611618042,1.0884116888046265,-0.001483708503107417,0.00964037812278501,-0.006065522544995372,32.49691208931132,-0.004027984197898515,-0.0016600772082155022,-0.002367906989683013,7.251946477863549,0.006220603692757466,0.005861544577765035,0.034452770916221495,0,2,10,-793.4007758758665,0.0,EURUSD=X
2024-10-17 00:00:00+01:00,1.0862481594085693,1.0869920253753662,1.0813850164413452,1.0862481594085693,-0.002296510595518164,0.010316238185973187,-0.008348103603721513,30.32394102431259,-0.004577960720476115,-0.002243653910667625,-0.00233430680980849,4.6936973553278865,0.006069291291276324,0.0057153040129414535,0.036953021745357265,0,3,10,-1022.3898236984824,0.0,EURUSD=X
2024-10-18 00:00:00+01:00,1.0829542875289917,1.0863661766052246,1.0828253030776978,1.0829542875289917,-0.0019877858886587774,0.011017125549273568,-0.007386450226074981,28.548591537458933,-0.005129272754426317,-0.0028207776794193637,-0.0023084950750069536,12.326560951437067,0.006137675653562391,0.005587389252360969,0.03954221917694245,0,4,10,-1228.779706240941,0.0,EURUSD=X
2024-10-21 00:00:00+01:00,1.0868619680404663,1.08695650100708,1.0821105241775513,1.0868619680404663,-0.0030323382838881585,0.011553099518295765,-0.009540789798328286,26.04821839316095,-0.005765518141738868,-0.003409725771883265,-0.002355792369855603,4.72761618824273,0.005952189787416996,0.005667529760251381,0.04159203628322146,0,0,10,-1476.9078662524346,0.0,EURUSD=X
2024-10-22 00:00:00+01:00,1.0817828178405762,1.0837758779525757,1.0801936388015747,1.0817828178405762,0.003608352223611222,0.01155280870398779,-0.005195271118323186,33.490419122327054,-0.005886573283114371,-0.0039050952741294864,-0.001981478008984885,20.411663045844495,0.005873174576139268,0.005476491001105104,0.04144145396703971,0,1,10,-1638.9172927736543,0.0,EURUSD=X
2024-10-23 00:00:00+01:00,1.079727053642273,1.0808473825454712,1.0762641429901123,1.079727053642273,-0.004673224704925039,0.01201585380482496,-0.008372931640672987,29.35523384495812,-0.00631950797354941,-0.004387977814013472,-0.0019315301595359382,6.445234123818502,0.0059299713377644345,0.005429162378325744,0.04330483124023097,0,2,10,-1798.3704443220727,0.0,EURUSD=X
2024-10-24 00:00:00+01:00,1.0780508518218994,1.0810226202011108,1.0771567821502686,1.0780508518218994,-0.0019003483549562272,0.011818013772891012,-0.007979182189683742,27.85603049033425,-0.0067506772200678355,-0.004860517695224344,-0.0018901595248434913,12.486889389432418,0.005900593017242966,0.0054921022102398,0.042672914203611946,0,3,10,-1949.1537701428867,0.0,EURUSD=X
2024-10-25 00:00:00+01:00,1.0824151039123535,1.0842459201812744,1.081186294555664,1.0824151039123535,-0.0015524310655355977,0.011949687832229246,-0.007546440945071953,26.660446443254855,-0.007145271194092473,-0.00531746839499797,-0.0018278027990945031,7.608546670118636,0.005755253376785774,0.005473390246175307,0.043215456706358055,0,4,10,-2071.127356047399,0.0,EURUSD=X
2024-10-28 00:00:00+00:00,1.0796570777893066,1.0827198028564453,1.078271746635437,1.0796570777893066,0.004048280359946421,0.011078172050689516,-0.0004978821570285064,34.53843701757688,-0.007024852959185868,-0.00565894530783555,-0.0013659076513503178,26.19334074491469,0.005786668732685004,0.005317048289499658,0.03990212786359068,0,0,10,-2154.0986962222682,0.0,EURUSD=X
2024-10-29 00:00:00+00:00,1.0816774368286133,1.0826259851455688,1.077040672302246,1.0816774368286133,-0.002548029968427179,0.010061742888530035,-0.006629075690402164,32.185498066484044,-0.0070704663637704,-0.00594124951902252,-0.0011292168447478799,15.569425678447763,0.005691053553279525,0.005359728428339228,0.03633366212377456,0,1,10,-2209.703047037152,0.0,EURUSD=X
2024-10-30 00:00:00+00:00,1.0820636749267578,1.0866730213165283,1.0809992551803589,1.0820636749267578,0.0018712969894509879,0.008898492801266582,-9.741420387254784e-05,35.644180339102846,-0.006864460003956019,-0.006125891616009221,-0.0007385683879467982,28.220569134490496,0.00568350064542547,0.005261322238508749,0.03207306591029538,0,2,10,-2246.821360843375,0.0,EURUSD=X
2024-10-31 00:00:00+00:00,1.0859178304672241,1.0888383388519287,1.0845046043395996,1.0859178304672241,0.0003570732687898648,0.00822288315818936,0.0021640851515229986,36.31291022691423,-0.006594020528990718,-0.006219517398605521,-0.0003745031303851974,30.27191836226744,0.005682805323335753,0.005252464136003985,0.029627369598074712,0,3,10,-2235.5744000599543,0.0,EURUSD=X
2024-11-01 00:00:00+00:00,1.0886130332946777,1.0904054641723633,1.084845781326294,1.0886130332946777,0.0035618565060204777,0.007358832949582231,0.007297409609230865,42.71023977202125,-0.005999538213137479,-0.006175521561511913,0.00017598334837443455,54.515772891898806,0.005760795223466835,0.005233181704817099,0.026420058448260987,0,4,11,-2187.2598878302347,0.0,EURUSD=X
2024-11-04 00:00:00+00:00,1.087453007698059,1.0915838479995728,1.0870392322540283,1.087453007698059,0.0024819583506552334,0.006410077378276125,0.005726018936655697,46.73927696628819,-0.005250402974160462,-0.005990497844041623,0.0007400948698811612,79.3726199324195,0.0057464300536527275,0.005291866850088906,0.022956809822965628,0,0,11,-2091.791439221604,0.0,EURUSD=X
2024-11-05 00:00:00+00:00,1.0874056816101074,1.0921800136566162,1.0873347520828247,1.0874056816101074,-0.0010655995851049926,0.005959374532172694,0.007220746354680729,45.26378798711943,-0.004696177658177536,-0.005731633806868806,0.00103545614869127,73.0357712569352,0.005660586174502135,0.005284301954175361,0.02136544662715453,0,1,11,-2025.3305570971975,0.0,EURUSD=X
2024-11-06 00:00:00+00:00,1.093445897102356,1.0933382511138916,1.068376064300537,1.093445897102356,-4.352012235619984e-05,0.005409885190672822,0.005295705157989383,45.201094756309104,-0.004212213150868838,-0.0054277496756688125,0.0012155365247999749,70.00269638684163,0.005602348703022805,0.005205588190527549,0.019396271060287268,0,2,11,-1922.279384361765,0.0,EURUSD=X
2024-11-07 00:00:00+00:00,1.073306918144226,1.082602620124817,1.0714094638824463,1.073306918144226,0.005554702899202235,0.005026199748789052,0.010518994805336801,53.9649447231808,-0.003303195698172612,-0.0050028388801695725,0.0016996431819969607,100.43123621047002,0.0069851942823322116,0.005123571927855866,0.01792108248508662,0,3,11,-1762.9617891542161,0.0,EURUSD=X
2024-11-08 00:00:00+00:00,1.0795172452926636,1.0797386169433594,1.0710422992706299,1.0795172452926636,-0.01841790161863377,0.005417822420008842,-0.011613136803888868,34.280018313937205,-0.0041598875173849414,-0.004834248607612646,0.0006743610902277047,19.75329277261483,0.008060282777873459,0.006508105150770651,0.019679888401660395,0,4,11,-1733.8468358840246,0.0,EURUSD=X
2024-11-11 00:00:00+00:00,1.0714898109436035,1.0728462934494019,1.0628799200057983,1.0714898109436035,0.005786161482286278,0.00518982036438656,-0.008355391423604197,41.38105521009107,-0.004288267973389548,-0.0047250524807680265,0.0004367845073784786,44.6322314444264,0.008105713841791746,0.00746656231108959,0.018743234348039803,0,0,11,-1661.3820940830535,1.0,EURUSD=X
2024-11-12 00:00:00+00:00,1.066439151763916,1.0663481950759888,1.0597037076950073,1.066439151763916,-0.007436133497694897,0.0055822825135381105,-0.014679435930980422,35.970760501694286,-0.004980346934305269,-0.004776111371475475,-0.00020423556282979372,28.267769850060468,0.008715114659296995,0.00756490053288839,0.020311666645215595,0,1,11,-1666.5918680543514,1.0,EURUSD=X
2024-11-13 00:00:00+00:00,1.061672568321228,1.0649060010910034,1.0559773445129395,1.061672568321228,-0.004713679148511618,0.006460724933057082,-0.019281239927996796,33.04349990736371,-0.005868719536999967,-0.0049946330045803735,-0.0008740865324195933,20.02537684256788,0.00893447098710408,0.008172163076423053,0.02361929684848171,0,2,11,-1712.759545781747,0.0,EURUSD=X
2024-11-14 00:00:00+00:00,1.0564124584197998,1.0580891370773315,1.0499238967895508,1.0564124584197998,-0.004469625327243376,0.007741272969699011,-0.029057979791526578,30.519265596482427,-0.006878098237821151,-0.005371326051228529,-0.0015067721865926215,15.243805160079896,0.009043566434523543,0.008415467493176104,0.02842782147870499,0,3,11,-1792.3403633096182,0.0,EURUSD=X
2024-11-15 00:00:00+00:00,1.0530084371566772,1.0591648817062378,1.052443265914917,1.0530084371566772,-0.0049545500735181935,0.009350675074165484,-0.015740567249521886,27.97916629104334,-0.00801014902703634,-0.005899090646390092,-0.002111058380646248,14.945659635461,0.00923678822717738,0.008560639703218824,0.03450891030548806,0,4,11,-1936.076675977513,0.0,EURUSD=X
2024-11-18 00:00:00+00:00,1.0533745288848877,1.0586491823196411,1.0531193017959595,1.0533745288848877,-0.003222246420885977,0.010994996643205683,-0.024556169205800504,26.445234097578563,-0.009077345512203072,-0.006534741619552688,-0.002542603892650384,7.104885964864108,0.009057133053187625,0.008771808374222017,0.04070849475529702,0,0,11,-2123.013704736428,0.0,EURUSD=X
2024-11-19 00:00:00+00:00,1.059490442276001,1.0601080656051636,1.0528532266616821,1.059490442276001,0.00034766267324415345,0.012049016663429201,-0.01690663025788608,26.909338428343702,-0.00978081868309233,-0.007183957032260616,-0.002596861650831713,7.948136391843728,0.00881310534674307,0.008598207764502899,0.04459545366070038,0,1,11,-2296.2833551329863,0.0,EURUSD=X
2024-11-20 00:00:00+00:00,1.0607603788375854,1.0612331628799438,1.0508506298065186,1.0607603788375854,0.005806019818599184,0.012524338102161968,-0.006515804934976055,34.36053359979216,-0.00973263142471903,-0.0076936919107523,-0.0020389395139667294,22.035443427259697,0.008701800603652953,0.008318249032818765,0.04608711618932302,0,2,11,-2413.355680225906,0.0,EURUSD=X
2024-11-21 00:00:00+00:00,1.0546187162399292,1.0557432174682617,1.0469120740890503,1.0546187162399292,0.001198629558994746,0.012865530644564924,-0.0008592003889532629,35.82353657890424,-0.009482659215386047,-0.00805148537167905,-0.0014311738437069975,24.960597057547517,0.008821852922922407,0.008203361265424204,0.047285959706310644,0,3,11,-2562.924274354031,0.0,EURUSD=X
2024-11-22 00:00:00+00:00,1.0469341278076172,1.0498688220977783,1.0339871644973755,1.0469341278076172,-0.005789868023150069,0.01353703609551514,-0.0016979562911949575,32.097554788226944,-0.009668680749022052,-0.00837492444714765,-0.0012937563018744023,16.599777635697432,0.00918088519618046,0.008364969051919809,0.05004375698230063,0,4,11,-2652.7631960860826,0.0,EURUSD=X
2024-11-25 00:00:00+00:00,1.0479873418807983,1.0529640913009644,1.0449539422988892,1.0479873418807983,-0.007286603503216971,0.014518850496055325,-0.005768528660094918,28.15205747116984,-0.010317255321268703,-0.00876339062197186,-0.001553864699296843,21.814197596575834,0.009998789949492836,0.008769305491460226,0.05406729846677919,0,0,11,-2858.173811663374,0.0,EURUSD=X
2024-11-26 00:00:00+00:00,1.0444300174713135,1.0543851852416992,1.0427310466766357,1.0444300174713135,0.0010059984149974888,0.015252181114401995,-0.00511421802631995,29.432370186350852,-0.01062380515612249,-0.009135473528801986,-0.0014883316273205036,23.588746527728958,0.009856744167534433,0.009540945343431573,0.056741094740728124,0,1,11,-2987.3745154619583,0.0,EURUSD=X
2024-11-27 00:00:00+00:00,1.0491198301315308,1.0583466291427612,1.0475481748580933,1.0491198301315308,-0.0033944345196962322,0.015955059488666226,-0.014214781185127645,27.640761232415073,-0.011026685690099347,-0.009513715961061459,-0.0015129697290378885,21.48052062694941,0.009985129481643651,0.00943743860541155,0.05955810575867282,0,2,11,-3137.187156311979,0.0,EURUSD=X
2024-11-28 00:00:00+00:00,1.0562450885772705,1.0565240383148193,1.0529197454452515,1.0562450885772705,0.004490308188931369,0.01609589931706293,-0.010973777809094587,33.39687414981012,-0.010842556486672539,-0.009779484066183675,-0.0010630724204888642,33.07581470123062,0.01026594963805823,0.009517625341608299,0.059815253103544595,0,3,11,-3230.5266279021234,0.0,EURUSD=X
2024-11-29 00:00:00+00:00,1.0563008785247803,1.0595465898513794,1.0542962551116943,1.0563008785247803,0.006791653575785039,0.015527637172175427,0.0015421424940569306,41.067331077017165,-0.010006337132342669,-0.009824854679415474,-0.00018148245292719418,57.27849460386411,0.01006153953414611,0.009719287454284069,0.05731423049999161,0,4,11,-3173.0559162720647,0.0,EURUSD=X
2024-12-02 00:00:00+00:00,1.0545742511749268,1.0545742511749268,1.0462220907211304,1.0545074939727783,5.281913081822687e-05,0.014546113744997598,0.008946838648557609,41.124505423121555,-0.009232696706415577,-0.009706423084815495,0.000473726378399918,68.95242094716058,0.009717882048827465,0.009525259079778444,0.053688482920395415,0,0,12,-3106.4814142061205,0.0,EURUSD=X
2024-12-03 00:00:00+00:00,1.0501223802566528,1.0530306100845337,1.048185110092163,1.0501223802566528,-0.0016977970845830637,0.013451993290519203,0.006221594318380319,39.788212464350686,-0.008664414266245979,-0.009498021321101592,0.0008336070548556132,66.36837519181388,0.009743661031314783,0.00921556471089273,0.04973461559252828,0,1,12,-3026.3113195585743,0.0,EURUSD=X
2024-12-04 00:00:00+00:00,1.0510826110839844,1.0540074110031128,1.0473946332931519,1.0510826110839844,-0.004158447181446645,0.012169499987703706,0.0054502098657804865,36.65209770342998,-0.008470248613652975,-0.009292466779611869,0.0008222181659588938,59.22049738357339,0.009499284091979102,0.009278595727988776,0.04518087258756013,0,2,12,-3005.0712481284054,0.0,EURUSD=X
2024-12-05 00:00:00+00:00,1.051414132118225,1.0588284730911255,1.050894856452942,1.051414132118225,0.0009143989742383951,0.0092882945883855,0.0018708834740142066,37.808079392534474,-0.008144997866977866,-0.009062972997085068,0.0009179751301072025,62.74479777384973,0.00929310506469209,0.009037618919584697,0.03445251446929788,0,3,12,-2991.37095850242,0.0,EURUSD=X
2024-12-06 00:00:00+00:00,1.058559536933899,1.0626428127288818,1.0546075105667114,1.058559536933899,0.0003154091131798431,0.008569927102059767,-0.0045737078555816435,38.22719723595077,-0.0077709051724983436,-0.008804559432167723,0.00103365425966938,63.96156740579989,0.009195998748512912,0.008838672394453927,0.03177789396667093,0,4,12,-2873.7797656360194,0.0,EURUSD=X
2024-12-09 00:00:00+00:00,1.0565463304519653,1.0592771768569946,1.0533078908920288,1.0565463304519653,0.006795994648919557,0.006638348282424022,0.0021382718267479728,46.582898986811415,-0.006819251478735744,-0.008407497841481327,0.0015882463627455833,85.75053768808682,0.009341190310094614,0.008687275894891069,0.02444930615255236,0,0,12,-2641.9025185279856,1.0,EURUSD=X
2024-12-10 00:00:00+00:00,1.0555204153060913,1.056747317314148,1.0500340461730957,1.0555204153060913,-0.0019018358549437453,0.005441217174458051,0.001933449018466371,44.746403266825006,-0.006156539255927962,-0.007957306124370655,0.0018007668684426933,78.72502402436133,0.009100339999728271,0.008841250062454597,0.020078409533521455,0,1,12,-2437.0097240390314,1.0,EURUSD=X
2024-12-11 00:00:00+00:00,1.0532968044281006,1.0540739297866821,1.0481630563735962,1.0532968044281006,-0.0009710081955754957,0.004667942251148836,0.0051403866358121775,43.798785315606295,-0.005648999671280075,-0.007495644833752539,0.0018466451624724644,75.14487417890766,0.00892983508125141,0.008621661758279924,0.01724172170452924,0,2,12,-2233.572111443292,1.0,EURUSD=X
2024-12-12 00:00:00+00:00,1.0506850481033325,1.052997350692749,1.0464848279953003,1.0506850481033325,-0.002106648858464677,0.00429527026991977,0.0021065835556282053,41.73571044377389,-0.005364360697264425,-0.007069388006454917,0.0017050273091904914,67.38510947204647,0.008817515356340247,0.008477985543780289,0.01589869666376203,0,3,12,-2064.545458997088,1.0,EURUSD=X
2024-12-13 00:00:00+00:00,1.0474056005477905,1.0522992610931396,1.045434594154358,1.0474056005477905,-0.002479601489141614,0.004280835156036636,-0.0006934318196996081,39.388862709440964,-0.0052885658723358375,-0.006713223579631101,0.0014246577072952633,39.946237846640166,0.008674262576087393,0.008392158403945483,0.015884653527805194,0,4,12,-1969.3560784842098,1.0,EURUSD=X
2024-12-16 00:00:00+00:00,1.051005244255066,1.0524100065231323,1.0475043058395386,1.051005244255066,-0.0031212470011464655,0.0044730583364937454,-0.010536900379184755,36.60546212081446,-0.005430522257551029,-0.006456683315215087,0.0010261610576640578,23.47633986302026,0.008545005744851276,0.008281665260860526,0.01664989367073699,0,0,12,-1851.5571097593047,1.0,EURUSD=X
2024-12-17 00:00:00+00:00,1.0517348051071167,1.0532857179641724,1.047998309135437,1.0517348051071167,0.003436723753809101,0.004491724484283138,-0.005244527416539357,41.49262066929775,-0.005192704289175731,-0.006203887510007216,0.0010111832208314847,32.372032448234535,0.008292105761314884,0.008130316943287781,0.016662110885234196,0,1,12,-1714.9939901402888,1.0,EURUSD=X
2024-12-18 00:00:00+00:00,1.0495051145553589,1.0515247583389282,1.0467805862426758,1.0495051145553589,0.0006941552918395821,0.004209803458888788,-0.0035864869538092536,42.46079844245294,-0.004889004966334376,-0.005940911001272649,0.0010519060349382728,36.61163952255928,0.008077484551844916,0.007884217315096226,0.015605488511593303,0,2,12,-1552.9713902954106,1.0,EURUSD=X
2024-12-19 00:00:00+00:00,1.0350252389907837,1.0422203540802002,1.0352503061294556,1.0350252389907837,-0.0021200121370241742,0.003764014949839739,-0.0035998304151321214,40.26764772511977,-0.004773215797680308,-0.005707371960554181,0.0009341561628738726,23.65451358821777,0.007854394145601773,0.007696469926463468,0.013982620615400395,0,3,12,-1451.1621205330496,1.0,EURUSD=X
2024-12-20 00:00:00+00:00,1.0364949703216553,1.0433076620101929,1.0344257354736328,1.0364949703216553,-0.013796860409498679,0.005258787627619922,-0.014904379900349318,29.58178451583852,-0.005783191955052391,-0.005722535959453823,-6.06559955985686e-05,-0.8216376177731357,0.00831156659419474,0.00758860156227718,0.019808723334868897,0,4,12,-1510.428168728015,1.0,EURUSD=X
2024-12-23 00:00:00+00:00,1.0433076620101929,1.0448229312896729,1.038594126701355,1.0433076620101929,0.0014199956440721362,0.006118018937823196,-0.010416814861815782,31.566862655014504,-0.006391334969846341,-0.005856295761532327,-0.0005350392083140138,7.333271370753099,0.008352306590077976,0.00801891647541272,0.02301258533501773,0,0,12,-1602.7357908153515,1.0,EURUSD=X
2024-12-24 00:00:00+00:00,1.0405826568603516,1.0411244630813599,1.0387451648712158,1.0405826568603516,0.006572816929756531,0.006299896227826022,-0.007324018873311133,40.0088593424895,-0.0062515019838345065,-0.005935337005992763,-0.0003161649778417432,31.47713158317209,0.008350567617073663,0.008005602656061369,0.023541969511830522,0,1,12,-1613.008847585918,0.0,EURUSD=X
2024-12-25 00:00:00+00:00,1.0402579307556152,1.0432968139648438,1.0401498079299927,1.0402579307556152,-0.002611890288039209,0.006536919957667323,-0.01060357439214854,37.990109316214884,-0.0062880833659058055,-0.006005886277975372,-0.0002821970879304334,21.81984098148727,0.008079991154352475,0.008024896015727395,0.02449166879951617,0,2,12,-1615.3995823264709,0.0,EURUSD=X
2024-12-26 00:00:00+00:00,1.0399551391601562,1.042535424232483,1.0391446352005005,1.0399551391601562,-0.0003120618074839987,0.006885295466646613,-0.008810994507312486,37.745694038031615,-0.006270988999918847,-0.006058906822364068,-0.00021208217755477963,20.669026877677418,0.0077276350743880895,0.007767295894089832,0.025804968914932017,0,3,12,-1623.0020171093984,0.0,EURUSD=X
2024-12-27 00:00:00+00:00,1.0423181056976318,1.0444954633712769,1.0406694412231445,1.0423181056976318,-0.00029107357560742564,0.007005362288112972,0.004763072419547543,37.50340165331248,-0.006210286031334,-0.006089182664158054,-0.00012110336717594591,22.249830910111335,0.007417860357073399,0.007430738868821543,0.026262604207430953,0,4,12,-1647.9446541382836,0.0,EURUSD=X
2024-12-30 00:00:00+00:00,1.0429377555847168,1.0458500385284424,1.0374196767807007,1.0429377555847168,0.0022721812206090153,0.006900196101847891,0.005618102878173659,40.70235728579242,-0.005903455479950859,-0.006052037227316616,0.00014858174736575702,35.35757582230957,0.0072123220609339135,0.007116695293428263,0.025809699352214496,0,0,12,-1668.0186851748456,0.0,EURUSD=X
2024-12-31 00:00:00+00:00,1.040615200996399,1.0424268245697021,1.0348539352416992,1.040615200996399,0.000594492107253819,0.006807306172637455,-0.00035455162359621095,41.54730505340919,-0.005546354567163014,-0.005950900695285896,0.00040454612812288165,43.32214948337894,0.007299324895705899,0.006915390705066927,0.025447122976057956,0,1,12,-1699.4002307798737,0.0,EURUSD=X
2025-01-02 00:00:00+00:00,1.0351860523223877,1.0375596284866333,1.0231853723526,1.0351860523223877,-0.0022269349976842268,0.006937014312665337,3.1274916829415744e-05,39.28759795704666,-0.005388643339777177,-0.005838449224184153,0.0004498058844069758,32.817981277929825,0.00735536028479959,0.007014432317264562,0.025989876683640573,0,3,1,-1741.9611795982319,0.0,EURUSD=X
2025-01-03 00:00:00+00:00,1.0268205404281616,1.0305347442626953,1.0265464782714844,1.0268205404281616,-0.005217249054994322,0.0073334359924822345,-0.0048755969873197635,34.55623565178148,-0.005636765852546688,-0.0057981125498566604,0.0001613466973099725,39.86891089108911,0.00807496516758525,0.007105351031631667,0.02761918683088432,0,4,1,-1796.1654042766143,0.0,EURUSD=X
2025-01-06 00:00:00+00:00,1.0305347442626953,1.0435036420822144,1.029632806777954,1.0305347442626953,-0.00808116751134591,0.008385111159727236,-0.012629966656640401,28.800771867936092,-0.006434261466905067,-0.005925342333266342,-0.0005089191336387251,12.076831683168317,0.00811529437353654,0.007864047172467125,0.03183728833400422,0,0,1,-1791.957383889438,0.0,EURUSD=X
2025-01-07 00:00:00+00:00,1.0386372804641724,1.043623447418213,1.035947322845459,1.0386372804641724,0.003617188874099675,0.008321587969147488,-0.0113049570668734,34.052588437105626,-0.006689465286602969,-0.006078166923933668,-0.0006112983626693014,24.416237623762377,0.008727280607859126,0.00787483820290086,0.03148222105429241,0,1,1,-1761.917187369996,0.0,EURUSD=X
2025-01-08 00:00:00+00:00,1.034554123878479,1.0358400344848633,1.0276752710342407,1.034554123878479,0.007862458055476917,0.007788846123743844,-0.00412342452607195,43.79275706804647,-0.006166821912327203,-0.006095897921612375,-7.092399071482753e-05,54.524498586620005,0.00903881078983473,0.008402625990816408,0.029236879045037224,0,2,1,-1728.0268214418677,0.0,EURUSD=X
2025-01-09 00:00:00+00:00,1.0314701795578003,1.0323113203048706,1.0286160707473755,1.0314701795578003,-0.003931263264369433,0.0073560283682394464,-0.005824513337991166,40.543045413668516,-0.006012788205273845,-0.0060792759783446695,6.648777307082486e-05,50.16068376068376,0.009176182121270225,0.008736914368432259,0.02772119661792864,0,3,1,-1720.4488561869819,0.0,EURUSD=X
2025-01-10 00:00:00+00:00,1.0297601222991943,1.0311936140060425,1.0221186876296997,1.0297601222991943,-0.0029809405322528404,0.007136273795784368,-0.003589569967882622,38.23522822596176,-0.00606959737541124,-0.006077340257757984,7.742882346744098e-06,36.55384615384615,0.008944887193401172,0.008896216587865031,0.026973457674008057,0,4,1,-1704.8148157505566,0.0,EURUSD=X
2025-01-13 00:00:00+00:00,1.0244431495666504,1.025020718574524,1.0183818340301514,1.0244431495666504,-0.0016578833712275198,0.007090750817897946,0.0028628000271664344,36.97827115451359,-0.006181351607682073,-0.006098142527742802,-8.320907993927124e-05,32.199745821884434,0.008973930388736843,0.008686379477804498,0.02684589875864588,0,0,1,-1678.015036318299,0.0,EURUSD=X
2025-01-14 00:00:00+00:00,1.0265253782272339,1.0303966999053955,1.0239711999893188,1.0265253782272339,-0.005163311937805948,0.007570021526465985,-0.0059111007464413,33.3114573623632,-0.00662261156196986,-0.006203036334588213,-0.00041957522738164665,22.066660880131934,0.009145670237330138,0.008759812970132022,0.02880918986493362,0,1,1,-1683.0836672821306,0.0,EURUSD=X
2025-01-15 00:00:00+00:00,1.0306835174560547,1.0350252389907837,1.0270631313323975,1.0306835174560547,0.002032546814788372,0.007376934350519092,-0.011661339781223301,35.988462368393115,-0.006726752982724626,-0.006307779664215496,-0.0004189733185091301,29.64716604461418,0.008951372357240603,0.008909346452909256,0.028017412344481053,0,2,1,-1735.1393615030463,0.0,EURUSD=X
2025-01-16 00:00:00+00:00,1.0295268297195435,1.0311510562896729,1.0263779163360596,1.0295268297195435,0.004050693063236022,0.006633217906673657,-0.003741328107526809,41.07532966694688,-0.006399983696028677,-0.0063262204705781325,-7.376322545054464e-05,44.78517489801232,0.008919121529119832,0.008684889401680242,0.0250911592882473,0,3,1,-1742.489410461501,1.0,EURUSD=X
2025-01-17 00:00:00+00:00,1.0301949977874756,1.0329724550247192,1.0266518592834473,1.0301949977874756,-0.001122253065001133,0.005959423322287326,-0.0018840581887592522,40.12021140461143,-0.0061633049723728295,-0.006293637370937072,0.00013033239856424274,40.57416890894888,0.00862297998801222,0.008663321121557868,0.022567755150903982,0,4,1,-1733.19135897165,1.0,EURUSD=X
2025-01-20 00:00:00+00:00,1.0277386903762817,1.0427310466766357,1.0279394388198853,1.0277386903762817,0.0006490050075860232,0.006054685470471446,0.00042230756354233456,40.974045278830104,-0.0058543346738058055,-0.006205776831510819,0.00035144215770501353,43.00668344761739,0.008458523970387917,0.008370240591860359,0.022913632556916166,0,0,1,-1651.4239197347856,1.0,EURUSD=X
2025-01-21 00:00:00+00:00,1.0420682430267334,1.0434056520462036,1.034457802772522,1.0420682430267334,-0.0023843130829300785,0.006235026060978259,0.0032169094117378005,38.78459986161654,-0.005741492613157151,-0.006112919987840085,0.00037142737468293455,37.06916908312947,0.0089108871051281,0.008230228218119367,0.023652516858591478,0,1,1,-1640.63746366276,1.0,EURUSD=X
2025-01-22 00:00:00+00:00,1.0405935049057007,1.0458062887191772,1.0400739908218384,1.0405935049057007,0.01394279770201634,0.006146340249169896,0.01514123774157583,54.17002489182143,-0.004444555258901639,-0.005779247042052397,0.0013346917831507576,93.8387282636416,0.009393463859756227,0.008551155036877464,0.022995466864196117,0,2,1,-1573.822535975833,1.0,EURUSD=X
2025-01-23 00:00:00+00:00,1.0410159826278687,1.042546272277832,1.0385618209838867,1.0410159826278687,-0.0014152030165982543,0.006146929836262419,0.009614966458477925,52.701968953756484,-0.0034954289738107214,-0.005322483428404062,0.0018270544545933402,80.99220614380165,0.009131952005297844,0.009027025265362837,0.023030265202914096,0,3,1,-1460.1439778967147,1.0,EURUSD=X
2025-01-24 00:00:00+00:00,1.041601538658142,1.051934003829956,1.0413196086883545,1.041601538658142,0.00040599688560072345,0.006188181736615955,0.011159644000200641,53.09414782221572,-0.0026782756390073548,-0.00479364187052472,0.0021153662315173656,82.53272072087736,0.008764273383058378,0.008772153509349373,0.023175411621574965,0,4,1,-1299.2569723899942,1.0,EURUSD=X
2025-01-27 00:00:00+00:00,1.0467586517333984,1.0533745288848877,1.045434594154358,1.0467586517333984,0.0005624851491667915,0.006277964101682749,0.011072215352592618,53.66757136666675,-0.0019608231077408167,-0.00422707811796794,0.002266255010227123,69.20477801148314,0.008918112512989022,0.00841422852960555,0.0234984387914879,0,0,1,-1127.2596003831854,1.0,EURUSD=X
2025-01-28 00:00:00+00:00,1.0445064306259155,1.0455766916275024,1.0415256023406982,1.0445064306259155,0.00495113811170067,0.0066421362694471745,0.01850661217215932,58.48163287148969,-0.0009649772255855282,-0.0035746579394914575,0.0026096807139059292,81.09354772773727,0.009122032349685921,0.00851974091469979,0.024739049874120275,0,1,1,-914.9116027226765,1.0,EURUSD=X
2025-01-29 00:00:00+00:00,1.0429050922393799,1.0444954633712769,1.0383461713790894,1.0429050922393799,-0.0021516145137691067,0.006754296841130585,0.0023397580873401047,55.75695795314396,-0.00035342356323364577,-0.0029304110642398955,0.0025769875010062497,74.65728691149417,0.008844247852758369,0.008733342449811042,0.02521104334985956,0,2,1,-756.4950506668107,1.0,EURUSD=X
2025-01-30 00:00:00+00:00,1.0425245761871338,1.0465506315231323,1.0391337871551514,1.0425245761871338,-0.0015331053400753358,0.006878788474138158,0.0022214124177997174,53.836397557584114,1.9994469564466044e-06,-0.002343928962000627,0.0023459284089570737,70.08107923962663,0.008652534380906069,0.008480395693310444,0.025715144013690575,0,3,1,-630.446430319313,1.0,EURUSD=X
2025-01-31 00:00:00+00:00,1.0397279262542725,1.0412328243255615,1.0362050533294678,1.0397279262542725,-0.00036486163034166186,0.0070941516828538585,0.0014491550412674137,53.36599673289918,0.00025008742573562337,-0.0018251256844533771,0.0020752131101890005,68.99366355522245,0.008564270808554274,0.008299597514095374,0.026529921340193167,0,4,1,-464.78832990625614,0.0,EURUSD=X
2025-02-03 00:00:00+00:00,1.024779200553894,1.032652497291565,1.0213043689727783,1.024779200553894,-0.00268257458552168,0.006881081408816849,-0.0017987803726589036,49.914045423229695,0.00021851376858816884,-0.001416397793845068,0.0016349115624332369,53.58823934839633,0.008403931669205113,0.008237030661865501,0.02580232142200806,0,0,2,-289.99841691241073,1.0,EURUSD=X
2025-02-04 00:00:00+00:00,1.0327378511428833,1.0386804342269897,1.0276541709899902,1.0327378511428833,-0.014377536010052872,0.007224167440526035,-0.020997630297210468,36.37123423548727,-0.0010012045516412105,-0.0013333591454042966,0.0003321545937630861,10.835092779826335,0.009119619212940045,0.008200724277642228,0.027483959204954406,0,1,2,-202.66100684393473,0.0,EURUSD=X
2025-02-05 00:00:00+00:00,1.0372798442840576,1.0436452627182007,1.0370432138442993,1.0372798442840576,0.007766210111102678,0.00720978566691618,-0.011267120180370682,44.93699449553115,-0.001310536470059409,-0.001328794610335319,1.8258140275909975e-05,35.65146604020459,0.009461163102951161,0.008830526742917172,0.027217864858082363,0,2,2,-170.87698224526022,0.0,EURUSD=X
2025-02-06 00:00:00+00:00,1.0400848388671875,1.040528655052185,1.0354539155960083,1.0400848388671875,0.004398011689169534,0.007222569457589236,-0.00539382537987565,49.144655435820525,-0.0011756314094664155,-0.0012981619701615385,0.00012253056069512296,49.814142976091354,0.009564466565263035,0.0091211288400975,0.027146733654237455,0,3,2,-118.28588885738016,0.0,EURUSD=X
2025-02-07 00:00:00+00:00,1.0385725498199463,1.0405935049057007,1.0324605703353882,1.0385725498199463,0.0027041830597469563,0.007236370565766523,-0.0023402204376506974,51.60422175856958,-0.0008327788008379855,-0.001205085336296828,0.0003723065354588424,58.560574521232304,0.009243771771756873,0.00919585230727929,0.02712525481447268,0,4,2,-42.07396525105662,0.0,EURUSD=X
2025-02-10 00:00:00+00:00,1.0311616659164429,1.0336023569107056,1.0299509763717651,1.0311616659164429,-0.0014540054721770002,0.007118320171837414,-0.0011112295872329758,50.1947142737993,-0.0006753101704866094,-0.0010991303031347842,0.0004238201326481749,53.8450101106221,0.00916442625736799,0.008900458396824983,0.02672160083854822,0,0,2,2.1889394611003254,0.0,EURUSD=X
2025-02-11 00:00:00+00:00,1.0301525592803955,1.0351966619491577,1.0292725563049316,1.0301525592803955,-0.007135643922794088,0.0066785710916832,0.006228137104167475,43.8709066514539,-0.0011354230914821795,-0.0011063888608042634,-2.9034230677916053e-05,30.736662899964315,0.009125651056711787,0.008887477648059312,0.02525100034240323,0,1,2,-3.326138575900206,1.0,EURUSD=X
2025-02-12 00:00:00+00:00,1.0364949703216553,1.039565920829773,1.031821370124817,1.0364949703216553,-0.0009786114722859507,0.0064369161928637,-0.0025033379570883474,43.0751159608997,-0.0015634696633262113,-0.0011978050213086531,-0.0003656646420175582,27.590103485190912,0.008896969241534236,0.008858543304582415,0.02436116778293092,0,2,2,-58.81595063756713,1.0,EURUSD=X
2025-02-13 00:00:00+00:00,1.039198637008667,1.044571876525879,1.0379257202148438,1.039198637008667,0.006156768707821447,0.006278795259630458,-0.0007566655871387162,49.30001205147332,-0.0013750691489342604,-0.0012332578468337745,-0.00014181130210048584,47.36677768526228,0.00893385440638018,0.008583707105470316,0.02361733645838653,0,3,2,-63.37480890205622,1.0,EURUSD=X
2025-02-14 00:00:00+00:00,1.0461673736572266,1.0513699054718018,1.0448119640350342,1.0461673736572266,0.0026084706288276305,0.00603907757435339,-0.0008520476651555642,51.72354417069519,-0.0009961144899888197,-0.0011858291754647836,0.00018971468547596387,55.79725228975853,0.008872643820511854,0.008596868864355208,0.02265655286808454,0,4,2,-55.77150254259813,1.0,EURUSD=X
2025-02-17 00:00:00+00:00,1.0489217042922974,1.0507071018218994,1.0467368364334106,1.0489217042922974,0.006705875470178757,0.006077512639217998,0.007312752333572536,57.37879915901557,-0.00013195034375068637,-0.0009750534091219642,0.0008431030653712778,82.69602867474465,0.009108259866413492,0.00848109398546293,0.022648867595767345,0,0,2,12.675974977364435,1.0,EURUSD=X
2025-02-18 00:00:00+00:00,1.048536777496338,1.0486466884613037,1.044277310371399,1.048536777496338,0.0026327820045104477,0.005984549509230097,0.01722333069865467,59.40301711990678,0.0007663237285353564,-0.0006267779815905001,0.0013931017101258564,91.85711793440335,0.008781936173432018,0.008683450660942126,0.022243861700677794,0,1,2,170.4061830891146,1.0,EURUSD=X
2025-02-19 00:00:00+00:00,1.044833779335022,1.0462440252304077,1.0405069589614868,1.044833779335022,-0.0003669738116622856,0.006304693394007739,0.017846112258153912,58.981423916535476,0.0014306602660785206,-0.00021529033205669598,0.0016459505981352165,90.57682547738375,0.00848639744110819,0.008375420263656598,0.023442401349125338,0,2,2,267.8392275654533,1.0,EURUSD=X
2025-02-20 00:00:00+00:00,1.0421009063720703,1.047877550125122,1.0419706106185913,1.0421009063720703,-0.003531586340879578,0.006407275375477401,0.008045199689467708,54.941738645059395,0.0016394521699054643,0.0001556581683357361,0.0014837940015697282,78.2604041108926,0.008453784662089825,0.008122246436662208,0.0239082604833405,0,3,2,322.4099023556863,1.0,EURUSD=X
2025-02-21 00:00:00+00:00,1.0500562191009521,1.0507513284683228,1.0449975728988647,1.0500562191009521,-0.00261560548386075,0.006421814072958151,0.00279279558310197,52.10535316917155,0.0015663453947207806,0.000437795613612745,0.0011285497811080356,69.17068451436909,0.008271867150978463,0.008112251520364282,0.024025351367413805,0,4,2,327.2109950296418,1.0,EURUSD=X
2025-02-24 00:00:00+00:00,1.0474823713302612,1.0528643131256104,1.045434594154358,1.0474823713302612,0.007633917867490458,0.0068030511605359344,0.0037172306665718136,58.77689284932676,0.0021258297584072494,0.000775402442571646,0.0013504273158356033,94.46069708759337,0.008298906789926603,0.007877546935592415,0.025258815432084258,0,0,2,383.89985799374665,0.0,EURUSD=X
2025-02-25 00:00:00+00:00,1.0461344718933105,1.0518454313278198,1.0457953214645386,1.0461344718933105,-0.002451152351532815,0.006840614059591134,-0.0013722024781699371,56.05623871060351,0.002334625038751481,0.0010872469618076132,0.0012473780769438679,77.18719366150923,0.00823682194573559,0.007922717381283773,0.025460689461100836,0,1,2,524.7884319513192,0.0,EURUSD=X
2025-02-26 00:00:00+00:00,1.0524100065231323,1.0527424812316895,1.0476469993591309,1.0524100065231323,-0.001286799161344221,0.0069013278946258635,-0.0022911028536009015,54.630111978150744,0.002364080929649237,0.0013426137553759381,0.001021467174273299,71.47375973966913,0.00808062822556028,0.007873578557093584,0.02571976184792884,0,2,2,674.889520930744,0.0,EURUSD=X
2025-02-27 00:00:00+00:00,1.0488777160644531,1.0489877462387085,1.0404852628707886,1.0488777160644531,0.005998783902478877,0.007386418001258376,0.007251131555999546,59.762747309428526,0.0028608302627353144,0.0016462570568478135,0.0012145732058875009,98.07429940071349,0.007975441162190181,0.007678213030543495,0.027363440771874633,0,3,2,808.5434941215686,0.0,EURUSD=X
2025-02-28 00:00:00+00:00,1.039511799812317,1.0421009063720703,1.038184404373169,1.039511799812317,-0.0033563824334480463,0.007590672708251505,0.006503026387315369,55.92754053215428,0.0029356411251419967,0.0019041338705066502,0.0010315072546353465,83.10173722347425,0.00825753419720115,0.007603785493808788,0.02821481463203682,0,4,2,882.1120858108013,0.0,EURUSD=X
2025-03-03 00:00:00+00:00,1.0413846969604492,1.050023078918457,1.039047360420227,1.0413846969604492,-0.008929464425346478,0.00759316036263586,-0.010041766428147358,47.26616039117764,0.002213660406057638,0.001966039177616848,0.0002476212284407901,43.401784721730955,0.008431518303921366,0.0079436656694922,0.02847835781955701,0,0,3,843.1241832703847,0.0,EURUSD=X
2025-03-04 00:00:00+00:00,1.0485037565231323,1.0559550523757935,1.0471752882003784,1.0485037565231323,0.0018017084062638133,0.006527621510841058,-0.005821266817185866,48.968127732895205,0.0017721839980100462,0.0019272681416954878,-0.00015508414368544158,45.4467173877329,0.008613246889229124,0.00809644920703265,0.024437994763172464,0,1,3,878.8031997082747,0.0,EURUSD=X
2025-03-05 00:00:00+00:00,1.062699317932129,1.0785857439041138,1.0602879524230957,1.062699317932129,0.0068361476632621265,0.0062843090397698,0.002264799309723342,54.92345740462834,0.0019740042816283054,0.0019366153696820515,3.738891194625393e-05,58.6712597774413,0.00903875464109449,0.008214798312016441,0.023367343198835447,0,2,3,967.7194496771638,1.0,EURUSD=X
2025-03-06 00:00:00+00:00,1.0794938802719116,1.0851047039031982,1.0782485008239746,1.0794938802719116,0.013538875107199866,0.007535238626705331,0.009776903816212767,63.95603156735299,0.0032420392682961374,0.002197700149404869,0.0010443391188912684,60.678467208205106,0.010541842693943556,0.008505467622471707,0.027644478544117355,0,3,3,1152.9014360830888,0.0,EURUSD=X
2025-03-07 00:00:00+00:00,1.0787951946258545,1.088565707206726,1.0782135725021362,1.0787951946258545,0.015803682242369943,0.010840226611714958,0.02918945053226496,71.28671709447703,0.005538304823208939,0.0028658210841656833,0.002672483739043256,88.04179920527648,0.011389238642309684,0.009765541877169505,0.03915073957025009,0,4,3,1463.9813333330433,0.0,EURUSD=X
2025-03-10 00:00:00+00:00,1.086059331893921,1.0873465538024902,1.0806254148483276,1.086059331893921,-0.000647234466842117,0.012899048960251807,0.03779023462805342,70.6430236560352,0.007218523085940065,0.0037363614845205596,0.0034821616014195055,80.60686796220799,0.01131515978961541,0.010557368719332936,0.0466165878696929,0,0,3,1659.6148230751107,0.0,EURUSD=X
2025-03-11 00:00:00+00:00,1.0839403867721558,1.0930275917053223,1.0836819410324097,1.0839403867721558,0.0067335647250317265,0.014796161155113773,0.042899261976737435,73.33853622472043,0.009032146372017325,0.004795518462019913,0.004236627909997411,95.02518757586441,0.011117745460116861,0.010418546627543365,0.05311501338331346,0,1,3,1917.3012916490406,0.0,EURUSD=X
2025-03-12 00:00:00+00:00,1.0914170742034912,1.093457818031311,1.087725043296814,1.0914170742034912,-0.001951039928978826,0.015689668405806854,0.03379733265480356,71.28248827006085,0.010181113194734692,0.005872637408562869,0.004308475786171823,83.43056745019106,0.010991167261030842,0.010256786808381753,0.056432613142143345,0,2,3,2206.7357032163377,0.0,EURUSD=X
2025-03-13 00:00:00+00:00,1.0886249542236328,1.0899182558059692,1.082297921180725,1.0886249542236328,0.006897692458530891,0.017268855682520814,0.02702340707928874,74.04725503657555,0.011561707700562751,0.007010451466962846,0.004551256233599905,96.30791063414046,0.010885900403754017,0.010070547291970966,0.06168713643427371,0,3,3,2517.6112043191365,0.0,EURUSD=X
2025-03-14 00:00:00+00:00,1.085564136505127,1.0910122394561768,1.0831302404403687,1.085564136505127,-0.002558252061335975,0.018200282377630526,0.008458662080994106,71.28710796078656,0.01228887949219959,0.008066137072010196,0.0042227424201893935,91.25644050579403,0.010759704162254882,0.009999679284880476,0.0651810924098194,0,4,3,2833.413223103782,0.0,EURUSD=X
2025-03-17 00:00:00+00:00,1.0881274938583374,1.0928961038589478,1.0869210958480835,1.0881274938583374,-0.002811636557319863,0.018880616644534946,0.006274538404502206,68.28228174540556,0.012474388975427964,0.00894778745269375,0.0035266015227342143,85.7188456370628,0.01055415379465154,0.009911624564988624,0.06780824139231871,0,0,3,3128.4976350648267,0.0,EURUSD=X
2025-03-18 00:00:00+00:00,1.091917634010315,1.095446228981018,1.0897043943405151,1.091917634010315,0.002361313594480885,0.01960729409765393,0.001904280828571192,69.44389801338534,0.012682057231484745,0.00969464140845195,0.002987415823032795,90.35644115281009,0.010323997620306486,0.009699372411984635,0.07025215861438365,0,1,3,3406.737355681864,0.0,EURUSD=X
2025-03-19 00:00:00+00:00,1.093948245048523,1.0945708751678467,1.0875948667526245,1.093948245048523,0.0034831765334208953,0.020340583631051044,0.007359488893955213,71.12763373288983,0.013002582774917837,0.010356229681745127,0.0026463530931727097,93.83778809902009,0.010109336013333215,0.009454923428967133,0.0726265349437041,0,2,3,3680.264792159898,0.0,EURUSD=X
2025-03-20 00:00:00+00:00,1.0911908149719238,1.0917507410049438,1.0818296670913696,1.0911908149719238,0.0018596741869165712,0.020751540098092103,0.002319160021276856,72.01728932498378,0.013267515260428686,0.01093848679748184,0.002329028462946846,97.38397450176643,0.009885526899182427,0.009241146515925721,0.07395633005113106,0,3,3,3877.922318017191,0.0,EURUSD=X
2025-03-21 00:00:00+00:00,1.0856702327728271,1.086130142211914,1.0805671215057373,1.0856702327728271,-0.002520622057834987,0.020509349895341145,0.0023569740325499744,68.91203579891733,0.01310392075994149,0.01137157358997377,0.0017323471699677191,92.45478833585567,0.010045030546180347,0.009059393429220516,0.0732778952435601,0,4,3,3964.564839741637,0.0,EURUSD=X
2025-03-24 00:00:00+00:00,1.0835762023925781,1.0856938362121582,1.079074501991272,1.0835762023925781,-0.005059227151979595,0.020248674954126484,9.773376268840117e-05,63.05046960096588,0.012386027676612565,0.01157446440730153,0.0008115632693110348,79.74765759669668,0.010086363611895074,0.009252377234775153,0.07271440795744909,0,0,3,4052.3759452670047,0.0,EURUSD=X
2025-03-25 00:00:00+00:00,1.0803569555282593,1.0830715894699097,1.0778650045394897,1.0803569555282593,-0.001928790453157081,0.019584753393354786,-0.004182682168631824,60.93329800088216,0.011515379359607003,0.011562647397762625,-4.7268038155622374e-05,66.23831498428436,0.009838718655394442,0.009308402666673552,0.07046613360365026,0,1,3,4067.277978723861,0.0,EURUSD=X
2025-03-26 00:00:00+00:00,1.0787487030029297,1.080228567123413,1.076878309249878,1.0787487030029297,-0.0029709464430933696,0.018545310724733366,-0.010587500487190149,57.72420935573011,0.010445212075231414,0.011339160333256383,-0.0008939482580249698,14.173933090139814,0.00954389574094401,0.009106914714668199,0.06692503945834159,0,2,3,4076.053814723266,0.0,EURUSD=X
2025-03-27 00:00:00+00:00,1.0742061138153076,1.0818763971328735,1.0742061138153076,1.0742061138153076,-0.0014886306947903272,0.017767873736485685,-0.013894205794826364,56.133703154507266,0.009359434519067733,0.010943215170418654,-0.001583780651350921,10.07325419397916,0.009110663636475249,0.008847190929988159,0.06421507095099165,0,3,3,3936.594387744074,0.0,EURUSD=X
2025-03-28 00:00:00+00:00,1.080100178718567,1.0845280885696411,1.07658851146698,1.080100178718567,-0.004210979976130513,0.01656323656991211,-0.01556528970329829,51.79279473178555,0.008039722088085677,0.010362516553952058,-0.0023227944658663815,0.0,0.009007779327981727,0.008481299370114813,0.06011451934786105,0,4,3,3707.39408249856,0.0,EURUSD=X
2025-03-31 00:00:00+01:00,1.082391619682312,1.084845781326294,1.0785740613937378,1.082391619682312,0.005486903144057864,0.01391438953255761,-0.005130521116006093,56.49393167355424,0.007384320408367229,0.009766877324835093,-0.0023825569164678644,27.7496842991441,0.009101650429863996,0.008339762834470202,0.05022522757779812,0,0,3,3588.2825861455694,0.0,EURUSD=X
2025-04-01 00:00:00+01:00,1.0818880796432495,1.0830715894699097,1.0779578685760498,1.0818880796432495,0.0021215078090845996,0.010593852481085913,-0.0010932158787269053,58.2005634105054,0.00696947027568573,0.009207395915005221,-0.0022379256393194914,38.537954258453766,0.00889951253719915,0.00840883305483775,0.038158499964252975,0,1,4,3444.7367418040394,0.0,EURUSD=X
2025-04-02 00:00:00+01:00,1.0795987844467163,1.087263822555542,1.0782020092010498,1.0795987844467163,-0.0004652105854351385,0.007145981903936565,0.0014172390959814596,57.66524260408293,0.006524852644107737,0.008670887260825724,-0.0021460346167179872,36.16725129788129,0.008629098848389201,0.00822590867267319,0.025751431158151924,0,2,4,3258.3759963012085,1.0,EURUSD=X
2025-04-03 00:00:00+01:00,1.090869426727295,1.1133378744125366,1.0882458686828613,1.090869426727295,-0.002116018504694228,0.005334478528160897,0.0007880254608141346,55.180261120022955,0.005919526362730965,0.008120615081206773,-0.0022010887184758087,25.389083765960432,0.008660007027396556,0.007992875661500053,0.019264217744531735,0,3,4,2986.6293123935156,1.0,EURUSD=X
2025-04-04 00:00:00+01:00,1.1043744087219238,1.1107531785964966,1.0964791774749756,1.1043744087219238,0.010439658179454803,0.005403224146402516,0.01551221194674035,63.51598330063529,0.006276891465371026,0.007751870358039624,-0.001474978892668598,42.582579106259956,0.010451370094426825,0.007938628414380762,0.01931087745740125,0,4,4,2796.1091631535132,1.0,EURUSD=X
2025-04-07 00:00:00+01:00,1.098454475402832,1.1049845218658447,1.0903223752975464,1.098454475402832,0.012380016951382578,0.006753363419597362,0.022474054242038966,70.57731010042174,0.007562667343473883,0.007714029755126476,-0.0001513624116525926,77.09414155199673,0.011125111649767885,0.009463611264337465,0.023841061099106022,0,0,4,2742.5798171620927,1.0,EURUSD=X
2025-04-08 00:00:00+01:00,1.0915361642837524,1.0991909503936768,1.0891940593719482,1.0915361642837524,-0.005360440510336351,0.007293805501975669,0.01484015159433194,64.6687005947714,0.008011611970738297,0.007773546198248841,0.00023806577248945606,61.96593564267458,0.011377757001091489,0.010127967884775576,0.025887726368531438,0,1,4,2592.3342586162744,1.0,EURUSD=X
2025-04-09 00:00:00+01:00,1.0980443954467773,1.1094838380813599,1.0972250699996948,1.0980443954467773,-0.00629822288861126,0.0073375275903444755,0.008917821373616075,58.504491619947636,0.007720160726523373,0.007762869103903748,-4.270837738037502e-05,44.28640624381209,0.011279123716851277,0.010423618908272618,0.026207971760377858,0,2,4,2430.3345564009496,1.0,EURUSD=X
2025-04-10 00:00:00+01:00,1.0952062606811523,1.122536063194275,1.0953142642974854,1.0952062606811523,0.005962451246217304,0.007682931352008857,0.017085616680750704,62.15872702682378,0.007923011830510696,0.0077948976492251375,0.0001281141812855581,60.91798903920965,0.011755448722619573,0.010272010643305523,0.027279025206570436,0,3,4,2350.1951215701843,1.0,EURUSD=X
2025-04-11 00:00:00+01:00,1.1257838010787964,1.1471836566925049,1.1250872611999512,1.1257838010787964,-0.0025847176829951746,0.007874042071380755,0.003975575671662401,59.69011645401081,0.00776524611209739,0.007788967341799589,-2.372122970219822e-05,43.4516218942778,0.012860188020774571,0.010733547775108949,0.028030032875958854,0,4,4,2332.593782217187,1.0,EURUSD=X
2025-04-14 00:00:00+01:00,1.1343141794204712,1.1424784660339355,1.1299690008163452,1.1343141794204712,0.027919435356977162,0.01155267789117829,0.019385991007931258,72.40545502037378,0.009992381650906434,0.008229650203620958,0.001762731447285476,70.67610833415009,0.015654274305815855,0.011423319476129552,0.04000824152176779,0,0,4,2545.7965604113165,0.0,EURUSD=X
2025-04-15 00:00:00+01:00,1.1339668035507202,1.1377859115600586,1.1285662651062012,1.1339668035507202,0.007577279343956134,0.015231414198090007,0.03264559872132011,74.79418749940723,0.012303901138472684,0.009044500390591305,0.003259400747881379,82.36515403966153,0.01572858792362466,0.013800651168632777,0.052351443528717845,0,1,4,2811.063240619191,0.0,EURUSD=X
2025-04-16 00:00:00+01:00,1.1292672157287598,1.1390169858932495,1.129420280456543,1.1292672157287598,-0.0003062430815494732,0.01787613821653696,0.038872408130252056,74.51132031121887,0.013946994386831113,0.010024999189839267,0.003921995196991846,81.88915024992649,0.015263663532927001,0.01387041302653191,0.0614603680920443,0,2,4,3078.8243287671644,0.0,EURUSD=X
2025-04-17 00:00:00+01:00,1.1396790742874146,1.1396400928497314,1.13413405418396,1.1396790742874146,-0.004144378660155601,0.019517936588296692,0.02843493433549038,70.62008268770009,0.014700482155310723,0.01096009578293356,0.003740386372377164,74.62085968304359,0.014858880811768397,0.013516432001505303,0.06738433961828341,0,3,4,3360.7478364002545,0.0,EURUSD=X
2025-04-22 00:00:00+01:00,1.1512778997421265,1.1546543836593628,1.1453967094421387,1.1512778997421265,0.009220013132087201,0.02177327180637195,0.04060679271373302,73.87523329890837,0.015953870324407537,0.011958850691228356,0.003995019633179182,89.15926765258959,0.014538451976711489,0.013037776288960053,0.07448398669354336,0,1,4,3684.1006941285564,0.0,EURUSD=X
2025-04-23 00:00:00+01:00,1.1351252794265747,1.144007682800293,1.13379967212677,1.1351252794265747,0.010177273336324122,0.02452283784944171,0.022645643540882388,76.9403291420554,0.017679321543598192,0.013102944861702324,0.004576376681895868,95.5976045149267,0.014569656076371257,0.012628099592607434,0.08304478261005224,0,2,4,4009.3204056125282,0.0,EURUSD=X
2025-04-24 00:00:00+01:00,1.132733702659607,1.1394323110580444,1.1322335004806519,1.132733702659607,-0.01403016623455533,0.025218816894660708,0.0007150576276124809,65.42787059638962,0.01754116892327806,0.013990589674017473,0.0035505792492605878,74.45585651046498,0.01477741118629877,0.012835284651339396,0.08661691404346941,0,3,4,4251.296305712975,0.0,EURUSD=X
2025-04-25 00:00:00+01:00,1.1371906995773315,1.1384334564208984,1.1316184997558594,1.1371906995773315,-0.0021068835399171704,0.025325324474354125,-0.0010874223894845603,63.90324579024999,0.017042249277248844,0.014600921594663748,0.002441327682585096,66.99115917964367,0.0142360825713769,0.013045794569016606,0.08716637592313758,0,4,4,4533.0239265158425,0.0,EURUSD=X
2025-04-28 00:00:00+01:00,1.1343141794204712,1.140823245048523,1.133105993270874,1.1343141794204712,0.003934726147248657,0.025280385382935356,0.007016482669656154,65.51597282241403,0.016812688063372105,0.015043274888405421,0.0017694131749666844,73.32172690536329,0.013706002149495624,0.012518641399958806,0.08667067621167435,0,0,4,4817.411234693159,0.0,EURUSD=X
2025-04-29 00:00:00+01:00,1.1409143209457397,1.1419566869735718,1.1371389627456665,1.1409143209457397,-0.0025294967307852856,0.024383104188726853,-0.004707373319368657,63.54278366256872,0.0162117688312875,0.015276973676981838,0.0009347951543056607,68.92743129474196,0.013278234265792289,0.01208307398264043,0.0838064466890438,0,1,4,5042.716465850198,0.0,EURUSD=X
2025-04-30 00:00:00+01:00,1.1389262676239014,1.1398869752883911,1.1327080726623535,1.1389262676239014,0.005818618549439769,0.023876534501512968,-0.009001804689126813,66.06801571896034,0.016082720679034157,0.015438123077392302,0.0006445976016418546,79.01009067218337,0.012875682357742882,0.011638239631163139,0.08159058649034173,0,2,4,5061.924266479794,0.0,EURUSD=X
2025-05-01 00:00:00+01:00,1.1324899196624756,1.1340954303741455,1.126697063446045,1.1324899196624756,-0.0017425088679668965,0.023039237781772328,0.0033485186756185836,64.61617655101672,0.015639744560523416,0.015478447374018526,0.00016129718650489087,73.4949706798773,0.012542151352431693,0.011305106154593247,0.0788668130338502,0,3,5,5022.143247114872,0.0,EURUSD=X
2025-05-02 00:00:00+01:00,1.1296498775482178,1.1378635168075562,1.1275228261947632,1.1296498775482178,-0.00565124200256939,0.021515043997620997,-0.00021521651254741148,60.0178102757208,0.014601011928750074,0.015302960284964836,-0.0007019483562147617,62.648433748977965,0.012519797982819174,0.011074845907829117,0.07406784131971016,0,4,5,4956.638113031868,0.0,EURUSD=X
2025-05-05 00:00:00+01:00,1.1323232650756836,1.1364539861679077,1.1312856674194336,1.1323232650756836,-0.002507785777999927,0.01920826618574658,-0.00663109716946908,58.05459093992066,0.013394240701821714,0.014921216368336212,-0.001526975666514498,15.431384486366404,0.01236414745638873,0.011082901199433611,0.06629275989093508,0,0,5,4888.498025740746,0.0,EURUSD=X
2025-05-06 00:00:00+01:00,1.1313369274139404,1.1361182928085327,1.1281206607818604,1.1313369274139404,0.002366562932993199,0.01765203852346478,-0.0017551701115159357,59.40084639745627,0.012509385432751596,0.01443885018121929,-0.0019294647484676929,20.124252205540607,0.011967001825195958,0.010919273530569311,0.06077797553452421,0,1,5,4746.608860180442,0.0,EURUSD=X
2025-05-07 00:00:00+01:00,1.1342755556106567,1.1377729177474976,1.1327080726623535,1.1342755556106567,-0.0008710742701883989,0.01694682245056629,-0.008394489714056985,58.65288224597782,0.011594883451970794,0.013870056835369592,-0.002275173383398797,16.596240027630554,0.011683475411015701,0.010577752334621177,0.058400707771903274,0,2,5,4347.689859181251,0.0,EURUSD=X
2025-05-08 00:00:00+01:00,1.1306205987930298,1.1336711645126343,1.123608112335205,1.1306205987930298,0.0025974827882915275,0.015596137640026988,-0.004083417992410743,60.2584785087769,0.010980678355063223,0.013292181139308318,-0.002311502784245096,27.107362604094266,0.011308655048340088,0.010300385433877839,0.05360684902315075,0,3,5,4057.9685979117253,0.0,EURUSD=X
2025-05-09 00:00:00+01:00,1.122422695159912,1.1291142702102661,1.1199839115142822,1.122422695159912,-0.0032222829801346053,0.012877325409351902,-0.001650629146441207,57.279204957362644,0.010082764093059415,0.01265029773005854,-0.002567533636999124,22.587209860425826,0.011262854207419485,0.01000216612045845,0.04440486671129956,0,4,5,3787.149952270906,0.0,EURUSD=X
2025-05-12 00:00:00+01:00,1.12296462059021,1.1242902278900146,1.1075055599212646,1.12296462059021,-0.0072507998190278755,0.0105499019593189,-0.0063977189144582836,51.16838898691579,0.008610402896049196,0.01184231876325667,-0.0032319158672074744,7.034180657894284,0.011218127998228633,0.010034414179245423,0.03664492002836023,0,0,5,3464.697809973475,0.0,EURUSD=X
2025-05-13 00:00:00+01:00,1.1095577478408813,1.1177430152893066,1.109668493270874,1.1095577478408813,0.0004828175986058003,0.006484770716733724,-0.008264993552744904,51.536466011259485,0.007401949822790854,0.010954244975163507,-0.003552295152372653,42.35112768695175,0.011615737996123017,0.009989743036011755,0.022513879917614044,0,1,5,3190.5346170895677,1.0,EURUSD=X
2025-05-14 00:00:00+01:00,1.1185556650161743,1.1264559030532837,1.1182429790496826,1.1185556650161743,-0.011938820247321957,0.008267990574991743,-0.01925083416382678,42.91767280063243,0.0053013092774392145,0.00982365783561865,-0.004522348558179436,5.956809240234327,0.01173576580492394,0.010468799860779124,0.029051720448468377,0,2,5,2692.3682275283822,0.0,EURUSD=X
2025-05-15 00:00:00+01:00,1.1181930303573608,1.1227755546569824,1.117480754852295,1.1181930303573608,0.008109462705120363,0.008834295604065422,-0.013858969733346105,49.07335360249135,0.0043128770661196025,0.00872150168171884,-0.004408624615599238,32.07472741931577,0.012104507905458112,0.01049189251100368,0.03079187388777145,0,3,5,2337.7842450252924,0.0,EURUSD=X
2025-05-16 00:00:00+01:00,1.1192693710327148,1.1219944953918457,1.1141440868377686,1.1192693710327148,-0.00032419902750946417,0.009328441144100216,-0.010991811443145205,48.84473886953159,0.0034603866478171152,0.0076692786749384964,-0.004208892027121381,31.02212133689969,0.011618100183974496,0.010825061127048573,0.032524759114315564,0,4,5,2013.149917711188,0.0,EURUSD=X
2025-05-19 00:00:00+01:00,1.1187559366226196,1.128604531288147,1.1173559427261353,1.1187559366226196,0.0009625714399328356,0.009692107178519758,-0.002809390919120691,49.59531459034199,0.00283890837797518,0.006703204615545834,-0.003864296237570654,34.146375221888114,0.011348979353267544,0.01038007514960839,0.03376022890708321,0,0,5,1735.0432726324698,0.0,EURUSD=X
2025-05-20 00:00:00+01:00,1.1233429908752441,1.1277261972427368,1.12186861038208,1.1233429908752441,-0.0004587228270362953,0.009788258530204959,-0.003747833093244113,49.22428925838521,0.0022786852406500024,0.005818300740566668,-0.0035396154999166657,34.743313637786,0.011341808582463557,0.010144285256289815,0.03411079745444474,0,1,5,1421.4746746720973,0.0,EURUSD=X
2025-05-21 00:00:00+01:00,1.1287955045700073,1.1362345218658447,1.1287446022033691,1.1287955045700073,0.004100138468513759,0.008421499146317821,0.012424087940612338,52.63360214494547,0.002179714914001485,0.005090583575253632,-0.0029108686612521473,52.168961874806115,0.011172412299438815,0.01009647870204511,0.029227981452108243,0,2,5,1154.861953464987,0.0,EURUSD=X
2025-05-22 00:00:00+01:00,1.133118748664856,1.134455680847168,1.1267098188400269,1.133118748664856,0.004853828028530183,0.008262937285905906,0.009154519416505691,56.38262386831255,0.0025122923612068693,0.00457492533244428,-0.002062632971237411,70.12970183891527,0.011295206491664656,0.009897640674689548,0.02853914640294658,0,3,5,967.6624240612783,0.0,EURUSD=X
2025-05-23 00:00:00+01:00,1.1281843185424805,1.1376564502716064,1.1279934644699097,1.1281843185424805,0.003829962183004465,0.008275399188901739,0.013348069521346373,59.1438543961367,0.00308910279765251,0.004277760825485926,-0.0011886580278334166,84.62314051539774,0.01104168188562726,0.009968246050975417,0.02847313721018685,0,4,5,874.8519060142149,0.0,EURUSD=X
2025-05-26 00:00:00+01:00,1.1372811794281006,1.1418914794921875,1.136932134628296,1.1372811794281006,-0.0043547334541853555,0.007980192254319599,0.007964970489221956,54.873921434465416,0.003112186602226341,0.00404464598083401,-0.0009324593786076687,68.32032957727618,0.01094320359391794,0.009787125830548847,0.02757751245306362,0,0,5,798.3030120924689,0.0,EURUSD=X
2025-05-27 00:00:00+01:00,1.1388484239578247,1.1409013271331787,1.1325156688690186,1.1388484239578247,0.008063275420608917,0.008141428010517211,0.016558788381857648,60.53116609864742,0.003820481202358117,0.003999813025138832,-0.00017933182278071468,86.59247703241464,0.011140629119331447,0.009622249793512717,0.027909658904751226,0,1,5,792.8837723476723,0.0,EURUSD=X
2025-05-28 00:00:00+01:00,1.1337097883224487,1.1345586776733398,1.128426194190979,1.1337097883224487,0.0013780624862818058,0.007974319409662216,0.013802937489732825,61.42833789519314,0.004456896977455216,0.0040912298156021085,0.0003656671618531074,91.15028601144046,0.010943845486819212,0.009782363381260666,0.02729917333710929,0,2,5,889.1064395199894,0.0,EURUSD=X
2025-05-29 00:00:00+01:00,1.123368263244629,1.1369450092315674,1.12271249294281,1.123368263244629,-0.004512133069928481,0.007658087264541341,0.004353564248391839,56.86422686346704,0.004494802824895006,0.004171944417460688,0.0003228584074343177,76.20627491766338,0.01090658722110682,0.00965312781061265,0.02633541755074099,0,3,5,850.482748884762,1.0,EURUSD=X
2025-05-30 00:00:00+01:00,1.1378376483917236,1.1390429735183716,1.1314393281936646,1.1378376483917236,-0.009121845100342862,0.007596887480519069,-0.008604998753851678,48.97736395356683,0.0036483133507279053,0.004067218204114132,-0.0004189048533862266,46.13139192234356,0.011144153583081854,0.009708826195254334,0.02636545907729588,0,4,5,749.1565745812475,1.0,EURUSD=X
2025-06-02 00:00:00+01:00,1.1353315114974976,1.1449114084243774,1.135589361190796,1.1353315114974976,0.012880357778047635,0.007973853154593022,0.008556518372560218,57.7971341140314,0.0040977860724369375,0.004073331777778693,2.4454294658244127e-05,87.41944314961562,0.011467764775271913,0.009794150860479573,0.027321826428709648,0,0,6,794.5018245042503,1.0,EURUSD=X
2025-06-03 00:00:00+01:00,1.1453442573547363,1.145514726638794,1.1367640495300293,1.1453442573547363,-0.0022025434804063826,0.008104117998647709,-0.0017143235691137182,55.99179753385415,0.004203318896202957,0.004099329201463546,0.00010398969473941061,68.86340301051938,0.011314499236579744,0.010100807261260615,0.027829465025487523,0,1,6,802.5903448926189,1.0,EURUSD=X
2025-06-04 00:00:00+01:00,1.1384464502334595,1.143458366394043,1.1359375715255737,1.1384464502334595,0.008819226592268192,0.00902530783850835,0.005703861251646458,61.20559397119042,0.005036837799204497,0.004286830921011737,0.0007500068781927599,99.45659608749183,0.01123369322977379,0.00987868858111838,0.03072187906322648,0,2,6,948.0144345585625,0.0,EURUSD=X
2025-06-05 00:00:00+01:00,1.1422044038772583,1.1494252681732178,1.1406149864196777,1.1422044038772583,-0.006022474969410441,0.009224213017783138,0.004178019771726271,56.26058356149573,0.005082227393884864,0.004445910215586362,0.0006363171782985018,77.46849777318397,0.011103192701158704,0.009867564018904986,0.031589191484098424,0,3,6,961.2164918475698,0.0,EURUSD=X
2025-06-06 00:00:00+01:00,1.1453834772109985,1.1458691358566284,1.137229561805725,1.1453834772109985,0.003300948975710094,0.00973396165091177,0.01676755632941318,58.24010646782501,0.005359651698694012,0.004628658512207892,0.00073099318648612,77.48357910466625,0.011094308789630103,0.009720845641523071,0.033225199289947445,0,4,6,971.3886340859634,0.0,EURUSD=X
2025-06-09 00:00:00+01:00,1.1407841444015503,1.1440337896347046,1.138757586479187,1.1407841444015503,0.002783278827282354,0.010283623393060904,0.006631727144852828,59.89371898334572,0.0057695295630029175,0.004856832722366897,0.0009126968406360202,85.33279691298743,0.010918970594006762,0.009686108635550318,0.03500394909683755,0,0,6,1037.1100741964508,0.0,EURUSD=X
2025-06-10 00:00:00+01:00,1.1428048610687256,1.1448328495025635,1.1374623775482178,1.1428048610687256,-0.004015539686889502,0.010419906373713273,0.004802679084332517,56.41327495444704,0.005658010975448491,0.005017068372983217,0.0006409426024652741,67.65171833650923,0.010612322032421389,0.009571460690080682,0.03561083313268713,0,1,6,1044.8626689835098,0.0,EURUSD=X
2025-06-11 00:00:00+01:00,1.143746018409729,1.149095058441162,1.1406019926071167,1.143746018409729,0.0017713400708556648,0.009457631948826874,-0.002217146739684761,57.57960993626504,0.005667356876307927,0.005147126073648159,0.0005202308026597685,75.21632609345644,0.01038076131255884,0.009286206590420855,0.03226503377239905,0,2,6,1097.2507321131736,0.0,EURUSD=X
2025-06-12 00:00:00+01:00,1.1509333848953247,1.1628718376159668,1.1502846479415894,1.1509333848953247,0.0008235503479774309,0.009179205433998822,0.004655087795462531,58.14142706338201,0.00568517197824292,0.005254735254567111,0.0004304367236758087,78.73957417564027,0.010245925921236453,0.009076107060020468,0.03128940382702654,0,3,6,1138.971460854655,0.0,EURUSD=X
2025-06-13 00:00:00+01:00,1.1600254774093628,1.1612108945846558,1.1492931842803955,1.1600254774093628,0.0062840581474452595,0.009180553651453467,0.0076422232206736496,62.25288900650569,0.0062076925671770145,0.005445326717089092,0.000762365850087922,70.27229199628356,0.010880204013022263,0.00890227536684784,0.03109857428293831,0,4,6,1256.9970876467546,0.0,EURUSD=X
2025-06-16 00:00:00+01:00,1.1556684970855713,1.1614806652069092,1.1524852514266968,1.1556684970855713,0.00789975565342127,0.009911738010566488,0.012783491721058748,66.70774625381691,0.007271626989060698,0.005810586771483414,0.0014610402175772837,92.9123340289301,0.010954311605253548,0.009379280218328115,0.033312258694306505,0,0,6,1374.8905467366972,0.0,EURUSD=X
2025-06-17 00:00:00+01:00,1.1551345586776733,1.1574074029922485,1.1512514352798462,1.1551345586776733,-0.0037559350278424386,0.009689135333350923,0.013047475069728698,62.87812277495177,0.0076747609178231535,0.006183421600751362,0.001491339317071791,82.06310240114462,0.010814390332036324,0.009478766300958048,0.032686885455942546,0,1,6,1431.8428907138934,0.0,EURUSD=X
2025-06-18 00:00:00+01:00,1.1482638120651245,1.1530035734176636,1.1482374668121338,1.1482638120651245,-0.0004620169272109287,0.009547532074936218,0.010788978966555396,62.405307408389646,0.007860551548356742,0.006518847590272439,0.0013417039580843034,80.7335527975754,0.010481645859205326,0.009362017827962804,0.03222406634302329,0,2,6,1457.8061461501368,0.0,EURUSD=X
2025-06-19 00:00:00+01:00,1.1477497816085815,1.1486859321594238,1.1448458433151245,1.1477497816085815,-0.00594800541714724,0.009241640777550773,0.003949997274462325,56.51604100161189,0.007368441326282227,0.006688766337474397,0.0006796749888078298,53.525741917132834,0.010225606288229199,0.009128255849458793,0.03137828471852227,0,3,6,1523.0063276761532,0.0,EURUSD=X
2025-06-20 00:00:00+01:00,1.1512778997421265,1.1534557342529297,1.1496102809906006,1.1512778997421265,-0.0004476588490744948,0.009094444840159796,-0.0027661056048284838,56.08956816688143,0.00685790876457637,0.006722594822894792,0.00013531394168157795,44.57227499541208,0.009769497899377064,0.00890926441641132,0.030892337322169297,0,4,6,1593.6286015714143,0.0,EURUSD=X
2025-06-23 00:00:00+01:00,1.1500862836837769,1.1551746129989624,1.1455540657043457,1.1500862836837769,0.0030739436330802228,0.008628262326167254,-0.007540849608555056,58.409386204527145,0.006661211380564636,0.006710318134428761,-4.910675386412579e-05,56.95469171155302,0.009479244666875,0.008485786013581364,0.029218974311954343,0,0,6,1608.847242445773,0.0,EURUSD=X
2025-06-24 00:00:00+01:00,1.1599044799804688,1.1635890007019043,1.1582921743392944,1.1599044799804688,-0.0010350377251370224,0.0086013828277198,-0.0048302894955361,57.30814991792408,0.0063361348114496785,0.0066354814698329455,-0.000299346658383267,52.53052788117252,0.009489337711713692,0.008242203042812198,0.02915812863508857,0,1,6,1661.2843164928772,0.0,EURUSD=X
2025-06-25 00:00:00+01:00,1.161224365234375,1.1631423234939575,1.1590977907180786,1.161224365234375,0.008536921477964032,0.00916315874001264,0.004129320923664359,63.4266221165145,0.006792456465452679,0.006666876468956893,0.00012557999649578586,86.02200625002827,0.009776007662171817,0.00818113721905228,0.030799578871958926,0,2,6,1763.8672860022905,0.0,EURUSD=X
2025-06-26 00:00:00+01:00,1.1683744192123413,1.1743428707122803,1.1668611764907837,1.1683744192123413,0.0011379258177608431,0.009378556778468293,0.011287086672130853,64.17004081155368,0.007177856511316971,0.006769072477428909,0.0004087840338880622,91.02926478502526,0.00936661659886518,0.008418706974167462,0.031487752722926914,0,3,6,1882.991234757467,0.0,EURUSD=X
2025-06-27 00:00:00+01:00,1.1692214012145996,1.1750881671905518,1.1684290170669556,1.1692214012145996,0.006157340641507414,0.008851057011927984,0.01796962886357867,67.9684690685664,0.007968383855905037,0.007008934753124135,0.0009594491027809021,83.8167795821266,0.009634608661653757,0.008016793627833512,0.029534858350493343,0,4,6,2017.715706531733,0.0,EURUSD=X
2025-06-30 00:00:00+01:00,1.1727453470230103,1.177163004875183,1.170905351638794,1.1727453470230103,0.0007249234392081583,0.009519766213658116,0.015585725632788039,68.39588508444817,0.008564500609185233,0.0073200479243363545,0.0012444526848488782,84.40759374960396,0.009425975755693521,0.008240191850444428,0.031743245000065055,0,0,6,2064.626357585875,0.0,EURUSD=X
2025-07-01 00:00:00+01:00,1.178717017173767,1.1830259561538696,1.1767750978469849,1.178717017173767,0.003013925168278586,0.010025051719297169,0.01970205510725287,70.17882833812888,0.009215054989102134,0.007699049337289511,0.001516005651812623,87.9170253280121,0.009319949177471377,0.008037529869226227,0.03332765042371837,0,1,7,2198.5466307001047,0.0,EURUSD=X
2025-07-02 00:00:00+01:00,1.180553913116455,1.1810001134872437,1.1749224662780762,1.180553913116455,0.005092043354438136,0.011452947508273985,0.016219040031309362,72.96246330878076,0.010096106267569072,0.008178460723345424,0.0019176455442236479,88.71417955651029,0.00938856774557052,0.007906858933637866,0.03788170438828326,0,2,7,2374.204633463636,0.0,EURUSD=X
2025-07-03 00:00:00+01:00,1.18002450466156,1.1813349723815918,1.1720856428146362,1.18002450466156,0.0015583858686389895,0.012259095626736563,0.016645833880844174,73.7734290712155,0.010817866275840915,0.008706341833844522,0.0021115244419963927,93.52531238486564,0.009152073421541732,0.007952680213296105,0.0404850240550975,0,3,7,2602.599250832519,0.0,EURUSD=X
2025-07-04 00:00:00+01:00,1.1771491765975952,1.1786893606185913,1.1756683588027954,1.1771491765975952,-0.00044844072685967795,0.012881231529115593,0.009971191818006986,73.09297000002488,0.011217835222947281,0.009208640511665075,0.0020091947112822056,92.13870450046522,0.009159020289071293,0.007755833362262775,0.042558680476950925,0,4,7,2760.5652489436306,0.0,EURUSD=X
2025-07-07 00:00:00+01:00,1.178078293800354,1.179008960723877,1.1719070672988892,1.178078293800354,-0.002436668096811645,0.013181573131834034,0.006780388534421311,69.35152580694813,0.011173991729418686,0.009601710755215799,0.0015722809742028873,84.60774701977657,0.008815957829763675,0.007780679349022113,0.04365736646170721,0,0,7,2849.613750734773,0.0,EURUSD=X
2025-07-08 00:00:00+01:00,1.1736538410186768,1.17648446559906,1.168470025062561,1.1736538410186768,0.0007892943572744837,0.012998544296660135,0.0045474039107307185,69.88790559870603,0.011086420088504578,0.009898652621873555,0.001187767466631023,87.04125790719313,0.00869352465799397,0.007483337802043991,0.04301722176129188,0,1,7,2983.5668981938047,0.0,EURUSD=X
2025-07-09 00:00:00+01:00,1.1724566221237183,1.1728830337524414,1.1690847873687744,1.1724566221237183,-0.003755652578407487,0.012472521741663984,-0.004295497631170542,64.13201925170509,0.010538521058611972,0.01002662630922124,0.0005118947493907323,75.45288780372051,0.008758863520836756,0.007407230611070463,0.04143201347056217,0,2,7,3038.017990608995,0.0,EURUSD=X
2025-07-10 00:00:00+01:00,1.17311692237854,1.1750881671905518,1.166575312614441,1.17311692237854,-0.001020078368183408,0.01175615907605092,-0.006858891324464267,62.62893308205347,0.009893653689626802,0.010000031785302352,-0.0001063780956755498,71.79396634821863,0.008459591387198585,0.007470522453079305,0.03909223169095175,0,3,7,3095.28216442608,0.0,EURUSD=X
2025-07-11 00:00:00+01:00,1.1702749729156494,1.1713716983795166,1.1665889024734497,1.1702749729156494,0.0005631767029690149,0.011445002366693787,-0.0058537617276017695,63.142022491977386,0.009328341056879186,0.00986569363961772,-0.0005373525827385341,73.5560878929302,0.008463395900692316,0.0072112090669073595,0.03803613509140772,0,4,7,3097.8927634818583,0.0,EURUSD=X
2025-07-14 00:00:00+01:00,1.1682106256484985,1.169864296913147,1.1656641960144043,1.1682106256484985,-0.0024225628397964716,0.011408304359589696,-0.0058397047873022245,59.36419840455009,0.008552418198776612,0.009603038551449498,-0.001050620352672886,48.447094205762426,0.008325154758149317,0.007231972054914941,0.0380062460496359,0,0,7,3033.4712280667773,0.0,EURUSD=X
2025-07-15 00:00:00+01:00,1.1666297912597656,1.1692078113555908,1.1602139472961426,1.1666297912597656,-0.0017639848026551608,0.01114145837363972,-0.00837607161067655,56.709996523294826,0.007682360699478696,0.009218902981055339,-0.0015365422815766423,38.08413542974433,0.00805984205408473,0.007126415883717756,0.03718285079245329,0,1,7,2936.829706951084,0.0,EURUSD=X
2025-07-16 00:00:00+01:00,1.1607391834259033,1.1716736555099487,1.1564035415649414,1.1607391834259033,-0.0013532100753280707,0.010798631396687151,-0.005984771244658127,54.69333930004683,0.006787037001503293,0.00873252978514493,-0.001945492783641636,28.12485302647875,0.008126557911610696,0.006908654411594826,0.036087554155548277,0,2,7,2725.905062568384,0.0,EURUSD=X
2025-07-17 00:00:00+01:00,1.1635754108428955,1.1635754108428955,1.1569386720657349,1.1635754108428955,-0.005049252023215933,0.009964005908788903,-0.009993920863861638,47.863157959357885,0.005538321376724387,0.008093688103460821,-0.002555366726736435,16.28568230157842,0.00863681191399617,0.007001192022849862,0.03346733455031212,0,3,7,2487.928509768912,0.0,EURUSD=X
2025-07-18 00:00:00+01:00,1.161548137664795,1.1669564247131348,1.1612648963928223,1.161548137664795,0.002443466592228827,0.008834832749349994,-0.008133470205423987,51.03388643832495,0.004723119910498452,0.007419574464868348,-0.0026964545543698955,26.93921414978171,0.008493949547079346,0.007422649046648083,0.029602309253447683,0,4,7,2259.3541193378,0.0,EURUSD=X
2025-07-21 00:00:00+01:00,1.1630746126174927,1.1716736555099487,1.1614941358566284,1.1630746126174927,-0.0017422791502890167,0.008024003079203498,-0.007457080987652187,48.75165541108155,0.003868884777048498,0.006709436527304378,-0.00284055175025588,19.324303145639764,0.008293776602310286,0.007312610878233417,0.026932437941777347,0,0,7,2043.1651459822433,0.0,EURUSD=X
2025-07-22 00:00:00+01:00,1.1694538593292236,1.174936294555664,1.1680059432983398,1.1694538593292236,0.0013141727864731667,0.006821374350099335,-0.004396478612882615,50.545037909641664,0.0032772924632837874,0.0060230077145002605,-0.002745715251216473,26.75767428516783,0.008428472534525288,0.007130906746941359,0.02286578426460367,0,1,7,1810.036964889954,0.0,EURUSD=X
2025-07-23 00:00:00+01:00,1.1739156246185303,1.1752538681030273,1.1712344884872437,1.1739156246185303,0.005484812962579078,0.006401501587852821,0.0024207062862748874,57.274021947023144,0.003285331927073143,0.005475472557014837,-0.0021901406299416944,52.344840776513344,0.008673701777642867,0.007207186899498282,0.021341284729457254,0,2,7,1621.2726003398232,0.0,EURUSD=X
2025-07-24 00:00:00+01:00,1.1774264574050903,1.1787587404251099,1.1733232736587524,1.1774264574050903,0.003815255517533478,0.006059683063619993,0.011351767374421673,61.24576213064867,0.003610115268766423,0.0051024010993651545,-0.0014922858305987316,77.46851730757061,0.008468437991654356,0.007388692675814269,0.020124950508267996,0,3,7,1465.007919817909,1.0,EURUSD=X
2025-07-25 00:00:00+01:00,1.1756131649017334,1.1760693788528442,1.1707408428192139,1.1756131649017334,0.002990702834968051,0.0061840794849821286,0.011903866679479957,64.07562956877416,0.004103500670231686,0.0049026210135384605,-0.0007991203433067749,92.99945155778683,0.008251797189847433,0.007192328606508299,0.020476846115692598,0,4,7,1332.4312835349867,0.0,EURUSD=X
2025-07-28 00:00:00+01:00,1.1756821870803833,1.1770660877227783,1.1609952449798584,1.1756821870803833,-0.0015400473566333783,0.006223621097893196,0.01210886297421565,61.5747545704789,0.004298642529570795,0.004781825316744928,-0.0004831827871741327,85.92910963104373,0.008139927003849506,0.007019143231980717,0.020639562989667515,0,0,7,1210.4692909481948,0.0,EURUSD=X
2025-07-29 00:00:00+01:00,1.1596757173538208,1.160092830657959,1.1519941091537476,1.1596757173538208,5.871164147408514e-05,0.006280299103510806,0.010839867301821071,61.63613457872708,0.004408050114192319,0.004707070276234407,-0.00029902016204208775,86.23786187736297,0.008706420985211679,0.006923577726446378,0.02082630304634279,0,1,7,1110.6212806550425,1.0,EURUSD=X
2025-07-30 00:00:00+01:00,1.1550945043563843,1.157273530960083,1.1459347009658813,1.1550945043563843,-0.013614622984389979,0.006640548553320206,-0.008361289244033454,44.05933479446603,0.003166664738039504,0.0043989891685954265,-0.0012323244305559224,28.70059416171532,0.00977653933817054,0.007507634121268163,0.022324882764164555,0,2,7,930.1667235490079,1.0,EURUSD=X
2025-07-31 00:00:00+01:00,1.1429355144500732,1.1460267305374146,1.1406540870666504,1.1429355144500732,-0.003950425906899313,0.0071425744036933275,-0.01603277089719457,40.49954642084033,0.0017925291217364414,0.0038776971592236298,-0.0020851680374871884,27.905777416215116,0.01005971627029689,0.008463843695298337,0.02410788157773674,0,3,7,740.7408677175996,0.0,EURUSD=X
2025-08-01 00:00:00+01:00,1.142374038696289,1.1582921743392944,1.1394582986831665,1.142374038696289,-0.010526402697315196,0.008930852503661754,-0.029293500870560596,32.901475879417475,-0.00027444845190172096,0.0030472680369985597,-0.0033217164889002807,5.987267124466205,0.01037262348597096,0.008801648162221254,0.030464424834640517,0,4,8,428.76520831455116,0.0,EURUSD=X
2025-08-04 00:00:00+01:00,1.158668041229248,1.1588828563690186,1.1550945043563843,1.158668041229248,-0.0004912575965008159,0.010316220349937552,-0.028273863544410638,32.597349811244854,-0.001935537796770248,0.0020507068702447983,-0.003986244667015046,7.419102391438868,0.010976998640982172,0.009079883763647592,0.03520741009882381,0,0,8,178.92144330507253,0.0,EURUSD=X
2025-08-05 00:00:00+01:00,1.1584129333496094,1.158815622329712,1.1530035734176636,1.1584129333496094,0.014263281535664252,0.010047123181850493,-0.014471722067497805,47.70454038619304,-0.0019150971920094406,0.0012575460577939506,-0.0031726432498033912,48.87920261104842,0.011372128571821266,0.00947380807132344,0.033806833338241374,0,1,8,47.38693578242241,0.0,EURUSD=X
2025-08-06 00:00:00+01:00,1.1579166650772095,1.164646029472351,1.156510591506958,1.1579166650772095,-0.00022017339786817303,0.009950174024169717,-0.0010889113097003467,47.524939248933485,-0.001897608489880076,0.0006265151482591453,-0.0025241236381392212,48.230080442616384,0.010974980024694629,0.009816990336026536,0.03348798934010968,0,2,8,-73.48855198084524,0.0,EURUSD=X
2025-08-07 00:00:00+01:00,1.1663167476654053,1.1695358753204346,1.1614266633987427,1.1663167476654053,-0.00042840360126583654,0.009864728046370017,0.002443229285726378,47.15303058313696,-0.001901869699515668,0.00012083817870418262,-0.002022707878219851,46.96732549533481,0.010772155591887374,0.009478212340922497,0.03321464434714783,0,3,8,-211.78415448806751,0.0,EURUSD=X
2025-08-08 00:00:00+01:00,1.1669973134994507,1.1680878400802612,1.1633317470550537,1.1655012369155884,0.007254479395229829,0.009638276886409725,0.020457176209614847,53.75044831782932,-0.001213442466986514,-0.0001460179504339567,-0.0010674245165525572,68.3413411955981,0.010832659495554354,0.009236046394300519,0.032218452779042867,0,4,8,-311.00123990293633,0.0,EURUSD=X
