Date,open,high,low,close,returns,volatility,momentum,rsi,macd_line,macd_signal,macd_diff,stoch,atr,atr_pct,bb_width,hour,day_of_week,month,kst,squeeze,symbol,vol_regime,future_close,direction,Date
2015-08-31 00:00:00+01:00,0.34663364485126524,0.3414444442378939,0.3452136667835912,0.34647981625664825,0.7017409518742707,0.12105666265140233,0.2647492214832491,37.2301932276557,,,,51.30601187528772,1.3891305640115432,0.011489116380647174,0.06535917659168462,0,0,8,,0.0,USDJPY=X,0.0,120.05599975585938,0,2015-08-31 00:00:00+01:00
2015-09-01 00:00:00+01:00,0.34376619506593453,0.336782436109309,0.32339177340056136,0.34323903905856623,0.6160840212519488,0.08049696009712513,0.40523116573653506,39.54418461904637,,,,54.56827855320949,1.3269067909892343,0.011453062909535041,0.06638192523685352,0,1,9,,0.0,USDJPY=X,0.0,119.16400146484375,0,2015-09-01 00:00:00+01:00
2015-09-02 00:00:00+01:00,0.32124806246294413,0.32544430543601455,0.3263077204121976,0.32097540038093175,0.553678027136963,0.24522080792176873,0.600711586730931,38.47597989195139,,,,56.50887462661861,1.357413291828173,0.01095811200934493,0.06771052651266951,0,2,9,,0.0,USDJPY=X,0.0,119.40299987792969,0,2015-09-02 00:00:00+01:00
2015-09-03 00:00:00+01:00,0.3358281794425355,0.3297326638621252,0.3262105716180663,0.33499152996949344,0.4028490282690277,0.10878086141647143,0.5246288959192248,32.067332717801676,,,,39.82132784135866,1.3585980959344752,0.011338707207549254,0.07161917076685995,0,3,9,,0.0,USDJPY=X,0.0,120.08899688720703,0,2015-09-03 00:00:00+01:00
2015-09-04 00:00:00+01:00,0.32751751894401715,0.3204899458486774,0.3113710315150193,0.3265008544204311,0.6916994145224532,0.15073839762498695,0.4756032409517598,38.96029271305395,,,,50.552068387199355,1.3308411762750931,0.01126719253030046,0.07105334570687394,0,4,9,,0.0,USDJPY=X,0.0,120.27799987792969,0,2015-09-04 00:00:00+01:00
2015-09-07 00:00:00+01:00,0.31194924416124814,0.3115558141566763,0.3115006868395025,0.31204734662371325,0.5117377184558226,0.20466229097703711,0.3683397554176788,36.5414287727589,,,,44.41527557897971,1.3634241325037695,0.011085170078808501,0.07144746430151654,0,0,9,,0.0,USDJPY=X,0.0,120.61900329589844,1,2015-09-07 00:00:00+01:00
2015-09-08 00:00:00+01:00,0.3163879822707556,0.32178947844574113,0.3126185159668864,0.31591996102413744,0.463771052217428,0.1179479944228927,0.2829292894452838,32.80740709015694,-1.1305575868987319,,,33.40877413962013,1.355679355426212,0.011441577286291553,0.07373269674194112,0,1,9,,0.0,USDJPY=X,0.0,120.7959976196289,1,2015-09-08 00:00:00+01:00
2015-09-09 00:00:00+01:00,0.3269991532371346,0.3379682007372611,0.33218855962946026,0.32703552393718516,0.6105165657241035,0.2051282355284499,0.3146173061993591,34.73186403450025,-1.1555065695002043,,,38.036505720791716,1.3531308082403553,0.01135381319407532,0.07321110974391402,0,2,9,,0.0,USDJPY=X,0.0,120.36000061035156,0,2015-09-09 00:00:00+01:00
2015-09-10 00:00:00+01:00,0.329526340554404,0.33973879221296666,0.33060093079915887,0.3300980367553459,0.6686767653929193,0.1721825174758847,0.4648203505835761,40.04020517577547,-1.1071619190091297,,,51.331974714389524,1.3838355456051625,0.011267733458638816,0.06921196072628254,0,3,9,,0.0,USDJPY=X,0.0,120.43399810791016,0,2015-09-10 00:00:00+01:00
2015-09-11 00:00:00+01:00,0.33642762476403787,0.33408596173901395,0.3372753990331099,0.3356234907948452,0.6038014786461094,0.20435047566654968,0.41522758052707703,41.45304543655632,-1.0415906645894353,,,69.7154626269803,1.378918350348488,0.011505308926068103,0.06640545374927866,0,4,9,,0.0,USDJPY=X,0.0,120.52300262451172,0,2015-09-11 00:00:00+01:00
2015-09-14 00:00:00+01:00,0.3385335935956002,0.3315357250632198,0.3289969869041942,0.33849142099581053,0.6234174041161177,0.08624716639318607,0.4786128398017635,44.01617314294121,-0.9511446437150681,,,70.66684995532339,1.328209805199433,0.011432015790793533,0.06221467448912087,0,0,9,,0.0,USDJPY=X,0.0,120.0459976196289,0,2015-09-14 00:00:00+01:00
2015-09-15 00:00:00+01:00,0.33091952563975946,0.3289366598690924,0.3213180298026792,0.3314267368631081,0.60214553462367,0.14125944930807827,0.5579612858596295,45.353427896373795,-0.8553239161373938,,,77.04502027630765,1.2982665485013152,0.01099547858681374,0.05718106540361226,0,1,9,,0.0,USDJPY=X,0.0,120.0009994506836,0,2015-09-15 00:00:00+01:00
2015-09-16 00:00:00+01:00,0.33221556350393966,0.3297813684502089,0.33269074226375484,0.33262575643374315,0.5231892520965739,0.19005439576595118,0.5079118523025015,42.65079210099562,-0.8052838036341399,,,59.35612519145739,1.304747504962996,0.010786528264520943,0.05103263827833259,0,2,9,,0.0,USDJPY=X,0.0,120.49800109863281,0,2015-09-16 00:00:00+01:00
2015-09-17 00:00:00+01:00,0.33443499435718005,0.3345407857549614,0.33675702493312687,0.3340679424643678,0.5888857309262104,0.08904401931120827,0.4626069895498859,43.268692402327936,-0.7509986296040267,,,62.15906135306187,1.2524796865281391,0.010833714112803332,0.04299018586992424,0,3,9,,0.0,USDJPY=X,0.0,120.08000183105469,0,2015-09-17 00:00:00+01:00
2015-09-18 00:00:00+01:00,0.3269180736225148,0.3223579465005506,0.31564792683731735,0.3263387846547747,0.5908178224813506,0.09557079985962383,0.4552420078543157,44.04955429627285,-0.6928090460098844,-0.8917512582664756,0.19894221225659126,66.3598718192593,1.20694527061681,0.01039203852587566,0.0347087342751325,0,4,9,,1.0,USDJPY=X,0.0,120.19999694824219,0,2015-09-18 00:00:00+01:00
2015-09-21 00:00:00+01:00,0.3257354977800129,0.329131602151677,0.32646975866805783,0.32560965614383486,0.5177703493745616,0.18150733655186804,0.39543895413639035,40.80773018187119,-0.6773753379309397,-0.8488760741993685,0.17150073626842877,50.07989217605552,1.2254494239990914,0.010054023412267937,0.026152387723163806,0,0,9,,1.0,USDJPY=X,0.0,120.23999786376953,0,2015-09-21 00:00:00+01:00
2015-09-22 00:00:00+01:00,0.33372208701399964,0.3272473666371092,0.3260647248278947,0.33366282986173124,0.573494290767183,0.14250196811184565,0.3793083593834815,40.50489105328866,-0.6611536218541261,-0.8113315837303201,0.15017796187619403,48.28140341889724,1.2034173092059086,0.01021199348012689,0.023543078433888254,0,1,9,,1.0,USDJPY=X,0.0,120.36799621582031,0,2015-09-22 00:00:00+01:00
2015-09-23 00:00:00+01:00,0.3272097624799881,0.3273772455386659,0.325076551024994,0.3268897724088029,0.6437370716548985,0.12836120306171808,0.4473968646981554,45.33060410263329,-0.6012629308252855,-0.7693178531493132,0.16805492232402774,68.14558671960286,1.1764592177140802,0.00998703130536464,0.021483758707712915,0,2,9,,1.0,USDJPY=X,0.0,119.83999633789062,0,2015-09-23 00:00:00+01:00
2015-09-24 00:00:00+01:00,0.3292995401080212,0.3249407768319834,0.3183048103979369,0.32883411510464255,0.5253733744780644,0.13908267018239417,0.41139701196394907,42.228287780580025,-0.5808326964547916,-0.731620821810409,0.15078812535561736,51.43897396490843,1.1563547480963892,0.009797295134699343,0.017363282492846133,0,3,9,,1.0,USDJPY=X,0.0,119.86000061035156,0,2015-09-24 00:00:00+01:00
2015-09-25 00:00:00+01:00,0.3300123238542283,0.3386830304168207,0.331086921967765,0.3294822705442588,0.5948655479831161,0.18073076229951343,0.41368168236545017,43.425275664099786,-0.5486346664862651,-0.6950235907455803,0.14638892425931516,56.09450187064269,1.1568295528152297,0.009620256052038942,0.01726480243852762,0,4,9,,1.0,USDJPY=X,0.0,119.85900115966797,0,2015-09-25 00:00:00+01:00
2015-09-28 00:00:00+01:00,0.33140550893958376,0.32611030659724083,0.3260647248278947,0.3315562937772256,0.58449968409147,0.1895884512145384,0.4515333768358413,43.84298059760426,-0.5139650865943679,-0.6588118899153378,0.14484680332096989,56.49475065203917,1.1613418148072223,0.009621004435860883,0.016433462101612853,0,0,9,,1.0,USDJPY=X,0.0,119.80999755859375,0,2015-09-28 00:00:00+01:00
2015-09-29 00:00:00+01:00,0.3223820646948583,0.3209772395900139,0.31893664835671465,0.3230008397711046,0.5958800517831804,0.1174832354810255,0.4642405140368029,45.236326237863565,-0.4707344635913131,-0.6211964046505329,0.15046194105921984,58.578981996938694,1.1323891375707131,0.00964826076131509,0.014513559196482,0,1,9,,1.0,USDJPY=X,0.0,119.99500274658203,0,2015-09-29 00:00:00+01:00
2015-09-30 00:00:00+01:00,0.32343511090912624,0.3241447728389508,0.3238128751074385,0.32332497930241755,0.5111021291967435,0.13675176181578472,0.3891818377797417,40.74529190887731,-0.4736194704341159,-0.5916810178072496,0.11806154737313368,34.98648321566515,1.1306466334292224,0.009449175335235536,0.013232698797941029,0,2,9,,1.0,USDJPY=X,0.0,120.46099853515625,1,2015-09-30 00:00:00+01:00
2015-10-01 00:00:00+01:00,0.3236133377449213,0.32313771563088856,0.3228247013045378,0.32330878468815283,0.5819201190316631,0.12028008839904772,0.42115241429509614,40.9843480357423,-0.4688866481296401,-0.5671221438717277,0.09823549574208756,36.953514500386206,1.1051720221268002,0.009433060467810273,0.012996116817312485,0,3,10,,1.0,USDJPY=X,0.0,120.23999786376953,1,2015-10-01 00:00:00+01:00
2015-10-02 00:00:00+01:00,0.3228356655876239,0.32518442370265155,0.30986436001316076,0.3225147540971447,0.579194331600205,0.12012477354857679,0.41229954024550713,40.97545348378729,-0.4599148871407266,-0.5456806925255274,0.08576580538480083,36.90752053928797,1.0814456365828657,0.009220600968087208,0.012791402946758018,0,4,10,,1.0,USDJPY=X,0.0,119.91500091552734,0,2015-10-02 00:00:00+01:00
2015-10-05 00:00:00+01:00,0.3257354977800129,0.32446971795334156,0.3287863742512682,0.32551248845824676,0.5729654633561282,0.2640257609242063,0.40578593084039005,40.51122399932789,-0.45155365354973753,-0.5268552847303695,0.07530163118063193,43.873430776236155,1.12555702875217,0.009026338858357614,0.013005512294703606,0,0,10,-1412.1971650469713,1.0,USDJPY=X,0.0,119.92900085449219,0,2015-10-05 00:00:00+01:00
2015-10-06 00:00:00+01:00,0.333025494471322,0.3278320695546133,0.33303088664218916,0.3330632582649089,0.6033395244150047,0.07568101412298091,0.40999224700257203,43.13077498826546,-0.4250986703149948,-0.5065039618472945,0.0814052915322997,51.185870276497,1.084089083722718,0.00938003252626477,0.010792575850818777,0,1,10,-1316.0240770540506,1.0,USDJPY=X,0.0,120.17900085449219,0,2015-10-06 00:00:00+01:00
2015-10-07 00:00:00+01:00,0.3292995401080212,0.32438841970961896,0.3269233669052869,0.3294822705442588,0.6397216280393869,0.06713276929935218,0.48295142718440603,49.19881497513051,-0.3623539490873924,-0.47767395929531414,0.11532001020792176,69.6046294928124,1.0471537001267313,0.008999502717938448,0.009236844992887249,0,2,10,-1215.7044160148564,1.0,USDJPY=X,0.0,120.01100158691406,0,2015-10-07 00:00:00+01:00
2015-10-08 00:00:00+01:00,0.3246014955480987,0.320295003566093,0.3251251254220595,0.3242161775790138,0.5507909744650941,0.09277394694160161,0.4652278602808064,46.656221251888134,-0.3266952729189825,-0.44747822202004783,0.12078294910106535,60.86944721708739,1.0229284489109267,0.008708863262898122,0.009202096438931587,0,3,10,-1138.1770219506097,1.0,USDJPY=X,0.0,119.72000122070312,0,2015-10-08 00:00:00+01:00
2015-10-09 00:00:00+01:00,0.32450434832692343,0.3240960682508671,0.3283327660140394,0.32444302580172923,0.5372870602215676,0.07086269692974552,0.44141127746179426,43.12652625307208,-0.3209602230978703,-0.42217462223561236,0.10121439913774205,48.023750576726485,0.9925763863282825,0.008530446075145479,0.00948567023251619,0,4,10,-1069.5207625718147,1.0,USDJPY=X,0.0,118.83000183105469,0,2015-10-09 00:00:00+01:00
2015-10-12 00:00:00+01:00,0.32831125870787026,0.3221305344925769,0.32936963781298045,0.3284939045820745,0.581139755677387,0.07645758837533552,0.4460461989251085,43.32543202176848,-0.3116924798380012,-0.40007819375609016,0.08838571391808897,48.57710644636971,0.9568212440570659,0.00827636667741907,0.00913833012659158,0,0,10,-995.6688636943021,1.0,USDJPY=X,0.0,119.05000305175781,0,2015-10-12 00:00:00+01:00
2015-10-13 00:00:00+01:00,0.3261890986727787,0.3191904132516137,0.3236022624545125,0.3257717259094912,0.6117442936623522,0.047707742504576454,0.45080501159593117,46.89697156395757,-0.2809363564311269,-0.37624982629109754,0.09531346985997063,58.4585043409034,0.9104053842346305,0.007961634206091844,0.0077842263880748335,0,1,10,-935.6553500739125,1.0,USDJPY=X,0.0,119.2699966430664,0,2015-10-13 00:00:00+01:00
2015-10-14 00:00:00+01:00,0.32155581892697316,0.31451217026033396,0.31585853949024334,0.32105649707526496,0.5575830051257286,0.0749032542610807,0.4043811452718661,44.85148723768333,-0.2670397756037062,-0.35440781615361927,0.0873680405499131,51.818233905184655,0.8904481663247349,0.007586016050164359,0.00766389037347061,0,2,10,-858.7462401388078,1.0,USDJPY=X,0.0,119.50299835205078,0,2015-10-14 00:00:00+01:00
2015-10-15 00:00:00+01:00,0.3066193718727648,0.3049608659254397,0.2998364043970583,0.30663537850707656,0.5416125504873989,0.10442848877464882,0.3991913291011497,41.476843822393896,-0.27632265715341475,-0.3387907843535784,0.06246812720016365,40.3162722812435,0.8940591467365283,0.007437756074552646,0.007834560911995834,0,3,10,-772.2445687242739,1.0,USDJPY=X,0.0,119.77999877929688,1,2015-10-15 00:00:00+01:00
2015-10-16 00:00:00+01:00,0.3108638155399217,0.31267663933385004,0.3134284600482382,0.3102001716134619,0.4637064209022428,0.1667441264903112,0.357574545350666,33.23951236629826,-0.35144369620672933,-0.3413213667242086,-0.010122329482520731,30.189520555738355,0.9472692033242651,0.007523850315239813,0.011544125088061536,0,4,10,-767.0279271777058,1.0,USDJPY=X,0.0,119.84200286865234,1,2015-10-16 00:00:00+01:00
2015-10-19 00:00:00+01:00,0.3134233852642496,0.3115558141566763,0.3168305218274554,0.31376484109683767,0.6081178783245983,0.11017869507070975,0.37271801433337376,36.59183706157277,-0.3887441998396355,-0.350805933347294,-0.0379382664923415,39.056979172112214,0.9366782582067953,0.007956901965911192,0.013463227574967485,0,0,10,-730.4650789854504,1.0,USDJPY=X,0.0,120.86000061035156,1,2015-10-19 00:00:00+01:00
2015-10-20 00:00:00+01:00,0.317327690060319,0.3178259412037716,0.32136672779871955,0.31754028781167354,0.608063671344069,0.06682213959841034,0.3706524732550234,39.84473077541139,-0.3959887615007318,-0.35984249897798154,-0.03614626252275027,47.924130275009304,0.9062008473945912,0.00785342738802909,0.014328283776939597,0,1,10,-692.8694735063392,1.0,USDJPY=X,0.0,121.2959976196289,1,2015-10-20 00:00:00+01:00
2015-10-21 00:00:00+01:00,0.3224144471019166,0.32003512183273,0.3276037792611304,0.3220286684231848,0.6097068888652334,0.08329381301514735,0.39999913278335036,43.17006731293784,-0.3785649767692121,-0.36358699453622767,-0.01497798223298441,57.31559185581308,0.8897581084693637,0.007583080423848127,0.013874515357949329,0,2,10,-658.4049242006982,1.0,USDJPY=X,0.0,120.9489974975586,1,2015-10-21 00:00:00+01:00
2015-10-22 00:00:00+01:00,0.32348368451971377,0.3265001911624099,0.32476878957793676,0.32303335262264343,0.6153737922672999,0.04460025988561239,0.4417102736070932,46.92625818272056,-0.3385028324070021,-0.35857016211038256,0.020067329703380488,68.48048365719627,0.8675612707480587,0.007428269473510397,0.013758183786970217,0,3,10,-583.0836873166604,1.0,USDJPY=X,0.0,120.47699737548828,1,2015-10-22 00:00:00+01:00
2015-10-23 00:00:00+01:00,0.3401535791273387,0.3389591470128781,0.3350073578469652,0.3395284944237986,0.5873747776577786,0.13364427919682068,0.5123304096722165,47.75861543450238,-0.29831133516715624,-0.3465183967217373,0.04820706155458104,70.97964568297206,0.8670212235768803,0.007239208707976215,0.013492022112067275,0,4,10,-494.15211697147294,1.0,USDJPY=X,0.0,120.86000061035156,0,2015-10-23 00:00:00+01:00
2015-10-26 00:00:00+00:00,0.34702248092991383,0.34004750246466275,0.341649566748514,0.34659317855650107,0.7114349284088768,0.15462364010585122,0.5712505001051658,59.0999684294034,-0.18221491394433542,-0.31365770016625694,0.13144278622192151,87.77634261423607,0.9054481918425942,0.00717376484526197,0.015049214427732337,0,0,10,-348.3677847972812,1.0,USDJPY=X,0.0,121.0,0,2015-10-26 00:00:00+00:00
2015-10-27 00:00:00+00:00,0.3412390077486651,0.3342484342962093,0.333759996994073,0.34097055683141364,0.6354290531815789,0.10132100615568476,0.5869600830922459,62.82260410042058,-0.05439926792776362,-0.2618060137185583,0.20740674579079466,99.44307573226102,0.8873447800857013,0.007464782100081995,0.017888271663566463,0,1,10,-231.2446472525969,1.0,USDJPY=X,0.0,120.49500274658203,0,2015-10-27 00:00:00+00:00
2015-10-28 00:00:00+00:00,0.3333819481429121,0.3275234832331666,0.335428583152817,0.3333224957161536,0.534831794396717,0.1215226072028151,0.5439057554449005,58.276385645742444,0.01868020873405385,-0.20570876922803585,0.2243889779620897,88.71001236560662,0.9040340506418006,0.007336520338695761,0.019414697322048056,0,2,10,-194.53310173482436,1.0,USDJPY=X,0.0,120.78800201416016,0,2015-10-28 00:00:00+00:00
2015-10-29 00:00:00+00:00,0.3399753522915434,0.3374484372705353,0.34113106904955615,0.3395284944237986,0.5186307129873055,0.0411809619561609,0.48856442003230965,52.69082779484326,0.03807089770583616,-0.15695283584126146,0.19502373354709762,74.11057306563211,0.8873885912837368,0.007503789688783623,0.019811123689641316,0,3,10,-181.16627191421216,1.0,USDJPY=X,0.0,121.09500122070312,0,2015-10-29 00:00:00+00:00
2015-10-30 00:00:00+00:00,0.34251885440931584,0.3419804425673143,0.33588219139004605,0.3417969766509512,0.6287663817956813,0.08143003480949626,0.5121376500446466,56.34704981533676,0.0833821411605129,-0.1088858404409066,0.1922679816014195,85.95724898290526,0.8723609742723984,0.007342285179566123,0.020659191989177036,0,4,10,-39.113236118360405,0.0,USDJPY=X,0.0,121.48999786376953,1,2015-10-30 00:00:00+00:00
2015-11-02 00:00:00+00:00,0.3339975846679437,0.3298789015566259,0.3351370131714484,0.3336142460189373,0.5973394400061243,0.1751358708539234,0.4475007929526529,57.63587448566024,0.1291002217746069,-0.06128862799780391,0.1903888497724108,87.08236884691809,0.890549397636312,0.007209594828697508,0.021639362790351894,0,0,11,120.8122281330775,0.0,USDJPY=X,1.0,121.66999816894531,1,2015-11-02 00:00:00+00:00
2015-11-03 00:00:00+00:00,0.3387603940419832,0.3385205578596253,0.3403211249682041,0.338361864081693,0.5144150664379596,0.06651150989746848,0.3791117970069235,51.70571533608097,0.12316332201983471,-0.024398237994276185,0.1475615600141109,72.01680653142235,0.8797957166458277,0.007390757934661099,0.02188689246769541,0,1,11,226.78569430971191,0.0,USDJPY=X,0.0,123.19999694824219,1,2015-11-03 00:00:00+00:00
2015-11-04 00:00:00+00:00,0.3432316381555227,0.34613892209186825,0.34743300997369575,0.34333633036716393,0.617142005378148,0.09945604234048809,0.4255667726984749,54.62295351631682,0.14048149515814146,0.008577708636207342,0.1319037865219341,80.75784164441804,0.8687387707512038,0.007283800559451988,0.022226896380047236,0,2,11,327.13823504649883,0.0,USDJPY=X,0.0,123.0770034790039,1,2015-11-04 00:00:00+00:00
2015-11-05 00:00:00+00:00,0.3504730612362441,0.3509795137100937,0.3534595723821552,0.34973666444598517,0.6188528853328633,0.10411904468325255,0.4824907495948629,57.518505334620954,0.17693890090060904,0.04224994708908768,0.13468895381152135,78.5481857832859,0.8710432140234392,0.007174026689738197,0.023191476927633573,0,3,11,417.5041046078844,0.0,USDJPY=X,0.0,123.08399963378906,1,2015-11-05 00:00:00+00:00
2015-11-06 00:00:00+00:00,0.35319466659283805,0.3702771885927163,0.35716951920740425,0.35265330211275425,0.6300543971478135,0.09261863209113069,0.4832218489867446,60.969469179578184,0.23499570141751747,0.08079909795477364,0.15419660346274383,82.60408627591309,0.8725400052371668,0.00716967017317892,0.024793401494522166,0,4,11,592.5762733288425,0.0,USDJPY=X,0.0,122.75700378417969,1,2015-11-06 00:00:00+00:00
2015-11-09 00:00:00+00:00,0.3774786291563035,0.3770508442438425,0.3816968705481194,0.3774446604687858,0.6023667313175901,0.2416473807513919,0.486081420519934,62.465815517413624,0.2921627837007037,0.12307183510395965,0.16909094859674406,60.0264242551967,0.9305732325765321,0.007171365319046017,0.026535173232503297,0,0,11,700.1435114210466,0.0,USDJPY=X,1.0,122.55999755859375,0,2015-11-09 00:00:00+00:00
2015-11-10 00:00:00+00:00,0.3751296686748291,0.3743706047362423,0.3802225819776379,0.3754517339301522,0.7748968453352185,0.07117332663068737,0.6350873579553101,72.21620159981303,0.45567350254226824,0.18959216859162137,0.26608133395064687,90.13076766458325,1.0013897659429962,0.007553354347626139,0.032964035592154765,0,1,11,863.4152328362411,0.0,USDJPY=X,0.0,122.36399841308594,0,2015-11-10 00:00:00+00:00
2015-11-11 00:00:00+00:00,0.37577756400994566,0.3706831840903302,0.3754758869524226,0.375565096230005,0.5637975617526885,0.05967409964811109,0.6042634393825577,70.62785064266095,0.5687758858259855,0.2654289120384942,0.30334697378749126,87.03425544257017,0.9572906887718446,0.008136286533120108,0.03740403784685174,0,2,11,1043.5830629921397,0.0,USDJPY=X,0.0,123.26599884033203,0,2015-11-11 00:00:00+00:00
2015-11-12 00:00:00+00:00,0.3702048236685238,0.36847412739162144,0.3741312537064243,0.3702666140362305,0.5802080795277836,0.0699296222173744,0.5820122317259876,70.66737136303703,0.6514651855231506,0.3426361667354255,0.30882901878772506,85.1330622743501,0.9210554215911548,0.007777539660882525,0.04039454346345628,0,3,11,1257.5680838245535,0.0,USDJPY=X,0.0,123.44499969482422,1,2015-11-12 00:00:00+00:00
2015-11-13 00:00:00+00:00,0.3673697562902516,0.364721767294931,0.37113422576737043,0.36707442068094265,0.5380057987390982,0.06169437831377868,0.5291810876914209,66.1849190235198,0.6827410057099428,0.410657134530329,0.2720838711796138,75.56338515605987,0.8850514498271104,0.007503078384109729,0.03979871939004705,0,4,11,1437.2964787633791,0.0,USDJPY=X,0.0,123.5250015258789,1,2015-11-13 00:00:00+00:00
2015-11-16 00:00:00+00:00,0.36301197419839015,0.3701147160355207,0.3682019636910707,0.3638985455629291,0.554364589344036,0.05454515275393385,0.5017441804699707,63.56876730251505,0.6837487328100167,0.46527545418626653,0.21847327862375016,69.79791146150806,0.8469047694683659,0.007221372939437136,0.038381895924300295,0,0,11,1558.6133557958226,0.0,USDJPY=X,0.0,122.91200256347656,1,2015-11-16 00:00:00+00:00
2015-11-17 00:00:00+00:00,0.37854786657410067,0.3751664847990255,0.38244204876671706,0.3785141231253033,0.5544522645793939,0.13426553859870435,0.3775076733398623,60.98595626411352,0.6611109947674407,0.5044425623025014,0.15666843246493933,63.145132483994765,0.8481257440124781,0.006921192347844982,0.03639799229649863,0,1,11,1683.1360439048265,0.0,USDJPY=X,1.0,122.9229965209961,0,2015-11-17 00:00:00+00:00
2015-11-18 00:00:00+00:00,0.3814638899700191,0.3765147219841727,0.38309007819118346,0.38141456617780745,0.6939687258695615,0.04599809353985071,0.45082443828642343,67.5252633273188,0.7077952968247558,0.5451131092069523,0.1626821876178035,90.21596768727733,0.8669738702772118,0.0068804516410974435,0.03576278364273068,0,2,11,1853.6308564633373,0.0,USDJPY=X,0.0,122.91500091552734,0,2015-11-18 00:00:00+00:00
2015-11-19 00:00:00+00:00,0.3826626570160503,0.37635237335722715,0.3762697631670606,0.38271087705704043,0.60190863364254,0.05268018893873718,0.4631363156752164,68.6483273741336,0.750584544130291,0.5862073961916201,0.16437714793867086,95.58814101096324,0.8292612286293418,0.007023159078298108,0.035577999474835365,0,3,11,2028.94810517363,0.0,USDJPY=X,0.0,122.50499725341797,0,2015-11-19 00:00:00+00:00
2015-11-20 00:00:00+00:00,0.3727158197822642,0.3680517731010633,0.37523289136811955,0.37277813910036306,0.5894032461870335,0.11655016076865438,0.492416953560489,69.16163734883561,0.78193712561756,0.6253533420768081,0.15658378354075186,97.98915582096114,0.8235997122986746,0.006713306766935022,0.034801164330505834,0,4,11,2156.8942186956706,0.0,USDJPY=X,1.0,122.68000030517578,0,2015-11-20 00:00:00+00:00
2015-11-23 00:00:00+00:00,0.3730397674498225,0.371479188083363,0.37628595463274905,0.37295627985727475,0.5021438325170229,0.047086483102692755,0.46260015266203797,60.929859186437135,0.7486899474388196,0.6500206631492105,0.09866928428960908,77.42363642350725,0.8211997982435796,0.006700726496367476,0.03473092566131638,0,0,11,2200.509112175042,0.0,USDJPY=X,0.0,122.63400268554688,0,2015-11-23 00:00:00+00:00
2015-11-24 00:00:00+00:00,0.3734447947320003,0.3665410633587205,0.36944932454396295,0.3728267229431572,0.5807151235991358,0.06977430736690347,0.4775451002581851,61.01946891094959,0.7149865201500347,0.6630138345493753,0.051972685600659374,73.99903335517673,0.7946139196232235,0.006680603479295374,0.03485983249733806,0,1,11,2171.7000829200592,0.0,USDJPY=X,0.0,122.83000183105469,0,2015-11-24 00:00:00+00:00
2015-11-25 00:00:00+00:00,0.36647874570824945,0.3657776530213266,0.36737570454505564,0.3661832224043462,0.5783123920191229,0.08811213020838272,0.41220632036607524,60.910052837075554,0.679794880440241,0.6663700437275485,0.013424836712692456,69.24122153280877,0.7783558784196674,0.006464743226657237,0.03421709614338968,0,2,11,2158.424789653089,0.0,USDJPY=X,0.0,123.20999908447266,1,2015-11-25 00:00:00+00:00
2015-11-26 00:00:00+00:00,0.36907082143660963,0.36238270776441595,0.371425795748739,0.3690188869997919,0.5274459494350303,0.10069974675380106,0.37020317313773926,55.42202671459603,0.6117692879017227,0.6554498925623834,-0.043680604660660705,44.87801481000023,0.77025909535593,0.006353666347255485,0.03186614808729583,0,3,11,2105.8969170674077,0.0,USDJPY=X,0.0,122.91500091552734,0,2015-11-26 00:00:00+00:00
2015-11-27 00:00:00+00:00,0.36834172288989997,0.3637309449495634,0.36842876780968536,0.3682735638745873,0.6015413914717682,0.02937110527264277,0.37702283792133806,57.19485132966305,0.5654615111197359,0.637452216273854,-0.0719907051541181,32.04168301127351,0.728740802167839,0.006278603630908479,0.03003122171119597,0,4,11,2064.329951986043,0.0,USDJPY=X,0.0,123.22599792480469,1,2015-11-27 00:00:00+00:00
2015-11-30 00:00:00+00:00,0.371419781918084,0.3715278926714465,0.3743418663593503,0.37144943899260086,0.5734927544892242,0.07101801178021644,0.4173668094664362,56.55817999310561,0.5190671578173607,0.6137752045825553,-0.09470804676519462,29.335618075105057,0.7093307971859844,0.005942404114758013,0.028218169769761978,0,0,11,2040.383782299483,0.0,USDJPY=X,0.0,122.65299987792969,0,2015-11-30 00:00:00+00:00
2015-12-01 00:00:00+00:00,0.37757577637747897,0.3718528377858372,0.3740179134466044,0.37760673023444236,0.6041807584050091,0.08888870446073735,0.4306292005951355,58.669400386515214,0.49243826973984994,0.5895078176140143,-0.09706954787416433,44.30883647193906,0.7028068985170078,0.005774898531399734,0.024072770614607115,0,1,12,2002.2310811764396,0.0,USDJPY=X,0.0,123.19000244140625,0,2015-12-01 00:00:00+00:00
2015-12-02 00:00:00+00:00,0.37287785541453,0.374598016744216,0.37683671166410937,0.3728267229431572,0.627438622218047,0.09510485530821106,0.4584407233243934,62.47686311846168,0.49627651986928356,0.5708615580650682,-0.07458503819578466,73.33846234547394,0.6963206566028466,0.00570413849313613,0.02026397330975197,0,2,12,1921.4885186390802,0.0,USDJPY=X,0.0,123.27999877929688,0,2015-12-02 00:00:00+00:00
2015-12-03 00:00:00+00:00,0.3778998476420108,0.376384843082616,0.37766297081012445,0.37786596768568703,0.5420870489339354,0.09432828105585643,0.46678286576045447,58.00916218086505,0.47009550555489454,0.5507083475630336,-0.08061284200813901,50.80228241040257,0.6899407710098419,0.00566505838519571,0.016386171127327428,0,3,12,1797.1337678014074,1.0,USDJPY=X,0.0,122.91200256347656,0,2015-12-03 00:00:00+00:00
2015-12-04 00:00:00+00:00,0.36850375852216577,0.37310354186456784,0.37077776632427284,0.36858138516862593,0.6186746977205043,0.10349659967182327,0.47650774142434654,61.1622798751553,0.4690349793471569,0.5343736739198582,-0.06533869457270136,74.56068262488853,0.6882307420956344,0.005598987085751656,0.013368247274404346,0,4,12,1702.9977721720556,1.0,USDJPY=X,1.0,121.69999694824219,0,2015-12-04 00:00:00+00:00
2015-12-07 00:00:00+00:00,0.3774786291563035,0.3750690756228581,0.38195605759811113,0.377282714326139,0.5070051291228332,0.13815078107956863,0.43865964670496993,53.231181133933404,0.4171497088713352,0.5109288809101536,-0.09377917203881847,30.786895373980755,0.7025713990148637,0.005611201868528251,0.010108606051494001,0,0,12,1612.2524930664933,1.0,USDJPY=X,1.0,121.70999908447266,0,2015-12-07 00:00:00+00:00
2015-12-08 00:00:00+00:00,0.37919588550619077,0.3726000132605365,0.37502227871519356,0.37874097134801854,0.647416491056322,0.049728021170244045,0.4631180610769976,58.64369829861193,0.4145828244297576,0.4916596696140745,-0.0770768451843169,71.81083270677787,0.7107449664261904,0.0057031527322928075,0.010050858438653675,0,1,12,1538.382460562241,1.0,USDJPY=X,0.0,120.89299774169922,0,2015-12-08 00:00:00+00:00
2015-12-09 00:00:00+00:00,0.3732018030820883,0.36803553823836865,0.3607983851052359,0.37277813910036306,0.5906858990010807,0.09261863209113069,0.4423004546895725,59.489834094753746,0.41502633708441294,0.4763330031081422,-0.06130666602372925,79.16962322240141,0.7025489453519425,0.005765290180596189,0.010295564976336593,0,2,12,1453.1590481352173,1.0,USDJPY=X,0.0,121.08999633789062,0,2015-12-09 00:00:00+00:00
2015-12-10 00:00:00+00:00,0.35312990177872106,0.3487865679438298,0.3513211865204935,0.35313938778671417,0.5328990423151175,0.1853925790327323,0.43707985021327983,54.57306391115339,0.38128835015770335,0.45732407251805446,-0.07603572236035111,62.56592473406633,0.7549380927751853,0.005715869326830947,0.010274572981090212,0,3,12,1357.3881468340978,1.0,USDJPY=X,1.0,121.67500305175781,0,2015-12-10 00:00:00+00:00
2015-12-11 00:00:00+00:00,0.35332431981804535,0.35460187097497786,0.34471136055032203,0.35330145755237075,0.42596430804216123,0.09215150193017234,0.3281846244604858,42.20179961706962,0.2538260794111551,0.4166244738966746,-0.16279839448551953,19.240588914741842,0.819085363143364,0.006203271254774584,0.013614223828658883,0,4,12,1168.1350069136886,1.0,USDJPY=X,0.0,122.46299743652344,1,2015-12-11 00:00:00+00:00
2015-12-14 00:00:00+00:00,0.3400564319061632,0.3404210282368876,0.34142276262989935,0.34006316394055247,0.5806022288037159,0.21118907152545266,0.36955456073382453,42.31801103277673,0.15186776329009888,0.3636731317753595,-0.2118053684852606,31.814803825993586,0.8576507771808357,0.006729811595634628,0.01587356791864525,0,0,12,1012.5921842869809,1.0,USDJPY=X,1.0,122.44999694824219,1,2015-12-14 00:00:00+00:00
2015-12-15 00:00:00+00:00,0.3438796570876128,0.3467073901466775,0.34058031201819583,0.34325523367283095,0.4749247497067173,0.10707002684220011,0.2730093219079896,35.95816396849203,0.005081308634515835,0.29195476714719076,-0.28687345851267493,8.439377453994986,0.8722468973794145,0.00709429655316595,0.021083730069548424,0,1,12,819.7131051424675,0.0,USDJPY=X,1.0,121.30000305175781,0,2015-12-15 00:00:00+00:00
2015-12-16 00:00:00+00:00,0.35280583051418923,0.3525713977659093,0.3566834044398235,0.35273439880708723,0.604667301836733,0.17529118570439434,0.280776638973107,38.36354627861682,-0.09426524285113658,0.2147107651475253,-0.3089760079986619,16.717271079578023,0.8905148584273693,0.007203294440157458,0.02387105136098027,0,2,12,600.1306067021245,0.0,USDJPY=X,1.0,121.20600128173828,0,2015-12-16 00:00:00+00:00
2015-12-17 00:00:00+00:00,0.3659279975943084,0.36353600266697894,0.36701924510195805,0.3655026777362005,0.6544609588216306,0.07692353292674829,0.34862248607168295,44.97317677985272,-0.12435941008438078,0.1468967301011441,-0.2712561401855249,36.514440330684344,0.8979782790098453,0.007318798735090759,0.0239693049455263,0,3,12,446.16670138150073,0.0,USDJPY=X,0.0,121.02999877929688,0,2015-12-17 00:00:00+00:00
2015-12-18 00:00:00+00:00,0.3655067791086013,0.37294106930737225,0.3485832220324565,0.36529202412774997,0.6800456338397776,0.08267373922280923,0.49253392139865315,52.380648037458755,-0.08366030915949807,0.10078532224901567,-0.18444563140851372,63.18090044872689,0.9113369079714746,0.007332649843682756,0.022715304116523505,0,4,12,297.515645269331,0.0,USDJPY=X,0.0,120.93499755859375,0,2015-12-18 00:00:00+00:00
2015-12-21 00:00:00+00:00,0.346682218461853,0.3430038585683206,0.3480972308638506,0.34665808063656933,0.5776729832361256,0.3494951674554922,0.490864191719407,52.25566526914842,-0.0518572313272756,0.07025681153375742,-0.12211404286103301,62.7409518793343,1.0068843109246841,0.007442522912897117,0.022525114240416845,0,0,12,194.7503912478143,0.0,USDJPY=X,1.0,120.16999816894531,0,2015-12-21 00:00:00+00:00
2015-12-22 00:00:00+00:00,0.3452890333764975,0.33982009045668904,0.34273488934554597,0.34513492153462133,0.4332618649504183,0.06775521431078145,0.46695754143233364,42.57773693594627,-0.11808672925432973,0.03258810337613999,-0.1506748326304697,23.82409286426141,1.0342496736906666,0.008300777292602821,0.02402421869483196,0,1,12,-21.26460251485449,0.0,USDJPY=X,0.0,120.23100280761719,0,2015-12-22 00:00:00+00:00
2015-12-23 00:00:00+00:00,0.34237300998057907,0.33567784579482973,0.34420917791602745,0.3422830623249111,0.5672715434217805,0.08873457521981201,0.4457355248003967,41.894716874691035,-0.1761289360163545,-0.009155304502358911,-0.16697363151399558,20.642985866910394,1.0011608952057862,0.008532990633744252,0.025208066259167224,0,2,12,-243.7330297007084,0.0,USDJPY=X,0.0,120.3499984741211,0,2015-12-23 00:00:00+00:00
2015-12-24 00:00:00+00:00,0.3409636336916946,0.33411843146440323,0.33497497491558814,0.3407437086086984,0.556740287029498,0.0349648111086872,0.3905886429804756,40.582056336180734,-0.233636517736727,-0.054051547149232534,-0.17958497058749445,15.100835941502677,0.9572209446135203,0.008272006158005865,0.02685799831004853,0,3,12,-430.62765884023645,0.0,USDJPY=X,0.0,120.52899932861328,0,2015-12-24 00:00:00+00:00
2015-12-25 00:00:00+00:00,0.3310004816574057,0.3239985351444499,0.3315567216706825,0.32834802943068264,0.5671162248889104,0.10862436095645493,0.32736100496307485,39.856145151487446,-0.2836082359186065,-0.09996288490310733,-0.18364535101549917,21.27320804071536,0.9445622185194742,0.007915169007629416,0.02826801985723356,0,4,12,-568.2793702367243,0.0,USDJPY=X,1.0,120.44999694824219,0,2015-12-25 00:00:00+00:00
2015-12-28 00:00:00+00:00,0.3297207585937285,0.3288554855556196,0.3348129366597279,0.3293365190158768,0.4809432898427063,0.04459907427606681,0.27324013212830034,34.50391905591886,-0.3805534566208877,-0.1560809992466634,-0.22447245737422428,3.9696026004711737,0.941093209607369,0.00786021663403479,0.031635414207922034,0,0,12,-725.3607991816809,0.0,USDJPY=X,0.0,120.28800201416016,0,2015-12-28 00:00:00+00:00
2015-12-29 00:00:00+00:00,0.3311625172896715,0.32666253978935567,0.334488983746982,0.3312646670974515,0.587219299792143,0.059829414498582006,0.3596468817696935,35.25064469256253,-0.4473044309337979,-0.21432568558409032,-0.23297874534970758,5.818230579118087,0.906372396853606,0.007827375532359333,0.03358877704064604,0,1,12,-845.6145615372488,0.0,USDJPY=X,0.0,120.31099700927734,0,2015-12-29 00:00:00+00:00
2015-12-30 00:00:00+00:00,0.33430534113197274,0.3289366598690924,0.3365949866772666,0.33416511014995587,0.5947167446894067,0.04195753620851552,0.3750699409546037,36.76509690887696,-0.48501218463808016,-0.2684629853948883,-0.21654919924319188,9.424164869132582,0.860916985868806,0.007531137584920731,0.0338389474514775,0,2,12,-983.5131705921175,0.0,USDJPY=X,0.0,119.46700286865234,0,2015-12-30 00:00:00+00:00
2015-12-31 00:00:00+00:00,0.333025494471322,0.32666253978935567,0.33098964957465893,0.3328849938849878,0.6024558438951064,0.04351187032277034,0.4008230006101739,39.073619590639034,-0.49474882168749446,-0.3137201526534095,-0.18102866903408493,14.848440711430467,0.8194228282565252,0.0071428203226144805,0.03373926693937885,0,3,12,-1140.1778558684819,0.0,USDJPY=X,0.0,119.10199737548828,0,2015-12-31 00:00:00+00:00
2016-01-01 00:00:00+00:00,0.3304011599328769,0.3233813625015569,0.33559062140867724,0.33026010652100246,0.5691299003089957,0.07552451366296441,0.4019599490733908,38.407181996133865,-0.503041262007244,-0.35158437452417646,-0.15145688748306751,13.373291392622248,0.7983927352295525,0.006803012445144638,0.032571825560720837,0,4,1,-1294.1361081544578,0.0,USDJPY=X,0.0,118.61000061035156,0,2016-01-01 00:00:00+00:00
2016-01-04 00:00:00+00:00,0.3308709520291717,0.32598030376543474,0.31018843652488126,0.33063270627209995,0.5584072000970709,0.0,0.4459467030124265,37.01313425663698,-0.5167281970334443,-0.38461313902603006,-0.13211505800741424,8.515870746354018,0.752935749433301,0.006637343058832805,0.03254032642766474,0,0,1,-1449.64979508976,0.0,USDJPY=X,0.0,117.54000091552734,0,2016-01-04 00:00:00+00:00
2016-01-05 00:00:00+00:00,0.31721422803864074,0.3135051130522719,0.3115006868395025,0.31695703445212553,0.5822971327173151,0.2685310771974087,0.443156897344661,37.36069339855336,-0.5197285801695983,-0.41163622725474375,-0.10809235291485458,34.44462613619283,0.822582969200342,0.0062582454484625466,0.030358944467330364,0,1,1,-1523.1504623674716,0.0,USDJPY=X,1.0,117.08000183105469,0,2016-01-05 00:00:00+00:00
2016-01-06 00:00:00+00:00,0.3111553808004215,0.30489592647466157,0.3027362835419807,0.3110426624242546,0.4702214308542908,0.1365964469653138,0.3726512344221214,30.6711108531194,-0.5834836427885932,-0.44600571036151365,-0.13747793242707956,16.172382523896594,0.8716837933171703,0.006885440744711145,0.02899342127042477,0,2,1,-1647.5002362474065,0.0,USDJPY=X,1.0,117.6500015258789,0,2016-01-06 00:00:00+00:00
2016-01-07 00:00:00+00:00,0.3032011739734932,0.2984470920076763,0.2882206963516796,0.3030705854006912,0.5318066491004352,0.13830609593003954,0.3329800293203178,28.310239689187043,-0.6559020514998792,-0.48798497858918677,-0.16791707291069247,16.57798994763517,0.8956350032532205,0.0073188007970096955,0.028753476455683484,0,3,1,-1803.460649735838,0.0,USDJPY=X,1.0,117.83000183105469,0,2016-01-07 00:00:00+00:00
2016-01-08 00:00:00+00:00,0.2857212248015124,0.2977486211210607,0.2906183928623076,0.2857328291657337,0.5150783053155679,0.21585088825867155,0.30270165701742197,25.46491081099613,-0.744413058945554,-0.5392705946604602,-0.20514246428509375,30.15491423401466,0.955803857478158,0.007551091802077395,0.03250968721839075,0,4,1,-1985.4656767305346,0.0,USDJPY=X,1.0,117.42500305175781,0,2016-01-08 00:00:00+00:00
2016-01-11 00:00:00+00:00,0.2783177660885252,0.2860855453333755,0.2824696360578749,0.2782792270446597,0.4390222036336132,0.18616915328508693,0.23601168931716796,20.61278829674268,-0.8906320511588177,-0.6095428859601317,-0.281089165198686,4.47160302384183,0.9731034424350753,0.008131732601951118,0.03938644304461618,0,0,1,-2204.7782764261083,0.0,USDJPY=X,1.0,118.2030029296875,1,2016-01-11 00:00:00+00:00
2016-01-12 00:00:00+00:00,0.2881674561011358,0.2869302539144918,0.2862118422155264,0.2875152257189264,0.5184583732430146,0.15275749068110897,0.20067901075288203,18.941816143591822,-1.0317365212991234,-0.6939816130279302,-0.33775490827119325,1.75914828943339,0.9738099165175588,0.00831144027345724,0.046868802833256035,0,1,1,-2361.9014383520193,0.0,USDJPY=X,1.0,116.98999786376953,0,2016-01-12 00:00:00+00:00
2016-01-13 00:00:00+00:00,0.2905974961972302,0.29211202550980264,0.2949600540473596,0.2904318633856955,0.6550409184466357,0.12494190513226659,0.30329009420841674,26.854477104995382,-1.0850607143142526,-0.7721974332851946,-0.3128632810290579,16.269027522011996,0.9731089858525211,0.008277177253613164,0.05016542361754891,0,2,1,-2484.754389242439,0.0,USDJPY=X,1.0,117.38400268554688,0,2016-01-13 00:00:00+00:00
2016-01-14 00:00:00+00:00,0.2836152559699501,0.28883084822200367,0.28734586280859875,0.2838694595412177,0.6031188260133048,0.0905983534254631,0.34319702665495344,29.20472285789559,-1.1001145652458177,-0.8377808596773193,-0.26233370556849844,22.673305085638553,0.9545295894718723,0.008258584152852431,0.05136939339803059,0,3,1,-2614.2180720323418,0.0,USDJPY=X,0.0,117.56500244140625,0,2016-01-14 00:00:00+00:00
2016-01-15 00:00:00+00:00,0.2969479086959492,0.29037390375948613,0.27665368630234144,0.29647579232768395,0.5258677321004421,0.13224644554258236,0.34926920764656383,27.095205365877035,-1.131679569705966,-0.8965606016830487,-0.23511896802291732,11.488566425978327,0.9471350155238255,0.008128844493630893,0.05085953320399354,0,4,1,-2802.189914108225,0.0,USDJPY=X,1.0,117.13400268554688,0,2016-01-15 00:00:00+00:00
2016-01-18 00:00:00+00:00,0.2772972258782893,0.2770215347398177,0.2812059601403194,0.27682084639977034,0.6823673459203353,0.24957199495404578,0.4869931135312288,36.57314080126508,-1.0814506847079315,-0.9335386182880253,-0.14791206641990617,39.020177661568894,0.9941964557165991,0.008012783026225012,0.04685405120443291,0,0,1,-2902.1896034366905,0.0,USDJPY=X,1.0,117.92400360107422,1,2016-01-18 00:00:00+00:00
2016-01-19 00:00:00+00:00,0.28356668235936233,0.2878399019463864,0.28664925898706684,0.28320510948733646,0.4197232247069713,0.07816605173051569,0.43052161237769043,30.020165806719717,-1.126537282236157,-0.9721383510776517,-0.15439893115850534,8.542630725406678,1.0140397927245652,0.008498132095654054,0.04856188888551657,0,1,1,-3090.13423588752,0.0,USDJPY=X,0.0,118.5719985961914,1,2016-01-19 00:00:00+00:00
2016-01-20 00:00:00+00:00,0.2862072081013367,0.2790682428115807,0.2663988029686497,0.28613794176837026,0.6317025983761094,0.12944840701501456,0.4173742647302465,34.14752226617975,-1.1175929237790427,-1.00122926561793,-0.11636365816111272,19.114631762153397,1.0208941368407793,0.008638654071466766,0.04784228575384805,0,2,1,-3181.9692732800354,0.0,USDJPY=X,1.0,118.22799682617188,1,2016-01-20 00:00:00+00:00
2016-01-21 00:00:00+00:00,0.2805048145347073,0.2774114193049868,0.2738671474172387,0.2791542307069912,0.6033051663499446,0.23978241693619523,0.417479429836541,36.014511004417194,-1.0834104068705273,-1.0176654938684495,-0.06574491300207774,34.93577602534523,1.0581873604648755,0.008683656833585211,0.04646882777524095,0,3,1,-3231.743949843715,0.0,USDJPY=X,1.0,118.37999725341797,1,2016-01-21 00:00:00+00:00
2016-01-22 00:00:00+00:00,0.29212033450779296,0.29656285649310843,0.29139595401228235,0.2919550224876435,0.5223076016395345,0.15229273173924177,0.41546015631999195,33.57360386089751,-1.078664422217372,-1.0298652795382341,-0.048799142679137875,25.20885705430628,1.0602458072341254,0.00903398958631715,0.04556284202090417,0,4,1,-3268.883046767011,0.0,USDJPY=X,1.0,118.46700286865234,1,2016-01-22 00:00:00+00:00
2016-01-25 00:00:00+00:00,0.30240731061266635,0.2999253320246298,0.3014726076244252,0.30245481918960415,0.6842167840925953,0.16736657150174047,0.4164984161482076,41.41184804780811,-0.999633570071353,-1.0238189376448579,0.024185367573504868,52.06126839916104,1.0918709890067437,0.008990924450130076,0.04413685366557273,0,0,1,-3182.146831830579,0.0,USDJPY=X,1.0,118.93000030517578,1,2016-01-25 00:00:00+00:00
2016-01-26 00:00:00+00:00,0.29714232673527374,0.2958806204691875,0.2931132381670667,0.2968807813073109,0.6647854886786271,0.10287534026993958,0.5564383560382115,46.94223812371384,-0.874631067268723,-0.993981363569631,0.11935029630090799,81.55115439219382,1.0795943590023558,0.009208506240374826,0.04205078329007046,0,1,1,-3043.8315944095516,0.0,USDJPY=X,0.0,121.33999633789062,1,2016-01-26 00:00:00+00:00
2016-01-27 00:00:00+00:00,0.29955617562783865,0.29821967999970256,0.2993827961598292,0.29934372252864927,0.5342029374901243,0.14436693192704234,0.5006442799623203,44.53866746538488,-0.7941690644788366,-0.9540189037514721,0.15984983927263552,78.20996866743491,1.0688376801087724,0.009131461142741517,0.039735977803429044,0,2,1,-2934.441963859354,0.0,USDJPY=X,1.0,120.83999633789062,1,2016-01-27 00:00:00+00:00
2016-01-28 00:00:00+00:00,0.3011437787525184,0.3022481566924504,0.3051663629839858,0.30075351933074446,0.5993192004632895,0.10660408229078734,0.49837343433939274,45.85782782382719,-0.7099532838861649,-0.9052057797784108,0.19525249589224591,83.58670160656985,1.0414919179065276,0.009028870627701522,0.03614476534345757,0,3,1,-2823.451963445843,0.0,USDJPY=X,0.0,119.85600280761719,1,2016-01-28 00:00:00+00:00
2016-01-29 00:00:00+00:00,0.30840139303676906,0.3456840980759208,0.3069482894025497,0.30825570529461266,0.5907546388567547,0.08966527871309198,0.5375622153607731,46.64019155822636,-0.6289410046124004,-0.8499528247452087,0.2210118201328083,82.49170271575508,1.0104569422204028,0.008791409360303128,0.03213903423300629,0,4,1,-2658.3459054883274,0.0,USDJPY=X,0.0,118.12000274658203,0,2016-01-29 00:00:00+00:00
2016-02-01 00:00:00+00:00,0.34747608182267964,0.34147691396328317,0.3422488981769398,0.3473061124531762,0.640107014639819,0.48811307869601916,0.5124582843286004,50.721040787798735,-0.5213681583406355,-0.7842358914642942,0.26286773312365863,51.61232327301286,1.1664243209289904,0.008496232570651295,0.028361632089809376,0,0,2,-2474.180381516485,1.0,USDJPY=X,1.0,116.86599731445312,0,2016-02-01 00:00:00+00:00
2016-02-02 00:00:00+00:00,0.33957032500936557,0.3349469051828249,0.3341649072352615,0.3392043548924857,0.8944802074046256,0.1092468059678842,0.6429767767989949,65.50795745882957,-0.23889552508104828,-0.675167818187645,0.43627229310659676,94.31242911657797,1.2596797352962277,0.009612859371454861,0.032714102961975994,0,1,2,-2024.7438248765402,0.0,USDJPY=X,0.0,116.94999694824219,0,2016-02-02 00:00:00+00:00
2016-02-03 00:00:00+00:00,0.3233054576839187,0.31932041608342,0.2917038390583142,0.3232602008453589,0.5152374557723902,0.1243206457303829,0.631949728324444,61.39204118320111,-0.05474864118728817,-0.5510839827875736,0.4963353416002855,85.45347141209915,1.2511311391785285,0.010424360919160687,0.03700211839923247,0,2,2,-1632.9870086345686,0.0,USDJPY=X,0.0,115.66799926757812,0,2016-02-03 00:00:00+00:00
2016-02-04 00:00:00+00:00,0.2959921332998303,0.2889769619862548,0.2793915271914036,0.295130897605657,0.45268064125072727,0.38212907019757,0.5471504176223649,54.17765188180746,0.011654688692701143,-0.43853624849151873,0.4501909371842199,68.01915727975279,1.3946927690600288,0.010438618924967315,0.03863345146421061,0,3,2,-1327.6900653217772,0.0,USDJPY=X,1.0,115.19100189208984,0,2016-02-04 00:00:00+00:00
2016-02-05 00:00:00+00:00,0.27473753255698785,0.2758033003864764,0.2745475597730822,0.2748116016238624,0.3540604879222174,0.20994536711213968,0.4114873372363741,44.28921473527733,-0.07493706272256873,-0.36581641133772874,0.29087934861516,37.260855048386595,1.5120006115183526,0.011807422423213466,0.03914397313343892,0,4,2,-1094.5697324271728,0.0,USDJPY=X,1.0,113.25199890136719,0,2016-02-05 00:00:00+00:00
2016-02-08 00:00:00+00:00,0.27630894447813836,0.27841847651304885,0.2593678752916009,0.27617269096015384,0.41421267492046665,0.13038148172738567,0.28438628774639674,38.78266581207227,-0.2419602407508279,-0.3410451772203486,0.09908493646952071,15.042492879553267,1.5182867180895863,0.01293790021275384,0.04060121590018633,0,0,2,-1027.8260612892634,0.0,USDJPY=X,0.0,112.49700164794922,0,2016-02-08 00:00:00+00:00
2016-02-09 00:00:00+00:00,0.255265076575123,0.2480426766207442,0.23811305400459437,0.25539982215593815,0.590502686680337,0.30100966508901555,0.11852790742776553,39.32684354800746,-0.3633606488667027,-0.34550827154961944,-0.01785237731708328,22.490886907272397,1.5481945567946827,0.01298235791114663,0.040800246221916844,0,1,2,-926.5211645144565,0.0,USDJPY=X,1.0,113.66999816894531,0,2016-02-09 00:00:00+00:00
2016-02-10 00:00:00+00:00,0.24773196463692826,0.24048925183927983,0.23825877719579136,0.2476707879693547,0.40883831480297084,0.21429655414441673,0.06019153865794952,34.31351573024999,-0.5566016878837701,-0.3877269548164496,-0.16887473306732048,18.903865491388796,1.6289658902448951,0.013384813142770798,0.045420583624108855,0,2,2,-935.4319907341417,0.0,USDJPY=X,1.0,114.3219985961914,0,2016-02-10 00:00:00+00:00
2016-02-11 00:00:00+00:00,0.21620657899274143,0.21251745092826857,0.18643385069392182,0.2162521236887771,0.5151877456807326,0.140637004296649,0.09436544101330918,32.64596170330168,-0.739709395837707,-0.45812344302070107,-0.28158595281700594,12.449232001750941,1.6117540758189204,0.014141433475601674,0.050750885113379635,0,3,2,-1011.0956225556446,0.0,USDJPY=X,0.0,114.08000183105469,1,2016-02-11 00:00:00+00:00
2016-02-12 00:00:00+00:00,0.2039593548880687,0.20699462328612195,0.1973690227844822,0.2040185142764177,0.31752931069839413,0.3701627130540353,0.07418314673889842,26.919037925805696,-1.029418415336906,-0.572382437483942,-0.4570359778529639,20.519822721169476,1.7902002568569664,0.014231572876895714,0.06321901791543001,0,4,2,-1244.393936284975,0.0,USDJPY=X,1.0,114.27999877929688,1,2016-02-12 00:00:00+00:00
2016-02-15 00:00:00+00:00,0.2232698988346411,0.23012570864865833,0.22202602944968053,0.22302518114170544,0.47564271669785674,0.21243277593876564,0.10790801613405754,25.074546663791367,-1.3048948535039386,-0.7188849206879414,-0.5860099328159972,13.38374405621233,1.769186109743299,0.015913315294031227,0.07556398959843869,0,0,2,-1621.046420502994,0.0,USDJPY=X,1.0,113.25,0,2016-02-15 00:00:00+00:00
2016-02-16 00:00:00+00:00,0.23368652816472202,0.23533994996935825,0.22821463011400023,0.23358987992373437,0.7414888614546279,0.19720243571625043,0.1901871430114266,32.78085032128776,-1.41228100305959,-0.8575641371622712,-0.5547168658973188,24.47066577633042,1.7892439177875834,0.015564231004154633,0.08033585157114195,0,1,2,-2083.687942416293,0.0,USDJPY=X,1.0,112.48899841308594,0,2016-02-16 00:00:00+00:00
2016-02-17 00:00:00+00:00,0.2307057399546868,0.22928112399779144,0.2238242709329077,0.22966868168051624,0.6685318435900172,0.18772230178979615,0.3347662428649318,36.679353718624824,-1.4283096502181962,-0.9717132397734562,-0.45659641044474,30.633239636500516,1.74772596321068,0.015650915307276577,0.08312519786268953,0,2,2,-2451.923130378989,0.0,USDJPY=X,1.0,112.97100067138672,0,2016-02-17 00:00:00+00:00
2016-02-18 00:00:00+00:00,0.23324911847548568,0.225967353054354,0.22756660068953405,0.23290933525558866,0.5464024347209454,0.17187307338448843,0.35231644103960946,35.8483173281338,-1.443895259311006,-1.0661496436809663,-0.3777456156300396,28.345936014053084,1.7018885949540021,0.015320178253494004,0.08652817702325254,0,3,2,-2774.786053990151,0.0,USDJPY=X,1.0,111.87999725341797,0,2016-02-18 00:00:00+00:00
2016-02-19 00:00:00+00:00,0.21672506829659755,0.2094149810603596,0.21316447735802746,0.21621973446024767,0.6065895988812848,0.1042731739241779,0.5172708143230739,37.11636189605685,-1.4236973872668415,-1.1376591923981414,-0.2860381948687001,30.995036938366077,1.628253525287924,0.014892269978413043,0.0888431768780783,0,4,2,-2969.275208338898,0.0,USDJPY=X,0.0,112.10099792480469,0,2016-02-19 00:00:00+00:00
2016-02-22 00:00:00+00:00,0.20465594743074633,0.21092556687245279,0.20984337290725308,0.20388883373929056,0.43915003154408494,0.08407157287704754,0.49626948142340843,33.449351108971115,-1.4738135167799413,-1.2048900572745014,-0.26892345950543994,21.867113605614325,1.6225922714587642,0.014377514572078798,0.09337164295970603,0,0,2,-3186.516811976311,0.0,USDJPY=X,0.0,113.11799621582031,1,2016-02-22 00:00:00+00:00
2016-02-23 00:00:00+00:00,0.21157342284390945,0.2045255609238008,0.1979037119491287,0.2116989646202072,0.47481631668523644,0.1303802961178401,0.34575356668493584,31.011521242509048,-1.5569893742801497,-1.275309920675631,-0.2816794536045186,15.719515643792397,1.5666211725836405,0.014424453007397448,0.0978338466265386,0,1,2,-3612.2068464489294,0.0,USDJPY=X,0.0,113.66000366210938,1,2016-02-23 00:00:00+00:00
2016-02-24 00:00:00+00:00,0.19469291899343122,0.1923264868066954,0.1869360333282164,0.19402087423967207,0.6459647787772161,0.18368293006800657,0.33317395957834234,34.27867949511051,-1.5659618531491475,-1.3334403071703345,-0.23252154597881303,26.6610272189451,1.539148175009307,0.01386746300619814,0.09943485639142803,0,2,2,-3895.7284367857346,0.0,USDJPY=X,1.0,112.43000030517578,1,2016-02-24 00:00:00+00:00
2016-02-25 00:00:00+00:00,0.19718772390364236,0.20371332206807358,0.20109516107541991,0.19760186196032214,0.429127426608811,0.17218370308543027,0.26738171741194433,30.73109052494378,-1.6421774656263608,-1.39518773886154,-0.2469897267648209,12.408705502078268,1.5619948167706401,0.013757134544104448,0.10357533230679263,0,3,2,-4196.564722245736,0.0,USDJPY=X,1.0,113.93000030517578,1,2016-02-25 00:00:00+00:00
2016-02-26 00:00:00+00:00,0.21457040225747392,0.22010334543512222,0.2103941299386134,0.21408080914721261,0.6100454923966402,0.14529882102986788,0.269298418245136,32.26042970614603,-1.6655465960249387,-1.4492595102942198,-0.21628708573071886,15.8409283720313,1.524780927444947,0.01393381723344156,0.10455151630458293,0,4,2,-4311.76803527519,0.0,USDJPY=X,0.0,113.46600341796875,1,2016-02-26 00:00:00+00:00
2016-02-29 00:00:00+00:00,0.2239826825808482,0.2186739339365018,0.21259740526200388,0.22286323499905847,0.7204190343609129,0.2128987204901784,0.42702500343255256,38.94117924785013,-1.5837470869852552,-1.476157025632427,-0.10759006135282823,44.58294649238229,1.546511031225386,0.013479560975742393,0.10097702740997325,0,0,2,-4267.445138508964,0.0,USDJPY=X,1.0,113.66999816894531,0,2016-02-29 00:00:00+00:00
2016-03-01 00:00:00+00:00,0.20295488228438852,0.21799169791258088,0.20412457194585087,0.20293285700563546,0.6538442973517086,0.17808922423196213,0.529014236481711,42.21223798091319,-1.4583736914583483,-1.4726003587976113,0.014226667339263033,62.841245615046134,1.517903366362468,0.01360646649126357,0.08757346810512023,0,1,3,-4285.77822842095,0.0,USDJPY=X,1.0,113.8030014038086,1,2016-03-01 00:00:00+00:00
2016-03-02 00:00:00+00:00,0.22723884484785395,0.23002829947249093,0.22944579950120403,0.2272381296877073,0.4110180284265068,0.2528371636425719,0.3951014978334729,37.32537824267324,-1.4416469548726099,-1.466409678012611,0.024762723140001164,35.621886137127824,1.525696449533843,0.013500874875409836,0.07490432750917539,0,2,3,-4377.633823287381,0.0,USDJPY=X,1.0,113.4520034790039,0,2016-03-02 00:00:00+00:00
2016-03-03 00:00:00+00:00,0.22028898702763233,0.22546382445032287,0.22497448299166867,0.21971974910957437,0.7868201373942918,0.1250972199827375,0.5987361176660146,45.59688963279272,-1.29245481703623,-1.4316187058173349,0.13916388878110486,75.02671102931916,1.5675038503553653,0.01339152501928442,0.059036633020153835,0,3,3,-4303.752166664336,0.0,USDJPY=X,0.0,112.66000366210938,0,2016-03-03 00:00:00+00:00
2016-03-04 00:00:00+00:00,0.22335085485228734,0.22383947066911802,0.21987132852335556,0.22302518114170544,0.5159840386692962,0.1243206457303829,0.5445794335472178,43.67666891771301,-1.1978515568329584,-1.3848652760204596,0.1870137191875012,62.67321543917807,1.5126823647412544,0.01381474453260889,0.04930028415236742,0,4,3,-4173.153453658495,0.0,USDJPY=X,0.0,113.25299835205078,0,2016-03-04 00:00:00+00:00
2016-03-07 00:00:00+00:00,0.2256188593161157,0.218316519096722,0.22409964944858785,0.22518030106900522,0.6072851107800995,0.15773230833436086,0.48029013856749775,44.77774835357841,-1.093808377885452,-1.3266538963934582,0.23284551850800628,68.10439035884185,1.4771341257628054,0.013307665955030515,0.04255122358838015,0,0,3,-3908.7455964900514,0.0,USDJPY=X,0.0,112.86000061035156,0,2016-03-07 00:00:00+00:00
2016-03-08 00:00:00+00:00,0.22014326619586932,0.21282616117996467,0.20885507550537774,0.21949290088685913,0.5975217489986461,0.06433591638132996,0.4483797389325435,45.525489960596076,-0.9892180693433374,-1.2591667309834342,0.2699486616400968,78.47772591145544,1.4011960785543014,0.012979746645885658,0.03319824720143199,0,1,3,-3597.5701780346917,1.0,USDJPY=X,0.0,113.77799987792969,0,2016-03-08 00:00:00+00:00
2016-03-09 00:00:00+00:00,0.20715075234095748,0.2073194444702633,0.20521001814185746,0.2066597198776774,0.5313559987252122,0.1580429380353027,0.5173855946493352,43.83847137658981,-0.924000789480317,-1.1921335426828108,0.26813275320249375,68.24156850878637,1.3966824347945632,0.012350562666031852,0.028248090500619355,0,2,3,-3371.937939371762,1.0,USDJPY=X,0.0,113.83000183105469,1,2016-03-09 00:00:00+00:00
2016-03-10 00:00:00+00:00,0.2158988225287124,0.22825770799678513,0.22011444770663346,0.2162683183030416,0.47075301375226297,0.14032637459570713,0.3390799242694871,40.21703772791356,-0.9255541790894171,-1.1388176699641321,0.21326349087471508,45.144466743502,1.383491233397407,0.012397322824376097,0.024770402700607107,0,3,3,-3145.626064686817,1.0,USDJPY=X,0.0,113.1050033569336,0,2016-03-10 00:00:00+00:00
2016-03-11 00:00:00+00:00,0.20972651326881486,0.21979475911367552,0.21476829765401728,0.2099003734527498,0.6611859460201577,0.1976683802676632,0.420754724988623,43.950463834217345,-0.8689191765474931,-1.0848379712808043,0.21591879473331121,62.43797920106086,1.411241541328563,0.012215934708384299,0.024640713097715393,0,4,3,-2900.026618021712,1.0,USDJPY=X,1.0,112.75199890136719,0,2016-03-11 00:00:00+00:00
2016-03-14 00:00:00+00:00,0.22469546632705506,0.2211592311615176,0.2258493165347495,0.22477518846636868,0.5253553999811287,0.16798783090362415,0.3745105498913808,42.075126112582865,-0.8459950579217264,-1.0370693886089888,0.19107433068726243,50.97698054938747,1.3876529513578286,0.012504355251608278,0.02418612546476921,0,0,3,-2733.0593226753604,1.0,USDJPY=X,0.0,111.3499984741211,0,2016-03-14 00:00:00+00:00
2016-03-15 00:00:00+00:00,0.22573232133779375,0.22005464084703852,0.21217617995615212,0.22561780290017097,0.7058277143744822,0.07474793941060978,0.4353591329058775,47.68997318888385,-0.7451628859959243,-0.978688088086376,0.2335252020904517,77.74860606168482,1.369606464563017,0.012196144710283323,0.024116968925596022,0,1,3,-2521.644117340401,1.0,USDJPY=X,0.0,111.44499969482422,0,2016-03-15 00:00:00+00:00
2016-03-16 00:00:00+00:00,0.21397095693597157,0.218137811676832,0.21786259798617724,0.2138702791617717,0.5864322595815781,0.19533865751059934,0.46665034115527826,47.99748316037246,-0.6535231324030946,-0.9136550969497197,0.2601319645466251,72.17227200654546,1.3615634159642078,0.012032034108158698,0.023055229156308393,0,2,3,-2274.2094323963365,1.0,USDJPY=X,1.0,112.13899993896484,0,2016-03-16 00:00:00+00:00
2016-03-17 00:00:00+00:00,0.20899753831907875,0.20392449921335265,0.1800995268384049,0.20815036612808657,0.4802679023339077,0.12245449630564065,0.47209665229454695,44.104691431739454,-0.6321126837072342,-0.8573466143012226,0.22523393059398844,39.35833287690211,1.3220944653889184,0.012038047615519043,0.022212688328190847,0,3,3,-2129.200024784378,1.0,USDJPY=X,0.0,112.25199890136719,0,2016-03-17 00:00:00+00:00
2016-03-18 00:00:00+00:00,0.18615545804852984,0.1823202345256043,0.1822702956314437,0.18543303100502162,0.5307840681975743,0.348717407593592,0.39831851044877004,42.30553997668379,-0.6362944518829323,-0.8131361818175646,0.17684172993463232,53.54447081571763,1.4001592118273773,0.011725685382708432,0.020694164584035963,0,4,3,-2042.7267164496666,1.0,USDJPY=X,1.0,112.4000015258789,1,2016-03-18 00:00:00+00:00
2016-03-21 00:00:00+00:00,0.18706265983406123,0.1863162414929629,0.1888477386702383,0.18697238472123434,0.38593810459820993,0.12121197750187326,0.31941204055687267,36.02078005476957,-0.7441600370785721,-0.7993409528697661,0.055180915791193996,17.13831182467638,1.4378622255403215,0.012574398123164672,0.025084197883682616,0,0,3,-2098.393830020148,1.0,USDJPY=X,0.0,112.83000183105469,1,2016-03-21 00:00:00+00:00
2016-03-22 00:00:00+00:00,0.19846744696731955,0.19177412968433094,0.19179619221222644,0.1982176281714092,0.5925930683921028,0.09634737411197844,0.25663179552080123,36.70692109292667,-0.8126112097304343,-0.8019950042418998,-0.01061620548853448,19.605236568811193,1.3794431463722627,0.01290198958659156,0.02770050412540773,0,1,3,-2168.847026284245,1.0,USDJPY=X,0.0,113.44999694824219,1,2016-03-22 00:00:00+00:00
2016-03-23 00:00:00+00:00,0.20036293015300188,0.20316108887595874,0.20370347023897373,0.2000486085673958,0.6761740933647385,0.12027890278950214,0.3064067124085911,41.63148962115318,-0.8016186764096318,-0.8019197386754463,0.00030106226581450013,38.72257483113171,1.336196810617157,0.012301190015276289,0.028287507983938236,0,2,3,-2108.070833683237,1.0,USDJPY=X,0.0,113.36399841308594,1,2016-03-23 00:00:00+00:00
2016-03-24 00:00:00+00:00,0.20300357949194958,0.20473673806907988,0.20618212407804437,0.20244677133167555,0.5949958100247357,0.11499582665439956,0.37084673655279843,42.41709607261633,-0.7748568749392035,-0.7965071659281978,0.021650290988994292,41.74232523431559,1.2941828311897037,0.011903545804928044,0.027515951511928545,0,3,3,-2032.9214580552384,1.0,USDJPY=X,0.0,112.68000030517578,0,2016-03-24 00:00:00+00:00
2016-03-25 00:00:00+00:00,0.20958079243705163,0.20973980224450073,0.21444422114229678,0.2094142877787899,0.5998297949290958,0.10629345258984549,0.4097887495916015,43.48992859861849,-0.7332528966188221,-0.7838563120663227,0.05060341544750058,45.69750301241052,1.254027075983352,0.011514081971713603,0.02698632126358198,0,4,3,-1980.1266644743014,1.0,USDJPY=X,0.0,112.36599731445312,0,2016-03-25 00:00:00+00:00
2016-03-28 00:00:00+01:00,0.21996503936007405,0.2160423990169853,0.2200333667792158,0.2194603880353201,0.6388221551468025,0.0749032542610807,0.5544024037606705,46.602662545339825,-0.6579990100960202,-0.7586848516722622,0.10068584157624194,57.18870228820868,1.2281678770570859,0.011114305199259518,0.02687435300684556,0,0,3,-1899.2307633983341,1.0,USDJPY=X,0.0,112.4800033569336,0,2016-03-28 00:00:00+01:00
2016-03-29 00:00:00+01:00,0.218247783010187,0.2177316922489685,0.22131323416245996,0.218066909470499,0.6647843547912781,0.08158534965996718,0.5958081434903961,50.80990906786617,-0.5420825482287768,-0.7153643909835652,0.17328184275478842,73.75726597495061,1.2011557768473722,0.010825631644727121,0.026429379113581383,0,1,3,-1838.5739041806773,1.0,USDJPY=X,0.0,111.72200012207031,0,2016-03-29 00:00:00+01:00
2016-03-30 00:00:00+01:00,0.20661619543054566,0.20004226021510574,0.20184033929401757,0.20698373578598073,0.5675347301561389,0.08546940653128586,0.5335427437645459,50.2188477073085,-0.45194751055916527,-0.6626810148986853,0.21073350433951998,71.45906689692153,1.1546443229556513,0.01059556643786057,0.026297090988453554,0,2,3,-1748.6682256633899,1.0,USDJPY=X,0.0,111.25,0,2016-03-30 00:00:00+01:00
2016-03-31 00:00:00+01:00,0.20172373283129885,0.1991326121832111,0.20310401521157306,0.20189578357764737,0.48548559738444463,0.1030306551204105,0.4708889384027075,45.668453837161735,-0.4307424439497822,-0.6162933007089046,0.18555085675912242,60.21173010644216,1.1673126379175243,0.010247109689638637,0.02540334860353676,0,3,3,-1677.8783840078945,1.0,USDJPY=X,0.0,110.37799835205078,0,2016-03-31 00:00:00+01:00
2016-04-01 00:00:00+01:00,0.20391078127748097,0.1965499057820277,0.1991024984049552,0.20374308221090853,0.5359841184991008,0.08220660906185087,0.43462927449482985,43.710374255213466,-0.43426871359893937,-0.5798883832869116,0.14561966968797224,50.71088406322355,1.1246474276965739,0.010388486426644106,0.025429016503379174,0,4,4,-1618.5556849918626,1.0,USDJPY=X,0.0,109.6989974975586,0,2016-04-01 00:00:00+01:00
2016-04-04 00:00:00+01:00,0.19135567711180568,0.18441577111570062,0.18730868423700242,0.19146076533274559,0.5951035399722595,0.09588261517011125,0.40996385694936494,44.63848702890352,-0.4229880301507052,-0.5485083126596704,0.1255202825089652,55.298152163665506,1.088387211041908,0.00999864326219588,0.02470404902264426,0,0,4,-1426.575945875991,1.0,USDJPY=X,0.0,108.427001953125,0,2016-04-04 00:00:00+01:00
2016-04-05 00:00:00+01:00,0.1838874535847015,0.17647258569931656,0.16961783938609876,0.18381270421748552,0.4745154753933283,0.09292926179207253,0.30309519992315803,39.92497214457561,-0.4697970059550016,-0.5327660513187367,0.06296904536373504,33.0874996636604,1.1067167831605664,0.009741923791667785,0.024860527164479753,0,1,4,-1279.544149674937,1.0,USDJPY=X,0.0,108.31099700927734,0,2016-04-05 00:00:00+01:00
2016-04-06 00:00:00+01:00,0.16971236388728794,0.16648256828092012,0.16299194554921326,0.16968321232907102,0.5136181196949942,0.18663628344604527,0.2729930241024452,37.284852655557906,-0.5387693243035017,-0.5339667059156897,-0.00480261838781193,32.26414324754252,1.147594216827111,0.009948016028409586,0.02663400283935685,0,2,4,-1238.1152169603317,1.0,USDJPY=X,1.0,107.93000030517578,0,2016-04-06 00:00:00+01:00
2016-04-07 00:00:00+01:00,0.15940907298191176,0.15259420093183151,0.132632452987276,0.15868101171587612,0.4574199415597384,0.15462245449630563,0.2572951755597285,32.949824300967876,-0.6562290291217465,-0.5584191705569012,-0.09780985856484536,17.927632788428305,1.181051580943255,0.01039694716302843,0.03204652840823706,0,3,4,-1226.2921561053681,0.0,USDJPY=X,0.0,108.63999938964844,0,2016-04-07 00:00:00+01:00
2016-04-08 00:00:00+01:00,0.1396935017531613,0.14148335833626113,0.14010079743586523,0.138070212677317,0.48365115924145496,0.31297602223255017,0.22817227307323967,30.022664434946748,-0.794942780216644,-0.6057238924888497,-0.18921888772779427,32.187867681049475,1.2836904834344733,0.010766293292420834,0.03839475038319382,0,4,4,-1316.251550544328,0.0,USDJPY=X,1.0,109.41999816894531,1,2016-04-08 00:00:00+01:00
2016-04-11 00:00:00+01:00,0.13638864227859426,0.1306000516789141,0.1310772070883517,0.13619052481552663,0.39898742037953827,0.135042112851059,0.11981641665961296,25.45970454781515,-0.996032198092351,-0.68378555360955,-0.31224664448280104,11.072384327304366,1.2975695079157163,0.01183921403627333,0.049450924853534,0,0,4,-1487.6504071076042,0.0,USDJPY=X,0.0,109.31600189208984,1,2016-04-11 00:00:00+01:00
2016-04-12 00:00:00+01:00,0.13052421307969908,0.13449864947010526,0.13496526003617504,0.13001703895942063,0.5626845271095476,0.11748204987147992,0.16829240547627422,25.085256512196096,-1.1514840486655231,-0.7773252526207446,-0.37415879604477853,10.5718310561484,1.2593860065132545,0.01198003474942229,0.055896730448706584,0,1,4,-1718.6840842002111,0.0,USDJPY=X,0.0,108.01699829101562,0,2016-04-12 00:00:00+01:00
2016-04-13 00:00:00+01:00,0.14220449786690148,0.14621030591562456,0.1452687177669323,0.14152151986083994,0.5246161719585171,0.1174832354810255,0.1743583728822829,23.84485500046793,-1.290547383217671,-0.87996967874013,-0.41057770447754105,4.34638974768126,1.2234301727263144,0.011668544454297205,0.061496972666292254,0,2,4,-2041.8314377674815,0.0,USDJPY=X,0.0,109.072998046875,1,2016-04-13 00:00:00+01:00
2016-04-14 00:00:00+01:00,0.1542412363256942,0.1486793682779457,0.15111705045384305,0.15416024187583566,0.6816336536435375,0.13069092581878194,0.29856180373693997,30.71987054446069,-1.3281549419177736,-0.9696067313756588,-0.35854821054211483,15.947691233669094,1.2396849031691335,0.011261323449923423,0.06367767899827143,0,3,4,-2279.933658251141,0.0,USDJPY=X,0.0,109.23999786376953,0,2016-04-14 00:00:00+01:00
2016-04-15 00:00:00+01:00,0.1528318600368097,0.1518794951825213,0.1464998871541361,0.15247513663124068,0.6909859394462723,0.09821233792717511,0.4148862558805569,37.40534874247028,-1.2802617597369874,-1.0317377370479246,-0.24852402268906282,28.692779495362522,1.2149215344927111,0.011329600840013271,0.06365874420111109,0,4,4,-2474.687417878948,0.0,USDJPY=X,0.0,109.83799743652344,1,2016-04-15 00:00:00+01:00
2016-04-18 00:00:00+01:00,0.13300282678638098,0.13907935935496774,0.13439831153912607,0.1314267121385062,0.5645423964064414,0.1731167777978014,0.5095346504213212,36.89414991810349,-1.2364447329942294,-1.0726791362371857,-0.16376559675704372,26.993492570060837,1.2077132850632653,0.011113848965058275,0.06528736297373963,0,0,4,-2701.950154638904,0.0,USDJPY=X,1.0,109.43699645996094,1,2016-04-18 00:00:00+01:00
2016-04-19 00:00:00+01:00,0.148506336755033,0.147656076207189,0.1494321492304358,0.14853762015074823,0.394513129168907,0.1667441264903112,0.413378940287583,31.164884894172943,-1.291648834258737,-1.116473075841496,-0.1751757584172411,7.016437097280502,1.2248050930009897,0.01118077065805408,0.07023928169017563,0,1,4,-2965.0746564366577,0.0,USDJPY=X,1.0,111.43599700927734,1,2016-04-19 00:00:00+01:00
2016-04-20 00:00:00+01:00,0.15046658475483232,0.14830584250572088,0.14899473245889538,0.1512436042090668,0.7313691932916375,0.10458498923466532,0.5306021342035558,39.40304706360758,-1.2359409691494534,-1.1403666545030875,-0.0955743146463659,28.321548023794517,1.2411049384785977,0.011229223684441313,0.07006396600144241,0,2,4,-3111.4651178007266,0.0,USDJPY=X,0.0,111.13600158691406,1,2016-04-20 00:00:00+01:00
2016-04-21 00:00:00+01:00,0.16098048490306227,0.15355255355180986,0.1582289354593347,0.160933299328764,0.6031362247801875,0.11499701226394514,0.4859548869570517,40.61349174160396,-1.1648884858027344,-1.145271020763017,-0.019617465039717397,32.72416486202619,1.205312120956131,0.01136126842501726,0.06960658781147513,0,3,4,-3185.8741963317707,0.0,USDJPY=X,0.0,111.2300033569336,1,2016-04-21 00:00:00+01:00
2016-04-22 00:00:00+01:00,0.15532666494702063,0.1811182350349576,0.1572569531221224,0.15443567394134505,0.6644613657568637,0.07661290322580645,0.470953025456438,44.860894431665024,-1.048241833664079,-1.1258651833432296,0.07762334967915052,53.42825857064643,1.1615757065546888,0.010973544211352668,0.06765536720917925,0,4,4,-3161.4037075111055,0.0,USDJPY=X,0.0,111.5199966430664,1,2016-04-22 00:00:00+01:00
2016-04-25 00:00:00+01:00,0.18727326907691477,0.1798675309562272,0.18275628680004985,0.18682650956984248,0.5225442289946034,0.34965048230596313,0.4470468024468596,42.657654186076385,-0.9768949124987358,-1.0960711291743308,0.11917621667559497,45.86125780503785,1.2393202989436394,0.010614104408280865,0.06518960058380294,0,0,4,-3149.7993364358713,0.0,USDJPY=X,1.0,108.07599639892578,0,2016-04-25 00:00:00+01:00
2016-04-26 00:00:00+01:00,0.18168421393499012,0.17747964290737883,0.1798403397884134,0.18196552920723397,0.8634099193810607,0.09308576225208905,0.7161761632576131,54.62205423818661,-0.7503991907000795,-1.0269367414794806,0.276537550779401,97.56849882776423,1.2947978825709912,0.01112136412115075,0.05930380573033798,0,1,4,-2970.342453516146,0.0,USDJPY=X,0.0,106.4530029296875,0,2016-04-26 00:00:00+01:00
2016-04-27 00:00:00+01:00,0.1837254179524357,0.17877917550444256,0.185559017150841,0.18348868830918197,0.5374552597810236,0.09821233792717511,0.6039409779816327,52.84022323174469,-0.5883249786452325,-0.939214388912631,0.3508894102673985,89.80865323134488,1.2567404201161436,0.011650571048827888,0.05398262580209153,0,2,4,-2745.6388084430514,0.0,USDJPY=X,0.0,106.39600372314453,0,2016-04-27 00:00:00+01:00
2016-04-28 00:00:00+01:00,0.18829380928715067,0.1863649460810466,0.1357104382547727,0.18818759890613412,0.5924787539785971,0.055788857167246825,0.5977985652396538,53.35370113620553,-0.4471404835164208,-0.840799607833389,0.39365912431696826,92.24015440358065,1.1926161872269883,0.011298573965545096,0.0504308217176346,0,3,4,-2534.733080328477,0.0,USDJPY=X,0.0,106.68000030517578,0,2016-04-28 00:00:00+01:00
2016-04-29 00:00:00+01:00,0.13279221754352744,0.12523957266371344,0.11558963756083851,0.1323826888721613,0.6198717818232092,0.6065270176703247,0.5722177416118709,54.98214000917359,-0.30829686498022113,-0.7342990592627555,0.4260021942825344,92.05059556332641,1.386215022277181,0.010694191383847548,0.048090777334994936,0,4,4,-2309.029151605076,0.0,USDJPY=X,1.0,106.91999816894531,0,2016-04-29 00:00:00+01:00
2016-05-02 00:00:00+01:00,0.10646705096261644,0.10409025592216192,0.10729503396623419,0.1060844896514559,0.09902537089704977,0.2147624986958295,0.3277209892016587,38.01066330132766,-0.4707379597909238,-0.6815868393683893,0.21084887957746545,26.58886508048312,1.6309136963974493,0.012826298794048955,0.04672359791898078,0,0,5,-2266.9111110554645,0.0,USDJPY=X,1.0,107.2750015258789,1,2016-05-02 00:00:00+01:00
2016-05-03 00:00:00+01:00,0.10546270195590979,0.09783636373776106,0.09666762332273104,0.10516090214633023,0.34576939758241587,0.09199737268924699,0.04331170401539142,32.86265823776563,-0.7221116531597289,-0.6896918021266573,-0.032419851033071656,4.543112772666338,1.648705379041772,0.015320504368248515,0.051101872340570585,0,1,5,-2229.9162596367223,0.0,USDJPY=X,0.0,107.36000061035156,1,2016-05-03 00:00:00+01:00
2016-05-04 00:00:00+01:00,0.11020932012641982,0.11321920596649782,0.10872062454067533,0.10976264505769429,0.570996570016006,0.13411022374823345,0.06151269070450882,32.69518169254576,-0.9153746071397535,-0.7348283631292766,-0.18054624401047692,13.55937529080061,1.5961551386930852,0.015495933318434647,0.05436152404196332,0,2,5,-2266.3200260325025,0.0,USDJPY=X,0.0,108.33100128173828,1,2016-05-04 00:00:00+01:00
2016-05-05 00:00:00+01:00,0.11416219853307696,0.11459991287703453,0.11724203225389407,0.11365145407238297,0.6208374570811196,0.16565692253701472,0.07688012945570427,34.48665388519106,-1.0337048339747241,-0.7946036572983661,-0.239101176676358,18.05797763509161,1.5582870496499965,0.014962084121925567,0.05691703527648469,0,3,5,-2283.030856481164,0.0,USDJPY=X,1.0,109.19400024414062,1,2016-05-05 00:00:00+01:00
2016-05-06 00:00:00+01:00,0.12091763831397406,0.11438873573175545,0.11176635047576955,0.11940375633459754,0.6143125144249614,0.09712513397387865,0.07386740381378648,36.03610459695845,-1.0954884603512767,-0.8547806179089483,-0.24070784244232835,21.859625334005273,1.5009092070619945,0.014574327313284577,0.058922970098272354,0,4,5,-2354.10511256825,0.0,USDJPY=X,0.0,108.41500091552734,1,2016-05-06 00:00:00+01:00
2016-05-09 00:00:00+01:00,0.12060975825297149,0.1334589986064043,0.12432165792698324,0.12078104028515368,0.6309626153117409,0.1476297293964773,0.37199477665636577,38.35847313279938,-1.10309088034559,-0.9044426703962768,-0.19864820994931331,27.482999116570408,1.4615583314320084,0.013991229883132807,0.06006947664349389,0,0,5,-2337.213371378074,0.0,USDJPY=X,0.0,109.0999984741211,1,2016-05-09 00:00:00+01:00
2016-05-10 00:00:00+01:00,0.13732835006815747,0.1442611309502786,0.14165604333478932,0.13651466434683956,0.5916470219267755,0.20963473741119784,0.5123638329440027,38.93020078540278,-1.089695802316598,-0.9414932967803411,-0.1482025055362568,28.829413492181466,1.4535183808609722,0.013613620744438466,0.06106626312965216,0,1,5,-2390.338355715816,0.0,USDJPY=X,1.0,108.66100311279297,1,2016-05-10 00:00:00+01:00
2016-05-11 00:00:00+01:00,0.15093637685112737,0.14343265723185672,0.14364870600525403,0.1504982810838622,0.7199863958393138,0.14669784029365177,0.5975336199382718,45.184894276815434,-0.9893241542651197,-0.9510594682772969,-0.03826468598782273,44.21039401443217,1.4854814234110811,0.01341738157741921,0.060224971371662356,0,2,5,-2402.1954595470006,0.0,USDJPY=X,0.0,109.08000183105469,0,2016-05-11 00:00:00+01:00
2016-05-12 00:00:00+01:00,0.13846235230007164,0.14616160132754086,0.14044094181429956,0.1378757536831312,0.7032203489145687,0.11965764338761843,0.6449270935903947,50.078639744876796,-0.830567827260893,-0.9269611400740162,0.09639331281312324,57.88059077390124,1.4421611647913164,0.01360405718345127,0.05981952975657011,0,3,5,-2408.2646024825485,0.0,USDJPY=X,0.0,108.94999694824219,1,2016-05-12 00:00:00+01:00
2016-05-13 00:00:00+01:00,0.14951080935871341,0.14739619447382624,0.14484749246108053,0.1489751219819142,0.46837096669175726,0.17653489011770732,0.5604905318021514,46.07955259969907,-0.7588633257394264,-0.8933415772070983,0.1344782514676719,45.54097675166202,1.4202926235143696,0.01330222895921009,0.06010701357183201,0,4,5,-2532.732297167691,0.0,USDJPY=X,1.0,110.13999938964844,1,2016-05-13 00:00:00+01:00
2016-05-16 00:00:00+01:00,0.14220449786690148,0.13953418337091517,0.14677538926879086,0.1418618540064176,0.6775894059478718,0.14607658089176806,0.587186036221003,49.870423571897746,-0.6393928902352002,-0.8425518398127188,0.20315894957751857,56.39157080065792,1.3930575407521826,0.013018264375606459,0.05962106062638928,0,0,5,-2399.3190190423948,0.0,USDJPY=X,0.0,109.88099670410156,1,2016-05-16 00:00:00+01:00
2016-05-17 00:00:00+01:00,0.14866837238729902,0.1504499597536515,0.15030698277351662,0.14865110607361087,0.516743934867455,0.052369559237795335,0.5440645505080304,47.5625792760462,-0.5735237414961176,-0.7887462201493985,0.21522247865328092,49.437735133064315,1.3269102335025846,0.01282021609266898,0.05954514376056983,0,1,5,-2238.394471142985,0.0,USDJPY=X,0.0,110.05000305175781,1,2016-05-17 00:00:00+01:00
2016-05-18 00:00:00+01:00,0.14795558864109193,0.15332514154383614,0.14871935394321523,0.14654456998910503,0.6392948268474458,0.122921626466599,0.49821227722898287,49.94358603381964,-0.4819565763093294,-0.7273882913813847,0.2454317150720553,56.074817180832355,1.302202015268304,0.012164560058934818,0.059318703177134,0,2,5,-2055.0151299245153,0.0,USDJPY=X,0.0,109.3740005493164,1,2016-05-18 00:00:00+01:00
2016-05-19 00:00:00+01:00,0.16699063493372046,0.16204809609055837,0.16414215760797424,0.16582679254291155,0.5607880398814978,0.16565692253701472,0.41760641378949087,49.197152865226805,-0.4150942970704392,-0.6649294925191956,0.24983519544875643,79.69143649807349,1.2853305778984139,0.01195229051623497,0.0592862736583954,0,3,5,-1912.963731267924,0.0,USDJPY=X,1.0,110.16999816894531,0,2016-05-19 00:00:00+01:00
2016-05-20 00:00:00+01:00,0.16230890517430074,0.16562162483710918,0.16660461998135645,0.16163003861117464,0.7491959244311424,0.10116569130521383,0.5774831619065289,55.720713365755394,-0.2630499314341108,-0.5845535803021787,0.3215036488680679,95.51488095709576,1.2939502408610273,0.011669970810070807,0.059054214153223504,0,4,5,-1711.2292864082337,0.0,USDJPY=X,0.0,110.11100006103516,0,2016-05-20 00:00:00+01:00
2016-05-23 00:00:00+01:00,0.1648037100845119,0.15733738337388936,0.1582289354593347,0.16436853552103203,0.5427510542187771,0.11173184357541899,0.5003669799090318,54.09263291512285,-0.16159031582039063,-0.49996092740582115,0.3383706115854305,86.19935825766046,1.2528819479870255,0.011775923769107272,0.05961850697580535,0,0,5,-1438.2247139131414,0.0,USDJPY=X,0.0,109.71299743652344,0,2016-05-23 00:00:00+01:00
2016-05-24 00:00:00+01:00,0.153091042890251,0.15701243825949884,0.15547490310458367,0.1534149187506313,0.6032451279529535,0.11282141874780661,0.5499214386779765,55.01626318155019,-0.06677569105848136,-0.41332388013635324,0.3465481890778719,87.74479567549119,1.215247919859325,0.011384660729157638,0.056422350548015705,0,1,5,-1145.555869030378,0.0,USDJPY=X,0.0,110.7699966430664,1,2016-05-24 00:00:00+01:00
2016-05-25 00:00:00+01:00,0.16632654839507466,0.16346127272648392,0.16665319437842196,0.16631287821687146,0.48378974806795744,0.13613050241390104,0.4610420089649788,50.628522110838205,-0.04565587765279133,-0.33979027963964087,0.29413440198684954,70.71157553460651,1.1913019886416945,0.011110939654359386,0.05344253659305497,0,2,5,-927.567181483074,0.0,USDJPY=X,0.0,110.84100341796875,1,2016-05-25 00:00:00+01:00
2016-05-26 00:00:00+01:00,0.1653382669949237,0.15831197085656257,0.1596060752356847,0.16535690148321636,0.6925115524618521,0.0905983534254631,0.535955828018427,55.16306930582822,0.034909665215550945,-0.2648502906686025,0.29975995588415344,90.10724663006884,1.1825661497487607,0.010813306784437237,0.050253614352094855,0,3,5,-708.0169203817314,0.0,USDJPY=X,0.0,110.66999816894531,1,2016-05-26 00:00:00+01:00
2016-05-27 00:00:00+01:00,0.15855044480696812,0.15610279022760398,0.16062663196996252,0.15890785993859136,0.5709953456531159,0.10893499065739677,0.43497495010398773,54.761606810515865,0.09292658432224243,-0.19329491567043353,0.286221499992676,86.03192937585084,1.1513110759943852,0.01073976395721824,0.04593342096629868,0,4,5,-442.42731187399613,0.0,USDJPY=X,0.0,109.47699737548828,0,2016-05-27 00:00:00+01:00
2016-05-30 00:00:00+01:00,0.17607896758953645,0.1793314086965574,0.18058551800701106,0.17603496256509832,0.5231085048530717,0.07801073688004477,0.42382384961426856,52.01162684102608,0.10557294594822508,-0.13352134334670182,0.2390942892949269,63.024888697118875,1.1135746490399872,0.010493843964663333,0.04685550200740056,0,0,5,-202.3300440544627,0.0,USDJPY=X,0.0,108.86000061035156,0,2016-05-30 00:00:00+01:00
2016-05-31 00:00:00+01:00,0.17756929989606718,0.17786952747254792,0.1815089259471574,0.17718552191594883,0.7291604804358358,0.10877967580692585,0.4949383996450796,58.03832659586162,0.1985969785594932,-0.06709767896546281,0.265694657524956,79.5468458541293,1.1559622264244076,0.010053034962420854,0.045741760617260804,0,1,5,224.55029906845166,0.0,USDJPY=X,0.0,106.72100067138672,0,2016-05-31 00:00:00+01:00
2016-06-01 00:00:00+01:00,0.17426456401847368,0.16965010152985682,0.15369285308704517,0.174414635777562,0.5892936355282893,0.08593653669224421,0.5554708516848279,58.41614066936117,0.27488020007267266,0.0012978968421642823,0.27358230323050836,81.78116755132073,1.113393866536113,0.010429012646749563,0.043631503738817426,0,2,6,585.5645844718218,0.0,USDJPY=X,0.0,107.43800354003906,0,2016-06-01 00:00:00+01:00
2016-06-02 00:00:00+01:00,0.15403062708284065,0.14720125219124158,0.14505810511400652,0.15508382938096132,0.5553296142191684,0.2741259686429987,0.4772818261564799,57.08314852960472,0.3178722745546594,0.0646127723846633,0.2532595021699961,74.19131256645532,1.1610804374531762,0.010060485090425692,0.040764231700318884,0,3,6,885.6795333277313,0.0,USDJPY=X,1.0,107.25399780273438,0,2016-06-02 00:00:00+01:00
2016-06-03 00:00:00+01:00,0.14622214108767562,0.14210065490940393,0.11443942550207753,0.1450863129672253,0.41167084765162937,0.1421913384109038,0.3865638163815543,48.72906554661398,0.25276489326557794,0.10224319656084623,0.1505216967047317,32.83780469473168,1.231217387756465,0.010605702250591138,0.036294333892474065,0,4,6,1042.3812663310016,0.0,USDJPY=X,1.0,106.77999877929688,0,2016-06-03 00:00:00+01:00
2016-06-06 00:00:00+01:00,0.11019312892289057,0.11438873573175545,0.11311098372176787,0.11042699511157528,0.4916721946613059,0.3871015166317307,0.3687929696244655,45.056456210575085,0.14965520992828374,0.11172559923433373,0.03792961069395001,46.477125361092455,1.346130169908905,0.011310099034111044,0.03230008544186919,0,0,6,1069.22180067414,1.0,USDJPY=X,1.0,107.08999633789062,1,2016-06-06 00:00:00+01:00
2016-06-07 00:00:00+01:00,0.1216142308566519,0.12171474850524633,0.12339824998683668,0.12204496193585723,0.27373103471387633,0.13473148315011713,0.11523395483099197,35.16234033545351,-0.10346667624973804,0.06868714413751938,-0.1721538203872574,3.412136466640007,1.414620893856539,0.012613545238897107,0.03607023552809434,0,1,6,890.3185936200126,0.0,USDJPY=X,0.0,106.50399780273438,0,2016-06-07 00:00:00+01:00
2016-06-08 00:00:00+01:00,0.11905453753535022,0.11177355960518298,0.11393724286778295,0.11906342218901966,0.6838133450664382,0.10613813773937457,0.16679047274609154,39.924583393693645,-0.2434056268813265,0.006268589933750202,-0.2496742168150767,18.150125849780057,1.39586228909865,0.013166857603877109,0.038363146463586455,0,2,6,763.0207304462216,0.0,USDJPY=X,0.0,106.22599792480469,0,2016-06-08 00:00:00+01:00
2016-06-09 00:00:00+01:00,0.1119589588833656,0.10532472513819768,0.10862347574654407,0.11138297184523038,0.5526876870693143,0.10178695070709753,0.16533748944177679,39.13026938961513,-0.36494907292319567,-0.06797494263763898,-0.2969741302855567,14.367889095371394,1.3555864636217376,0.01301454787415918,0.04214073372242281,0,3,6,545.5189031783352,0.0,USDJPY=X,0.0,106.08699798583984,0,2016-06-09 00:00:00+01:00
2016-06-10 00:00:00+01:00,0.11639782058984682,0.11110755844395648,0.11537902490791252,0.11640602197349548,0.5105910804275775,0.09106429797687587,0.22023940539556783,37.08352503082429,-0.4938283436527371,-0.1531456228406586,-0.3406827208120785,9.762720113001727,1.328472996563377,0.012695134661160594,0.046574235975652085,0,4,6,247.51863307162054,0.0,USDJPY=X,0.0,105.8499984741211,0,2016-06-10 00:00:00+01:00
2016-06-13 00:00:00+01:00,0.10674254861656052,0.10145872100264519,0.09998872777350543,0.10691078584798386,0.624475216137441,0.08158534965996718,0.29403684504030214,39.31899598901838,-0.5644453078561327,-0.23540555984375344,-0.32903974801237923,15.791457211872304,1.271082177228772,0.012405201624732302,0.049527511803335166,0,0,6,-39.060527638743146,0.0,USDJPY=X,0.0,104.74299621582031,0,2016-06-13 00:00:00+01:00
2016-06-14 00:00:00+01:00,0.10217403368487199,0.0978525986004557,0.09841729040889269,0.10240621062220812,0.49422029250414584,0.13690707666625565,0.41937930383912125,36.666828555545806,-0.6600858859441132,-0.3203416250638254,-0.3397442608802878,13.37437301114632,1.276361563948759,0.011934595916136945,0.054090801623714414,0,1,6,-447.6988957640975,0.0,USDJPY=X,0.0,104.64800262451172,0,2016-06-14 00:00:00+01:00
2016-06-15 00:00:00+01:00,0.09997091763213417,0.09730036540834086,0.10065294866366026,0.10015392300932024,0.5387283538088161,0.11748204987147992,0.33790095342971055,35.44533722450096,-0.7496722449539419,-0.40620774904184875,-0.34346449591209316,10.013786321272836,1.2463353935397519,0.01201552905016972,0.058777806842236865,0,2,6,-853.1478012018504,0.0,USDJPY=X,0.0,103.8239974975586,0,2016-06-15 00:00:00+01:00
2016-06-16 00:00:00+01:00,0.09666605815756713,0.08901600001487164,0.06572486719908155,0.0963136978374255,0.5589730642932572,0.09075366827593402,0.34142758781303084,34.82072633021484,-0.8224060285405557,-0.48944740494159017,-0.3329586235989655,7.605608111591216,1.1990256964147026,0.011748238871893696,0.06306436010773246,0,3,6,-1254.9198763067836,0.0,USDJPY=X,0.0,104.66999816894531,0,2016-06-16 00:00:00+01:00
2016-06-17 00:00:00+01:00,0.07905657935735255,0.07189503603581837,0.07333905843784239,0.0783763700056459,0.5445795032338809,0.3465429996869991,0.36055759001305,33.729346570886136,-0.8889249821026084,-0.5693429203737939,-0.31958206172881454,28.498086775293302,1.2888810561295005,0.011327592949449577,0.06607533333579568,0,4,6,-1611.139944046719,0.0,USDJPY=X,1.0,104.6500015258789,0,2016-06-17 00:00:00+01:00
2016-06-20 00:00:00+01:00,0.07720966978225796,0.07233362518907094,0.07657920556017395,0.07683713991244279,0.41667232370144214,0.10971275051929698,0.2441971646966473,29.135775954915047,-1.019218644591433,-0.6593180652173217,-0.35990057937411135,14.454523386061997,1.3218181235488218,0.012305176505298679,0.07244085706838962,0,0,6,-1983.0976930081001,0.0,USDJPY=X,0.0,104.89600372314453,0,2016-06-20 00:00:00+01:00
2016-06-21 00:00:00+01:00,0.06318042451358097,0.07082291544672814,0.0654818716147787,0.06348536037776209,0.5652191083525445,0.08282786846373458,0.28375403720970294,28.773643201614192,-1.1172633829467031,-0.7509071287631981,-0.36635625418350504,14.150755303669829,1.2654737669630243,0.012631087936686639,0.07649206052394592,0,1,6,-2311.8312593630344,0.0,USDJPY=X,0.0,102.12699890136719,0,2016-06-21 00:00:00+01:00
2016-06-22 00:00:00+01:00,0.07738789661805301,0.07122903487459187,0.07711377112584583,0.07719354504927556,0.45686242265340077,0.17482524115298156,0.23806467568873546,25.78034346663729,-1.2470793176207877,-0.8501415665347161,-0.39693775108607166,3.5867429038293595,1.2554399264656655,0.012188644219683235,0.08340497080003384,0,2,6,-2705.945574198355,0.0,USDJPY=X,1.0,101.81199645996094,0,2016-06-22 00:00:00+01:00
2016-06-23 00:00:00+01:00,0.07601090273622679,0.09129012009460835,0.07581771227691303,0.076869529140972,0.7060524001282971,0.06713276929935218,0.3196099889986138,33.43659764463037,-1.2670879955867633,-0.9335308523451256,-0.33355714324163777,19.13659009133684,1.2329800668673925,0.011994267205768842,0.08336604386310571,0,3,6,-3022.7256724698,0.0,USDJPY=X,0.0,102.70099639892578,0,2016-06-23 00:00:00+01:00
2016-06-24 00:00:00+01:00,0.08116254818891488,0.08313575753294522,0.00648017064568851,0.08085562946425862,0.57635278921831,0.27148443057544747,0.3374093844357239,33.349028388897295,-1.2699197348008795,-1.0008086288362763,-0.2691111059646032,24.307254011341954,1.269695894087523,0.011781940266503376,0.0828868825262059,0,4,6,-3226.9774446671768,0.0,USDJPY=X,1.0,102.77799987792969,0,2016-06-24 00:00:00+01:00
2016-06-27 00:00:00+01:00,0.03769769490408437,0.03278004673409707,0.030408066959003,0.03598801796341222,0.6158835527360487,0.8585864214509964,0.4501654258097342,35.58408901237841,-1.2380422072260728,-1.0482553445142357,-0.1897868627118371,62.31649619640955,1.573646296358336,0.012104330470383534,0.08148025561432577,0,0,6,-3410.7257622486622,0.0,USDJPY=X,1.0,103.072998046875,1,2016-06-27 00:00:00+01:00
2016-06-28 00:00:00+01:00,0.030067435744714377,0.03922875727083275,0.032595150816705054,0.030883871140814145,0.16877434858103546,0.14732028530508104,0.22504109209806358,25.299883391472832,-1.4198474667639402,-1.1225737689641766,-0.29727369779976365,29.555416209109,1.7073863305400507,0.015408719665581688,0.08553365276103238,0,1,6,-3657.0099867672207,0.0,USDJPY=X,0.0,102.48799896240234,1,2016-06-28 00:00:00+01:00
2016-06-29 00:00:00+01:00,0.04531176285992511,0.03908264350658164,0.04239642591316772,0.04528879509473782,0.5313535116281536,0.1880341171002836,0.26655168209805236,24.434721880057126,-1.5712352868928008,-1.2123060725499015,-0.35892921434289926,25.37596893920173,1.6718586701066653,0.016769991650360236,0.08510983778441422,0,2,6,-3958.9252954079525,0.0,USDJPY=X,1.0,102.51799774169922,0,2016-06-29 00:00:00+01:00
2016-06-30 00:00:00+01:00,0.0460245466061322,0.04156794073159742,0.04570121529927884,0.04653652213117665,0.7151252490927676,0.09261863209113069,0.27155124662244023,31.54900183851109,-1.6010207885932317,-1.2900490157585676,-0.31097177283466415,37.64311033300031,1.6220120974441914,0.01627889435086486,0.07790432226740249,0,3,6,-4155.025708367987,0.0,USDJPY=X,0.0,101.14099884033203,0,2016-06-30 00:00:00+01:00
2016-07-01 00:00:00+01:00,0.05119238326234954,0.04496288598850784,0.04670570416684283,0.05131652942246179,0.5909850383790244,0.08469401788847682,0.2796862598837617,32.144916886366985,-1.5999690290523034,-1.3520330184173148,-0.2479360106349886,42.16143629403845,1.5450830760795953,0.015781705222622244,0.07330060019736105,0,4,7,-4280.1052820707055,0.0,USDJPY=X,0.0,101.1500015258789,0,2016-07-01 00:00:00+01:00
2016-07-04 00:00:00+01:00,0.041666640917297215,0.03924499213352739,0.046770470029597,0.04183748791121489,0.6239635955145727,0.10753715700315845,0.28417130316362404,34.497558169815505,-1.557379118167887,-1.3931022383674294,-0.1642768798004577,48.2039899207995,1.484148666557727,0.0149901827380332,0.0679738260268861,0,0,7,-4402.744394335111,0.0,USDJPY=X,0.0,100.79000091552734,0,2016-07-04 00:00:00+01:00
2016-07-05 00:00:00+01:00,0.04255765149929913,0.03477805021777636,0.030570105214863252,0.0423235735851748,0.4910544048745374,0.05221424438732441,0.4684391362022629,32.11929515229811,-1.5529296378241497,-1.4250677182587734,-0.1278619195653763,39.31527500155045,1.4219236876894854,0.014481194691899351,0.06968495045609482,0,1,7,-4525.088002712029,0.0,USDJPY=X,0.0,100.69200134277344,0,2016-07-05 00:00:00+01:00
2016-07-06 00:00:00+01:00,0.02052562579310635,0.0145057878524808,0.010400606524888723,0.020011351064746385,0.5838763226926276,0.1648803482846601,0.4983916847839946,32.37674974744148,-1.5293533088607916,-1.4459248363791772,-0.08342847248161434,42.22661338201023,1.396143755616799,0.013869990821242089,0.06792774814313386,0,2,7,-4595.276559826287,0.0,USDJPY=X,1.0,102.52400207519531,1,2016-07-06 00:00:00+01:00
2016-07-07 00:00:00+01:00,0.01947257957883841,0.013807316965865235,0.01679981984213441,0.020157226216138246,0.3704259526199456,0.16441440373324734,0.3034621641748985,27.264951267536034,-1.6032993645243607,-1.4773997420082141,-0.12589962251614661,19.379445574584384,1.460919301916213,0.013803934819952146,0.07012958104324352,0,3,7,-4814.655379688515,0.0,USDJPY=X,1.0,104.75599670410156,1,2016-07-07 00:00:00+01:00
2016-07-08 00:00:00+01:00,0.014644881793708375,0.012556488956885214,0.008472833316153006,0.0143239508826003,0.5807083656839767,0.09634855972152402,0.29773299877261705,27.345716578665474,-1.6422449276413857,-1.5103687791348486,-0.13187614850653717,19.528818146488923,1.4008538336780572,0.014443097181194223,0.07090091229743116,0,4,7,-5028.494842779935,0.0,USDJPY=X,0.0,104.07599639892578,1,2016-07-08 00:00:00+01:00
2016-07-11 00:00:00+01:00,0.012684757390882595,0.037523229176154915,0.01598975216180798,0.01273601332359342,0.5239713837228338,0.16425790327323084,0.24214271134649168,26.097757987418973,-1.6827607887139067,-1.5448471810506603,-0.13791360766324634,13.55568748726219,1.3762927888826937,0.01389873817792819,0.07010966453826202,0,0,7,-5248.513988765855,0.0,USDJPY=X,1.0,105.19100189208984,1,2016-07-11 00:00:00+01:00
2016-07-12 00:00:00+01:00,0.0422822774423286,0.07168385889053908,0.04685142735803982,0.0424208648937725,0.56420207057495,0.3310032153730876,0.2828954374948355,25.753211450450024,-1.7031448533213052,-1.5765067155047894,-0.12663813781651578,11.929678431233551,1.430129367020537,0.01366834277330082,0.0694586619808138,0,1,7,-5315.867369929236,0.0,USDJPY=X,1.0,105.45899963378906,1,2016-07-12 00:00:00+01:00
2016-07-13 00:00:00+01:00,0.0783923692217332,0.07254480233435023,0.07111959164876347,0.07858702361409642,0.8622882895241104,0.3617721542999687,0.43781080983629234,41.34329653802463,-1.553563707583237,-1.571918113920479,0.018354406337242057,42.32623729225503,1.6209056925765477,0.01394921518935265,0.06340378966707666,0,2,7,-5136.956830407288,0.0,USDJPY=X,1.0,106.14600372314453,1,2016-07-13 00:00:00+01:00
2016-07-14 00:00:00+01:00,0.06711711171670887,0.08981188007765462,0.07230231023787614,0.0675686283866368,0.9179096523119652,0.13721889197674308,0.7522098888735966,54.01280847883975,-1.2406152189288946,-1.5056575349221621,0.26504231599326755,86.57005991662213,1.6709837571204662,0.01547315422099443,0.05835119165531233,0,3,7,-4852.123307508189,0.0,USDJPY=X,0.0,106.13700103759766,1,2016-07-14 00:00:00+01:00
2016-07-15 00:00:00+01:00,0.08532603583842557,0.09624447968194527,0.09034949093290279,0.08563563675554375,0.47836824505043185,0.2910635866111485,0.6921657413140174,50.43840000698317,-1.0355346300094226,-1.4116329539396144,0.3760983239301918,68.46720329272982,1.6854130222717387,0.01605541926032152,0.05429067677840692,0,4,7,-4652.1419327152535,0.0,USDJPY=X,1.0,107.2040023803711,1,2016-07-15 00:00:00+01:00
2016-07-18 00:00:00+01:00,0.08979715635499175,0.09414906702209858,0.09282814477197343,0.08997814221566292,0.7459441063013235,0.17948705788620045,0.82201650150222,55.62409775489425,-0.7741116833385178,-1.2841286998193953,0.5100170164808775,82.0583269642405,1.7242409425559002,0.016022406783431146,0.0548802054195567,0,0,7,-4349.813432165392,0.0,USDJPY=X,1.0,105.81099700927734,1,2016-07-18 00:00:00+01:00
2016-07-19 00:00:00+01:00,0.10116968467816512,0.09991554153491333,0.09883851571474445,0.10111002336598496,0.6189475748283255,0.13566455786248827,0.8544164140766326,56.79424966097816,-0.5390926125822944,-1.135121482371975,0.5960288697896807,86.37460587398289,1.6714380616841618,0.016349870077882415,0.056840357587437204,0,1,7,-3888.4570172831973,0.0,USDJPY=X,0.0,106.32599639892578,0,2016-07-19 00:00:00+01:00
2016-07-20 00:00:00+01:00,0.10113730227110662,0.10400895767843932,0.10170588832931515,0.1009641482145931,0.6806396836985805,0.1331771490358623,0.7485637177765566,59.726035874105825,-0.29401361141350435,-0.9668999081802809,0.6728862967667766,94.01717711109636,1.6286209570061079,0.01574659434229566,0.0616671902827857,0,2,7,-3335.4499654587335,0.0,USDJPY=X,0.0,105.5780029296875,0,2016-07-20 00:00:00+01:00
2016-07-21 00:00:00+01:00,0.11780719687873131,0.11539591687006712,0.0950961859581183,0.11825332060675642,0.5780049414543146,0.1448328764784551,0.5534473521947922,59.6688964058929,-0.09936772944269023,-0.7933934724327628,0.6940257429900726,90.33951793427786,1.5788622605444549,0.015344516437101798,0.06525903443263541,0,3,7,-2753.9690528342403,0.0,USDJPY=X,0.0,104.8489990234375,0,2016-07-21 00:00:00+01:00
2016-07-22 00:00:00+01:00,0.09561301194329919,0.09752777741631458,0.0976719885913202,0.09568173701207394,0.7356744494931621,0.3171718944143563,0.702101917973703,64.05778817381014,0.13938191744449568,-0.6068383944573111,0.7462203119018068,96.21008715766864,1.611872125234918,0.014727642863020033,0.07142595967219707,0,4,7,-2065.5144238206485,0.0,USDJPY=X,1.0,104.95099639892578,0,2016-07-22 00:00:00+01:00
2016-07-25 00:00:00+01:00,0.10321088869561068,0.10272578387431985,0.10326113422823946,0.10402653740974444,0.3772349918518202,0.12152379281236068,0.4892252612280192,55.55756248293773,0.2137251505885871,-0.4427256854481315,0.6564508360367186,77.35511586600025,1.6111673309240533,0.015233502856925084,0.07410504746536467,0,0,7,-1511.9191024803004,0.0,USDJPY=X,0.0,104.74500274658203,0,2016-07-25 00:00:00+01:00
2016-07-26 00:00:00+01:00,0.0922595788581444,0.08534493816190358,0.07218884637908163,0.09190641392024745,0.6550206980737605,0.11763855033149642,0.5097294534273181,57.787721932906145,0.310618231564149,-0.2920569020456754,0.6026751336098244,84.32587054401256,1.5598700480790317,0.015153089418312105,0.07648670454265186,0,1,7,-825.5732515172658,0.0,USDJPY=X,0.0,102.33200073242188,0,2016-07-26 00:00:00+01:00
2016-07-27 00:00:00+01:00,0.08002854595700071,0.09957448548807757,0.0852139535332126,0.0800939881017797,0.46991344611312097,0.2494178657131204,0.3901473507477916,53.58207017900003,0.3233228104910779,-0.16898095953832476,0.4923037700294027,74.201433351233,1.6125219782385651,0.014774574293831538,0.07689584291459288,0,2,7,-351.6288870753666,0.0,USDJPY=X,1.0,102.35900115966797,0,2016-07-27 00:00:00+01:00
2016-07-28 00:00:00+01:00,0.0816971050993267,0.07746669219629809,0.08015949706094005,0.08174670411784524,0.4719356218897325,0.2606064629947549,0.33037392144058353,49.779599572417546,0.2714377922230966,-0.08089720918604049,0.3523350014091371,64.33402866702465,1.6171276907304535,0.015379469458531586,0.07721691105893734,0,3,7,-11.258201216991282,0.0,USDJPY=X,1.0,101.06800079345703,0,2016-07-28 00:00:00+01:00
2016-07-29 00:00:00+01:00,0.0790403881538233,0.07189503603581837,0.04382201648760886,0.07840888285718473,0.5944535533053742,0.09759107852529142,0.2521275852061914,50.31091351681189,0.2358303714854486,-0.01755169305174267,0.25338206453719125,63.417050211394944,1.546475595110477,0.015408407220676996,0.076887393844702,0,4,7,378.7211017289211,0.0,USDJPY=X,0.0,101.33699798583984,0,2016-07-29 00:00:00+01:00
2016-08-01 00:00:00+01:00,0.03975509012505918,0.037360756618959545,0.041553975301463986,0.03930976823281762,0.5487981350445363,0.39285172292779164,0.34853079921740554,49.17928781564087,0.18881275195718672,0.02372119595004321,0.1650915560071435,47.387673093860876,1.6269413755308781,0.014764194515818469,0.07675988988714207,0,0,8,679.5532083642402,0.0,USDJPY=X,1.0,101.1989974975586,0,2016-08-01 00:00:00+01:00
2016-08-02 00:00:00+01:00,0.03910707119296908,0.03922875727083275,0.020104732827220362,0.0397472700639836,0.221041753926896,0.08422688772751846,0.10633072636309249,38.309216386467945,-0.042666315776671127,0.010443693604700344,-0.05311000938137147,3.628885517709869,1.6969457243001569,0.01589865695858924,0.07882925378365546,0,1,8,744.0197536064375,0.0,USDJPY=X,0.0,102.1449966430664,0,2016-08-02 00:00:00+01:00
2016-08-03 00:00:00+01:00,0.019197205521867877,0.01894026004284255,0.019035478096902203,0.018828526108376042,0.5834275696526282,0.30784707533837297,0.16866109308125293,38.47309145722158,-0.2213844536707228,-0.035921935850384286,-0.1854625178203385,23.16339719759794,1.7172349710089068,0.016578373226338167,0.07906627107477139,0,2,8,675.3167877013614,0.0,USDJPY=X,1.0,102.28800201416016,1,2016-08-03 00:00:00+01:00
2016-08-04 00:00:00+01:00,0.023101386720963513,0.020840854350354432,0.020963251305637698,0.023187226182759924,0.3831681673746573,0.12400883041989547,0.11956722217857985,33.843822379851545,-0.4618686712208273,-0.1211112829244729,-0.3407573882963544,4.750589250663438,1.709646763153639,0.01699088690314806,0.0802904533037838,0,3,8,447.35970746533,0.0,USDJPY=X,0.0,101.91500091552734,1,2016-08-04 00:00:00+01:00
2016-08-05 00:00:00+01:00,0.02161093081745924,0.026818506008448262,0.021303519283046857,0.020951133184136772,0.6207177885215394,0.12369938632849921,0.13389581784050397,35.58307004139709,-0.6235603058495371,-0.22160108750948576,-0.4019592183400514,8.744015467192812,1.6443866550014816,0.01687090398506312,0.07955380083937359,0,4,8,173.48680198754377,0.0,USDJPY=X,0.0,101.13300323486328,0,2016-08-05 00:00:00+01:00
2016-08-08 00:00:00+01:00,0.03474928910110764,0.03649981317514861,0.037860343540878194,0.03627964464318634,0.5581446223518293,0.17762209407100377,0.13901847040980642,35.07363436821342,-0.7541442715799462,-0.3281097243235779,-0.42603454725636836,6.695314650226923,1.6085731611941771,0.01624904095558014,0.07839600414607195,0,0,8,-67.04753690927383,0.0,USDJPY=X,0.0,101.80799865722656,0,2016-08-08 00:00:00+01:00
2016-08-09 00:00:00+01:00,0.038718235114320265,0.034712986836748394,0.036078293523339466,0.03859683433614247,0.7247076331079586,0.11142121387447715,0.42119379609300905,41.279863409440544,-0.7723950904270254,-0.4169667975442674,-0.35542829288275796,20.739244830394348,1.5956751785237784,0.015747938852209722,0.07361247941519095,0,1,8,-348.1205566262477,0.0,USDJPY=X,0.0,101.28299713134766,0,2016-08-09 00:00:00+01:00
2016-08-10 00:00:00+01:00,0.03286999711895455,0.025047914532742688,0.02261576959766809,0.03255290539415401,0.6010979142072403,0.11142121387447715,0.4311833900606064,42.17963815576171,-0.7664841058988685,-0.4868702592151877,-0.27961384668368083,22.862246163499645,1.5329123257190667,0.01559982741967022,0.07394955127234763,0,2,8,-614.7992720039355,0.0,USDJPY=X,0.0,101.23999786376953,0,2016-08-10 00:00:00+01:00
2016-08-11 00:00:00+01:00,0.020136789714457537,0.018111910254670294,0.023522986072125995,0.01988179415062885,0.5226105290140723,0.14809567394789008,0.5111332135776486,40.439072638480624,-0.7828732044540629,-0.5460708482629628,-0.23680235619110013,19.593679747394848,1.5176328913206067,0.015041086316523974,0.07651765807778083,0,3,8,-933.293441575292,0.0,USDJPY=X,0.0,100.19999694824219,0,2016-08-11 00:00:00+01:00
2016-08-12 00:00:00+01:00,0.031087975954950275,0.030684510144000754,0.0208822939771951,0.030819092683755267,0.45998889229077555,0.07303829044588403,0.4195584513315818,36.99254494033131,-0.8491736156889829,-0.6066914017481668,-0.24248221394081604,6.464104321315801,1.4728019269154518,0.015006306969804666,0.08111802936746053,0,4,8,-1368.0255195068576,0.0,USDJPY=X,0.0,99.90599822998047,0,2016-08-12 00:00:00+01:00
2016-08-15 00:00:00+01:00,0.022210376138961596,0.017348375987026987,0.021287327817358204,0.022312222520428415,0.6831267660526954,0.21864774117669375,0.49031659369098207,41.617853296979405,-0.8375954014458955,-0.6528722016877126,-0.18472319975818285,18.3963444587593,1.4681016236117812,0.014466465762421792,0.08162519056650644,0,0,8,-1691.9938279582852,0.0,USDJPY=X,1.0,100.11199951171875,0,2016-08-15 00:00:00+01:00
2016-08-16 00:00:00+01:00,0.02199976689610783,0.014148373012700999,0.0,0.021615483238017985,0.4991230497331421,0.08717905549601161,0.3629410715388878,39.20707319712336,-0.8608593678332994,-0.69446963491683,-0.1663897329164694,9.284899971796932,1.429022766184433,0.0144950452217354,0.08308996757485092,0,1,8,-1941.1524522075183,0.0,USDJPY=X,0.0,100.55400085449219,0,2016-08-16 00:00:00+01:00
2016-08-17 00:00:00+01:00,0.0051678366562173395,0.012069195215548723,0.00965542830629107,0.004763812677020418,0.5727212570321102,0.26076177784522575,0.347023205646109,39.00777001986608,-0.8727058999626109,-0.7301168879259863,-0.14258901203662466,29.89595790153491,1.4490925032050204,0.014115199489705178,0.0818020705779013,0,2,8,-2146.3461821156434,0.0,USDJPY=X,1.0,100.2509994506836,0,2016-08-17 00:00:00+01:00
2016-08-18 00:00:00+01:00,0.0,0.0014944748796481555,0.0012798673832441487,0.0,0.41955869005564117,0.14825217440790658,0.2890294118392661,34.44681102199111,-0.9550050406192412,-0.7750945184646373,-0.1799105221546039,11.981629975215046,1.422085834798077,0.014462001470454554,0.08247048234004299,0,3,8,-2284.781755594066,0.0,USDJPY=X,0.0,100.31099700927734,1,2016-08-18 00:00:00+01:00
2016-08-19 00:00:00+01:00,0.004017643220773914,0.0007960039930325902,0.007662765635826574,0.0033379448836701187,0.533691053558252,0.12742812834934697,0.33039762731639843,33.262788146431774,-1.0320540652044912,-0.8264864278126082,-0.205567637391883,10.335200822137082,1.3790796819428013,0.014234238784386899,0.07723564823154906,0,4,8,-2507.6024535731794,0.0,USDJPY=X,0.0,100.552001953125,1,2016-08-19 00:00:00+01:00
2016-08-22 00:00:00+01:00,0.010497708944700479,0.008869192241222734,0.010562644780748975,0.010499920324970269,0.6113925639678996,0.05951878479764016,0.29051831188474886,34.94999213323214,-1.0642256595391189,-0.8740342741579104,-0.1901913853812085,16.72878474310584,1.317931320697724,0.013775368473999674,0.07418774649474791,0,0,8,-2679.062525334133,0.0,USDJPY=X,0.0,100.55500030517578,0,2016-08-22 00:00:00+01:00
2016-08-23 00:00:00+01:00,0.006609718949134091,0.0,0.006204792130008352,0.00559023249655799,0.6479894847995353,0.10893617626694235,0.3738783949797465,38.54027367091393,-1.0420440304969958,-0.9076362254257275,-0.13440780507126826,32.12189041054825,1.2819364399852191,0.01310670196608936,0.06571033349683232,0,1,8,-2778.0020078293237,0.0,USDJPY=X,0.0,101.91999816894531,1,2016-08-23 00:00:00+01:00
2016-08-24 00:00:00+01:00,0.007371076305928703,0.003216361767270026,0.00850521624753009,0.0065624038444778154,0.5324592750821411,0.06588906488603921,0.35122391295436506,37.03138618457619,-1.0369611678134163,-0.9335012139032653,-0.10345995391015095,22.200432681978747,1.233083806611554,0.012787268426344629,0.059143767670565485,0,2,8,-2901.205280479153,0.0,USDJPY=X,0.0,101.80899810791016,1,2016-08-24 00:00:00+01:00
2016-08-25 00:00:00+01:00,0.010627362169908006,0.0034924783633274448,0.011907278026747292,0.01046753109644083,0.5886317895197427,0.07459262456013886,0.4470551901597759,37.55273585140852,-1.0163755166742021,-0.9500760744574528,-0.06629944221674933,24.16498873328104,1.1792923459202709,0.012292608421562306,0.05326703551193766,0,3,8,-2894.251044253512,0.0,USDJPY=X,0.0,102.86799621582031,1,2016-08-25 00:00:00+01:00
2016-08-26 00:00:00+01:00,0.010756891798141766,0.014765669585843577,0.008343177991669837,0.010516114939234988,0.6166901650059317,0.04460025988561239,0.4942660799642052,39.712034207840304,-0.9694390649428186,-0.953948672554526,-0.01549039238829264,32.0564385176895,1.115557361460006,0.01172818365635355,0.043767570602017934,0,4,8,-2812.6331242980177,0.0,USDJPY=X,0.0,103.302001953125,1,2016-08-26 00:00:00+01:00
2016-08-29 00:00:00+01:00,0.03350182484751518,0.03252016500073429,0.03711504172330593,0.032633878465477384,0.5797877756078283,0.18663628344604527,0.4762827864804382,39.739951293043475,-0.9213785682381967,-0.9474346516912602,0.026056083453063428,33.35605220329847,1.1216606948071708,0.011094001870363338,0.031231732791375002,0,0,8,-2781.0298809286046,1.0,USDJPY=X,1.0,103.25800323486328,1,2016-08-29 00:00:00+01:00
2016-08-30 00:00:00+01:00,0.031087975954950275,0.04171405449584853,0.03536537463714429,0.030835287298019987,0.7904439473218536,0.08049814570667072,0.5569862427306231,50.88930205882953,-0.7643355737872781,-0.9108148361104638,0.14647926232318564,83.5526994801484,1.1720423222497947,0.011005305288054225,0.029756408260341413,0,1,8,-2657.2773656830896,1.0,USDJPY=X,0.0,103.93399810791016,1,2016-08-30 00:00:00+01:00
2016-08-31 00:00:00+01:00,0.048276359866431084,0.051005477097380014,0.0534612533282115,0.047994779153056166,0.5623859139984249,0.18523726418226139,0.5742223980577493,50.077888908051015,-0.6414405194848172,-0.8569399727853345,0.21549945330051734,66.25185366030092,1.1734679665729122,0.011512168315491277,0.028341541499621568,0,2,8,-2566.8005370731316,1.0,USDJPY=X,1.0,103.51000213623047,1,2016-08-31 00:00:00+01:00
2016-09-01 00:00:00+01:00,0.05530717370429894,0.05870513957334533,0.05684712364174005,0.055027197680239004,0.7410984751284377,0.10054324629378456,0.6618870142025421,57.10502850473006,-0.4533668755172897,-0.7762253533317256,0.3228584778144359,83.48110820522633,1.2118630071860077,0.011407512635037035,0.03188125563737413,0,3,9,-2264.687316269524,0.0,USDJPY=X,0.0,101.5250015258789,0,2016-09-01 00:00:00+01:00
2016-09-02 00:00:00+01:00,0.05436758951170906,0.06343208715270876,0.05297526215960535,0.054314263783563854,0.6449409791531395,0.14172539385949104,0.6782601659146466,59.61403112447221,-0.2662276155809167,-0.6742258057815639,0.4079981902006472,84.34742091911575,1.2057304409640162,0.011731263521261772,0.03650059702901288,0,4,9,-1869.5203125682795,0.0,USDJPY=X,0.0,101.8290023803711,0,2016-09-02 00:00:00+01:00
2016-09-05 00:00:00+01:00,0.06585345625958716,0.05898125616940275,0.05801352716618946,0.06526775693095499,0.5726998345977093,0.22408731777181284,0.6741350427471429,59.23575589464758,-0.1200844736051323,-0.5633975393462776,0.44331306574114526,78.20460094687279,1.2226069339504033,0.011676871556595452,0.04018008166870803,0,0,9,-1519.4012513577825,0.0,USDJPY=X,1.0,102.30599975585938,0,2016-09-05 00:00:00+01:00
2016-09-06 00:00:00+01:00,0.05887121603230727,0.055651250363270455,0.04009587819667115,0.05839753179243834,0.681141090806979,0.1331783346454079,0.611400377251727,63.10894377196658,0.049709140021860776,-0.4407762034726499,0.4904853434945107,92.42380079603858,1.1964923142611446,0.011763301289353111,0.04498787076308004,0,1,9,-1196.3513565496194,0.0,USDJPY=X,0.0,102.43800354003906,0,2016-09-06 00:00:00+01:00
2016-09-07 00:00:00+01:00,0.026730193863088836,0.02235144016244761,0.026827775458237113,0.02623354438665615,0.5158779013574473,0.27319407954017316,0.5845029332816766,59.3029466531747,0.1483487980854079,-0.32295120316103837,0.4713000012464463,83.27215659926522,1.245742976593496,0.011559195146053905,0.047932800135437534,0,2,9,-889.6794633150224,0.0,USDJPY=X,1.0,101.7509994506836,0,2016-09-07 00:00:00+01:00
2016-09-08 00:00:00+01:00,0.03116905556957006,0.03092815701466889,0.030375684027625915,0.031159426829333148,0.28107483300039093,0.08189597936090903,0.32226594484645243,45.475582222800654,0.06559236983837025,-0.24524248856115666,0.3108348583995269,36.243921954280054,1.3196903253636034,0.012270307390992295,0.048740534939022646,0,3,9,-761.7775972722638,0.0,USDJPY=X,0.0,102.50399780273438,1,2016-09-08 00:00:00+01:00
2016-09-09 00:00:00+01:00,0.03909087998943983,0.042899943054050205,0.03912389585945908,0.03888846101591659,0.6258936405029207,0.12991435156642733,0.31166095323476717,47.494715538743115,0.024258001401022966,-0.19134239056872074,0.2156003919697437,43.266344854082845,1.2851409117773638,0.012959866978113412,0.04855307531404007,0,4,9,-589.4829216300834,0.0,USDJPY=X,0.0,102.5479965209961,0,2016-09-09 00:00:00+01:00
2016-09-12 00:00:00+01:00,0.04169914692132903,0.03687346287762305,0.03560849382042197,0.04102738632895164,0.6521766799163276,0.16052916125238306,0.35606270925017014,50.586742764303935,0.02964815293320555,-0.14714428186833547,0.17679243480154103,54.28498918773165,1.2784880854199405,0.01256173552718505,0.04872533586914628,0,0,9,-412.6787454855366,0.0,USDJPY=X,1.0,102.00800323486328,0,2016-09-12 00:00:00+01:00
2016-09-13 00:00:00+01:00,0.03018077416941911,0.0329749890166815,0.03076452640210059,0.0298955051786296,0.599391189946879,0.1365964469653138,0.3104755569604668,51.43902370826002,0.04406355184103461,-0.10890271512646146,0.15296626696749607,55.99243787606115,1.2499530652281143,0.012480603303833708,0.049149355703365885,0,1,9,-319.30094799039034,0.0,USDJPY=X,0.0,102.30699920654297,1,2016-09-13 00:00:00+01:00
2016-09-14 00:00:00+01:00,0.042784451945682145,0.0480166512683331,0.04469685003068968,0.042096725362459564,0.4750204511579944,0.14576595119082622,0.2875688949647495,46.904692757571254,5.177403573952688e-05,-0.08711181729402127,0.0871635913297608,39.62352983948665,1.2296709475667311,0.012284430344430556,0.04937233700739217,0,2,9,-211.65669036204486,0.0,USDJPY=X,0.0,101.84600067138672,0,2016-09-14 00:00:00+01:00
2016-09-15 00:00:00+01:00,0.04265492231744816,0.03818923033738142,0.038654096156541584,0.042809659259134714,0.6944189684942421,0.15602147376008954,0.522255995087558,51.90857969502336,0.025637266528107716,-0.06456200052959547,0.09019926705770319,57.56485066623039,1.2550515287742972,0.011996321840375367,0.04773986268115126,0,3,9,-50.206405409647736,0.0,USDJPY=X,0.0,101.5469970703125,0,2016-09-15 00:00:00+01:00
2016-09-16 00:00:00+01:00,0.03387446972263475,0.03273121821576375,0.03565706821748771,0.03405986988183729,0.5859997675105786,0.11996945869810587,0.4995056873889844,52.19209839883893,0.04890058698570954,-0.041869483026534475,0.09077007001224402,43.16089844890989,1.2205480748495705,0.012238674292552687,0.04512688806127822,0,4,9,48.631573424320784,0.0,USDJPY=X,0.0,100.39299774169922,0,2016-09-16 00:00:00+01:00
2016-09-19 00:00:00+01:00,0.03949590727161767,0.03221145474903819,0.032530384953950664,0.038904655630181306,0.4974281243998804,0.09650268896244937,0.41163086921243197,48.41928358259479,0.023493176063141163,-0.028796951208599347,0.05229012727174051,25.49100377724019,1.1886513870603714,0.011965218768564462,0.04244669204198987,0,0,9,140.1376906227015,0.0,USDJPY=X,0.0,100.83100128173828,0,2016-09-19 00:00:00+01:00
2016-09-20 00:00:00+01:00,0.03259462306198402,0.02709462260450568,0.032400729629467495,0.03143485889484232,0.624910072792489,0.1215226072028151,0.42602702568097706,50.550766965356964,0.02717088688670799,-0.01760338358953788,0.04477427047624587,35.27487972997601,1.1596046937463493,0.011618475727752086,0.040378569107429575,0,1,9,139.59037336119547,0.0,USDJPY=X,0.0,100.88899993896484,0,2016-09-20 00:00:00+01:00
2016-09-21 00:00:00+01:00,0.027556439630973983,0.03893640581208069,0.016038450157848327,0.02658994952348892,0.5092438480246968,0.07381486469823866,0.4455210514381602,47.30497773216017,-0.007032167402300615,-0.015489140352090428,0.008456972949789813,20.18988558432383,1.1292044413121793,0.0113858638149955,0.03718912833310117,0,2,9,156.2132462679781,0.0,USDJPY=X,0.0,100.35900115966797,0,2016-09-21 00:00:00+01:00
2016-09-22 00:00:00+01:00,0.008245895684401594,0.008316835118858279,0.008553790644595827,0.00789110395224002,0.5336642823176694,0.34405559086037313,0.3550356375797071,45.27445724567097,-0.05760143261582584,-0.023911598804837512,-0.033689833810988334,26.437224556728502,1.2066896160189544,0.011120018059522755,0.033916377545809985,0,3,9,213.14600852577658,1.0,USDJPY=X,1.0,100.46800231933594,0,2016-09-22 00:00:00+01:00
2016-09-23 00:00:00+01:00,0.014742152611857406,0.013807316965865235,0.01807968722537856,0.014988300936481291,0.4025821619109522,0.122921626466599,0.25214101366732744,38.420018181202515,-0.18862172721533454,-0.05685362448693692,-0.13176810272839762,7.468019012979715,1.2237831538395871,0.012019659171087228,0.03494028074984766,0,4,9,143.6860015604269,1.0,USDJPY=X,0.0,100.93499755859375,0,2016-09-23 00:00:00+01:00
2016-09-26 00:00:00+01:00,0.01647560016527372,0.011305660947905194,0.011712856839509955,0.015928083055871678,0.6471779659892359,0.08407157287704754,0.3356334832405786,42.0087257196546,-0.2541829664885853,-0.0963194928872666,-0.1578634736013187,19.70318478157909,1.1961561867963577,0.012136973136070891,0.033825140875069666,0,0,9,53.325729302194745,1.0,USDJPY=X,0.0,101.1989974975586,1,2016-09-26 00:00:00+01:00
2016-09-27 00:00:00+01:00,0.007954330423901812,0.009681307166700348,0.009201820069062228,0.007340239821221228,0.5882699316523164,0.12121197750187326,0.3151757443752801,42.48668610717887,-0.298025264300108,-0.1366606471698349,-0.1613646171302731,24.358635718294977,1.1664306576892518,0.011856160607400216,0.03565231828929723,0,1,9,-77.88590190382459,1.0,USDJPY=X,0.0,101.56300354003906,1,2016-09-27 00:00:00+01:00
2016-09-28 00:00:00+01:00,0.009428471526903293,0.007017302521794555,0.013770285372728841,0.009106441760149409,0.4976221477614149,0.1297590367159564,0.30865373727688566,39.29915739617774,-0.3712574485202822,-0.18358000743992436,-0.18767744108035783,7.975368970185228,1.1427569738880663,0.01162258137497301,0.039068982954864155,0,2,9,-210.64620902654153,0.0,USDJPY=X,0.0,101.81700134277344,1,2016-09-28 00:00:00+01:00
2016-09-29 00:00:00+01:00,0.01702634827921501,0.02322861846895319,0.02183808484871852,0.016673406181076267,0.5962158080429912,0.060450673900465705,0.343675573424866,40.29131280011859,-0.41570698810934914,-0.23000540357380933,-0.1857015845355398,11.344801399940568,1.0934882829169879,0.011374337575219537,0.04078849662740475,0,3,9,-338.8181746430295,0.0,USDJPY=X,0.0,102.87999725341797,1,2016-09-29 00:00:00+01:00
2016-09-30 00:00:00+01:00,0.02096291188536914,0.0212306149852739,0.01916500982241054,0.020951133184136772,0.6516152473961309,0.13815078107956863,0.48486206725609515,44.47840867861325,-0.40854154291088207,-0.2657126314412239,-0.14282891146965815,25.78050931800065,1.1112387797984753,0.010833589036173576,0.03967348956716812,0,4,9,-445.79132082763897,0.0,USDJPY=X,0.0,103.45999908447266,1,2016-09-30 00:00:00+01:00
2016-10-03 00:00:00+01:00,0.026665429048971845,0.020662146930464642,0.02660097133962247,0.026849310597743203,0.6200023339244112,0.14467756162798417,0.46945077308870636,46.751710506742455,-0.37721202185038294,-0.28801250952305574,-0.0891995123273272,33.94124777721701,1.0983645638028252,0.010980729130496414,0.03782143775304525,0,0,10,-517.7469554026092,0.0,USDJPY=X,0.0,103.76499938964844,1,2016-10-03 00:00:00+01:00
2016-10-04 00:00:00+01:00,0.03147681203359909,0.04033334758531204,0.0365966676233227,0.030964967835147128,0.6352654144750468,0.06791052916125238,0.4961562457118654,49.80352324526395,-0.3193298692335844,-0.2942759814651615,-0.025053887768422933,45.193364432642014,1.0522673042231592,0.010814612856243645,0.032148719965196214,0,1,10,-630.7842454173954,1.0,USDJPY=X,0.0,103.01799774169922,1,2016-10-04 00:00:00+01:00
2016-10-05 00:00:00+01:00,0.04777418536307776,0.05202889309838632,0.05036695299605154,0.048189238147242186,0.6182191579226908,0.16021734594189563,0.5652959481097416,51.876138719966264,-0.2500795845523527,-0.28543670208259975,0.03535711753024706,62.12899251700868,1.0699621698045965,0.010334887988702732,0.02737364596737595,0,2,10,-653.7255708292711,1.0,USDJPY=X,1.0,103.6969985961914,1,2016-10-05 00:00:00+01:00
2016-10-06 00:00:00+01:00,0.05760756057518557,0.06117420193566647,0.061140210429726505,0.05758730658716549,0.741696422535328,0.1400157448947653,0.6488195897757094,59.42659613307599,-0.10817635912900414,-0.24998463349188063,0.1418082743628765,79.81038271840278,1.1196790748422705,0.010400099128784233,0.02932542158961571,0,3,10,-574.31571311344,1.0,USDJPY=X,0.0,103.34200286865234,0,2016-10-06 00:00:00+01:00
2016-10-07 00:00:00+01:00,0.06253240558149087,0.05844513390973294,0.053428870396834194,0.0625293836441072,0.6670037768896712,0.12416533087991198,0.6577054207471136,62.851414415289284,0.05050211294356188,-0.18988728420479214,0.24038939714835403,83.04070073389201,1.13013103161972,0.010822337954285877,0.03301477034516566,0,4,10,-357.5077774350003,0.0,USDJPY=X,0.0,104.30400085449219,1,2016-10-07 00:00:00+01:00
2016-10-10 00:00:00+01:00,0.05127333927999578,0.05464419315520841,0.052570228319442025,0.05042533114586534,0.6251728969548999,0.17202720262541377,0.6607000692608587,64.5461989233757,0.19857783919171368,-0.11219425952549099,0.3107720987172047,90.58087052304187,1.1284784314259007,0.010891254645277447,0.036941621743487314,0,0,10,-134.176675781196,0.0,USDJPY=X,1.0,103.72200012207031,1,2016-10-10 00:00:00+01:00
2016-10-11 00:00:00+01:00,0.062257031524520334,0.05984219961321369,0.060638027795431926,0.06142753175906024,0.4673617685949619,0.14390098737562956,0.5635177547882648,57.6134986971397,0.2527387144592268,-0.039207664728547434,0.2919463791877742,72.11361274418272,1.1155155860520083,0.010954187192177582,0.03829589034613093,0,1,10,46.373283684640086,0.0,USDJPY=X,1.0,104.03900146484375,1,2016-10-11 00:00:00+01:00
2016-10-12 00:00:00+01:00,0.05529098250076969,0.0664858524325338,0.0603788407454402,0.055675353119855275,0.6818321085256158,0.11623953106771252,0.599980562061309,61.646011268624896,0.34645754570284737,0.03792537735773153,0.3085321683451158,88.8997655544176,1.110550561978539,0.010757452975046657,0.041226439996974396,0,2,10,351.62372917951797,0.0,USDJPY=X,0.0,103.85099792480469,1,2016-10-12 00:00:00+01:00
2016-10-13 00:00:00+01:00,0.0716693118478946,0.06872750278688144,0.06133463161696384,0.0712631020301493,0.5260815852275746,0.18228391080422265,0.47686140177943886,58.511794250279976,0.3876169988028124,0.10786370164674772,0.2797532971560647,73.89204725574318,1.11501098762265,0.010746361896914736,0.04285917927632094,0,3,10,572.7033596027953,0.0,USDJPY=X,1.0,103.86499786376953,0,2016-10-13 00:00:00+01:00
2016-10-14 00:00:00+01:00,0.06253240558149087,0.06625844042456008,0.06629193929510513,0.061832644361696554,0.7241005663745644,0.19456089764869913,0.5091707243527516,63.872239280602486,0.4921877258991003,0.18472850649721825,0.30745921940188203,93.13201067773583,1.1260100022483759,0.010690011682084277,0.04663343175863886,0,4,10,882.7731262025604,0.0,USDJPY=X,1.0,103.39099884033203,0,2016-10-14 00:00:00+01:00
2016-10-17 00:00:00+01:00,0.06782989546291573,0.06452031867424379,0.07013141784586274,0.06696918041282407,0.4925432460134091,0.12338757101801177,0.4336436841951813,58.912933425538554,0.5220799724520049,0.2521987996881756,0.2698811727638293,80.11186361991629,1.1022949105350432,0.010856038265008156,0.04899715845191828,0,0,10,1142.4218395902785,0.0,USDJPY=X,0.0,104.10900115966797,0,2016-10-17 00:00:00+01:00
2016-10-18 00:00:00+01:00,0.06424966193137815,0.06188890768497668,0.0666807816695798,0.06392286220892807,0.6268565705685394,0.0699296222173744,0.5246174288094394,60.702689454207665,0.5648380508277739,0.3147266499160953,0.25011140091167866,86.3419743865338,1.0685593635981092,0.01059501624405271,0.05143307665580845,0,1,10,1385.8948522429046,0.0,USDJPY=X,0.0,103.91699981689453,0,2016-10-18 00:00:00+01:00
2016-10-19 00:00:00+01:00,0.0644926535812902,0.05776289788581179,0.058483326869106955,0.0641497104316433,0.5512198445643011,0.07785542202957384,0.4503795241357103,59.05957202563409,0.5769036355255821,0.36716204703799266,0.20974158848758945,80.28530546248341,1.028019369818501,0.010289350944627611,0.05321497194053147,0,2,10,1614.5671474178457,0.0,USDJPY=X,0.0,104.32099914550781,1,2016-10-19 00:00:00+01:00
2016-10-20 00:00:00+01:00,0.05744564853989331,0.06000454824015944,0.06225803955711018,0.0564692600878538,0.5814206200579355,0.11701610532006715,0.48188435405921637,59.14825007523137,0.5808991327928652,0.4099094641889672,0.17098966860389803,80.6484682841101,1.0083750114065209,0.009897649746903789,0.05430808183129028,0,3,10,1754.0730393267054,0.0,USDJPY=X,0.0,104.15399932861328,1,2016-10-20 00:00:00+01:00
2016-10-21 00:00:00+01:00,0.06863982643029809,0.06203502144922779,0.06400770664327182,0.06810342152640048,0.5083484007997202,0.1022528952585103,0.3601718570979369,54.81883205275571,0.539597687097924,0.43584710877075855,0.10375057832716544,64.07538624329115,0.9833480199737448,0.009753025144517334,0.0520190041496498,0,4,10,1808.710517123842,0.0,USDJPY=X,0.0,104.56300354003906,1,2016-10-21 00:00:00+01:00
2016-10-24 00:00:00+01:00,0.06502721049170201,0.06365949916068225,0.0671829643038746,0.0649923248654456,0.6873290634909873,0.10489443332606159,0.4701688822176288,59.638211351264665,0.5583662814765802,0.4603509433119229,0.0980153381646573,81.93598335204764,0.9708230654918032,0.009445369843339692,0.05080214470820992,0,0,10,1878.7781034040588,0.0,USDJPY=X,0.0,105.20899963378906,1,2016-10-24 00:00:00+01:00
2016-10-25 00:00:00+01:00,0.07123190215865827,0.07285338865579671,0.07576913787984751,0.07153853409565869,0.5506415213951195,0.0899770940235794,0.42696282882387904,57.860826836416635,0.5513915257232185,0.47855905979418206,0.07283246592903642,64.02281302652291,0.9428358736974668,0.00934229305313306,0.04907236419660081,0,1,10,1983.6550259021428,0.0,USDJPY=X,0.0,104.56500244140625,0,2016-10-25 00:00:00+01:00
2016-10-26 00:00:00+01:00,0.06886662687668088,0.06642091298175545,0.07210788905063881,0.06883255003734035,0.6397877522271559,0.09557079985962383,0.47716980547779136,60.52659532568006,0.571871176053989,0.4972214830461435,0.07464969300784546,73.4245482736001,0.9432046003530049,0.009037834006769734,0.0448809316234156,0,2,10,2056.007166653318,0.0,USDJPY=X,0.0,104.81999969482422,1,2016-10-26 00:00:00+01:00
2016-10-27 00:00:00+01:00,0.07580029349337325,0.0775641013724655,0.0770003072670511,0.07545985596188642,0.554427120797992,0.06915304796501977,0.46181043315888193,58.86876017172042,0.5680775129876139,0.5113926890344376,0.05668482395317631,65.26626513208898,0.9076185356723773,0.009055865414991192,0.039381246856046805,0,3,10,2084.841664331797,0.0,USDJPY=X,0.0,104.09200286865234,0,2016-10-27 00:00:00+01:00
2016-10-28 00:00:00+01:00,0.08654099408798599,0.08308705294486152,0.08898866622121604,0.08592726343531765,0.6403975098406441,0.12882714761313085,0.5371703576097155,61.63997651735685,0.5912585686135969,0.5273658649502695,0.06389270366332744,74.66856014233714,0.9142886010303213,0.008680111559006946,0.03486204301591334,0,4,10,2029.0936292555205,0.0,USDJPY=X,1.0,103.37799835205078,0,2016-10-28 00:00:00+01:00
2016-10-31 00:00:00+00:00,0.07571933747572701,0.07857128251077716,0.08048344997368573,0.07549224519041586,0.6754083929319477,0.0666668247479394,0.5303876637530799,65.58405155590992,0.6542148268691079,0.5527356573340372,0.10147916953507075,87.62964502918766,0.9155536442812247,0.008690212854534994,0.03162986185137339,0,0,10,2056.006732044889,0.0,USDJPY=X,0.0,103.052001953125,0,2016-10-31 00:00:00+00:00
2016-11-01 00:00:00+00:00,0.07996378114288394,0.07699563331765602,0.07912262526199898,0.07962409704208451,0.4841250967410153,0.10505093378607809,0.49223657396981474,59.06431237308807,0.6447110956043645,0.5711307449881027,0.07358035061626178,59.77514445335419,0.8984428484355232,0.008755832476494817,0.026883064503007387,0,1,11,2072.285211285902,0.0,USDJPY=X,0.0,104.19499969482422,0,2016-11-01 00:00:00+00:00
2016-11-02 00:00:00+00:00,0.06787846907350348,0.061336550562612224,0.05726834894759181,0.06782798946089108,0.617251155360032,0.1030306551204105,0.4794393812724581,60.72902721481878,0.6502596785544483,0.5869565317013719,0.06330314685307648,70.8044179132059,0.8816256459872828,0.008571292225255428,0.021818195526223758,0,2,11,2071.5477277292052,1.0,USDJPY=X,0.0,104.43800354003906,1,2016-11-02 00:00:00+00:00
2016-11-03 00:00:00+00:00,0.056700358789654404,0.049641005049537945,0.04864966884126698,0.056258606479403284,0.471308469520975,0.16285888400944692,0.4320502824220439,53.97988771174485,0.5891226713300739,0.5873897596271123,0.001732911702961637,41.22332349961166,0.9409379559767513,0.00846967703272801,0.01985749884287525,0,3,11,2032.457351022741,1.0,USDJPY=X,1.0,105.02999877929688,1,2016-11-03 00:00:00+00:00
2016-11-04 00:00:00+00:00,0.05106273003714201,0.048130419237444766,0.0529590706939167,0.050976318899893514,0.4726436420540717,0.13364427919682068,0.3374432071223499,48.3091725208064,0.4775520327634979,0.5654222142543894,-0.08787018149089154,27.475169890224777,0.9820142783874521,0.009101916955021844,0.020174707785324767,0,4,11,1928.0345188199015,1.0,USDJPY=X,1.0,105.85299682617188,1,2016-11-04 00:00:00+00:00
2016-11-07 00:00:00+00:00,0.06944988099465399,0.06895491479485516,0.06924039283709327,0.06949690009122134,0.5302800459287446,0.07785542202957384,0.256656624777553,45.93638317486389,0.35869154015158244,0.5240760794338281,-0.1653845392822456,16.30710925248301,0.950155793031094,0.009529308114112508,0.021722772535194973,0,0,11,1772.7492477931225,1.0,USDJPY=X,0.0,106.85600280761719,1,2016-11-07 00:00:00+00:00
2016-11-08 00:00:00+00:00,0.07390493390466446,0.0721386829064865,0.07661158849155125,0.07343441657171379,0.7518243241355778,0.12090134780093141,0.4061179945978054,54.39434196022045,0.35265887672905194,0.48979263889287283,-0.1371337621638209,55.46419236800836,0.9946445254485159,0.009119015267661564,0.01983297932009087,0,1,11,1752.2663901498995,1.0,USDJPY=X,0.0,106.87100219726562,1,2016-11-08 00:00:00+00:00
2016-11-09 00:00:00+00:00,0.08262049808838734,0.0818849295239652,0.02645524814842548,0.0830268203828135,0.6155956570389327,0.08065227494759605,0.4051857213379913,55.97140043616121,0.36329844857493754,0.4644938008292858,-0.10119535225434828,63.789074751698905,0.9683127343938785,0.009523779579597122,0.019840802689542105,0,2,11,1712.0912251925588,1.0,USDJPY=X,0.0,108.2020034790039,1,2016-11-09 00:00:00+00:00
2016-11-10 00:00:00+00:00,0.0965040225253011,0.10647802004076068,0.0882920623996839,0.09636228168021965,0.6674817846314044,0.6550113344272557,0.516690347688572,59.63357553113963,0.4147188336533816,0.454538807394105,-0.039819973740723436,89.1582231646056,1.2002187060722176,0.009219392037018178,0.020203823398425778,0,3,11,1708.8720676047224,1.0,USDJPY=X,1.0,109.03800201416016,1,2016-11-10 00:00:00+00:00
2016-11-11 00:00:00+00:00,0.1119913412904241,0.10616943371931398,0.10499460984871245,0.11261450426740449,0.7011910889312283,0.2971244226081513,0.6482350537886248,64.10369612575944,0.5159315854324689,0.46681736300177784,0.049114222430691024,81.11360733828643,1.2510598652157756,0.01133854252651132,0.024464550553980308,0,4,11,1770.7756677374916,1.0,USDJPY=X,1.0,108.78500366210938,1,2016-11-11 00:00:00+00:00
2016-11-14 00:00:00+00:00,0.11291473427948451,0.13136358594655762,0.11810067433128624,0.11285754710438445,0.726691375162479,0.13395490889776251,0.7625294713910045,68.65885214841366,0.669361636366915,0.5073262176748053,0.1620354186921097,98.62114152010025,1.237627270560296,0.011707904397923017,0.03191838116010526,0,0,11,1870.8747192074688,0.0,USDJPY=X,0.0,110.25599670410156,1,2016-11-14 00:00:00+00:00
2016-11-15 00:00:00+00:00,0.1349306923791218,0.13961535768438793,0.13311844415588214,0.13442444649960827,0.5815071259847803,0.2492625508626495,0.6635779878017354,68.72277211304626,0.7831388454029877,0.5624887432204418,0.22065010218254588,78.01955209233026,1.2642967555942146,0.011580571390879701,0.03761580337155124,0,1,11,2008.5463873849512,0.0,USDJPY=X,1.0,110.9729995727539,1,2016-11-15 00:00:00+00:00
2016-11-16 00:00:00+00:00,0.14763151737656033,0.15215561177857873,0.14962657041767313,0.14797056140546494,0.7730195143850599,0.18414887461941934,0.754838652982293,73.82439080913863,0.9695326146109124,0.643897517498536,0.3256350971123765,90.05026033636518,1.3242752928271615,0.01168459654113101,0.04698511879479211,0,2,11,2221.3081853710214,0.0,USDJPY=X,1.0,110.6500015258789,1,2016-11-16 00:00:00+00:00
2016-11-17 00:00:00+00:00,0.144002710234435,0.14997890087500942,0.14580328333260417,0.14387109878232573,0.6994871232926775,0.14576595119082622,0.7735177607697077,76.42536716790411,1.1712081560869905,0.7493596452162269,0.4218485108707636,91.69886894521235,1.3400412125498866,0.012145080323969852,0.05720578181111548,0,3,11,2576.671835308861,0.0,USDJPY=X,1.0,111.00599670410156,1,2016-11-17 00:00:00+00:00
2016-11-18 00:00:00+00:00,0.16757388905169357,0.17051104497366798,0.16592420762551296,0.16770635678169254,0.5432378500492617,0.16161636520567954,0.6813423626444268,74.02801107338308,1.295686752736998,0.8586250667203812,0.43706168601661677,88.73670595255322,1.3186097627625621,0.012318253136361597,0.06309424255796486,0,4,11,2971.355176732206,0.0,USDJPY=X,1.0,112.58200073242188,1,2016-11-18 00:00:00+00:00
2016-11-21 00:00:00+00:00,0.17878438174260114,0.17517305310225284,0.17711856676606508,0.17932432360597428,0.7896255902333068,0.16503447752558545,0.7176391916610956,78.29180607025184,1.4957912320634534,0.9860582997889956,0.5097329322744578,93.578716263923,1.373851582512223,0.011959528752901922,0.0727764612402117,0,0,11,3441.1543037752294,0.0,USDJPY=X,1.0,113.29199981689453,1,2016-11-21 00:00:00+00:00
2016-11-22 00:00:00+00:00,0.17470197370771023,0.17825928810746738,0.1735383988642738,0.17409061986925867,0.6804632382745804,0.10225408086805587,0.7754749882483737,80.01410914212275,1.6927190018890599,1.1273904402090085,0.5653285616800514,98.08192520006283,1.340576809528649,0.012380052695714744,0.08231901787987665,0,1,11,3939.584751413449,0.0,USDJPY=X,0.0,112.6520004272461,1,2016-11-22 00:00:00+00:00
2016-11-23 00:00:00+00:00,0.17991838397451532,0.20407073690785338,0.18290213359022145,0.17985899312272835,0.5340568291375277,0.16612168147888193,0.6366320256517968,77.04850101126331,1.8019506696440146,1.2623024860960097,0.5396481835480049,93.06272075109126,1.3211779384727522,0.012115470321210197,0.08927262826612026,0,2,11,4359.378897560007,0.0,USDJPY=X,1.0,111.69000244140625,1,2016-11-23 00:00:00+00:00
2016-11-24 00:00:00+00:00,0.20442914698436354,0.21329722005860652,0.20823955261126326,0.20539579822697407,0.6293612884284453,0.3232327304113591,0.5963173339213239,78.01564219258351,1.8953944615080331,1.3889208811784144,0.5064735803296188,83.4965990462769,1.3905937476945647,0.011901860959768636,0.0946062971567516,0,3,11,4797.567485729473,0.0,USDJPY=X,1.0,112.47000122070312,0,2016-11-24 00:00:00+00:00
2016-11-25 00:00:00+00:00,0.21675745070365604,0.21945357913659036,0.21120419761893983,0.21690027912839338,0.8001304980365594,0.16845377545503692,0.7448222547744282,81.69340901306218,2.072726591734636,1.5256820232896589,0.547044568444977,92.45021672936141,1.4701945430601315,0.012351830120692598,0.10248811919711973,0,4,11,5297.108582304056,0.0,USDJPY=X,1.0,114.69400024414062,1,2016-11-25 00:00:00+00:00
2016-11-28 00:00:00+00:00,0.2066647690411334,0.2012280248430578,0.19152069009757144,0.20653003934055025,0.677406117496326,0.19891208468097618,0.679907005968796,83.06767896107895,2.244679309143791,1.6694814804604854,0.5751978286833057,95.28540159288596,1.458609122643448,0.012977037614626789,0.11155312467187435,0,0,11,5814.789080854864,0.0,USDJPY=X,1.0,113.90899658203125,1,2016-11-28 00:00:00+00:00
2016-11-29 00:00:00+00:00,0.19135567711180568,0.20986980507630681,0.19654288723744173,0.19094229043025623,0.4914660282699341,0.21336466504159118,0.5705997302668891,77.42540086040277,2.302765625784204,1.7961383095252292,0.5066273162589747,90.23967875215712,1.4899229834423535,0.012947920295347616,0.11668466054427315,0,1,11,6236.042974363229,0.0,USDJPY=X,1.0,113.50499725341797,1,2016-11-29 00:00:00+00:00
2016-11-30 00:00:00+00:00,0.20429949375915624,0.22029828771770665,0.2023912199243525,0.20358101244525195,0.4465123605613716,0.2478635315988656,0.5201071047195879,69.75565267601405,2.2452919248425047,1.8859690325886844,0.3593228922538203,75.18892803827175,1.4974285718181228,0.0133398061677363,0.11874140113022515,0,2,11,6464.322895149934,0.0,USDJPY=X,1.0,113.86299896240234,1,2016-11-30 00:00:00+00:00
2016-12-01 00:00:00+00:00,0.23940511293488065,0.2328221830189532,0.23114689219029994,0.23961761425145833,0.6879367031711809,0.29153071677210685,0.5534954573345552,72.16343758869043,2.2368974244492676,1.9561547109608013,0.28074271348846636,81.3387420011297,1.5513264525001988,0.01331402645652751,0.11758943811147068,0,3,12,6688.0576438773705,0.0,USDJPY=X,1.0,114.052001953125,0,2016-12-01 00:00:00+00:00
2016-12-02 00:00:00+00:00,0.22694727958735417,0.22380687701347912,0.22293324592413843,0.2268977955421294,0.8868620460835379,0.13550805740247177,0.602581338866085,77.63152249694228,2.3822418556467397,2.041372139897989,0.3408697157487506,99.75799750222322,1.6007314355944928,0.013525785561563858,0.116435638474997,0,4,12,7109.830642456399,0.0,USDJPY=X,0.0,113.71299743652344,0,2016-12-02 00:00:00+00:00
2016-12-05 00:00:00+00:00,0.22083985873854695,0.23376442470648673,0.2229494373898271,0.22035158631191631,0.47287738566605847,0.12804938775123065,0.48527876487064325,72.237599677709,2.4063462676628546,2.1143669654509623,0.2919793022118924,88.38651944929035,1.5835363766485693,0.01405272176585043,0.11186078610775897,0,0,12,7350.007941197181,0.0,USDJPY=X,0.0,114.07499694824219,1,2016-12-05 00:00:00+00:00
2016-12-06 00:00:00+00:00,0.2266233319197959,0.22395311470798007,0.22586550800043814,0.22615247241692504,0.5241641055810328,0.2231554286689873,0.504009425437588,69.55896563719268,2.3655808745933484,2.1646097472794397,0.20097112731390876,79.57397046966648,1.5729983953645197,0.013951248094505235,0.10668847035463389,0,1,12,7480.386048171479,0.0,USDJPY=X,1.0,115.41200256347656,1,2016-12-06 00:00:00+00:00
2016-12-07 00:00:00+00:00,0.2298633029832724,0.2274780627966968,0.2259302738631923,0.22921498523508577,0.6283776350243171,0.10132100615568476,0.6087131724072143,70.59935539722808,2.335242530602116,2.198736303943975,0.13650622665814094,85.35004954547414,1.50792726451538,0.013814833701015772,0.09944221586108325,0,2,12,7608.757140724447,0.0,USDJPY=X,0.0,115.00199890136719,1,2016-12-07 00:00:00+00:00
2016-12-08 00:00:00+00:00,0.22484131075579183,0.22710441309422236,0.22079486006247673,0.22372192042411587,0.6051398996650819,0.13442203905872085,0.561226553528286,71.15976265829093,2.299937883936124,2.218976619942405,0.08096126399371917,85.49230056358365,1.462004280847429,0.013221401103815198,0.09176427913865501,0,3,12,7692.562716342573,0.0,USDJPY=X,0.0,115.2239990234375,1,2016-12-08 00:00:00+00:00
2016-12-09 00:00:00+00:00,0.22955554651924337,0.24180501929903797,0.23404664773624773,0.22958758498618326,0.5330961861137421,0.18010831728808413,0.36193454173604495,68.63279278527548,2.219024334552273,2.2189861628643786,3.817168789455039e-05,76.41537511756172,1.4403608737891305,0.01285696722279742,0.08389233899008854,0,4,12,7640.365755522711,0.0,USDJPY=X,1.0,117.21099853515625,1,2016-12-09 00:00:00+00:00
2016-12-12 00:00:00+00:00,0.25186306987938045,0.25501127455445527,0.2524664793400606,0.2512517756900048,0.6288346871676226,0.1936290085458736,0.4501347382498049,69.86347501523781,2.159219955376642,2.2070329213668316,-0.04781296599018958,76.08907759443319,1.4484066259333779,0.0126264379778388,0.07717953815498138,0,0,12,7487.685577379696,0.0,USDJPY=X,1.0,118.24099731445312,1,2016-12-12 00:00:00+00:00
2016-12-13 00:00:00+00:00,0.24462152320168573,0.24508632051708656,0.2463103852060926,0.244608275151194,0.7616059808753816,0.14327972797374586,0.585324734591732,73.93160077602904,2.1944138959229633,2.204509116278058,-0.010095220355094803,87.21243520284581,1.4880922549473443,0.012549878641406944,0.07007535288293472,0,1,12,7454.208498440508,0.0,USDJPY=X,0.0,117.79100036621094,1,2016-12-13 00:00:00+00:00
2016-12-14 00:00:00+00:00,0.24789400026919428,0.24242231587218077,0.24637515106884678,0.24820545748610878,0.524073327524348,0.10738184215268753,0.5254308664847913,70.77638710575884,2.1642730854599534,2.1964619101144374,-0.032188824654483916,77.00678565727708,1.4311572290289514,0.012939707736937894,0.0654228229898626,0,2,12,7463.556464707548,0.0,USDJPY=X,0.0,117.03700256347656,1,2016-12-14 00:00:00+00:00
2016-12-15 00:00:00+00:00,0.28089365061335614,0.2967253290503038,0.2855476213253716,0.2804018341204204,0.609346647874789,0.08127471995902533,0.5278339051248392,71.48597684026882,2.1337038210690764,2.1839102923053653,-0.05020647123628885,81.74632131373973,1.3662890429920063,0.012420652304715117,0.06174904035726069,0,3,12,7407.047453229913,0.0,USDJPY=X,0.0,117.875,1,2016-12-15 00:00:00+00:00
2016-12-16 00:00:00+00:00,0.29767688364568556,0.2926806174948615,0.29733340155996735,0.2970914349157614,0.8475221502076093,0.22502039248418396,0.7083279996394329,76.89388773504278,2.243944913195449,2.195917216483382,0.04802769671206697,80.19851978096546,1.5131972649490506,0.011656662429867464,0.0598647506041478,0,4,12,7339.032925359703,0.0,USDJPY=X,1.0,117.60399627685547,0,2016-12-16 00:00:00+00:00
2016-12-19 00:00:00+00:00,0.2903706957508472,0.2835028389321921,0.27984513542863265,0.2897999025603437,0.7159927842297096,0.07327185552636321,0.7590618003897429,79.10604186299499,2.386909262204796,2.234115625627665,0.15279363657713096,94.15145806911075,1.489897752406652,0.01279756851952809,0.06477191274023453,0,0,12,7347.49450872441,0.0,USDJPY=X,0.0,117.54199981689453,0,2016-12-19 00:00:00+00:00
2016-12-20 00:00:00+00:00,0.2778479739922304,0.289967908261872,0.2823237892677033,0.27758248776224903,0.5201348229061042,0.1532246208420673,0.618911468175455,75.69630604460647,2.4358199299482948,2.274456486491791,0.16136344345650366,86.99281809908588,1.483047712404949,0.012648655226414379,0.06797959463307578,0,1,12,7372.985535851244,0.0,USDJPY=X,0.0,117.30999755859375,0,2016-12-20 00:00:00+00:00
2016-12-21 00:00:00+00:00,0.2901924689150521,0.28699519336527013,0.28415441368230754,0.29116099189663536,0.47976997218448375,0.19129810017926416,0.5932042490518286,70.23367736664261,2.3862336491309435,2.2968119190196217,0.08942173011132182,70.43157574679095,1.4650445049201088,0.012671613933384859,0.06638153086047907,0,2,12,7385.774239638903,0.0,USDJPY=X,1.0,117.19200134277344,0,2016-12-21 00:00:00+00:00
2016-12-22 00:00:00+00:00,0.28714679229392637,0.28379519039094414,0.2874593266673935,0.2867697789707122,0.6906817629868615,0.14529882102986788,0.6400068610857648,72.60030542300659,2.3870392514140235,2.3148573854985024,0.07218186591552112,85.82179582926409,1.4326123229629246,0.012428797496671124,0.06529301247400068,0,3,12,7429.142569393429,0.0,USDJPY=X,0.0,117.4800033569336,0,2016-12-22 00:00:00+00:00
2016-12-23 00:00:00+00:00,0.2862072081013367,0.2790682428115807,0.2851750940155602,0.28576521839426317,0.543567558424572,0.0829831833142055,0.46683640215667144,70.64417226130875,2.3388491641608766,2.3196557412309775,0.019193422929899118,80.84468401414065,1.3701399182674703,0.012181663619579427,0.06655676720419003,0,4,12,7329.023404554701,0.0,USDJPY=X,0.0,117.08699798583984,0,2016-12-23 00:00:00+00:00
2016-12-26 00:00:00+00:00,0.28220587968106536,0.2750561249117771,0.2823399807333917,0.2820059662936918,0.5711253018837213,0.059672914038565505,0.38520886986058006,70.17832954228088,2.2694942595165344,2.3096234448880892,-0.040129185371554854,79.70608964433988,1.302843765135084,0.011656598666024547,0.0678553833852934,0,0,12,7272.541378702845,0.0,USDJPY=X,0.0,116.26699829101562,0,2016-12-26 00:00:00+00:00
2016-12-27 00:00:00+00:00,0.2800997872525295,0.2797342439728072,0.2852884342753801,0.2800940128263816,0.5486267235700146,0.048485502366476654,0.4013158508500967,68.36162071857362,2.170785886161312,2.281855933142734,-0.11107004698142209,75.44525821543618,1.248426379497645,0.011105990898042107,0.0667291213753844,0,1,12,7150.2532961441175,0.0,USDJPY=X,0.0,116.79499816894531,0,2016-12-27 00:00:00+00:00
2016-12-28 00:00:00+00:00,0.2850246322588348,0.28304801491624487,0.2884475004702942,0.2847606578178139,0.563680513818238,0.06495717578321367,0.448963350879025,67.40587882086669,2.059299161772998,2.237344578868787,-0.17804541709578903,73.27820178873932,1.189110157217679,0.010652829247673124,0.06125219179112553,0,2,12,7056.349335745386,0.0,USDJPY=X,0.0,117.49500274658203,0,2016-12-28 00:00:00+00:00
2016-12-29 00:00:00+00:00,0.2778965476028181,0.2707351728300278,0.26988194567528434,0.2783925893445125,0.6175447031520931,0.06635619504699757,0.4077701516836484,68.561209313096,1.9714587359684401,2.1841674102887176,-0.2127086743202775,74.77851372942811,1.1479593575880123,0.010121809016338426,0.05698863224093095,0,3,12,6952.03784513216,0.0,USDJPY=X,0.0,117.65899658203125,1,2016-12-29 00:00:00+00:00
2016-12-30 00:00:00+00:00,0.266038159576794,0.2730581214280978,0.2680998956577456,0.2651057118899003,0.5272962149923347,0.12665036848744676,0.3985619029578909,65.16667527128796,1.8488202675047631,2.1170979817319266,-0.2682777142271635,59.689817032660486,1.1551051962340695,0.009804328211804039,0.05692064353535757,0,4,12,6706.526078030278,0.0,USDJPY=X,0.0,117.11299896240234,1,2016-12-30 00:00:00+00:00
2017-01-02 00:00:00+00:00,0.27405713121783926,0.2778500084582396,0.2778686642238566,0.2736611658960213,0.47040443677299915,0.16596755223795656,0.34172285401183733,58.6426562165737,1.6662537394346515,2.0269291332724717,-0.3606753938378202,38.50120946517391,1.1488834531785668,0.009934936079994496,0.05476436450159258,0,0,1,6368.361937062498,0.0,USDJPY=X,1.0,115.26499938964844,0,2017-01-02 00:00:00+00:00
2017-01-03 00:00:00+00:00,0.28504082346236403,0.29584815074379844,0.2869571440330989,0.28500370065479386,0.6499522420141417,0.1181044948829092,0.3986149623526821,61.32737107948336,1.546348287597084,1.9308129641373943,-0.38446467654031036,52.095120627559325,1.1538205150469503,0.009836752182800616,0.0504492520984662,0,1,1,6020.793198094162,0.0,USDJPY=X,0.0,117.1500015258789,0,2017-01-03 00:00:00+00:00
2017-01-04 00:00:00+00:00,0.2881188824905483,0.2890744950926718,0.28342542692939854,0.28766097724730866,0.6725372491541772,0.2031079568627823,0.4600750730384526,64.60762164121263,1.4906238880760299,1.8427751489251216,-0.35215126084909176,54.37624827394495,1.1998336318572125,0.009820166714115978,0.04689340926255762,0,2,1,5772.896024161989,0.0,USDJPY=X,1.0,115.98500061035156,0,2017-01-04 00:00:00+00:00
2017-01-05 00:00:00+00:00,0.2780423920315547,0.27135246940317037,0.2546697546634511,0.27881389656141353,0.6010314787715355,0.17218370308543027,0.4507188818682075,65.34915129869614,1.4430601330104622,1.7628321457421898,-0.3197720127317276,62.20131592353935,1.193274208794867,0.010197551115614815,0.04333762765005633,0,3,1,5467.573331528938,0.0,USDJPY=X,1.0,115.87200164794922,0,2017-01-05 00:00:00+00:00
2017-01-06 00:00:00+00:00,0.24988663067605188,0.26581340689832933,0.25418376349484517,0.24886980753998977,0.5071523809785512,0.27847715567527576,0.43925133925465093,60.783014469853754,1.3457945873560817,1.6794246340649683,-0.33363004670888663,55.15145490107228,1.277040144913314,0.010189084212402012,0.0367598183216879,0,4,1,5083.138780401134,0.0,USDJPY=X,1.0,115.0979995727539,0,2017-01-06 00:00:00+00:00
2017-01-09 00:00:00+00:00,0.2797109511738807,0.2784835398940768,0.2690880694606461,0.27941346815823587,0.33391093952461376,0.23014815376881562,0.36136301453546765,48.44480854952403,1.1068339279786272,1.5649064928477001,-0.4580725648690729,0.06002703507686668,1.3179657398567268,0.011079166717351327,0.032792252350352,0,0,1,4491.399528267403,0.0,USDJPY=X,1.0,114.66400146484375,0,2017-01-09 00:00:00+00:00
2017-01-10 00:00:00+00:00,0.26087032292057666,0.25913716042337054,0.2532117811576329,0.26053635820706567,0.8336644044638637,0.20839221860743046,0.4640754144236389,57.84459008066155,1.0573710868781774,1.4633994116537956,-0.40602832477561823,56.666666666666664,1.3851826645488803,0.011250240910714653,0.03001133410563072,0,1,1,4075.3051377574748,1.0,USDJPY=X,1.0,114.22699737548828,0,2017-01-10 00:00:00+00:00
2017-01-11 00:00:00+00:00,0.25891007492077733,0.26729152298503345,0.26095550412190227,0.25870537781107905,0.4246615595901888,0.17560181540533618,0.3240623382052969,51.58471721099713,0.9136337897701878,1.353446287277074,-0.4398124975068862,23.067782343912462,1.4253123739519178,0.011942774128202693,0.02716378727581449,0,2,1,3628.2198954298706,1.0,USDJPY=X,1.0,114.1520004272461,0,2017-01-11 00:00:00+00:00
2017-01-12 00:00:00+00:00,0.24562599580536593,0.24104160896164406,0.2298346418756787,0.24616382348167143,0.5641718904668098,0.17933174303572952,0.30347790428239074,51.00811682607181,0.7815931549808823,1.2390756608178357,-0.4574825058369534,19.734479018035984,1.4059328707134437,0.012300748702714276,0.024916380835883933,0,3,1,3138.6233762756424,1.0,USDJPY=X,1.0,112.87799835205078,0,2017-01-12 00:00:00+00:00
2017-01-13 00:00:00+00:00,0.2398101402170585,0.24378678792002284,0.23832354305854553,0.23913152857749842,0.47543621560115534,0.2267288558393641,0.28570060269785535,47.122710112371465,0.6074917154012525,1.1127588717345192,-0.5052671563332667,27.684613818154265,1.4563662022138228,0.012215093884622625,0.02926851974762408,0,4,1,2617.4194267614257,1.0,USDJPY=X,1.0,114.76200103759766,0,2017-01-13 00:00:00+00:00
2017-01-16 00:00:00+00:00,0.23277932637919085,0.22853382459284255,0.22879777007673763,0.23205052620752165,0.5206803656589845,0.1715624436835466,0.3913550705561888,45.05053002741138,0.42954353942549517,0.9761158052727144,-0.5465722658472192,18.704723657436567,1.4311974667878355,0.012701163256197264,0.03254920660363397,0,0,1,2131.0673535180235,1.0,USDJPY=X,0.0,114.9800033569336,1,2017-01-16 00:00:00+00:00
2017-01-17 00:00:00+00:00,0.2305760867294795,0.22572370618368565,0.21331020054922445,0.23083531202262186,0.5200506838325004,0.11701610532006715,0.21745826306253813,43.00008153928327,0.25036964468765177,0.8309665731557019,-0.5805969284680501,10.843330321253855,1.3981120991126998,0.012529415109137352,0.037154696577972525,0,1,1,1619.7670235477037,0.0,USDJPY=X,0.0,113.80999755859375,0,2017-01-17 00:00:00+00:00
2017-01-18 00:00:00+00:00,0.2108443242971998,0.21401192580791673,0.2117711461159888,0.2101920001325237,0.5691128399790044,0.23869521298289875,0.2980517760844914,42.64138840068371,0.10115535926759378,0.6850043303780803,-0.5838489711104865,24.124406092561575,1.407961457232719,0.012247810760038112,0.04154064014569284,0,2,1,1107.7273913766874,0.0,USDJPY=X,1.0,112.77999877929688,0,2017-01-18 00:00:00+00:00
2017-01-19 00:00:00+00:00,0.24049054155620708,0.2459472639608975,0.24057539277900175,0.2407194661365053,0.4057488679609348,0.1414147641585492,0.20963491935582526,36.99570719927887,-0.11853298270692392,0.5242968677610794,-0.6428298504680033,3.9173081141124424,1.4150359091575024,0.012473302838357242,0.04884801199326752,0,3,1,492.3502349314125,0.0,USDJPY=X,0.0,113.83999633789062,0,2017-01-19 00:00:00+00:00
2017-01-20 00:00:00+00:00,0.2430177288734765,0.24349443646127078,0.24256805544946647,0.24425187001436122,0.8389051670293209,0.17063055458072104,0.4115741053952854,47.967044649286116,-0.13901186281191258,0.39163512164648107,-0.5306469844583936,35.59183547818993,1.50274801358152,0.01233017807605077,0.04800188266298966,0,4,1,97.30357331411295,0.0,USDJPY=X,1.0,113.29299926757812,0,2017-01-20 00:00:00+00:00
2017-01-23 00:00:00+00:00,0.22615341622652751,0.2218252323227441,0.21711729616860476,0.22529366336885803,0.6088676516658496,0.12805057336077624,0.4615762642342645,49.07216338009486,-0.13608189026552964,0.28609171926407895,-0.4221736095296086,39.256968485807775,1.4542663788223489,0.013069646631654063,0.04717586463249116,0,0,1,-78.50958319123897,0.0,USDJPY=X,0.0,114.45500183105469,1,2017-01-23 00:00:00+00:00
2017-01-24 00:00:00+00:00,0.20971032206528561,0.21259874917199095,0.2107182064503339,0.20860406257351705,0.42106566634492515,0.1648803482846601,0.4051300552155889,43.706889131357435,-0.22556933283588876,0.18375950884408543,-0.4093288416799742,21.06309313617303,1.493604843393074,0.01277801959422446,0.049108633662355516,0,1,1,-457.4886310653778,0.0,USDJPY=X,1.0,114.66799926757812,1,2017-01-24 00:00:00+00:00
2017-01-25 00:00:00+00:00,0.22696347079088341,0.22062310890184778,0.2188669632547664,0.22577974904281795,0.4385711549492382,0.1379954662290977,0.3313977417017666,39.60195042644221,-0.3752751311145772,0.0719525808523529,-0.4472277119669301,4.04524551711367,1.474775620832073,0.013243525975877704,0.05333429390950376,0,2,1,-892.1781121366574,0.0,USDJPY=X,0.0,113.6500015258789,0,2017-01-25 00:00:00+00:00
2017-01-26 00:00:00+00:00,0.21544522163594682,0.2337155961881534,0.2186077762047749,0.2169164737426581,0.7254992222904973,0.1365964469653138,0.5123839909282142,45.296088566156804,-0.4037311492386664,-0.023184165165850954,-0.3805469840728154,25.485324527020772,1.4538630198114226,0.01295481085975059,0.05208793792695029,0,3,1,-1228.6359337338276,0.0,USDJPY=X,0.0,112.74299621582031,0,2017-01-26 00:00:00+00:00
2017-01-27 00:00:00+00:00,0.23541997571813855,0.24294207933890632,0.240219056934879,0.23574499985103414,0.504594690498949,0.2643352050156026,0.32451352740476735,43.04105598379644,-0.46505991948345127,-0.11155931602937103,-0.35350060345408024,14.421468473195272,1.4715154040338767,0.012832770155353147,0.052830051990305035,0,4,1,-1489.5388560288586,0.0,USDJPY=X,1.0,113.31099700927734,0,2017-01-27 00:00:00+00:00
2017-01-30 00:00:00+00:00,0.23959953097420494,0.23610348423700178,0.22989940773843287,0.23919630703455708,0.7388402720195187,0.14529882102986788,0.3970646925399331,48.864999494532746,-0.4151143364693155,-0.17227032011735993,-0.24284401635195557,44.06583337965362,1.512335680001323,0.012856715569372481,0.05186438225218141,0,0,1,-1530.4836259313427,0.0,USDJPY=X,0.0,112.78900146484375,0,2017-01-30 00:00:00+00:00
2017-01-31 00:00:00+00:00,0.22357765529867013,0.22013581516051128,0.20266659844003265,0.2227011652334021,0.6082668155623459,0.17886579848431675,0.5037180747682394,49.87668832669684,-0.3542612854795095,-0.20866851318978988,-0.14559277228971965,49.0716518053257,1.4865260583271211,0.013188820679362192,0.05006250019769575,0,1,1,-1635.487186194341,0.0,USDJPY=X,1.0,112.63899993896484,0,2017-01-31 00:00:00+00:00
2017-02-01 00:00:00+00:00,0.20857631983337144,0.21985969856445386,0.2137638087864533,0.2080044909766947,0.44125204801865553,0.28733484459030073,0.5052622671330127,45.26703888579211,-0.3837550250905082,-0.24368581556993354,-0.14006920952057464,45.57881702342963,1.5649884173375166,0.013079859554499246,0.047290226611594995,0,2,2,-1803.7569322899565,0.0,USDJPY=X,1.0,111.8270034790039,0,2017-02-01 00:00:00+00:00
2017-02-02 00:00:00+00:00,0.21627134380685842,0.20894379825146814,0.2025694496459014,0.21720810042243222,0.4552041439674027,0.17824453908243304,0.35239149116785556,41.579806953078474,-0.4748430791483713,-0.2899172682856211,-0.18492581086275023,19.197072516898714,1.535132328515417,0.013881025605721081,0.04424496387267135,0,3,2,-1934.9113490543082,1.0,USDJPY=X,1.0,112.38700103759766,0,2017-02-02 00:00:00+00:00
2017-02-03 00:00:00+00:00,0.20875454666916649,0.20876521476182774,0.2065628089201874,0.2087499377249089,0.657677859766431,0.1811955212413806,0.43869445332804485,44.62195128587987,-0.4954864419190841,-0.3310311030123137,-0.1644553389067704,35.83023933789975,1.5087652148226307,0.013547955353263091,0.039855696906403,0,4,2,-2050.4506278315134,1.0,USDJPY=X,1.0,111.9520034790039,0,2017-02-03 00:00:00+00:00
2017-02-06 00:00:00+00:00,0.20661619543054566,0.20127685336139112,0.20177557343126318,0.20631938573209974,0.5076774020373189,0.14118119907807,0.3090460653120469,42.43497863417982,-0.5476541178119874,-0.37435570597224843,-0.17329841183973893,20.67357535909546,1.4715316582183913,0.013376882455093919,0.0411533857576746,0,0,2,-2202.158654704571,1.0,USDJPY=X,0.0,113.43399810791016,1,2017-02-06 00:00:00+00:00
2017-02-07 00:00:00+00:00,0.19286220062186588,0.19783307958614738,0.1948256030826574,0.19316218881461467,0.5586402384216507,0.11546295681535791,0.28139253398611136,41.800970652675886,-0.5942510896749837,-0.4183347827127955,-0.17591630696218824,17.492109602804504,1.420779510268082,0.013064139942788582,0.035642171858197166,0,1,2,-2309.781116202596,1.0,USDJPY=X,0.0,113.91400146484375,1,2017-02-07 00:00:00+00:00
2017-02-08 00:00:00+00:00,0.20264712582035949,0.19719954815030993,0.19563567076298383,0.20223611772322503,0.46720835408357414,0.14918406351073213,0.2959663736050896,38.45184768866691,-0.6887612429015633,-0.4724200747505491,-0.21634116815101417,5.8134671685487245,1.3935810392151722,0.01270515587529662,0.036047732787888566,0,2,2,-2374.527169379084,1.0,USDJPY=X,0.0,113.70500183105469,1,2017-02-08 00:00:00+00:00
2017-02-09 00:00:00+00:00,0.1954057027396381,0.2079042713180168,0.1997505278294216,0.1951876282047873,0.6572066053748503,0.13535274255200083,0.40947412912856035,41.90863747842069,-0.7102863583576209,-0.5199933314719635,-0.1902930268856574,20.89634675574025,1.3562534341191665,0.012399841853142492,0.03335065215335494,0,3,2,-2398.969922748158,1.0,USDJPY=X,0.0,114.3010025024414,1,2017-02-09 00:00:00+00:00
2017-02-10 00:00:00+00:00,0.21941416764915966,0.21864134028086313,0.22358127534860484,0.2192011505840754,0.519127456234166,0.19829082527909248,0.3316232401659067,40.02799121378987,-0.7537569935644797,-0.5667460638904668,-0.1870109296740129,9.446200205791563,1.3505211157222619,0.012114597255720625,0.033743102194100476,0,4,2,-2505.198725061251,1.0,USDJPY=X,1.0,114.11199951171875,1,2017-02-10 00:00:00+00:00
2017-02-13 00:00:00+00:00,0.22804889941220985,0.2234333512412543,0.22484495126616033,0.22697889223646261,0.7852047441113671,0.07241584543445476,0.48768002459959103,48.506181601147105,-0.6610035664939886,-0.5855975644111712,-0.07540600208281745,49.103540921488886,1.3889119545197233,0.011905787843583777,0.0319201105884996,0,0,2,-2596.693188359442,1.0,USDJPY=X,0.0,113.30500030517578,0,2017-02-13 00:00:00+00:00
2017-02-14 00:00:00+00:00,0.22323739283060928,0.22827394285947977,0.22191268918986062,0.22359236350999834,0.6451355435617244,0.10613813773937457,0.5370267965253978,50.9260296373472,-0.5425098322931348,-0.5769800179875639,0.03447018569442917,61.94816012543486,1.3397756740769082,0.012192635994341491,0.03138885032524021,0,1,2,-2545.278556952332,1.0,USDJPY=X,0.0,112.91100311279297,0,2017-02-14 00:00:00+00:00
2017-02-15 00:00:00+00:00,0.23316816245783945,0.23652583852755993,0.2376269392370136,0.23324966940116632,0.5507895761225899,0.1805742618394969,0.5852605318526996,49.82805362141121,-0.4601627482808368,-0.5536165640462185,0.0934538157653817,56.35544775997518,1.3270770497915598,0.01178290886506097,0.03098001935197107,0,2,2,-2431.7966504820906,1.0,USDJPY=X,1.0,113.27999877929688,0,2017-02-15 00:00:00+00:00
2017-02-16 00:00:00+00:00,0.2307381223617453,0.22344958610394894,0.22121596176935387,0.2301871565830056,0.660844756435588,0.10878086141647143,0.5873457715009023,52.94375758492874,-0.34285756909186205,-0.5114647650553472,0.16860719596348517,72.304089698989,1.3205715505946738,0.011610371044324079,0.031276157982790764,0,3,2,-2235.585784549305,1.0,USDJPY=X,0.0,113.66899871826172,0,2017-02-16 00:00:00+00:00
2017-02-17 00:00:00+00:00,0.21803717376733345,0.2128423960426593,0.21151195906599707,0.2171109327368439,0.5536070594498053,0.14110413445760733,0.6072888495166293,51.84423955142149,-0.26212175480951316,-0.46159616300618045,0.19947440819666729,75.19444438103109,1.3028882738571637,0.011572591456160203,0.030037845251151607,0,4,2,-2069.156230123293,1.0,USDJPY=X,0.0,113.41699981689453,0,2017-02-17 00:00:00+00:00
2017-02-20 00:00:00+00:00,0.2107147946689658,0.20876521476182774,0.2148816379138372,0.21072679327228738,0.4693366686948431,0.13271239009399513,0.42727514500559705,47.3249812853304,-0.260256062035495,-0.4213281428120434,0.1610720807765484,51.04727161488712,1.315753519223393,0.011498947710586146,0.02752428109038573,0,0,2,-1972.137343269177,1.0,USDJPY=X,0.0,112.68199920654297,0,2017-02-20 00:00:00+00:00
2017-02-21 00:00:00+00:00,0.21627134380685842,0.217244398507632,0.22145895735365695,0.21670582013420758,0.525242982089148,0.06138374861283683,0.35971727213392396,45.25102418707138,-0.2872584313395379,-0.3945142005175423,0.10725576917800445,39.25801804845643,1.2551998620885745,0.011653014170009763,0.027544191235322178,0,1,2,-1896.2429067551036,1.0,USDJPY=X,0.0,112.18800354003906,0,2017-02-21 00:00:00+00:00
2017-02-22 00:00:00+00:00,0.22292963636658025,0.21562004472642693,0.2161129309000156,0.22300898652744072,0.6301500165171781,0.07940975614382866,0.4043622410315031,47.56849597269328,-0.27570498168468305,-0.3707523567509705,0.09504737506628747,50.2991715425198,1.225756635506634,0.011080507376541177,0.027130908443650164,0,2,2,-1704.7470348928314,1.0,USDJPY=X,0.0,112.74500274658203,0,2017-02-22 00:00:00+00:00
2017-02-23 00:00:00+00:00,0.2184098186424528,0.21144545426942796,0.21066963205326816,0.21892571851856601,0.6327308992552062,0.11515114150487048,0.3885775752843391,49.97263213223643,-0.23247986238884266,-0.34309785787854497,0.1106179954897023,61.9388964097132,1.1911309697170975,0.010783561475233685,0.026867982463425984,0,3,2,-1504.326748654133,1.0,USDJPY=X,0.0,113.0770034790039,0,2017-02-23 00:00:00+00:00
2017-02-24 00:00:00+00:00,0.2070859875268405,0.20418438094671543,0.2023588369929754,0.20701612501451017,0.5448447868638434,0.12742812834934697,0.38363288336392215,48.423609715070356,-0.21606716148392024,-0.31769171859962003,0.10162455711569979,54.39854078252591,1.1840498461128628,0.010502226047595268,0.026937601217033553,0,4,2,-1284.8821902470584,1.0,USDJPY=X,0.0,114.12100219726562,1,2017-02-24 00:00:00+00:00
2017-02-27 00:00:00+00:00,0.19895355386411717,0.19635496349944326,0.20026890192940483,0.19901165876241733,0.4785356324054931,0.13768365091861026,0.3888493897513815,44.12720094951017,-0.25937843127039173,-0.30602906113377437,0.04665062986338264,32.40572272585111,1.1961174875456493,0.010507888167146665,0.02589362130938099,0,0,2,-1210.1513188597692,1.0,USDJPY=X,0.0,114.34200286865234,1,2017-02-27 00:00:00+00:00
2017-02-28 00:00:00+00:00,0.20802557171943037,0.20169908372169965,0.19781459708835425,0.20803700382823376,0.5111420482904683,0.08282905407328015,0.3808771947897053,41.46436981931876,-0.3297629444564478,-0.3107758377983091,-0.01898710665813874,16.37307092417188,1.1640377847173329,0.010661723622871709,0.024411900575672534,0,1,2,-1226.6464051467115,1.0,USDJPY=X,0.0,113.84700012207031,1,2017-02-28 00:00:00+00:00
2017-03-01 00:00:00+00:00,0.21288552831464513,0.22185770204813315,0.21450911060402578,0.21341658271634123,0.6565403347815755,0.1574975576443361,0.39568359796694913,45.46071339634199,-0.3367165386591182,-0.31596397797047093,-0.02075256068864728,30.451360363407915,1.153284828589365,0.010324517773384168,0.024033589195937618,0,2,3,-1158.489937396041,1.0,USDJPY=X,1.0,113.91699981689453,1,2017-03-01 00:00:00+00:00
2017-03-02 00:00:00+00:00,0.23010629463318444,0.22994712515901794,0.2312440409844312,0.23033303173439745,0.6251216114860363,0.1902097106164221,0.39140786046371734,47.750493927315674,-0.31184289690210676,-0.31513976175679814,0.0032968648546913837,40.96602715894264,1.1632644313742766,0.010199110279779447,0.023819661792473145,0,3,3,-1087.4628796225088,1.0,USDJPY=X,1.0,113.9260025024414,0,2017-03-02 00:00:00+00:00
2017-03-03 00:00:00+00:00,0.23376748418236826,0.2297521828764335,0.23493767274501698,0.23391401945504753,0.7229148143713636,0.10707121245174568,0.49198487068604707,54.25446660846713,-0.2055192866966422,-0.29321566674476696,0.08769638004812474,74.03010679940077,1.184388374403904,0.01019325460675063,0.024861485983283995,0,4,3,-929.6697621727112,1.0,USDJPY=X,0.0,114.41100311279297,0,2017-03-03 00:00:00+00:00
2017-03-06 00:00:00+00:00,0.22568362413023269,0.2198272288390648,0.22660265228567877,0.22589323496568037,0.6094422118526099,0.06977549297644906,0.5670925369151443,55.51679090255632,-0.1022455295681084,-0.2550216393094353,0.15277610974132688,81.02933359106945,1.1318609995859912,0.010358296554980256,0.026314915727085702,0,0,3,-753.7970180082388,1.0,USDJPY=X,0.0,115.14900207519531,1,2017-03-06 00:00:00+00:00
2017-03-07 00:00:00+00:00,0.22717408003373696,0.22353076041742193,0.22949437389826954,0.22702747607925655,0.5119949254021099,0.05477871783441303,0.567584981759117,52.052139617350136,-0.059655249156932655,-0.21594836127893477,0.15629311212200211,65.35229304595757,1.106835340331244,0.009941948390140929,0.026464287701696326,0,1,3,-595.9367461875751,1.0,USDJPY=X,0.0,114.73200225830078,1,2017-03-07 00:00:00+00:00
2017-03-08 00:00:00+00:00,0.22730373325894448,0.2328710115372865,0.22753409415918213,0.2271733512306484,0.5888866051037658,0.062470952566133296,0.5288834821864571,52.50354794450319,-0.020022942704571278,-0.17676327756406207,0.1567403348594908,77.51125352018981,1.0564899893965904,0.009716155991733678,0.024204264109081483,0,2,3,-437.396059184395,1.0,USDJPY=X,0.0,114.91500091552734,1,2017-03-08 00:00:00+00:00
2017-03-09 00:00:00+00:00,0.23511209565713598,0.23663948256642198,0.23966817630454385,0.235032065954359,0.5805531083314771,0.17063055458072104,0.5034471753530421,52.565400292683854,0.011974354277000998,-0.13901575119584947,0.15099010547285047,73.06052257075883,1.0594555045931509,0.00927347546820095,0.023212946739760768,0,3,3,-345.8214331153039,1.0,USDJPY=X,1.0,114.65899658203125,0,2017-03-09 00:00:00+00:00
2017-03-10 00:00:00+00:00,0.2469867984836629,0.2454111417012277,0.24692603169918192,0.246990243301209,0.6455335242854138,0.09028772372452125,0.4596843847950556,55.89746526186587,0.0755965090994124,-0.0960932991367971,0.1716898082362095,83.03064056107257,1.0567797931531824,0.00926008404583848,0.020914881079324415,0,4,3,-189.51474207427233,1.0,USDJPY=X,0.0,113.4020004272461,0,2017-03-10 00:00:00+00:00
2017-03-13 00:00:00+00:00,0.24108998687770922,0.23605477964891786,0.24154749871518866,0.2402333804625454,0.6796443325739285,0.10458380362511974,0.4994789706462919,60.450090148890546,0.18345314011659752,-0.04018401128611817,0.2236371514027157,90.84904727775992,1.0582237971857675,0.009177498494195177,0.02394321365052398,0,0,3,26.798392783100677,1.0,USDJPY=X,0.0,113.33999633789062,0,2017-03-13 00:00:00+00:00
2017-03-14 00:00:00+00:00,0.24332560893447908,0.2403431380750285,0.24281105103376954,0.2431986019721084,0.5230022037198978,0.0666668247479394,0.505786079030952,56.8773419717406,0.23260062187219432,0.014372915345544328,0.21822770652665,79.59246719224971,1.0302078378304225,0.009223440507935577,0.02534243442797304,0,1,3,289.2951695879402,1.0,USDJPY=X,0.0,112.67400360107422,0,2017-03-14 00:00:00+00:00
2017-03-15 00:00:00+00:00,0.23911354767438087,0.23555112711463733,0.24285159149747826,0.23905043188316522,0.6041304459958895,0.09557198546916941,0.5144837345053009,58.049114489600484,0.2830539477914016,0.06810912183471578,0.2149448259566858,84.53237113741773,1.000550527497111,0.008964955224494286,0.026951525904976674,0,2,3,477.1209203152675,0.0,USDJPY=X,0.0,112.572998046875,0,2017-03-15 00:00:00+00:00
2017-03-16 00:00:00+00:00,0.21881484592463085,0.21357333665466394,0.2162262711598355,0.21868267568158606,0.5446765460619398,0.04933914123929394,0.4939826683474795,55.76618338450826,0.29893522271655115,0.11427434201108286,0.1846608807054683,77.62173673067576,0.954189880164728,0.008726315050047385,0.027585234131858784,0,3,3,603.4863331657662,0.0,USDJPY=X,0.0,111.53199768066406,0,2017-03-16 00:00:00+00:00
2017-03-17 00:00:00+00:00,0.21797240895321646,0.21295604008152136,0.2102564406807732,0.2176779914821274,0.40882308771081155,0.09448359590632736,0.3595918776275038,46.16579430728648,0.20769795029366378,0.13295906366759905,0.07473888662606473,43.69012019210967,1.010247632516243,0.008414224410237769,0.027883875379281175,0,4,3,559.0706746740926,0.0,USDJPY=X,0.0,111.36900329589844,0,2017-03-17 00:00:00+00:00
2017-03-20 00:00:00+00:00,0.20690776069104544,0.20311238428787504,0.20888758203572944,0.20688656810039263,0.5708204605292213,0.1458430158112889,0.2988768117127139,45.74742899300135,0.12890263342922026,0.1321477776199233,-0.003245144190703042,42.01636886373559,1.0051227623853396,0.008913425667532934,0.027866838162978018,0,0,3,555.5652041115204,0.0,USDJPY=X,1.0,111.00399780273438,0,2017-03-20 00:00:00+00:00
2017-03-21 00:00:00+00:00,0.20543349599107041,0.2026900299973169,0.1986326987020377,0.2052499230755822,0.4879364240480266,0.06480186093274273,0.27925252499140474,41.406906716304704,0.012571809206136209,0.1082325839371659,-0.09566077473102969,6.852068854048812,0.9956849557319783,0.008920627032514152,0.028526956097250717,0,1,3,556.7717269537108,0.0,USDJPY=X,0.0,110.552001953125,0,2017-03-21 00:00:00+00:00
2017-03-22 00:00:00+00:00,0.18905529024091883,0.18475682716253639,0.18131450475992006,0.18838205790031992,0.5653820999720197,0.15913014198859918,0.25772907279670276,40.775033322805996,-0.08677126605242336,0.06923181393924804,-0.1560030799916714,20.224371890248612,0.9977076071222165,0.008844793804970696,0.029747537072684557,0,2,3,508.43574469649957,0.0,USDJPY=X,1.0,110.77100372314453,0,2017-03-22 00:00:00+00:00
2017-03-23 00:00:00+00:00,0.18534540348417394,0.18157305905090482,0.17915992743256992,0.18574097592207006,0.4355045786575921,0.15369056539348008,0.1970066639244968,34.86910245263057,-0.24665807769287085,0.006053835612824264,-0.2527119133056951,16.23964345540689,1.055585539272527,0.008945483160615761,0.03443987900675784,0,3,3,341.92566919664944,0.0,USDJPY=X,1.0,111.22599792480469,0,2017-03-23 00:00:00+00:00
2017-03-24 00:00:00+00:00,0.17980492195283704,0.18024105672845203,0.1831775121059016,0.1798266038941989,0.5565953421853003,0.14389980176608397,0.27934146184037006,34.03779458330392,-0.3821170055099259,-0.07158033261172578,-0.3105366728982001,15.17710550916361,1.046329063113552,0.009478270506452514,0.03860436047410182,0,4,3,134.04482971330322,0.0,USDJPY=X,1.0,111.15399932861328,0,2017-03-24 00:00:00+00:00
2017-03-27 00:00:00+01:00,0.17253111646505737,0.16568668821813692,0.17088151530365425,0.172502682310252,0.5283515080273172,0.09261863209113069,0.25570053781834257,32.18718196483013,-0.513008432678717,-0.15986595262512404,-0.35314248005359294,7.660510459790883,1.0141627494187782,0.009426048465146159,0.04298451697696094,0,0,3,-147.14147684169416,0.0,USDJPY=X,0.0,111.7760009765625,1,2017-03-27 00:00:00+01:00
2017-03-28 00:00:00+01:00,0.1758359759396244,0.16947151804021665,0.1722747229467183,0.17605128080237264,0.5159958717267978,0.07132864148115829,0.2713610431399752,30.01119109771969,-0.6457690951566804,-0.2570465811314353,-0.38872251402524505,8.030557399607371,1.0047936677080618,0.009173626270909068,0.047833046157827123,0,1,3,-441.25082876805914,0.0,USDJPY=X,0.0,111.26499938964844,1,2017-03-28 00:00:00+01:00
2017-03-29 00:00:00+01:00,0.1829802517991701,0.17731717035018346,0.1811524665040598,0.1834237862291137,0.6101333244623176,0.09417296620538551,0.2962581602146469,32.39595111346655,-0.7249544405705564,-0.35062815301925954,-0.3743262875512968,12.111084733667585,0.9763086062729993,0.009070908757127384,0.0516417362067824,0,2,3,-760.8029824442982,0.0,USDJPY=X,0.0,110.70899963378906,0,2017-03-29 00:00:00+01:00
2017-03-30 00:00:00+01:00,0.1818624407707854,0.18032235497217441,0.184554528283277,0.18225715588700808,0.6432063400515463,0.08407157287704754,0.41312156866320254,37.18472431997345,-0.7424368182914947,-0.4289898860737066,-0.3134469322177881,20.588716108736353,0.9452151605542806,0.00877770147706871,0.05374726915214502,0,3,3,-1001.8121014537121,0.0,USDJPY=X,0.0,110.85399627685547,0,2017-03-30 00:00:00+01:00
2017-03-31 00:00:00+01:00,0.19193880763280524,0.19169295537085818,0.19148830716619436,0.1923357689950771,0.5692565852777337,0.08018751600572886,0.4202851481566585,36.741209777386125,-0.7534164971902158,-0.49387520829700843,-0.2595412888932073,20.43515467822974,0.9145573969237292,0.008503654085894534,0.05523217327621595,0,4,3,-1226.7764991187357,0.0,USDJPY=X,0.0,110.38099670410156,0,2017-03-31 00:00:00+01:00
2017-04-03 00:00:00+01:00,0.18500526461308642,0.18183294078426782,0.18387411592743352,0.18405574705446548,0.6663536943058062,0.12245568191518623,0.4985711654018442,43.05972516632111,-0.703814501651209,-0.5358630669678486,-0.16795143468336038,32.7398353982755,0.9225890419467552,0.00818205508278558,0.054479078296975146,0,0,4,-1422.4820477090009,0.0,USDJPY=X,0.0,110.89700317382812,0,2017-04-03 00:00:00+01:00
2017-04-04 00:00:00+01:00,0.17509068618938528,0.169276575757632,0.1733601691427249,0.17504659660291377,0.5082231948835003,0.10116569130521383,0.49411907137968847,39.56346396009409,-0.6976955206077804,-0.5682295576958349,-0.12946596291194545,24.033582197204048,0.9176187143481588,0.008291817256169315,0.05541369737108169,0,1,4,-1595.8889977370027,0.0,USDJPY=X,0.0,111.2249984741211,1,2017-04-04 00:00:00+01:00
2017-04-05 00:00:00+01:00,0.1771320138038044,0.17926646924577905,0.17775040472484283,0.17739605190138974,0.5016068480679332,0.08189597936090903,0.4323629601216952,36.12635139724553,-0.7293037579145931,-0.6004443977395866,-0.12885936017500654,17.258521773012482,0.9228600429270849,0.008288564772362879,0.05689768779309358,0,2,4,-1826.763153049496,0.0,USDJPY=X,0.0,110.71700286865234,0,2017-04-05 00:00:00+01:00
2017-04-06 00:00:00+01:00,0.1701334587760217,0.1742634050703582,0.17371650498684788,0.16973179617186518,0.5996933091613319,0.1353539281615464,0.40782673713241113,37.64766995684629,-0.7341902086891139,-0.6271935599294921,-0.10699664875962178,21.75705023540415,0.9191559110941235,0.00832500472623704,0.057139672370215056,0,3,4,-1986.7248915263103,0.0,USDJPY=X,1.0,109.58699798583984,0,2017-04-06 00:00:00+01:00
2017-04-07 00:00:00+01:00,0.17820112762462803,0.1723465759001519,0.17138369793794883,0.17809291480681,0.5129634120986067,0.12618560954557956,0.3760218579531991,34.740799168436624,-0.7673839442029191,-0.6552316367841775,-0.1121523074187416,9.409861052817602,0.9115022095413625,0.008327120958674668,0.05695221177394202,0,4,4,-2099.0825588000744,0.0,USDJPY=X,1.0,108.9020004272461,0,2017-04-07 00:00:00+01:00
2017-04-10 00:00:00+01:00,0.1835795735236989,0.18180047105887853,0.18413342657639986,0.18340759161484899,0.6520285963139391,0.13022498126736917,0.3680077515482242,40.16827881268426,-0.7434824067019008,-0.6728817907677221,-0.07060061593417866,28.352251187476305,0.9062518686115107,0.008219358354640178,0.05196521235386013,0,0,4,-2170.1459212477675,0.0,USDJPY=X,1.0,109.10099792480469,0,2017-04-10 00:00:00+01:00
2017-04-11 00:00:00+01:00,0.17488020054350528,0.16979633922435777,0.16302432848059034,0.17517627714004091,0.6253230538046973,0.09836765277764604,0.4341272227299631,43.391114853114715,-0.6901185296426604,-0.6763291385427098,-0.013789391099950588,53.5921157891618,0.8897335510223515,0.008147915316199081,0.04686161686705026,0,1,4,-2167.1329061083243,0.0,USDJPY=X,0.0,108.322998046875,0,2017-04-11 00:00:00+01:00
2017-04-12 00:00:00+01:00,0.15701141529287588,0.15228549068013542,0.15865016076518645,0.15686622593415422,0.5082912899542323,0.186013838434616,0.43793171225992406,39.814100813171734,-0.6809684915892831,-0.6772570091520245,-0.0037114824372586064,42.475522966142854,0.9396809321784001,0.008036105819066247,0.040119945196891826,0,2,4,-2232.124251866038,0.0,USDJPY=X,1.0,109.11199951171875,0,2017-04-12 00:00:00+01:00
2017-04-13 00:00:00+01:00,0.14547697493441003,0.1460479572886788,0.1485249327559779,0.14576685763537123,0.4205911218523233,0.060450673900465705,0.3365929452470396,33.248216352953364,-0.7561821733206671,-0.693042041985753,-0.06314013133491403,7.85081633095553,0.9690612623227443,0.008574748368413376,0.034735909897450006,0,3,4,-2350.012721163625,0.0,USDJPY=X,0.0,108.53500366210938,0,2017-04-13 00:00:00+01:00
2017-04-14 00:00:00+01:00,0.1493811561335059,0.14357889492635745,0.14564136867571853,0.14899131659617892,0.4821095424047132,0.09790289383577885,0.31923948364502197,30.01665769196856,-0.8611364907664552,-0.7266609317418935,-0.13447555902456165,4.680319724632281,0.9602712201130281,0.00889847072157451,0.035692571288612314,0,4,4,-2486.932515778333,0.0,USDJPY=X,0.0,108.83399963378906,0,2017-04-14 00:00:00+01:00
2017-04-17 00:00:00+01:00,0.13612945942515298,0.1339462923477408,0.13882093005262108,0.13638498380971242,0.6077432713827864,0.10194226555756845,0.29460249393319293,32.08190683742774,-0.9176776913444655,-0.764864283662408,-0.15281340768205753,14.869954324804205,0.9385374351035596,0.00880167219712209,0.03398153405360964,0,0,4,-2582.749227302482,0.0,USDJPY=X,0.0,109.375,1,2017-04-17 00:00:00+01:00
2017-04-18 00:00:00+01:00,0.14998060145500824,0.14346512695724578,0.14322748069940205,0.1491695809761,0.46841885893746016,0.07521388396202255,0.20741129920140253,28.536289440153624,-1.0135811556624361,-0.8146076580624136,-0.19897349760002248,4.4812995844352095,0.9399990207239526,0.008664249070150579,0.036783718181546195,0,1,4,-2675.0702925045784,0.0,USDJPY=X,0.0,109.97799682617188,1,2017-04-18 00:00:00+01:00
2017-04-19 00:00:00+01:00,0.14019567625651463,0.14273418634524115,0.14340571042095096,0.13982022000198047,0.6926052768329093,0.12400883041989547,0.30957024515711473,36.23308683261354,-1.0142281273124922,-0.8545317519124294,-0.15969637540006287,24.015867019267095,0.9363562291697305,0.00861499216337792,0.03500158743748946,0,2,4,-2681.110024918388,0.0,USDJPY=X,1.0,109.64099884033203,1,2017-04-19 00:00:00+01:00
2017-04-20 00:00:00+01:00,0.14495860922752746,0.14669772358721067,0.14818478837754356,0.14466500575032426,0.49708060577413804,0.1153064563553414,0.3527148975604491,33.40005630381964,-1.049205017579098,-0.8934664050457631,-0.15573861253333476,9.730260672459387,0.9224734103102297,0.008627228060771895,0.037508268092973536,0,3,4,-2732.1328542148526,0.0,USDJPY=X,1.0,111.0459976196289,1,2017-04-20 00:00:00+01:00
2017-04-21 00:00:00+01:00,0.1534959465754553,0.14624289957126324,0.15179746280968653,0.1534311133648958,0.6221686511169909,0.10738184215268753,0.4317931540576284,36.184567497062936,-1.0408002812428236,-0.9229331802851752,-0.11786710095764841,20.163213949879847,0.91915384176547,0.008475967192368391,0.03834602977084284,0,4,4,-2749.218070537502,0.0,USDJPY=X,0.0,111.19100189208984,1,2017-04-21 00:00:00+01:00
2017-04-24 00:00:00+01:00,0.16362101064503642,0.16156067841897226,0.16440134465796574,0.16320178155591658,0.656633701326221,0.06837647371266516,0.4594225558809017,40.99189468587413,-0.9791976776207321,-0.9341860797522866,-0.04501159786844544,35.94756849216041,0.892714538858952,0.008403692267570012,0.03820208597682046,0,0,4,-2792.8088972039113,0.0,USDJPY=X,0.0,111.22599792480469,1,2017-04-24 00:00:00+01:00
2017-04-25 00:00:00+01:00,0.15767562542849523,0.1723952804882356,0.1628622902247301,0.15774122959648573,0.6650668623472425,0.09401646574536901,0.5719086133074077,45.8851365419477,-0.8716722706709703,-0.9216833179360234,0.05001104726505312,53.52764932369761,0.8968775288637255,0.008117210393183933,0.03787798615856431,0,1,4,-2803.018425583472,0.0,USDJPY=X,0.0,111.302001953125,1,2017-04-25 00:00:00+01:00
2017-04-26 00:00:00+01:00,0.18093892418475122,0.1842695334211999,0.18580201273514407,0.18050714856234462,0.5316674840184277,0.21243159032922004,0.48001124154919605,43.70390285508461,-0.8043781612967393,-0.8982222866081666,0.09384412531142727,43.70263603342698,0.9304574743117965,0.008180129133717854,0.03779964190329981,0,2,4,-2781.4425904784025,0.0,USDJPY=X,1.0,111.81199645996094,1,2017-04-26 00:00:00+01:00
2017-04-27 00:00:00+01:00,0.18276964255631656,0.18210918131057463,0.18597208492436113,0.18285672748383042,0.7786224560789081,0.10598282288890364,0.641134367093611,53.605964833875895,-0.6304084788368698,-0.8446595250539073,0.2142510462170375,81.0719914802982,1.0127819535113445,0.008379027558462182,0.03698794546377093,0,3,4,-2605.1888578722996,0.0,USDJPY=X,0.0,111.96900177001953,1,2017-04-27 00:00:00+01:00
2017-04-28 00:00:00+01:00,0.1834175378914331,0.18366847171075174,0.18641765922823317,0.1834237862291137,0.5996325617726205,0.08368387855564302,0.628107840349045,54.495556479486744,-0.47535601097158064,-0.770798822237442,0.29544281126586136,85.12012779552715,0.9793693709990945,0.009108488423319029,0.037011002649034334,0,4,4,-2365.4951417982934,0.0,USDJPY=X,0.0,112.78299713134766,1,2017-04-28 00:00:00+01:00
2017-05-01 00:00:00+01:00,0.18484322898082062,0.18712848034869012,0.19003033366037614,0.18465531865128781,0.584218986894605,0.09432709544631085,0.586402645059271,54.72121204009842,-0.3456672883993406,-0.6857725154698218,0.3401052270704812,86.09712460063898,0.9527711751353198,0.008805219906061942,0.03558591034635733,0,0,5,-2191.9206668835122,0.0,USDJPY=X,0.0,112.53700256347656,1,2017-05-01 00:00:00+01:00
2017-05-02 00:00:00+01:00,0.19321865429345597,0.1935284862973421,0.19840589458342328,0.1929190223546251,0.5899515190786515,0.09277394694160161,0.5433657509563825,55.2403483558656,-0.23405708710609474,-0.5954294297970764,0.3613723426909816,84.08730553485907,0.932859205559527,0.008560233943829517,0.035644674843750675,0,1,5,-1989.0042344345873,0.0,USDJPY=X,0.0,112.68399810791016,1,2017-05-02 00:00:00+01:00
2017-05-03 00:00:00+01:00,0.19571345920366712,0.19671225440897344,0.2008683569568055,0.1954630602702967,0.650586910573381,0.07365954984776774,0.6117560587393878,58.66501258836492,-0.10326255748935864,-0.4969960553355328,0.3937334978461742,88.3910836054398,0.9370833169578978,0.008343104810704074,0.037767901446469375,0,2,5,-1748.0377162400366,0.0,USDJPY=X,0.0,113.2300033569336,1,2017-05-03 00:00:00+01:00
2017-05-04 00:00:00+01:00,0.2090786179336983,0.20561391637558546,0.21207903116202065,0.20865264641631098,0.6011627207188187,0.08049696009712513,0.5105288921410541,59.68760697770627,0.01291321047702354,-0.3950142021730216,0.4079274126500451,88.01756796355858,0.9185774660186619,0.008369131653800349,0.040059926358684765,0,3,5,-1400.0776899408536,0.0,USDJPY=X,0.0,113.697998046875,1,2017-05-04 00:00:00+01:00
2017-05-05 00:00:00+01:00,0.20473690344839257,0.2007407311017213,0.20286101962727,0.2046666697160342,0.6923882018081805,0.05811976553385626,0.5634440686036877,64.58005035240377,0.16872105510960012,-0.2822671507164973,0.4509882058260974,94.79157089674925,0.9293219501702306,0.008144644932151269,0.04465319559563043,0,4,5,-947.379787063696,0.0,USDJPY=X,0.0,114.3280029296875,1,2017-05-05 00:00:00+01:00
2017-05-08 00:00:00+01:00,0.207345170380282,0.20293367686798502,0.20785071023678836,0.2070485142430396,0.5454019089702639,0.09992198689190086,0.5411457601229837,62.126187958701074,0.2692464828962926,-0.1719644239939393,0.4412109068902319,89.16523808030993,0.912084375918395,0.008257923429638584,0.04787829259030981,0,0,5,-551.3486545411461,0.0,USDJPY=X,0.0,113.80899810791016,1,2017-05-08 00:00:00+01:00
2017-05-09 00:00:00+01:00,0.2157367868964466,0.22457041128112265,0.2198065626606014,0.21589571855194434,0.5996386856880348,0.07303829044588403,0.546694583436216,63.030175717358354,0.35666352549998237,-0.06623883409515496,0.42290235959513733,92.32594871285983,0.8805070076887328,0.008094178332623155,0.05072302259229595,0,1,5,-176.1338032630909,0.0,USDJPY=X,0.0,113.27100372314453,0,2017-05-09 00:00:00+01:00
2017-05-10 00:00:00+01:00,0.2234966992810241,0.223660763249228,0.22800401746107446,0.22347887758713592,0.6546830818604009,0.16534629283607288,0.5490332252688375,66.2523186382488,0.46464409412297414,0.03993775154847086,0.4247063425745033,82.22427774609488,0.9262567730784327,0.007776269377234945,0.054877726046133515,0,2,5,231.4679315070568,0.0,USDJPY=X,1.0,113.64199829101562,0,2017-05-10 00:00:00+01:00
2017-05-11 00:00:00+01:00,0.23344353651480998,0.22669829366635863,0.22529855950338917,0.2336871712323323,0.6436046781181294,0.07801073688004477,0.5733480351565167,68.76516223968582,0.5812820750722381,0.1482066162532243,0.43307545881901377,90.36481025835833,0.9257383405915246,0.008146641005029471,0.05904352805517785,0,3,5,636.5615602801944,0.0,USDJPY=X,0.0,112.64600372314453,0,2017-05-11 00:00:00+01:00
2017-05-12 00:00:00+01:00,0.2255217120949402,0.220363227168485,0.22097296618505102,0.2252774687545933,0.6655011474421407,0.1330218341853914,0.5579925277771638,71.80835593867205,0.7162976111961967,0.2618248152418188,0.45447279595437795,99.83024188910973,0.9207566861366054,0.008097214303313423,0.06263376737409128,0,4,5,1084.6494939016154,0.0,USDJPY=X,1.0,111.1259994506836,0,2017-05-12 00:00:00+01:00
2017-05-15 00:00:00+01:00,0.21662779747844874,0.21672463504090622,0.22166957000658294,0.21656006860582533,0.5087215759880668,0.1139086227011031,0.5368818438857524,66.09524425520159,0.7725139843572748,0.36396264906491,0.4085513352923648,88.8110290937541,0.9346316009242809,0.008090368085514403,0.0643001809077026,0,0,5,1489.9787293664892,0.0,USDJPY=X,1.0,111.4010009765625,0,2017-05-15 00:00:00+01:00
2017-05-16 00:00:00+01:00,0.22283248914540477,0.2172932270259651,0.21721456856171084,0.22257148469627497,0.5058045950442567,0.07241703104400034,0.4831926650726537,60.70380543764488,0.764837642216051,0.4441376476951382,0.3206999945209128,67.66863307786201,0.9073723011303032,0.008251287356901109,0.0616870619738353,0,1,5,1833.2783248776213,0.0,USDJPY=X,0.0,111.28399658203125,0,2017-05-16 00:00:00+01:00
2017-05-17 00:00:00+01:00,0.20776638886598908,0.20044837964296924,0.18899346186143529,0.20643287165496216,0.6302629366279172,0.12059071809998956,0.46935326607214795,62.94829289510894,0.7797023238191514,0.5112505829199409,0.26845174089921053,78.86401394133024,0.8979886350897458,0.007984480339800913,0.0603139080633108,0,2,5,2165.7991102544843,0.0,USDJPY=X,1.0,110.89099884033203,0,2017-05-17 00:00:00+01:00
2017-05-18 00:00:00+01:00,0.18179755235969486,0.17926646924577905,0.17259064192610718,0.1818034594415774,0.44301673855313556,0.23014815376881562,0.3557730682870821,54.0265795906797,0.7030103871957465,0.549602543775102,0.1534078434206445,48.09592989197929,1.0054894381497417,0.007971775344083892,0.05523484699560252,0,3,5,2336.143872296917,0.0,USDJPY=X,1.0,111.95700073242188,1,2017-05-18 00:00:00+01:00
2017-05-19 00:00:00+01:00,0.1867709709765879,0.1836035322599734,0.18623942950668426,0.1862594508245592,0.3694638775311726,0.18484838425131128,0.190530733930427,43.81944767137024,0.5136586956027998,0.5424137741406415,-0.02875507853784176,21.888274171988712,1.1064903538748159,0.009048192530281503,0.05032749132742799,0,4,5,2280.609254511248,0.0,USDJPY=X,1.0,111.52400207519531,0,2017-05-19 00:00:00+01:00
2017-05-22 00:00:00+01:00,0.18427616606637676,0.1820928225176306,0.18448976242052284,0.1843635683485041,0.6178115743464827,0.09541548500915291,0.2508749673193623,45.814057100155274,0.38139001399065364,0.510209022110644,-0.12881900811999036,28.5801277290955,1.0713123581041817,0.009932499207144547,0.04548817931389481,0,0,5,2254.8266068211883,0.0,USDJPY=X,0.0,111.7300033569336,1,2017-05-22 00:00:00+01:00
2017-05-23 00:00:00+01:00,0.17910832941015942,0.18376600481716876,0.18366362687348237,0.17799562349821207,0.5629892087636019,0.09774639337576234,0.28273610617943834,45.08070204963752,0.2640806961952791,0.46098335692757103,-0.19690266073229196,25.732957077083025,1.0397184612920527,0.009626832168221786,0.04253251024949857,0,1,5,2167.1139918008816,0.0,USDJPY=X,0.0,111.25599670410156,1,2017-05-23 00:00:00+01:00
2017-05-24 00:00:00+01:00,0.1950978226786355,0.19055589533098982,0.19657527016881882,0.1952686012761109,0.52440050705939,0.12167792205328604,0.22400780088286937,42.613335737777184,0.13781197270213852,0.39634908008248454,-0.258537107380346,16.169798009802467,1.0213812234388815,0.009376040185092985,0.03869280116904438,0,2,5,2010.0941779575899,0.0,USDJPY=X,1.0,111.17400360107422,0,2017-05-24 00:00:00+01:00
2017-05-25 00:00:00+01:00,0.18835857410126766,0.1876969484034996,0.19354573569941325,0.1882525009862024,0.7288313909263449,0.06278158226707514,0.38340355723781805,50.52364182956818,0.12235016679643707,0.34154929742527507,-0.219199130628838,42.10975790880737,1.0355683661006132,0.009122977721419947,0.037067162396486254,0,3,5,1834.8390388180449,0.0,USDJPY=X,0.0,110.83899688720703,0,2017-05-25 00:00:00+01:00
2017-05-26 00:00:00+01:00,0.19153390394760073,0.18540659346106825,0.18329097596469612,0.19159044586987273,0.5191739332415792,0.0644912312318009,0.4688508498655294,47.65046279780866,0.07430070897991925,0.2880995797362039,-0.21379887075628468,31.57322144660627,0.9928137749045315,0.009285609795480428,0.03663669498204982,0,4,5,1548.6711759693942,0.0,USDJPY=X,0.0,110.7959976196289,0,2017-05-26 00:00:00+01:00
2017-05-29 00:00:00+01:00,0.1842599748628475,0.17993247040700555,0.18852366215851757,0.18390987190307362,0.6080518256008061,0.14094763399759083,0.4633156966174212,49.13255764907356,0.05224154132524461,0.2409279720540121,-0.18868643072876748,36.58603148670726,0.9866840538873551,0.008885829634613724,0.0357739007465358,0,0,5,1323.3271020296656,0.0,USDJPY=X,1.0,111.43699645996094,0,2017-05-29 00:00:00+01:00
2017-05-30 00:00:00+01:00,0.18299644300269935,0.17596893316503603,0.17969449299824158,0.18258129541832102,0.5133435223516244,0.038384109038138686,0.43507792790971334,45.9116016396471,-0.0034491240583207627,0.19205255283154554,-0.1955016768898663,25.051611465914153,0.9533497837854681,0.008868592103952452,0.03601732694364409,0,1,5,1085.1194638952047,0.0,USDJPY=X,0.0,110.46299743652344,0,2017-05-30 00:00:00+01:00
2017-05-31 00:00:00+01:00,0.17790956236412825,0.17561164225550563,0.17695665210917944,0.17715300906440978,0.5678621632127394,0.08515877683034401,0.45978067001122314,45.35768568184266,-0.053582865850373196,0.1429254690951618,-0.196508334945535,23.056401306995397,0.9274673555560932,0.008575294159652413,0.03702717298311323,0,2,5,787.265210183534,0.0,USDJPY=X,0.0,110.38099670410156,0,2017-05-31 00:00:00+01:00
2017-06-01 00:00:00+01:00,0.17619230601424096,0.17975376298711554,0.18137927062267445,0.17645626978199935,0.5324587377421166,0.10800310155457123,0.3493105673555666,43.07119604729887,-0.11897498983242372,0.0905453773096447,-0.2095203671420684,16.467154302780184,0.9108625226466736,0.008367698929104444,0.03890930927749016,0,3,6,539.5029355474678,0.0,USDJPY=X,1.0,109.50900268554688,0,2017-06-01 00:00:00+01:00
2017-06-02 00:00:00+01:00,0.18738660750161928,0.18386341399333617,0.17446180680442014,0.1868427041841072,0.5732905148357137,0.10520624863654902,0.3797801394893479,42.77315105726433,-0.17228243606581373,0.037979814634553015,-0.21026225070036675,16.130740140464614,0.8941581962522683,0.008221077856744734,0.04039796381458155,0,4,6,346.50118969292583,0.0,USDJPY=X,0.0,109.9000015258789,0,2017-06-02 00:00:00+01:00
2017-06-05 00:00:00+01:00,0.17157534106893824,0.16796080829787363,0.17451038120148588,0.17106049627962716,0.6693015544161185,0.21087725621496523,0.41418899202252496,48.49486679669837,-0.16095038603909018,-0.0018062255001756245,-0.15914416053891456,34.28676391139924,0.9272179414418386,0.00802388995268315,0.04047605451595135,0,0,6,228.96565030400654,0.0,USDJPY=X,1.0,109.85900115966797,0,2017-06-05 00:00:00+01:00
2017-06-06 00:00:00+01:00,0.16989046712610945,0.1633637396200669,0.1566413066290333,0.16973179617186518,0.4433894018623703,0.05827508038432719,0.37449442863195614,41.6761858250424,-0.22793573462811878,-0.04703212732576426,-0.18090360730235452,9.484499492087581,0.9389877484286939,0.008393923421955447,0.04260305163636357,0,1,6,53.68264571545494,0.0,USDJPY=X,0.0,110.28800201416016,0,2017-06-06 00:00:00+01:00
2017-06-07 00:00:00+01:00,0.15555346539340364,0.15022254774567778,0.1547944907487404,0.15560242790646028,0.5677788059120578,0.18570320873367416,0.37444750744606986,41.15157773383542,-0.2843609438340593,-0.09449789062742327,-0.18986305320663605,39.70019625258612,0.9591315286399814,0.008506788092753313,0.04328082094020601,0,2,6,-133.51191575020468,0.0,USDJPY=X,1.0,109.9209976196289,1,2017-06-07 00:00:00+01:00
2017-06-08 00:00:00+01:00,0.16240605239547623,0.16225927323583744,0.15936307965138163,0.16193798352822286,0.4564612947876394,0.07770010717910292,0.33157168497910855,35.96680904466858,-0.394888924676863,-0.15457609743731124,-0.24031282723955175,12.772514757486164,0.9801220160264671,0.008758471953160877,0.04472879713580357,0,3,6,-410.70569998548586,0.0,USDJPY=X,0.0,110.05500030517578,0,2017-06-08 00:00:00+01:00
2017-06-09 00:00:00+01:00,0.16230890517430074,0.16904916374965828,0.1674956449901257,0.16127363347434187,0.634853876431178,0.1490287486602612,0.36604315759680695,39.63916508724263,-0.44579397169614765,-0.21281967228907853,-0.23297429940706912,25.880078160966576,0.9786132744380811,0.00891830757432402,0.040779292911591235,0,4,6,-574.6173617653156,0.0,USDJPY=X,1.0,109.44599914550781,0,2017-06-09 00:00:00+01:00
2017-06-12 00:00:00+01:00,0.168724082487137,0.1613983297920265,0.16367235790505674,0.16822495530719128,0.573521839088848,0.1359751875634301,0.3125308595789157,39.38409621064963,-0.4838672545947844,-0.26702918875021975,-0.21683806584456466,24.505611425414592,0.9720695432351937,0.008907902530588043,0.03758111687930515,0,0,6,-749.0467046207635,0.0,USDJPY=X,1.0,110.9520034790039,1,2017-06-12 00:00:00+01:00
2017-06-13 00:00:00+01:00,0.16237366998841773,0.16058609093629928,0.16756041085287987,0.1622781940507909,0.640056836046649,0.09945604234048809,0.4233367973306489,43.48211528014841,-0.47396030260892985,-0.3084154115219618,-0.16554489108696807,38.887126970648715,0.9483502465504253,0.008813919243095792,0.03414715004911338,0,1,6,-835.98688027208,0.0,USDJPY=X,0.0,110.9540023803711,1,2017-06-13 00:00:00+01:00
2017-06-14 00:00:00+01:00,0.16446344761645082,0.16173938583886205,0.15181365427537497,0.1644495085923554,0.5275700149325753,0.054389837903462926,0.4005770869230016,40.93261716965595,-0.4900738924674215,-0.34474710771105377,-0.14532678475636773,28.250783460489945,0.907182489507482,0.008627562222752932,0.028190879645837337,0,2,6,-937.1214709765404,0.0,USDJPY=X,0.0,111.6729965209961,1,2017-06-14 00:00:00+01:00
2017-06-15 00:00:00+01:00,0.15399824467578216,0.16857810487101643,0.15918484992983295,0.15458154909273691,0.5982838171678244,0.21647214766055523,0.48122400994271486,42.263744398510525,-0.48642393932185257,-0.37308247403321354,-0.11334146528863903,38.982479153002906,0.941883578949749,0.00824299202209732,0.024959269339974454,0,3,6,-1053.8222180939754,1.0,USDJPY=X,1.0,111.33399963378906,1,2017-06-15 00:00:00+01:00
2017-06-16 00:00:00+01:00,0.18069593253483918,0.17907152696319462,0.17962972713548742,0.17898411308340623,0.49326244381793877,0.21118907152545266,0.40089714521231373,38.06528266912687,-0.5266022857559989,-0.4037864363777706,-0.12281584937822826,18.221393895924432,0.9716776918581933,0.008605920602885815,0.027083034571441497,0,4,6,-1174.1210055768438,0.0,USDJPY=X,1.0,111.30999755859375,1,2017-06-16 00:00:00+01:00
2017-06-19 00:00:00+01:00,0.17957812150645425,0.17863293780994183,0.1836473118088191,0.17901650231193567,0.7933306651879692,0.11546177120581233,0.5249541040302901,51.022497238480554,-0.4319427837288572,-0.409417705847988,-0.022525077880869215,72.8858525129949,1.0421292983758559,0.008757639892839515,0.02618349450117181,0,0,6,-1235.6229823310887,0.0,USDJPY=X,1.0,111.29000091552734,1,2017-06-19 00:00:00+01:00
2017-06-20 00:00:00+01:00,0.19190642522574675,0.18496800430781546,0.19041917603485103,0.19066673474173723,0.5796042090041601,0.07272766074494219,0.49050056669424846,51.03713902613359,-0.35269747480958813,-0.398073659640308,0.04537618483071987,72.95840798885637,1.0011202284444332,0.009392444400547548,0.025816696055004317,0,1,6,-1242.5591476316545,0.0,USDJPY=X,0.0,111.23899841308594,0,2017-06-20 00:00:00+01:00
2017-06-21 00:00:00+01:00,0.1854912479129105,0.18409082600130988,0.18618269757728712,0.18517379355377694,0.68010609530338,0.06837528810311957,0.57772670653144,56.11868406026815,-0.2292356919334253,-0.36430606609893146,0.13507037416550616,96.67014399377324,0.9876827771730116,0.00896474760804156,0.026790449677798908,0,2,6,-1150.3116706449566,0.0,USDJPY=X,0.0,111.85800170898438,1,2017-06-21 00:00:00+01:00
2017-06-22 00:00:00+01:00,0.18534540348417394,0.17954258584183647,0.18440880509208002,0.18478487556540513,0.5321124424542276,0.1006214965237928,0.5396884759295609,53.30944808563572,-0.15693648903632607,-0.3228321506864104,0.16589566165008435,84.66174435700079,0.963383941980129,0.008871349097506571,0.025402288566156783,0,3,6,-1065.370133929693,0.0,USDJPY=X,0.0,112.18800354003906,1,2017-06-22 00:00:00+01:00
2017-06-23 00:00:00+01:00,0.18495656740552513,0.17926646924577905,0.18768121154681405,0.1844608596571018,0.5759711059301099,0.07412549439918051,0.5873524967972391,53.10674135857186,-0.10041805984151608,-0.27834933251743155,0.17793127267591546,83.8115108535847,0.9286420443735685,0.008654963283715842,0.024997768022601823,0,4,6,-1014.667041730485,0.0,USDJPY=X,0.0,112.35399627685547,1,2017-06-23 00:00:00+01:00
2017-06-26 00:00:00+01:00,0.1840655568235232,0.18405835627592082,0.18871808334575513,0.18363443983756422,0.5765300324581895,0.04009375800286443,0.4641352986297755,52.9261788825265,-0.056588047698838295,-0.2339970755537129,0.1774090278548746,83.10316310646026,0.8807392722656908,0.008344343936868483,0.024008154002038946,0,0,6,-976.838682815006,0.0,USDJPY=X,0.0,112.00900268554688,1,2017-06-26 00:00:00+01:00
2017-06-27 00:00:00+01:00,0.1945632657682237,0.19586766975810677,0.19270340868668434,0.1936644691028393,0.5721965316941245,0.07599045821437718,0.4599260266537039,52.43647850403539,-0.025671992252469522,-0.19233205889346425,0.16666006664099473,81.29648447634698,0.8527577823242798,0.007917540474385306,0.02399141569705901,0,1,6,-908.6164466875051,0.0,USDJPY=X,0.0,112.26200103759766,1,2017-06-27 00:00:00+01:00
2017-06-28 00:00:00+01:00,0.19895355386411717,0.19523413832226932,0.1991024984049552,0.19901165876241733,0.6658679888254276,0.15073839762498695,0.4518912668923761,57.567930522163614,0.04822172712621864,-0.14422130168952768,0.19244302881574632,83.40007773502836,0.8774897355120544,0.007623574257502463,0.025382530448149837,0,2,6,-778.6407761120918,0.0,USDJPY=X,1.0,113.38600158691406,1,2017-06-28 00:00:00+01:00
2017-06-29 00:00:00+01:00,0.20208006290591563,0.20369708720537893,0.20381681049879363,0.20170132458346157,0.6252068494576775,0.08329499862469292,0.5048789090366583,60.04289171267863,0.13189106385033256,-0.08899882858155564,0.2208898924318882,92.84488368132132,0.8534547805619747,0.007821600419147177,0.02790099626441192,0,3,6,-537.6976493323775,0.0,USDJPY=X,0.0,112.96199798583984,1,2017-06-29 00:00:00+01:00
2017-06-30 00:00:00+01:00,0.19568107679660862,0.19507166576507395,0.1972556825246623,0.1961112157099132,0.602335445756281,0.11903638398573474,0.5199325275687535,61.26670739916819,0.20918251676938837,-0.02936255951136684,0.23854507628075522,85.76453250745479,0.8472079276884072,0.007596123047185135,0.030542468922440624,0,4,6,-269.0494388964789,0.0,USDJPY=X,1.0,113.18699645996094,1,2017-06-30 00:00:00+01:00
2017-07-03 00:00:00+01:00,0.20007124129552856,0.21177027545356908,0.20462687817912006,0.2002106783330524,0.5315685114122681,0.09945604234048809,0.49421761022931027,57.33612479989923,0.23983379576945651,0.024476711544797834,0.21535708422465868,77.08762678885985,0.8324073178284095,0.0075637485146337,0.031676278609382685,0,0,7,-127.28460360889554,0.0,USDJPY=X,0.0,113.14900207519531,1,2017-07-03 00:00:00+01:00
2017-07-04 00:00:00+01:00,0.2183126714212773,0.21100686511617517,0.2139420385080022,0.21842343823034138,0.614453008854396,0.18850006165169636,0.5183222645520094,59.39352611391709,0.28129738665082016,0.0758408465660023,0.20545654008481784,74.17842857995684,0.8735208759369272,0.007414862643946887,0.03325422431559416,0,1,7,26.76905857623213,0.0,USDJPY=X,1.0,113.98500061035156,1,2017-07-04 00:00:00+01:00
2017-07-05 00:00:00+01:00,0.2117677172862602,0.21587992645978993,0.21481687205108302,0.21155308946881535,0.7350405327367993,0.09184205783877607,0.5576511129266312,67.00601967352704,0.4002412992623192,0.1407209371052657,0.25952036215705354,99.22851549519888,0.8902695068688878,0.0077039569586316616,0.03753820700493287,0,2,7,250.08654415444514,0.0,USDJPY=X,0.0,113.74800109863281,1,2017-07-05 00:00:00+01:00
2017-07-06 00:00:00+01:00,0.2159635873428294,0.21232250864568392,0.21583755238433544,0.21519885564652408,0.521165804911765,0.13006966641689824,0.4980808544805264,62.26407071248662,0.4550461708891902,0.20358598386205062,0.25146018702713957,76.47054349066292,0.8864643982239562,0.00788114164712708,0.038021271833311464,0,3,7,472.75064113478453,0.0,USDJPY=X,1.0,113.33499908447266,0,2017-07-06 00:00:00+01:00
2017-07-07 00:00:00+01:00,0.21500781194671048,0.2239693495706745,0.22019540503507606,0.21458321305844685,0.6103016428859123,0.08624598078364049,0.5026182501212517,63.73088367822786,0.5107473455023666,0.2650182561901138,0.24572908931225274,82.50628644063113,0.8627878466209058,0.007831857244639726,0.039008977670793525,0,4,7,750.0162076566467,0.0,USDJPY=X,0.0,113.41799926757812,0,2017-07-07 00:00:00+01:00
2017-07-10 00:00:00+01:00,0.22761148972297351,0.22599982277974306,0.23252390836767534,0.22812932796430352,0.574103375245892,0.1558661589096186,0.526968331189664,63.28354646573201,0.5455364932607125,0.3211219036042336,0.22441458965647892,68.27528544927233,0.8728028827230397,0.0076252360232706585,0.03899784290157224,0,0,7,969.0174469052016,0.0,USDJPY=X,1.0,112.39700317382812,0,2017-07-10 00:00:00+01:00
2017-07-12 00:00:00+01:00,0.2247764223447013,0.21786169508077458,0.21654219013922438,0.22428910279240877,0.6942334603194714,0.057031375971014216,0.5725222976630626,68.51951765519019,0.633265349798819,0.3835505928431507,0.2497147569556683,90.7701874998571,0.892173904841595,0.007657173119704103,0.04129101295492643,0,2,7,1233.0388989322428,0.0,USDJPY=X,0.0,112.58100128173828,0,2017-07-12 00:00:00+01:00
2017-07-13 00:00:00+01:00,0.21725962520700937,0.21334592464669022,0.21548109294123785,0.2175970184108038,0.5469869450221531,0.13247882501351593,0.46542422683632306,65.66081232196967,0.6758761413106669,0.44201570253665395,0.2338604387740129,83.66801025179075,0.9031258908517935,0.007843424906148248,0.041165621243167354,0,3,7,1427.1139576838843,0.0,USDJPY=X,1.0,111.99500274658203,0,2017-07-13 00:00:00+01:00
2017-07-14 00:00:00+01:00,0.21881484592463085,0.21419063322780674,0.2056960093104636,0.21894191313283073,0.5228551155684897,0.09945604234048809,0.46638790648912076,60.89307416126056,0.6686123427466413,0.48733503057865146,0.1812773121679898,69.44180126596757,0.9010455093135515,0.007968640738935915,0.0395262870548691,0,4,7,1573.3683795716781,0.0,USDJPY=X,0.0,111.87699890136719,0,2017-07-14 00:00:00+01:00
2017-07-17 00:00:00+01:00,0.20297107348791776,0.20252755744012152,0.20686253643388786,0.2023981874888816,0.5907138119597303,0.2013994935076021,0.45527658749457256,61.498135591310515,0.6619229158260254,0.5222526076281263,0.13967030819789905,71.50764430267165,0.929256919292829,0.007944466620221241,0.034141198096380394,0,0,7,1749.6769693399742,0.0,USDJPY=X,1.0,111.88500213623047,0,2017-07-17 00:00:00+01:00
2017-07-18 00:00:00+01:00,0.2058547144767775,0.19877519734343108,0.19647799777571295,0.20537960361270935,0.4393191810161302,0.07863199628192846,0.37873772916323445,51.03736357395383,0.5676916488987445,0.53134041588225,0.036351233016494455,32.88502152436818,0.9397383106951828,0.00826763074684191,0.032563531223601026,0,1,7,1830.0347696961,0.0,USDJPY=X,0.0,110.94499969482422,0,2017-07-18 00:00:00+01:00
2017-07-19 00:00:00+01:00,0.19571345920366712,0.1922777822186117,0.19419376512387965,0.19588436748719795,0.6047840841871266,0.14234665326137474,0.32876925348241187,52.602077870108815,0.5020722244568248,0.525486777597165,-0.023414553140340244,33.95076808962174,0.9380427432320223,0.008347219335378369,0.03030293265297194,0,2,7,1903.5204163492133,0.0,USDJPY=X,1.0,111.23200225830078,0,2017-07-19 00:00:00+01:00
2017-07-20 00:00:00+01:00,0.19378571720789983,0.19536401722382601,0.19307593599649575,0.1939722903968779,0.4983711257852146,0.10209876601758495,0.30151020442090737,47.40604556870195,0.3981930517966248,0.500028032437057,-0.10183498064043217,15.916755066718776,0.9439685275114872,0.008375755348250575,0.03001504761665683,0,3,7,1823.1506910455246,0.0,USDJPY=X,0.0,112.00299835205078,0,2017-07-20 00:00:00+01:00
2017-07-21 00:00:00+01:00,0.19438503893242864,0.18977625013090127,0.18666065481253624,0.19410197093400505,0.5629370539520157,0.14234665326137474,0.3239487691841239,46.411826889563336,0.30285501089989,0.46059342812962356,-0.15773841722973359,13.775921408033458,0.941970801704305,0.008437556752337512,0.0289796111957594,0,4,7,1729.0929909747738,0.0,USDJPY=X,1.0,111.12799835205078,0,2017-07-21 00:00:00+01:00
2017-07-24 00:00:00+01:00,0.17902737339251318,0.17504305027044675,0.17909503797084114,0.1788706271605438,0.5804365818465408,0.1504277679240451,0.31820566537925743,46.493787745033465,0.22534706014766925,0.41354415453323273,-0.18819709438556348,24.702983052141384,0.9438301958208503,0.00841909803565421,0.027755467432538195,0,0,7,1568.4837428569826,0.0,USDJPY=X,1.0,111.09700012207031,0,2017-07-24 00:00:00+01:00
2017-07-25 00:00:00+01:00,0.18356338232016967,0.18326247621313763,0.18238375949023822,0.1835210775377114,0.448659386159255,0.08205129421137995,0.32347293217854056,38.957220222171024,0.08706745029915908,0.348248813686418,-0.26118136338725895,8.649420561681506,0.9661997378464815,0.008507190034855457,0.02911298984046793,0,1,7,1386.364093693613,0.0,USDJPY=X,0.0,110.51000213623047,0,2017-07-25 00:00:00+01:00
2017-07-26 00:00:00+01:00,0.19641005174634496,0.19107565879771538,0.19685064868449897,0.19601392440131526,0.6195566975003012,0.1291377773140727,0.3317202307185211,42.04611218903621,0.0006312943669826154,0.27872530982253096,-0.27809401545554835,16.48032074674372,0.9565427052673243,0.008686346718840783,0.02905815321184387,0,2,7,1163.177904884988,0.0,USDJPY=X,1.0,110.35900115966797,0,2017-07-26 00:00:00+01:00
2017-07-27 00:00:00+01:00,0.18207305001363894,0.18319741283210988,0.18171953860008339,0.18183584867010683,0.6871251573163573,0.06511249063368459,0.4379237983223554,49.44674157012374,-0.005592572965824161,0.22186173326485994,-0.2274543062306841,37.517043834139294,0.9532893322766895,0.008540331235246883,0.028661752075674517,0,3,7,959.334806367189,0.0,USDJPY=X,0.0,110.43199920654297,0,2017-07-27 00:00:00+01:00
2017-07-28 00:00:00+01:00,0.181020003799371,0.17704105375412604,0.17963776106884444,0.1813335683818822,0.4578231595065925,0.13488679800058806,0.3783080873965766,42.771312097493905,-0.08020565907597188,0.16144825479669359,-0.24165391387266547,13.642561394232471,0.9718399111514573,0.00857830021608679,0.030864971234348195,0,4,7,745.5268691131696,0.0,USDJPY=X,1.0,110.75700378417969,0,2017-07-28 00:00:00+01:00
2017-07-31 00:00:00+01:00,0.17219097759396984,0.16849680662729405,0.1746399129269942,0.17182213764210608,0.5749857684406815,0.09595967979057393,0.3752410103058285,42.55214441687572,-0.1402219738436088,0.10111420906863311,-0.2413361829122419,12.796770882990305,0.9465299392960518,0.008747670144861035,0.032755782058713545,0,0,7,498.81014404916596,0.0,USDJPY=X,0.0,109.9000015258789,0,2017-07-31 00:00:00+01:00
2017-08-01 00:00:00+01:00,0.16943686623334386,0.16528056879027342,0.1682570146744118,0.1693753910350324,0.49714986719435905,0.06216032286519145,0.4027492532099949,38.52622738685228,-0.23247138201809037,0.03439709085128841,-0.26686847286937876,4.565431041558978,0.9320637504819365,0.008565106515238534,0.03614826800984851,0,1,8,288.3068678682547,0.0,USDJPY=X,0.0,110.78600311279297,1,2017-08-01 00:00:00+01:00
2017-08-02 00:00:00+01:00,0.17115412258323115,0.1718592821588154,0.17358697326133932,0.17055821599140275,0.5580730291470853,0.09261863209113069,0.368143893890576,37.54223592086548,-0.31414297479204834,-0.03531092227737894,-0.2788320525146694,11.089583461124377,0.9080592448322781,0.008445742899878388,0.03948776367159325,0,2,8,3.4212500687825553,0.0,USDJPY=X,0.0,110.75,0,2017-08-02 00:00:00+01:00
2017-08-03 00:00:00+01:00,0.17611134999659495,0.16939021979649405,0.16858096758715768,0.1758244325796574,0.5896113873862835,0.10442848877464882,0.3137117025917558,38.36183361310034,-0.36872750698910295,-0.10199423921972374,-0.2667332677693792,13.113370574287666,0.8911976609380082,0.008222790960561336,0.04079495699301066,0,3,8,-237.20420238342035,0.0,USDJPY=X,0.0,110.10199737548828,0,2017-08-03 00:00:00+01:00
2017-08-04 00:00:00+01:00,0.16162850383515215,0.1728338696414884,0.16671796024117613,0.16193798352822286,0.6250955512965076,0.12882714761313085,0.40788059639224356,42.01044011438033,-0.38136485215265736,-0.15786836180631048,-0.2234964903463469,27.62215878331093,0.8867551408975143,0.008046422623300551,0.04136453274799927,0,4,8,-424.6214682686206,0.0,USDJPY=X,1.0,110.04900360107422,0,2017-08-04 00:00:00+01:00
2017-08-07 00:00:00+01:00,0.17687270735338956,0.17093339926422613,0.179402923016873,0.1762943236393526,0.4589835460629091,0.17964237273667136,0.34236466259495213,35.964920993229015,-0.4552847203685815,-0.2173516335187647,-0.2379330868498168,1.3077782181071442,0.9059867901177253,0.008068745483035357,0.04360326042893715,0,0,8,-684.0523441844549,0.0,USDJPY=X,1.0,109.10600280761719,0,2017-08-07 00:00:00+01:00
2017-08-08 00:00:00+01:00,0.17594931436432892,0.16960139694177312,0.17298751823393865,0.175710946656795,0.7047067505231801,0.039781942692377004,0.45929979485772504,44.80775801135945,-0.4373325279022282,-0.2613478123954574,-0.1759847155067708,36.25658534243781,0.9129161873986579,0.008177809151534477,0.0425728778222933,0,1,8,-764.0755140777042,0.0,USDJPY=X,0.0,109.2300033569336,0,2017-08-08 00:00:00+01:00
2017-08-09 00:00:00+01:00,0.16527350218080672,0.1585556177272307,0.16193888228458375,0.16521102633182472,0.5742697733887704,0.0885780747597955,0.4685110034461956,44.538604215962124,-0.42115561655849376,-0.29330937322806466,-0.1278462433304291,34.84081172220956,0.8884221522147693,0.008243035552132351,0.03880238990457566,0,2,8,-906.2412623818698,0.0,USDJPY=X,0.0,109.93199920654297,0,2017-08-09 00:00:00+01:00
2017-08-10 00:00:00+01:00,0.16444725641292157,0.1589130325670105,0.15701395753781955,0.1643523409067673,0.48832557222349293,0.08888870446073735,0.41096579236098085,39.89373596302149,-0.45537442111850623,-0.325722382806153,-0.12965203831235322,20.706979391129856,0.9093205524750984,0.008069082972081998,0.036087767896149925,0,3,8,-1098.1875168572383,0.0,USDJPY=X,0.0,110.59600067138672,1,2017-08-10 00:00:00+01:00
2017-08-11 00:00:00+01:00,0.1489923200548573,0.14617783619023528,0.1494321492304358,0.1490724132905119,0.5718383475854385,0.13954980034335251,0.3809731921719316,39.53065491677628,-0.48122199733822413,-0.35682230571256723,-0.1243996916256569,27.241301610444694,0.9085121290491427,0.008262869473778882,0.033616388710071846,0,4,8,-1255.7734350473988,0.0,USDJPY=X,1.0,109.9990005493164,1,2017-08-11 00:00:00+01:00
2017-08-14 00:00:00+01:00,0.15158439578321725,0.15277290835172153,0.156090549597673,0.15108165806641982,0.44605570954284346,0.09044303857499217,0.37363944342189626,33.66001937272965,-0.5712140705230269,-0.3997006586746592,-0.17151341184836766,9.235076966575232,0.9330474434571838,0.008326875750833714,0.032513887080324405,0,0,8,-1471.7235471245376,0.0,USDJPY=X,0.0,109.3280029296875,0,2017-08-14 00:00:00+01:00
2017-08-15 00:00:00+01:00,0.16284346208471256,0.16990998326321982,0.1679330617616661,0.16245645843071221,0.5969996866842912,0.08966646432263756,0.3135470229741226,35.02643876162182,-0.6253193367990093,-0.44482439429952925,-0.18049494249948006,12.941010153522722,0.9149012585311126,0.00854204353000193,0.033136378487523634,0,1,8,-1587.69168833472,0.0,USDJPY=X,0.0,109.31999969482422,0,2017-08-15 00:00:00+01:00
2017-08-16 00:00:00+01:00,0.17301709976488144,0.1715506958373687,0.17820401296207167,0.17321561620692716,0.6792764866442474,0.14001455928521972,0.37221850203759277,42.27524353817813,-0.6045836874817354,-0.4767762529359705,-0.12780743454576493,39.67151737213898,0.9645506672758211,0.008322429002789018,0.030222670837320807,0,2,8,-1629.4830592999374,0.0,USDJPY=X,1.0,108.94400024414062,0,2017-08-16 00:00:00+01:00
2017-08-17 00:00:00+01:00,0.16345909860974417,0.16133326641099854,0.16299194554921326,0.16354211570149446,0.6732629975717138,0.05718787643103072,0.4768266456106324,48.165909439759744,-0.528479187972323,-0.487116839943241,-0.04136234802908195,72.48194859846122,0.9677258114380392,0.00872138830898402,0.028067450470299876,0,3,8,-1656.3045798423204,0.0,USDJPY=X,0.0,109.73100280761719,0,2017-08-17 00:00:00+01:00
2017-08-18 00:00:00+01:00,0.1530586604831925,0.14843572140727757,0.14632178103156201,0.1526695956254267,0.4953710715243489,0.10536037787747436,0.43329143127224234,43.834689091052496,-0.5104545421062028,-0.4917843803758334,-0.018670161730369395,54.07124201624722,0.9673166810381681,0.008797587310842646,0.026629937691143944,0,4,8,-1715.7082862839084,0.0,USDJPY=X,0.0,108.91000366210938,0,2017-08-18 00:00:00+01:00
2017-08-21 00:00:00+01:00,0.15278316282924842,0.14593418931956714,0.14677538926879086,0.15253991508829956,0.4844530821246808,0.14187952310041638,0.4552221750580805,39.531905484364486,-0.5440423984253044,-0.5022359839857277,-0.04180641443957678,29.937953736992082,0.9977938604199285,0.008847840032898817,0.025946249254875608,0,0,8,-1785.56596400628,1.0,USDJPY=X,1.0,109.51399993896484,0,2017-08-21 00:00:00+01:00
2017-08-22 00:00:00+01:00,0.148733137201416,0.148630663689862,0.1535633213615366,0.14644740230351694,0.578185510719621,0.11359680739061566,0.4445540910019575,39.482124743370115,-0.5647961917877637,-0.5147480255461349,-0.05004816624162889,29.606555926934522,0.9787368116915519,0.009127276465471571,0.026931146304658895,0,1,8,-1851.1424326691326,0.0,USDJPY=X,1.0,109.34600067138672,1,2017-08-22 00:00:00+01:00
2017-08-23 00:00:00+01:00,0.15978159426005756,0.15311396439855707,0.15270467928414444,0.15919961024137508,0.5258320544655495,0.07428080924965143,0.35810938740416365,37.11731353111755,-0.6046141206386579,-0.5327212445646395,-0.0718928760740184,14.037177210950976,0.9429696698687178,0.008983852341553722,0.028063283972007923,0,2,8,-1936.4315276682585,0.0,USDJPY=X,0.0,108.73699951171875,0,2017-08-23 00:00:00+01:00
2017-08-24 00:00:00+01:00,0.1462545234947341,0.1473799596111316,0.15144100336658894,0.14589653817249837,0.6916741941017358,0.12540784968367938,0.36838381577074314,44.597295407602765,-0.566139482958036,-0.5394048922433189,-0.026734590714717066,46.62536567489527,0.9371860871437201,0.008593466256040265,0.023721824481148786,0,3,8,-1930.9529982412116,1.0,USDJPY=X,1.0,109.79000091552734,1,2017-08-24 00:00:00+01:00
2017-08-25 00:00:00+01:00,0.15563442141104966,0.15296772670405634,0.1547135334202976,0.15568340097778366,0.4629611813384905,0.08267373922280923,0.3500678455888605,39.34007822219599,-0.5950366133860001,-0.5505312364718552,-0.04450537691414491,13.056528100749876,0.9281017372040459,0.008605142371047172,0.024077437882451872,0,4,8,-1995.4587216330704,1.0,USDJPY=X,0.0,110.45999908447266,1,2017-08-25 00:00:00+01:00
2017-08-28 00:00:00+01:00,0.15347975537192604,0.14638901333551435,0.15348224043411918,0.1529612223052006,0.6655756686127645,0.10473911847559067,0.452284280209789,44.52149346482862,-0.5627137320817042,-0.5529677355938251,-0.009745996487879105,38.91254931675071,0.9251654279896944,0.008474731429052928,0.022332964183709475,0,0,8,-1917.8479683470678,1.0,USDJPY=X,0.0,110.12899780273438,1,2017-08-28 00:00:00+01:00
2017-08-29 00:00:00+01:00,0.1431765880635234,0.14099606459492464,0.14183427305633822,0.1430932628055821,0.5554657607374199,0.05361326365110831,0.43939034964775275,43.41078021160407,-0.5443784961990303,-0.5512498877148662,0.006871391515835823,31.720795338750555,0.8924395308941693,0.008460898636522227,0.02221231437085438,0,1,8,-1907.6614145645394,1.0,USDJPY=X,0.0,109.79499816894531,1,2017-08-29 00:00:00+01:00
2017-08-30 00:00:00+01:00,0.15997601229938208,0.162957744122453,0.16355889404626223,0.16015558697503018,0.4927044204531351,0.11375212224108658,0.42055378222550466,39.55809914218755,-0.5723908284445258,-0.5554780758607981,-0.016912752583727708,15.652382106391117,0.9014079745231014,0.008207321655937266,0.02360749424942971,0,2,8,-1980.4724175614942,1.0,USDJPY=X,1.0,109.80999755859375,0,2017-08-30 00:00:00+01:00
2017-08-31 00:00:00+01:00,0.17131615821549695,0.1667424500142829,0.1681436744145921,0.17101191243683322,0.7299335765091198,0.11546295681535791,0.4420319737818694,48.130001526568115,-0.5038147280088907,-0.5451454062904166,0.04133067828152592,55.950959295280754,0.9566647657541523,0.008210292075838916,0.02272755669176493,0,3,8,-1960.3937059578693,1.0,USDJPY=X,1.0,108.60199737548828,0,2017-08-31 00:00:00+01:00
2017-09-01 00:00:00+01:00,0.1656298322554235,0.16225927323583744,0.16211711200613244,0.16564852816299047,0.6742339700675937,0.1076912862440838,0.5626883674137956,52.72417671663283,-0.390898388230255,-0.5142960026783844,0.12339761444812936,81.59192504328581,0.9494026915959316,0.008660734869484807,0.021822754614015193,0,4,9,-1862.1886338862034,1.0,USDJPY=X,1.0,109.13400268554688,0,2017-09-01 00:00:00+01:00
2017-09-04 00:00:00+01:00,0.16012185672811863,0.1547707879051512,0.15915246699845587,0.16023656004635356,0.5327197604390763,0.12261099676565715,0.4867732923999555,50.351469193579604,-0.3243811486194943,-0.4763130318666064,0.1519318832471121,68.924438890365,0.9444451602975057,0.008620823856914813,0.022082278082678614,0,0,9,-1689.0096727176274,1.0,USDJPY=X,1.0,108.2699966430664,0,2017-09-04 00:00:00+01:00
2017-09-05 00:00:00+01:00,0.16017043033870637,0.15269161010799892,0.14996683839508207,0.16047960288333352,0.5321562574763422,0.07940857053428309,0.47347353982251184,48.00393339737914,-0.29521369636495365,-0.44009316476627586,0.1448794684013222,56.1422051966329,0.9292701223409875,0.008601896043062504,0.020363243917743405,0,1,9,-1583.9252812754219,1.0,USDJPY=X,0.0,108.23100280761719,0,2017-09-05 00:00:00+01:00
2017-09-06 00:00:00+01:00,0.14100573082087053,0.14158089144267816,0.14434530982678595,0.14090575364975289,0.581448688442377,0.1476297293964773,0.5242377088748736,48.12091153230161,-0.26780091270224204,-0.4056347143534691,0.13783380165122705,63.961961586207124,0.9318219948802474,0.008462527483848967,0.018380104556229893,0,2,9,-1478.7434241977476,1.0,USDJPY=X,1.0,109.3949966430664,1,2017-09-06 00:00:00+01:00
2017-09-07 00:00:00+01:00,0.1501588282908033,0.1432377149492723,0.13768690945954876,0.14952610973594238,0.40823345367217156,0.09526017015868198,0.3419564248114756,40.264342825553506,-0.3396364852632132,-0.39243506853541793,0.05279858327220471,11.825428969386849,0.9600486987894709,0.008580155221809592,0.019915932980316353,0,3,9,-1504.3996741857106,1.0,USDJPY=X,0.0,110.22599792480469,1,2017-09-07 00:00:00+01:00
2017-09-08 00:00:00+01:00,0.13614565062868222,0.13136358594655762,0.1255366358484984,0.1355261747616454,0.6555107033523794,0.1749805560034525,0.33152782119100843,44.55748838874349,-0.34960824546710967,-0.3838697039217563,0.03426145845464662,41.27496679001803,0.9719023239247654,0.008796971385313393,0.019669501807536998,0,4,9,-1417.3366463319971,1.0,USDJPY=X,1.0,110.51499938964844,1,2017-09-08 00:00:00+01:00
2017-09-11 00:00:00+01:00,0.13595135618633125,0.1414997171292054,0.14029521862310257,0.13489433755930347,0.456195787499661,0.1779339093814912,0.28856748555010836,39.5821070486549,-0.4223602975003189,-0.3915678226374688,-0.030792474862850083,28.528396150172654,1.0319095928841013,0.008976654235326476,0.02203895184755823,0,0,9,-1401.9455473774376,1.0,USDJPY=X,1.0,109.91899871826172,1,2017-09-11 00:00:00+01:00
2017-09-12 00:00:00+01:00,0.15422504512216495,0.15722361540477792,0.15748375724073704,0.15375512927319934,0.5737227169465425,0.1333336494958788,0.31178845573234026,39.36844969663882,-0.4776571650550494,-0.40878569112098495,-0.06887147393406445,27.354942693409743,1.019487601176978,0.009534325342234347,0.02418205064044921,0,1,9,-1367.7225618188106,1.0,USDJPY=X,1.0,111.1969985961914,1,2017-09-12 00:00:00+01:00
2017-09-13 00:00:00+01:00,0.16707171454834024,0.16726233741125807,0.1676089852499456,0.16722027110773263,0.7465870359798219,0.11888106913526382,0.4039966451439425,48.33375776311266,-0.42268332609423,-0.411565218115634,-0.01111810797859597,62.38336639482771,1.0772381511138345,0.009319325677236943,0.02354965840676255,0,2,9,-1182.0915735214096,1.0,USDJPY=X,1.0,111.49600219726562,1,2017-09-13 00:00:00+01:00
2017-09-14 00:00:00+01:00,0.17196417714758705,0.17237904562554096,0.17475337678578895,0.17190311071342945,0.6974662476959569,0.11779386518196736,0.5690479411570033,53.60783931773028,-0.30850505000513806,-0.39095318449353483,0.08244813448839677,86.55727043049754,1.0918643767527458,0.009772995222494769,0.022285499058881914,0,3,9,-1059.5406617799024,1.0,USDJPY=X,1.0,111.5780029296875,1,2017-09-14 00:00:00+01:00
2017-09-15 00:00:00+01:00,0.16242224359900548,0.17772328977804697,0.1676089852499456,0.16224580482226147,0.6201011728122836,0.09821233792717511,0.5487871740893692,55.316175489534956,-0.1924791607169709,-0.35125837973822205,0.15877921902125114,87.00278982358836,1.068588267008409,0.009879784488828555,0.023499358009451164,0,4,9,-920.8222716852486,1.0,USDJPY=X,0.0,112.5459976196289,1,2017-09-15 00:00:00+01:00
2017-09-18 00:00:00+01:00,0.18241318888472646,0.18194670875337948,0.18713045451545374,0.1829538951694185,0.49545018917048966,0.21787116692433914,0.5714865137650007,51.13428805491897,-0.14692640459649908,-0.31039198470987744,0.16346558011337836,64.94122944079731,1.092403421311101,0.009721597535175472,0.023954715405114655,0,0,9,-839.1943737801253,1.0,USDJPY=X,1.0,112.4520034790039,1,2017-09-18 00:00:00+01:00
2017-09-19 00:00:00+01:00,0.18782401719085584,0.18651118377554732,0.18952815102608156,0.1877988045407719,0.7601492287058947,0.07101801178021644,0.6787471859080336,58.3972102759268,-0.007613840113464221,-0.24983635579059482,0.2422225156771306,90.98374164331932,1.1330890743229196,0.009824036935368475,0.027356605735607994,0,1,9,-646.6352753694046,1.0,USDJPY=X,0.0,112.44400024414062,1,2017-09-19 00:00:00+01:00
2017-09-20 00:00:00+01:00,0.1892495846832698,0.18288882651066318,0.18883958113790666,0.18912750464853412,0.6211440412220943,0.09168555737875957,0.6065111710491736,59.89894509361654,0.12547308701863358,-0.17477446722874915,0.3002475542473827,91.93838676989314,1.0996542058375214,0.010162598227676256,0.030808346045202696,0,2,9,-381.5130618900179,0.0,USDJPY=X,0.0,111.76100158691406,0,2017-09-20 00:00:00+01:00
2017-09-21 00:00:00+01:00,0.20541730478754117,0.20023720249769017,0.2036223893115563,0.20481242124441645,0.5907622604809152,0.06363640674943802,0.5453652257290695,60.32195164597203,0.23485494776241467,-0.09284858423051638,0.32770353199293106,93.74456993918332,1.050357485568435,0.00985547488720052,0.034245922532373796,0,3,9,-95.57221527753703,0.0,USDJPY=X,0.0,112.37699890136719,0,2017-09-21 00:00:00+01:00
2017-09-22 00:00:00+01:00,0.2033761007700956,0.19742696015828365,0.1960568960688358,0.20328938576547784,0.7142499170372436,0.08780150050744089,0.5992149705165624,65.01364789026583,0.3950955267705325,0.004740237969693391,0.3903552888008391,97.01015693736248,1.0559746510802879,0.009332695144951511,0.039482767347047344,0,4,9,206.51279654292475,0.0,USDJPY=X,0.0,112.86000061035156,1,2017-09-22 00:00:00+01:00
2017-09-25 00:00:00+01:00,0.20335990956656635,0.19685849210347417,0.19432342044836282,0.2031597052283507,0.5663351373561817,0.13348777873680415,0.6403321274126553,64.21957656760387,0.5086395187439052,0.10552009412453577,0.40311942461936945,95.26467683824414,1.0427617879939168,0.009390447643535764,0.043862977537640506,0,0,9,545.141897429331,0.0,USDJPY=X,1.0,112.46700286865234,0,2017-09-25 00:00:00+01:00
2017-09-26 00:00:00+01:00,0.19210084326507104,0.19338237253309098,0.19320559132097892,0.19209272615809714,0.5782171392481013,0.14467756162798417,0.536101536712843,64.14773335303641,0.5911635903721901,0.20264879337406663,0.3885147969981235,95.11605600837603,1.0347787856985924,0.00927360984783405,0.04704077189714307,0,1,9,880.9810039680947,0.0,USDJPY=X,1.0,112.63800048828125,1,2017-09-26 00:00:00+01:00
2017-09-27 00:00:00+01:00,0.20316549152724206,0.2088463890753005,0.20595531995942995,0.20207404795756867,0.484856064545878,0.12214505221424438,0.45823581823420134,58.16725579424137,0.5945980716654873,0.28103864903235076,0.3135594226331365,82.4327062167144,1.02836599349328,0.009258853902574126,0.04707014190999329,0,2,9,1100.3557890589755,0.0,USDJPY=X,1.0,112.7699966430664,1,2017-09-27 00:00:00+01:00
2017-09-28 00:00:00+01:00,0.2099695049187269,0.2080829787379066,0.20911438615434408,0.2099003734527498,0.6650454583211618,0.14778504424694824,0.5003874170529448,61.640762692076805,0.6396522450947799,0.3527613682448366,0.2868908768499433,85.46068508469723,1.0603397028726662,0.009151036275633882,0.04897244958981987,0,3,9,1381.040147681761,0.0,USDJPY=X,1.0,112.8479995727539,0,2017-09-28 00:00:00+01:00
2017-09-29 00:00:00+01:00,0.2043805733737758,0.20036708139924686,0.20512906081341464,0.2035324286024578,0.6461695156525284,0.11017869507070975,0.4618767322330041,64.15407324997204,0.7061916655057132,0.42344742769701194,0.2827442378087013,92.46604582517641,1.0426728340988374,0.00939517718534738,0.05200345912153891,0,4,9,1608.8862837099246,0.0,USDJPY=X,0.0,112.822998046875,1,2017-09-29 00:00:00+01:00
2017-10-02 00:00:00+01:00,0.20719932595154522,0.2057762650025312,0.21001344509647035,0.20630319111783502,0.5251674720692217,0.07459143895059328,0.4384699967026126,60.67084217445485,0.7189256745752459,0.48254307707265875,0.23638259750258717,80.47181110528484,1.0128390602346347,0.009270922203880113,0.05386592111510588,0,0,10,1895.9994557538284,0.0,USDJPY=X,0.0,112.77400207519531,0,2017-10-02 00:00:00+01:00
2017-10-03 00:00:00+01:00,0.20870597305857896,0.20803415021957328,0.21245155847183228,0.20844199280786047,0.6029704622033987,0.07948682076429134,0.45249600533341927,61.64661001498635,0.7343504128813123,0.5329045442343895,0.20144586864692282,81.94698974699756,0.9819929596710001,0.008991983663097869,0.0550741502264477,0,1,10,2105.872399857074,0.0,USDJPY=X,0.0,112.5510025024414,0,2017-10-03 00:00:00+01:00
2017-10-04 00:00:00+01:00,0.20983997529049292,0.20303108604415265,0.20660322578492152,0.209705914458564,0.5975494250853742,0.07770010717910292,0.5168395135554861,62.421652361303614,0.7485962639258332,0.5760428881726782,0.172553375753155,85.92517308696083,0.9510646033859064,0.008707927541925464,0.05608274100580493,0,2,10,2240.438086856269,0.0,USDJPY=X,0.0,112.65799713134766,0,2017-10-04 00:00:00+01:00
2017-10-05 00:00:00+01:00,0.20951590402596132,0.20343720547201616,0.2081584716838456,0.20930080185592748,0.590081687695315,0.08593653669224421,0.4742228623392784,62.89879042328258,0.7574489876089956,0.6123241080599418,0.14512487954905384,88.27607456478201,0.9226315177018126,0.008427837506971032,0.053983086899915565,0,3,10,2386.938807212963,0.0,USDJPY=X,0.0,112.34500122070312,0,2017-10-05 00:00:00+01:00
2017-10-06 00:00:00+01:00,0.20860870224042993,0.2119976874615428,0.21186841850909488,0.20850689488792895,0.5758783468471296,0.0749032542610807,0.43440606352241024,62.62432368887648,0.7537585612210336,0.6406109986921601,0.11314756252887348,80.40692531277644,0.8911579991731676,0.008177690131213172,0.052382564378222286,0,4,10,2465.022438373682,0.0,USDJPY=X,0.0,112.43399810791016,0,2017-10-06 00:00:00+01:00
2017-10-09 00:00:00+01:00,0.20489893908065837,0.20082190541519407,0.20997290463276141,0.20489351793874944,0.5725699753685128,0.12121197750187326,0.46134531663174333,62.052861138178216,0.7383688498005085,0.6601625689138299,0.07820628088667869,70.15681585832857,0.8832180548962896,0.007902158146156437,0.04649708080321229,0,0,10,2562.256986126591,0.0,USDJPY=X,1.0,112.23899841308594,0,2017-10-09 00:00:00+01:00
2017-10-10 00:00:00+01:00,0.20721551715507447,0.20208896828686873,0.2013867310567885,0.20662720702613835,0.5485704151979227,0.03247858789160683,0.43048963856557426,59.396225973887326,0.7001077840541967,0.6681516119419033,0.0319561721122934,60.02737779626068,0.8372743004868448,0.007847269551216403,0.03763003381180548,0,1,10,2603.3987725052457,0.0,USDJPY=X,0.0,111.88200378417969,0,2017-10-10 00:00:00+01:00
2017-10-11 00:00:00+01:00,0.20175611523835735,0.19789814296717512,0.2028286366958929,0.20155557305507932,0.5941087510932764,0.1269621837979342,0.42854422883341203,60.27499886984529,0.6706879133787709,0.6686588722292769,0.002029041149493982,59.989495756838615,0.8358262320787443,0.007432000584127809,0.03206125783448147,0,2,10,2659.3547185627513,0.0,USDJPY=X,1.0,112.19499969482422,0,2017-10-11 00:00:00+01:00
2017-10-12 00:00:00+01:00,0.20266331702388873,0.1961924909422479,0.20472402697325154,0.20299763546269434,0.5361146820113342,0.07303829044588403,0.3980225623304372,56.42763327839674,0.6150266552952814,0.6579324288424778,-0.04290577354719638,43.78887261038341,0.8164811306453854,0.007439816840953639,0.028555381075629493,0,3,10,2597.075929812094,0.0,USDJPY=X,0.0,112.21299743652344,0,2017-10-12 00:00:00+01:00
2017-10-13 00:00:00+01:00,0.20008755609603135,0.19279754568533725,0.19644561484433565,0.1998379549589453,0.5916443364052102,0.03853942388860961,0.4069163982131343,57.26295084528697,0.5715080235222132,0.6406475477784249,-0.06913952425621173,48.395338643373044,0.7758754140730587,0.007261870469657726,0.025261980286416737,0,4,10,2475.868628675877,0.0,USDJPY=X,0.0,113.01300048828125,1,2017-10-13 00:00:00+01:00
2017-10-16 00:00:00+01:00,0.1941420472825166,0.18998730334593072,0.1956680536943609,0.19405338709121112,0.5523505216603894,0.08547059214083144,0.39549630001098046,54.784709348274454,0.5153437862379917,0.6155867954703383,-0.10024300923234664,38.30218259217868,0.772955785235809,0.006912707927217207,0.016708188448886496,0,0,10,2338.285754129538,1.0,USDJPY=X,0.0,112.68000030517578,1,2017-10-16 00:00:00+01:00
2017-10-17 00:00:00+01:00,0.19914784830646814,0.19633872863674862,0.201921420221435,0.19912502106227015,0.5298566444778099,0.06604437973651013,0.3849240486919393,50.477644459406186,0.4369893987522744,0.5798673161267256,-0.1428779173744512,12.977694721141152,0.7597444746134967,0.006908669482956707,0.014399782260126854,0,1,10,2140.2059854453582,1.0,USDJPY=X,0.0,114.0479965209961,1,2017-10-17 00:00:00+01:00
2017-10-18 00:00:00+01:00,0.199423345960412,0.20561391637558546,0.20360619784586764,0.19941664774204426,0.6228330422915496,0.06682213959841034,0.4010847160141414,53.89970304579172,0.3955890322122855,0.5430116593438375,-0.14742262713155208,30.561746703927856,0.7472626610320081,0.006771642913499159,0.012475285062467504,0,2,10,2021.2365541642555,1.0,USDJPY=X,0.0,113.33999633789062,1,2017-10-18 00:00:00+01:00
2017-10-19 00:00:00+01:00,0.2123509714042333,0.207286974744874,0.20665192378096187,0.21237950928835292,0.5818188718855787,0.13939448549288158,0.4269422749409459,54.09612927926429,0.36008042776850857,0.5064254130287718,-0.14634498526026318,31.572856481560855,0.7579584119460164,0.00665932359087653,0.010535903555081032,0,3,10,1899.239182245788,1.0,USDJPY=X,1.0,113.94599914550781,1,2017-10-19 00:00:00+01:00
2017-10-20 00:00:00+01:00,0.20658368942651362,0.21407686525869507,0.21113943175618566,0.20698373578598073,0.6902030455858436,0.126184423936034,0.482667557002684,61.8727298100383,0.39197472268618583,0.4835352749602546,-0.09156055227406878,76.51687897543162,0.7701043399362005,0.006706824955281247,0.011279309437106049,0,4,10,1795.8706013759731,1.0,USDJPY=X,1.0,113.55799865722656,1,2017-10-20 00:00:00+01:00
2017-10-23 00:00:00+01:00,0.22937731968344832,0.22219875809496892,0.22761517508659956,0.22915008315501728,0.5334974830396069,0.14809567394789008,0.4719133661493464,57.50567446085358,0.3859320648077329,0.4640146329297503,-0.07808256812201742,53.930863506407825,0.783167979961684,0.006834436793135392,0.011405095264275508,0,0,10,1657.3499310118177,1.0,USDJPY=X,1.0,114.1240005493164,0,2017-10-23 00:00:00+01:00
2017-10-24 00:00:00+01:00,0.21751880806045065,0.22104546319240592,0.22176684239968902,0.2176779914821274,0.7681401027068492,0.06775402870123588,0.6078674499112544,67.61741717885825,0.48592760573981764,0.4683972274917638,0.017530378248053813,99.54312292274595,0.8257272530168762,0.0068670034007787565,0.01632578087273253,0,1,10,1655.8184157761048,1.0,USDJPY=X,0.0,113.73899841308594,1,2017-10-24 00:00:00+01:00
2017-10-25 00:00:00+01:00,0.22749802770129524,0.22513887933593213,0.22685368180333865,0.22749736713895174,0.48277526834030876,0.11282023313826103,0.5272121078207281,59.69969369424446,0.5022554068976888,0.47516886337294884,0.027086543524739937,70.14108693654731,0.822889269472702,0.007285400385537403,0.016016930524346495,0,2,10,1598.5281360111628,1.0,USDJPY=X,1.0,112.99600219726562,0,2017-10-25 00:00:00+01:00
2017-10-26 00:00:00+01:00,0.22106665918492974,0.2217439340790217,0.2230629012486216,0.22121039535998333,0.6624797838546819,0.10318596997088142,0.5733667000246578,63.62579264150334,0.557666239672912,0.4916683386329415,0.06599790103997044,88.64430004862308,0.8283972877874309,0.007221747807238772,0.01853743528915897,0,3,10,1617.2366390890645,0.0,USDJPY=X,0.0,113.6500015258789,0,2017-10-26 00:00:00+01:00
2017-10-27 00:00:00+01:00,0.23055989552595024,0.22832264744756348,0.22915422951983522,0.2303816155771914,0.5263657049352114,0.10707002684220011,0.4797840531094848,59.62087526936339,0.5637725085692722,0.5060891726202077,0.057683335949064496,73.65778190337268,0.8184400073260519,0.007294926800250664,0.019632217857674404,0,4,10,1590.1053127644016,0.0,USDJPY=X,1.0,114.1520004272461,0,2017-10-27 00:00:00+01:00
2017-10-30 00:00:00+00:00,0.2233022812416996,0.21838145854750035,0.22019540503507606,0.2241432276410169,0.656841753631461,0.11157652872494807,0.5502049627877534,63.25445993110267,0.6072830125314823,0.5263279406024627,0.08095507192901963,88.79723862095416,0.8226941748063897,0.007171497698876928,0.021907173330161817,0,0,10,1640.1708935293289,0.0,USDJPY=X,1.0,114.01599884033203,0,2017-10-30 00:00:00+00:00
2017-10-31 00:00:00+00:00,0.21295041672573567,0.2154738070319262,0.21710110470291633,0.21210407722284352,0.5268569127587116,0.10240821010898123,0.41342321398691617,59.342671009523734,0.6037394134574896,0.541810235173468,0.06192917828402156,74.97308477269303,0.8324302790194379,0.007233175834892325,0.022912594964778425,0,1,10,1688.2290797227931,0.0,USDJPY=X,0.0,114.1780014038086,1,2017-10-31 00:00:00+00:00
2017-11-01 00:00:00+00:00,0.22276760073431423,0.22559370335187956,0.22779340480814847,0.2227011652334021,0.4777276584909527,0.1042731739241779,0.4105535982606529,52.584210726038314,0.5348125147619243,0.5404106910911594,-0.005598176329235094,48.29454709822346,0.8276137869215093,0.007366900269322818,0.02304381390238239,0,2,11,1625.6230826434648,0.0,USDJPY=X,0.0,113.77100372314453,0,2017-11-01 00:00:00+00:00
2017-11-02 00:00:00+00:00,0.2313050616792156,0.22461911586920635,0.22641638863077307,0.23083531202262186,0.6693390728730501,0.09852296762811696,0.41440709378785046,57.20435594806925,0.5268861159039204,0.5377057760537116,-0.010819660149791188,71.77750078759571,0.8593553410295154,0.007282127371842189,0.023570895892321763,0,3,11,1661.916629960193,0.0,USDJPY=X,0.0,113.76100158691406,0,2017-11-02 00:00:00+00:00
2017-11-03 00:00:00+00:00,0.22876168315841672,0.22785158856892163,0.22858715742381186,0.22863160825252815,0.648020460034609,0.10240821010898123,0.48338222957313215,60.394418399796045,0.5547170705726217,0.5411080349574936,0.013609035615128051,89.80262166641555,0.8450440011010679,0.007528167161443824,0.025125763063214044,0,4,11,1711.4476139736375,0.0,USDJPY=X,0.0,113.927001953125,0,2017-11-03 00:00:00+00:00
2017-11-06 00:00:00+00:00,0.23161294174021818,0.23301712530153784,0.2303044415785962,0.23125661923952312,0.5607946148772232,0.1125096034373192,0.42895669160771643,59.108899735171775,0.5593512580883271,0.5447566795836604,0.014594578504666722,82.49274108656314,0.8363979312679559,0.00741162652343613,0.026159930234613053,0,0,11,1764.9682007576957,0.0,USDJPY=X,1.0,113.375,0,2017-11-06 00:00:00+00:00
2017-11-07 00:00:00+00:00,0.2248251195522626,0.22663335421558028,0.22923518684827804,0.22466182616651587,0.6014222225164654,0.1454541358803388,0.47130196902470584,60.195759518150325,0.5695309398883381,0.549711531644596,0.019819408243742176,78.83137972777466,0.8435121511257694,0.0073253859849052895,0.027005601603255578,0,1,11,1759.8214624453224,0.0,USDJPY=X,1.0,113.68599700927734,0,2017-11-07 00:00:00+00:00
2017-11-08 00:00:00+00:00,0.22419329182370173,0.2198272288390648,0.22405107505152233,0.2244997564008595,0.5238856485586225,0.09463891075679828,0.49772471850052147,56.157387281040776,0.5385490415318088,0.5474790336220385,-0.00892999209022971,60.183793560220096,0.8267613660216407,0.0074141224347322255,0.027143742337026894,0,2,11,1752.8503434551396,0.0,USDJPY=X,0.0,113.58499908447266,0,2017-11-08 00:00:00+00:00
2017-11-09 00:00:00+00:00,0.227352306869532,0.22226382147599688,0.22141854048892284,0.22718954584491313,0.5779567214468229,0.07925444129335774,0.4459000858862714,56.05785534723815,0.5073402722194942,0.5394512813415296,-0.03211100912203546,54.50689671312482,0.8041357067508427,0.007267528893809803,0.026465789686801043,0,3,11,1685.2086617057062,0.0,USDJPY=X,0.0,113.4020004272461,0,2017-11-09 00:00:00+00:00
2017-11-10 00:00:00+00:00,0.2183126714212773,0.21513275098509044,0.22134561709383704,0.2182451738504203,0.6020183047583566,0.12781700828029707,0.41992841927211744,57.40710908577927,0.4903494961629207,0.5296309243058078,-0.039281428142887154,54.42622665103897,0.8054475945708159,0.007058341683402697,0.025886934846789965,0,4,11,1633.3186390499573,0.0,USDJPY=X,1.0,113.02799987792969,0,2017-11-10 00:00:00+00:00
2017-11-13 00:00:00+00:00,0.22351289048455314,0.2164485184448488,0.2215076553496973,0.22328441859295012,0.5039685290285696,0.06029535904999478,0.3877606922211206,51.72005202940233,0.42741526229478666,0.5091877919036036,-0.08177252960881698,22.901262270867555,0.7972729015364608,0.007104278673171475,0.024348508526463072,0,0,11,1497.4312328781898,0.0,USDJPY=X,0.0,112.03800201416016,0,2017-11-13 00:00:00+00:00
2017-11-14 00:00:00+00:00,0.22205481698810736,0.21972969573264778,0.22254440354966376,0.22164789719114908,0.6219858821862607,0.07132864148115829,0.39932839257618336,54.457459469843165,0.39804586314050994,0.48695940615098493,-0.088913543010475,40.662376310962195,0.7731105252687894,0.007012938466567693,0.020872748405560908,0,1,11,1353.4451736113408,1.0,USDJPY=X,0.0,112.5510025024414,0,2017-11-14 00:00:00+00:00
2017-11-15 00:00:00+00:00,0.21891199314580612,0.21292357035613207,0.20964895172001574,0.21868267568158606,0.5655072498052239,0.09277394694160161,0.4228900549653932,53.39858776669285,0.3624427004210844,0.46205606500500485,-0.09961336458392045,34.89436052059414,0.7605312107546125,0.006806449192237354,0.017948018610259932,0,2,11,1304.1031994858724,1.0,USDJPY=X,0.0,112.34100341796875,0,2017-11-15 00:00:00+00:00
2017-11-17 00:00:00+00:00,0.2130637551504404,0.2057275604144475,0.20088454842249392,0.21262255212533288,0.5542670860773533,0.15135965702687065,0.4094902737567532,51.446661972643184,0.3158198999883979,0.43280883200168346,-0.11698893201328558,40.16287094547964,0.7827074918084126,0.006706506127663392,0.014259330071680367,0,4,11,1189.8961426103685,1.0,USDJPY=X,1.0,111.31300354003906,0,2017-11-17 00:00:00+00:00
2017-11-20 00:00:00+00:00,0.19644243415340323,0.19734578584481088,0.2006901272352566,0.19658110676960838,0.528031682259065,0.16658881163984027,0.3677688607728927,47.615823405791055,0.2458581760573395,0.3954187008128147,-0.1495605247554752,38.33578220731336,0.8288713034286823,0.006924899075041027,0.01426527412945918,0,0,11,1026.5555664737362,1.0,USDJPY=X,1.0,111.25399780273438,0,2017-11-20 00:00:00+00:00
2017-11-21 00:00:00+00:00,0.2050122775053631,0.2001234345285785,0.20430280166739956,0.20489351793874944,0.4431014206168127,0.08826744505885366,0.33339224087702435,39.27831635937298,0.10926886844818284,0.3381887343398884,-0.22891986589170554,2.7859435855394814,0.8458805919533077,0.007398126426102491,0.01764330990809608,0,1,11,759.5791478883921,1.0,USDJPY=X,0.0,111.6709976196289,0,2017-11-21 00:00:00+00:00
2017-11-22 00:00:00+00:00,0.2014807411813868,0.19432449029037469,0.1933838210425276,0.20149079459802066,0.650536044884585,0.08018633039618328,0.3493318889099858,44.68347006036156,0.04193234025891002,0.2789374555236927,-0.23700511526478268,21.346019548253715,0.8327459021053594,0.007515531387070134,0.019005849149636673,0,2,11,538.5506541815557,1.0,USDJPY=X,0.0,111.16999816894531,0,2017-11-22 00:00:00+00:00
2017-11-23 00:00:00+00:00,0.18455166372032084,0.17863293780994183,0.18627181243806157,0.1848335830312089,0.5503059163276108,0.12944840701501456,0.34079849419477287,42.99622234192797,-0.028054124066798636,0.21753913960559446,-0.2455932636723931,25.847658734302176,0.8476212209700434,0.00741266213376338,0.02116951726463302,0,3,11,383.0313972197271,1.0,USDJPY=X,1.0,111.64800262451172,1,2017-11-23 00:00:00+00:00
2017-11-24 00:00:00+00:00,0.18413044523461353,0.18180047105887853,0.1893175383731558,0.18387748267454418,0.4370073700667556,0.04755242765410553,0.2749905717448894,35.85816046303138,-0.16457280718739753,0.14111675024699608,-0.30568955743439363,6.623000519901365,0.8777914389336787,0.0076147547367649265,0.026964070596383147,0,4,11,113.26938078827196,0.0,USDJPY=X,0.0,112.00199890136719,1,2017-11-24 00:00:00+00:00
2017-11-27 00:00:00+00:00,0.1904484753262743,0.18305129906785855,0.18264294654022994,0.1906343455132078,0.5710798017219042,0.04863963160740199,0.2990079613149631,35.493918632790724,-0.27436342620148935,0.058020714957299,-0.33238414115878834,5.008174352785439,0.8374489011987396,0.007889976596527343,0.031538482713755436,0,0,11,-147.13598393157335,0.0,USDJPY=X,0.0,112.55599975585938,1,2017-11-27 00:00:00+00:00
2017-11-28 00:00:00+00:00,0.18246176249531398,0.17993247040700555,0.18403615418329378,0.18251639333825254,0.6376176560221496,0.12463127543132475,0.40843329651011073,40.1229340837645,-0.32399012606195754,-0.018381453246552316,-0.3056086728154052,23.64411343605102,0.8349169763363297,0.007499251542922882,0.032819579250976325,0,1,11,-354.50287072879394,0.0,USDJPY=X,1.0,112.86399841308594,1,2017-11-28 00:00:00+00:00
2017-11-29 00:00:00+00:00,0.1898328388012429,0.19088071651513094,0.19135877544068602,0.19026174576211052,0.509549346363369,0.08143003480949626,0.329186643565823,36.71409237212835,-0.39914501659335144,-0.09453416591591214,-0.3046108506774393,10.043460932607086,0.8279942610553307,0.0075102724663852595,0.035880344746835754,0,2,11,-596.7352513101794,0.0,USDJPY=X,0.0,112.4990005493164,1,2017-11-29 00:00:00+00:00
2017-11-30 00:00:00+00:00,0.19658827858214,0.19648484240099973,0.19715841013155622,0.19599772978705055,0.6461961654081423,0.1159277157572251,0.3829437032001671,41.79513475591194,-0.41534698261587266,-0.15869672925590425,-0.2566502533599684,24.906767759199862,0.8374945663482535,0.007416113513826077,0.03723856390575339,0,3,11,-794.5619191413375,0.0,USDJPY=X,1.0,112.46399688720703,1,2017-11-30 00:00:00+00:00
2017-12-01 00:00:00+00:00,0.20512573952704138,0.20259249689089986,0.19249279603375835,0.2049744910100728,0.6286355681618534,0.1139086227011031,0.49183075317053926,45.29782575342341,-0.3950685124556941,-0.20597108589586222,-0.18909742655983186,37.745088261693425,0.8368160473443045,0.007477496603304197,0.037286550972546,0,4,12,-939.2474404326432,0.0,USDJPY=X,1.0,112.29100036621094,0,2017-12-01 00:00:00+00:00
2017-12-04 00:00:00+00:00,0.20972651326881486,0.20623108901847864,0.21207903116202065,0.20996515190980847,0.6562522206849631,0.21709340706243893,0.5404066568579916,50.33502555934927,-0.3304848165307419,-0.23087383202283815,-0.09961098450790376,55.84970579435524,0.876828868564968,0.007434664070857244,0.03557643950970012,0,0,12,-1026.6474440485765,0.0,USDJPY=X,1.0,113.1729965209961,0,2017-12-04 00:00:00+00:00
2017-12-05 00:00:00+00:00,0.20436438217024655,0.2026900299973169,0.2074294849309366,0.20405090350494715,0.6218820061648515,0.06402410107084254,0.53142151999886,52.93010632394852,-0.2515491525768283,-0.2350088961336362,-0.016540256443192097,65.91502942056448,0.8513408524579279,0.007768897796405773,0.03401104518435632,0,1,12,-1004.7779028241619,0.0,USDJPY=X,0.0,113.54299926757812,1,2017-12-05 00:00:00+00:00
2017-12-06 00:00:00+00:00,0.20373255444168592,0.1971833132876155,0.20143542905282885,0.20348372113665425,0.529027740555763,0.07474793941060978,0.5426244789148107,49.621131175089396,-0.21595495311218826,-0.23119810752934664,0.015243154417158372,62.552107256450036,0.825316470976558,0.00756754147415491,0.03195487571478428,0,2,12,-1056.7493081836321,0.0,USDJPY=X,0.0,113.54000091552734,1,2017-12-06 00:00:00+00:00
2017-12-07 00:00:00+00:00,0.2013510879561793,0.20165037913361594,0.20653845992216735,0.2006805693927476,0.5744849031890223,0.07956388538475401,0.5016892868608754,49.30280655828581,-0.18839904961885168,-0.22263829594724766,0.03423924632839598,72.54371763320657,0.802936252207027,0.007338494930108954,0.030568600179090966,0,3,12,-1099.1352609635217,0.0,USDJPY=X,0.0,113.54499816894531,1,2017-12-07 00:00:00+00:00
2017-12-08 00:00:00+00:00,0.21552617765359305,0.21449921954925322,0.2195149926792328,0.21497200742380884,0.55540051200555,0.07334892014682588,0.4600293585171489,47.67499984657403,-0.17846296109675563,-0.21380322897714926,0.03534026788039363,64.78253279892114,0.7792979571972617,0.007150495138421044,0.029033370397285003,0,4,12,-1068.56471921205,0.0,USDJPY=X,0.0,112.78199768066406,0,2017-12-08 00:00:00+00:00
2017-12-11 00:00:00+00:00,0.22087224114560544,0.21605863387967972,0.22142657442227986,0.22096735252300337,0.7014822306709214,0.07179458603257106,0.4855925306238696,55.70475505761696,-0.09828584280060682,-0.19069975174184078,0.09241390894123397,84.9524207593173,0.8160622972732944,0.006885900180726281,0.026973981040749082,0,0,12,-947.3870624618833,0.0,USDJPY=X,0.0,112.39600372314453,0,2017-12-11 00:00:00+00:00
2017-12-12 00:00:00+00:00,0.221244886020725,0.21700075163696364,0.22358127534860484,0.22091876868020943,0.6301707508096418,0.06837647371266516,0.49030108838946523,58.576604712736064,-0.004833057025862786,-0.1535264127986452,0.14869335577278242,95.13053965724254,0.794058078529722,0.007187253309648292,0.02727460785967086,0,1,12,-774.8376867204836,0.0,USDJPY=X,0.0,112.71600341796875,0,2017-12-12 00:00:00+00:00
2017-12-13 00:00:00+00:00,0.22064544069922265,0.2135571017919693,0.21697157297740777,0.2209997417515328,0.5789133175108565,0.05672074627007237,0.5188243021516263,58.543480505682865,0.06820083032097557,-0.10918096417472106,0.17738179449569663,93.11903128792275,0.7634109203325655,0.006993641642829416,0.026886337831473782,0,2,12,-601.8816964202952,0.0,USDJPY=X,0.0,112.56800079345703,0,2017-12-13 00:00:00+00:00
2017-12-14 00:00:00+00:00,0.20821998975875466,0.20293367686798502,0.2089847308298609,0.20863645180204626,0.5800085317914631,0.08717905549601161,0.5219834620548532,58.585515112808515,0.12504253628905815,-0.06233626408196522,0.18737880037102336,93.29182715137445,0.7498813901344247,0.006723421838421054,0.026781613170938145,0,3,12,-453.89044784341036,0.0,USDJPY=X,0.0,112.98300170898438,0,2017-12-14 00:00:00+00:00
2017-12-15 00:00:00+00:00,0.2024203253739767,0.2005620236818313,0.20201856901556625,0.2023819928746169,0.47481404106323577,0.06216032286519145,0.4758201507160911,50.213784670360894,0.10728551442065282,-0.028411908381441614,0.13569742280209443,66.90866881232523,0.7728897619956376,0.006648945803014343,0.02598648580951253,0,4,12,-346.03300489355314,0.0,USDJPY=X,0.0,113.24099731445312,1,2017-12-15 00:00:00+00:00
2017-12-18 00:00:00+00:00,0.20796080690531338,0.20208896828686873,0.20665192378096187,0.20756711276853856,0.5260958309254776,0.10629345258984549,0.3768043188690695,46.58693545755192,0.061359150084356884,-0.010457696688281917,0.0718168467726388,52.138460199897764,0.7704689513592305,0.006876487921220321,0.02558901054753329,0,0,12,-286.54560385422656,0.0,USDJPY=X,1.0,113.322998046875,1,2017-12-18 00:00:00+00:00
2017-12-19 00:00:00+00:00,0.2056926788445117,0.20541897409300103,0.20960037732295,0.20516895000425883,0.6236032022241746,0.07645640276578994,0.3731212862805699,49.82263464452427,0.05020474741273517,0.001674792131921502,0.04852995528081367,56.542199952680825,0.7505780809147654,0.006835488555269388,0.02547953264331898,0,1,12,-235.9429944398436,0.0,USDJPY=X,0.0,113.30799865722656,1,2017-12-19 00:00:00+00:00
2017-12-20 00:00:00+00:00,0.2123833538112918,0.21064945027639537,0.2152866717540005,0.211893423614393,0.5589026509379922,0.08003101554571236,0.361867206148555,48.363344967937444,0.029086931997710508,0.0071572201050793035,0.021929711892631203,48.73032521846022,0.7337510315385991,0.00666777481721424,0.025519052398333956,0,2,12,-164.89818250138393,0.0,USDJPY=X,0.0,113.3030014038086,0,2017-12-20 00:00:00+00:00
2017-12-21 00:00:00+00:00,0.21620657899274143,0.2149865132905897,0.22137800002521413,0.2160738593088558,0.6366610255240034,0.07552451366296441,0.3936855621179829,52.55929472196954,0.04531564615054151,0.014788905314171746,0.030526740836369765,66.90026990192672,0.7370544420927617,0.00649434888823857,0.025785391695716135,0,3,12,-71.5856252608307,0.0,USDJPY=X,0.0,113.2030029296875,0,2017-12-21 00:00:00+00:00
2017-12-22 00:00:00+00:00,0.21708139837121432,0.21214392515604352,0.2220584123810576,0.217402559416618,0.6148380606616934,0.058585710085269034,0.4731527099273128,55.00703176138308,0.07809487908657786,0.02745010006865297,0.05064477901792489,71.2469605666561,0.7295502787136471,0.006508724398161851,0.024676179282687206,0,4,12,53.35886194368938,0.0,USDJPY=X,0.0,113.21700286865234,0,2017-12-22 00:00:00+00:00
2017-12-25 00:00:00+00:00,0.2171137807782728,0.21060074568831166,0.22094058325367372,0.21715951657963806,0.590586002048995,0.024864603389894813,0.5099620561727555,55.787841899324164,0.10942801312896222,0.04384568268071482,0.0655823304482474,75.98142862177116,0.6916541964450384,0.006437795428001962,0.022989167246887574,0,0,12,120.7903980165852,0.0,USDJPY=X,0.0,112.875,0,2017-12-25 00:00:00+00:00
2017-12-26 00:00:00+00:00,0.2173405812246556,0.21058451082561702,0.22058424740955096,0.21707854350831468,0.5772654895630807,0.020824046058559625,0.4835696597660461,55.59777837607375,0.13153318947934167,0.06138318404044019,0.07015000543890149,75.11541036755119,0.6518219456665982,0.006104195684696494,0.022086287452598264,0,1,12,116.5608233501155,0.0,USDJPY=X,0.0,112.66600036621094,0,2017-12-26 00:00:00+00:00
2017-12-27 00:00:00+00:00,0.21559094246771004,0.21069815486447907,0.2200333667792158,0.21545821672077836,0.57863809881274,0.02408684352799461,0.4948235937097313,55.529900447750215,0.14695446481476893,0.07849744019530594,0.06845702461946299,74.2926162178697,0.6163345766401894,0.005752909786948395,0.018501807936438266,0,2,12,178.52204435525056,0.0,USDJPY=X,0.0,112.7699966430664,0,2017-12-27 00:00:00+00:00
2017-12-28 00:00:00+00:00,0.2159312049357709,0.2092849782285533,0.21212760555908639,0.2156850649434936,0.5655977348041671,0.03045830922593924,0.4544511182242309,54.10637172110816,0.1493848795799977,0.0926749280722443,0.05670995150775339,68.39647680141071,0.5863106172735911,0.005444507307133949,0.015982310537030458,0,3,12,204.7085740559553,0.0,USDJPY=X,0.0,112.24400329589844,0,2017-12-28 00:00:00+00:00
2017-12-29 00:00:00+00:00,0.21032595859031722,0.20444438661032782,0.2089037735014181,0.21014341628972977,0.5812474139563574,0.09277394694160161,0.43542788262876475,54.28307062119686,0.15070346315016536,0.10428063508782852,0.04642282806233684,69.22194531664702,0.5870741533304997,0.005178644571202737,0.014297973430612695,0,4,12,275.0280276742988,1.0,USDJPY=X,1.0,112.60700225830078,0,2017-12-29 00:00:00+00:00
2018-01-01 00:00:00+00:00,0.20715075234095748,0.19996108590163275,0.21217617995615212,0.2067568875632655,0.5323433650556302,0.07738947747816106,0.40246339062448655,49.29040867068996,0.12273684294198972,0.10797187665866076,0.014764966283328962,49.05667167495884,0.5986403244723502,0.0052010999187641176,0.013961645297895543,0,0,1,285.623445822444,1.0,USDJPY=X,0.0,112.78299713134766,0,2018-01-01 00:00:00+00:00
2018-01-02 00:00:00+00:00,0.20860870224042993,0.20155296995744854,0.20253694311554948,0.20844199280786047,0.5505269198663596,0.003108668228509641,0.3873734640645675,46.47716198644881,0.08275462734339101,0.10292842679560682,-0.020173799452215813,39.631148535514086,0.5705232892282314,0.005313407084005134,0.014183993505890119,0,1,1,257.43309078544746,1.0,USDJPY=X,0.0,113.15399932861328,1,2018-01-02 00:00:00+00:00
2018-01-03 00:00:00+00:00,0.20041150376358963,0.19663108009550068,0.20444864845757138,0.1999190516532785,0.5936797648775993,0.11080114008213902,0.39584689248003685,48.065554549900355,0.05878245626921341,0.09409923269032815,-0.035316776421114734,46.24669368341867,0.5807005589917841,0.0050591762544253795,0.013738355008042722,0,2,1,236.52764739747636,1.0,USDJPY=X,1.0,113.14099884033203,1,2018-01-03 00:00:00+00:00
2018-01-04 00:00:00+00:00,0.20595198529492653,0.20262496661628893,0.20953561146019584,0.20580091082961038,0.5067823343919831,0.04537683413796701,0.3626545091527673,41.377098365151646,-0.002628628036148939,0.07475366054503273,-0.07738228858118167,12.786527214928778,0.5804359368930406,0.0051735553075466945,0.014431916607265718,0,3,1,140.27044847008995,1.0,USDJPY=X,0.0,112.75499725341797,0,2018-01-04 00:00:00+00:00
2018-01-05 00:00:00+00:00,0.20893277350496176,0.20969109765641702,0.21316447735802746,0.20865264641631098,0.6296211422641393,0.05392270774250457,0.38982345664105644,46.87160200688606,-0.02175558736539074,0.05545181096294804,-0.07720739832833878,34.545778817048216,0.5825471543261828,0.005154527917914217,0.013611708114107146,0,4,1,108.83119031842428,1.0,USDJPY=X,0.0,111.44400024414062,0,2018-01-05 00:00:00+00:00
2018-01-08 00:00:00+00:00,0.21478101150032747,0.21100686511617517,0.2157888543882951,0.21466418612977023,0.6036312508234257,0.08671311094459884,0.4301132581612702,49.35026590183848,-0.022453692837657968,0.03987071020282684,-0.06232440304048481,45.97401053252151,0.5896508723416675,0.005165203702183454,0.013612834977473376,0,0,1,107.53883742484929,1.0,USDJPY=X,1.0,111.29399871826172,0,2018-01-08 00:00:00+00:00
2018-01-09 00:00:00+00:00,0.21515365637544703,0.20782309700454382,0.2073161446711167,0.2144535325213197,0.6304843989581846,0.07412668000872609,0.47545744382846417,54.201006015706945,0.006850857845861924,0.03326673973143386,-0.026415881885571937,70.06504798093643,0.5894619254054323,0.005211047562086144,0.012874085000500638,0,1,1,119.71631882675962,1.0,USDJPY=X,0.0,111.0999984741211,0,2018-01-09 00:00:00+00:00
2018-01-10 00:00:00+00:00,0.20860870224042993,0.20126049456844686,0.18967387421727855,0.2081989499708805,0.577537155410498,0.12494190513226659,0.4662812655988184,54.005824223344085,0.02869511520970036,0.032352414827087166,-0.003657299617386804,69.22086093207366,0.6047861346259148,0.005209976325534289,0.012098195226862929,0,2,1,133.0387738649338,1.0,USDJPY=X,1.0,110.58100128173828,0,2018-01-10 00:00:00+00:00
2018-01-11 00:00:00+00:00,0.18683585938767822,0.18665742147004827,0.19053251629467094,0.18695619010696962,0.526263677453598,0.231390672572583,0.47740594526126867,48.42940751676322,0.014690402618896314,0.028820012385448998,-0.014129609766552684,68.27216990299839,0.6944443114634611,0.005363719119842219,0.01116480344021082,0,3,1,97.1691272656575,1.0,USDJPY=X,1.0,110.38800048828125,0,2018-01-11 00:00:00+00:00
2018-01-12 00:00:00+00:00,0.18461642853443783,0.18339235511469432,0.1851701747763661,0.18452563811416067,0.39849553350584566,0.08345031347516385,0.3462976323494811,35.15313901922859,-0.10103032055123151,0.002849945798112895,-0.10388026634934441,7.8028559950330525,0.7463409763324214,0.006231329725621302,0.016055970600619054,0,4,1,-39.809544168143816,1.0,USDJPY=X,0.0,111.3759994506836,0,2018-01-12 00:00:00+00:00
2018-01-15 00:00:00+00:00,0.182688562941697,0.17527046227842047,0.1769079541131391,0.18138215222467635,0.5583906089561946,0.10365191452229419,0.3209723918435434,34.004504199506584,-0.20250929580532784,-0.038221902522575256,-0.16428739328275258,12.294035739150615,0.7406737506582864,0.006706030737755833,0.01988651907355895,0,0,1,-142.29865584866727,0.0,USDJPY=X,1.0,111.0260009765625,0,2018-01-15 00:00:00+00:00
2018-01-16 00:00:00+00:00,0.17390811034688358,0.17207045930409448,0.17867381266498916,0.1729725733699472,0.552213894487059,0.10520624863654902,0.27735981671502535,32.524314751455094,-0.29518362015745936,-0.08961424604955208,-0.20556937410790727,21.0983969556743,0.7449829472142236,0.006666730520530242,0.023895684922678413,0,1,1,-257.1306119486731,0.0,USDJPY=X,1.0,110.68399810791016,0,2018-01-16 00:00:00+00:00
2018-01-17 00:00:00+00:00,0.16935591021569762,0.17103080844039353,0.17229091441240674,0.1698452820947276,0.5066712939179807,0.05765382098244349,0.2379374335358762,28.899998455452476,-0.40582927857035145,-0.15285725255371196,-0.2529720260166395,3.05891088452512,0.7273413866012657,0.006736988619918136,0.029254173610898507,0,2,1,-409.4824306686069,0.0,USDJPY=X,0.0,110.96600341796875,1,2018-01-17 00:00:00+00:00
2018-01-18 00:00:00+00:00,0.185458865505852,0.18020858700306297,0.18084470505700256,0.18585433822192288,0.5521796619839081,0.10893499065739677,0.2523361636240581,27.665378418558404,-0.5032887120918872,-0.222943544461347,-0.2803451676305402,5.692604656774038,0.7254596017673025,0.006588953358915854,0.03388451176809632,0,3,1,-549.5869945197991,0.0,USDJPY=X,1.0,110.10700225830078,0,2018-01-18 00:00:00+00:00
2018-01-19 00:00:00+00:00,0.18001553119569058,0.17423093534496914,0.17710237530037642,0.1801831326540413,0.7185228372529395,0.1146851969534577,0.43191864420816434,41.453844643160664,-0.4950956021853017,-0.27737395600613796,-0.21772164617916373,36.93859331644348,0.7512123827236559,0.006513608006620226,0.03399232646242981,0,4,1,-659.5679114891115,0.0,USDJPY=X,1.0,109.32599639892578,0,2018-01-19 00:00:00+00:00
2018-01-22 00:00:00+00:00,0.1750259213752685,0.17491317136889006,0.1788682338522265,0.17464148400027724,0.5304502875343532,0.09339639195303089,0.4160783579788172,38.643614832268945,-0.5109544900552123,-0.3240900628159529,-0.18686442723925945,25.86970684039088,0.7597687980480822,0.006766094213212599,0.034726206398770026,0,0,1,-807.479114561683,0.0,USDJPY=X,1.0,109.7040023803711,0,2018-01-22 00:00:00+00:00
2018-01-23 00:00:00+00:00,0.17951335669233726,0.17510811365147472,0.17306847556238147,0.17921096130612146,0.5314162426302774,0.08298436892375108,0.4043040143121259,36.07039881307903,-0.544838981583041,-0.36823984656937053,-0.17659913501367047,15.053685607431536,0.7436427561464892,0.006864305690397575,0.03580454155715906,0,1,1,-1012.1940053161964,0.0,USDJPY=X,0.0,108.63899993896484,0,2018-01-23 00:00:00+00:00
2018-01-24 00:00:00+00:00,0.16572710307357252,0.16100844522685742,0.1528667175400047,0.1652921230261577,0.6189493909238716,0.14048287505572365,0.4679705358817826,39.63953639174106,-0.542681518797238,-0.4031281810149441,-0.13955333778229395,23.972252382675837,0.7550973419937266,0.006701536806236558,0.0354473638936498,0,2,1,-1189.1413356591333,0.0,USDJPY=X,1.0,108.9260025024414,0,2018-01-24 00:00:00+00:00
2018-01-25 00:00:00+00:00,0.15249159756874864,0.1475260733753827,0.14607866184828433,0.15263708277388766,0.4589300445298947,0.19937802923238895,0.41486657733995097,33.50368278548905,-0.6033311032115307,-0.4431687654542614,-0.1601623377572693,25.177701384697475,0.8409475841671658,0.006857850332010116,0.037297905769822476,0,3,1,-1382.3251995375806,0.0,USDJPY=X,1.0,108.73200225830078,0,2018-01-25 00:00:00+00:00
2018-01-26 00:00:00+00:00,0.15825887954646833,0.15228549068013542,0.14196380478184656,0.15876210841020932,0.4690075632235021,0.13550924301201733,0.275122883125819,29.094108156210183,-0.706275477466761,-0.49579010785676136,-0.21048536960999964,15.397470172778421,0.8892374653273795,0.007692109945182523,0.04082126539715517,0,4,1,-1592.4332590085112,0.0,USDJPY=X,1.0,109.20099639892578,0,2018-01-26 00:00:00+00:00
2018-01-29 00:00:00+00:00,0.14183197658875568,0.14309160118502096,0.1447989180640148,0.14150532524657522,0.6330984891648752,0.22051270499189043,0.3323842685258574,33.64608225708008,-0.74872685504468,-0.5463774572943452,-0.20234939775033478,28.276197039394315,0.9270775548226895,0.008105788722677334,0.0421843240394089,0,0,1,-1766.8875682122994,0.0,USDJPY=X,1.0,109.40599822998047,1,2018-01-29 00:00:00+00:00
2018-01-30 00:00:00+00:00,0.14685396881623625,0.14318901036118836,0.14340571042095096,0.14615577562374282,0.42834066281194116,0.10536156348701994,0.27450737937787295,28.16079913973755,-0.8584114412929011,-0.6087842540940563,-0.2496271871988448,6.833593439474993,0.9460720718679996,0.008533561201258633,0.04717469494827557,0,1,1,-2012.0546303119515,0.0,USDJPY=X,1.0,110.03500366210938,1,2018-01-30 00:00:00+00:00
2018-01-31 00:00:00+00:00,0.1435814917487277,0.14686007221415642,0.14624070010414458,0.14301228973425872,0.6204106868923936,0.11965764338761843,0.2753178658305041,31.406206546889067,-0.9116694004830634,-0.6693612833718577,-0.2423081171112057,16.690335390857687,0.9334952555250285,0.008685456641510322,0.04899525075353045,0,2,1,-2216.9325516851986,0.0,USDJPY=X,1.0,109.09500122070312,1,2018-01-31 00:00:00+00:00
2018-02-01 00:00:00+00:00,0.15043420234777383,0.15210690719049502,0.154567686630126,0.15061164338371502,0.5516245341517352,0.12758344319981788,0.327267477290882,30.406270846434097,-0.9584821298599877,-0.7271854526694838,-0.23129667719050395,11.877737451772793,0.9254598190952273,0.008585285253070597,0.05161469822864779,0,3,2,-2388.7597289151104,0.0,USDJPY=X,1.0,109.62699890136719,1,2018-02-01 00:00:00+00:00
2018-02-02 00:00:00+00:00,0.15380382663645786,0.163851157291653,0.1576457954965973,0.15393339365312042,0.6464067829707622,0.09790289383577885,0.42722083917022174,35.73338316293237,-0.9468232584118681,-0.7711130138179607,-0.17571024459390738,27.565255869138156,0.9316413347025437,0.008474829439416463,0.05115907514510224,0,4,2,-2528.2717259483798,0.0,USDJPY=X,1.0,109.19599914550781,0,2018-02-02 00:00:00+00:00
2018-02-05 00:00:00+00:00,0.1640909263383048,0.16039114865371462,0.16355889404626223,0.16412549268405208,0.6085206022926309,0.18073076229951343,0.4133609285718684,37.96854373728729,-0.9105453839064381,-0.7989994878356562,-0.11154589607078191,34.098136658043686,0.9555245586328308,0.008515450247473237,0.0492058276318011,0,0,2,-2619.7434713940315,0.0,USDJPY=X,1.0,108.52899932861328,0,2018-02-05 00:00:00+00:00
2018-02-06 00:00:00+00:00,0.14774497939823839,0.1501900780202885,0.1441508886395486,0.1488941489105906,0.6687398021319828,0.09090898312640494,0.5505122643431603,44.362534011741026,-0.8215688906750103,-0.803513368403527,-0.018055522271483215,54.142921051096025,0.947844202498622,0.008683823572787923,0.0441649365406688,0,1,2,-2636.334952882777,0.0,USDJPY=X,0.0,108.80000305175781,0,2018-02-06 00:00:00+00:00
2018-02-07 00:00:00+00:00,0.1575622870037905,0.15059619744815222,0.15152208429400638,0.1575143813737705,0.4464625455363279,0.17948705788620045,0.4509646518449691,38.0503715864278,-0.8174813042306539,-0.8063069555689525,-0.011174348661701416,24.187462314978703,0.9918555445146244,0.008688245949794702,0.03951387855742654,0,2,2,-2727.8321689080685,0.0,USDJPY=X,1.0,108.69000244140625,0,2018-02-07 00:00:00+00:00
2018-02-08 00:00:00+00:00,0.14965653019047642,0.15262667065722058,0.15105228459108888,0.15053067031239165,0.6551653256016947,0.11266491828779011,0.509817936429509,42.99402105275824,-0.762524191559109,-0.7975504027669839,0.03502621120787486,45.715227422544494,0.9727943252008008,0.009047548089928189,0.03342632289561745,0,3,2,-2720.607999383714,0.0,USDJPY=X,1.0,107.76399993896484,0,2018-02-08 00:00:00+00:00
2018-02-09 00:00:00+00:00,0.14068178315331226,0.1446672503781421,0.1437134718680082,0.13972292869338254,0.518179088551843,0.1365964469653138,0.43689157977987303,40.195441026807565,-0.7451586371806229,-0.7870720496497117,0.04191341246908875,30.453224115759102,0.9660945735960561,0.00890869933709307,0.03221285215139911,0,4,2,-2714.0565508699133,0.0,USDJPY=X,1.0,106.58699798583984,0,2018-02-09 00:00:00+00:00
2018-02-12 00:00:00+00:00,0.14406759864552554,0.13654535754186825,0.1438917015895569,0.1441141416193057,0.4843248213610846,0.13084742627879845,0.3666678009963346,36.261655591812826,-0.7762692721385775,-0.7849114941474848,0.008642222008907297,6.8342933097031455,0.957230880385791,0.008901718246482981,0.03235182251628706,0,0,2,-2743.1991654729454,0.0,USDJPY=X,1.0,106.11100006103516,0,2018-02-12 00:00:00+00:00
2018-02-13 00:00:00+00:00,0.14225319507446277,0.13600923528219844,0.1273510687974142,0.142331745066113,0.6181596496333605,0.05143767013496979,0.3384055447172472,38.87898655311657,-0.7701787971437994,-0.7819649547467479,0.011786157602948433,21.773982779299356,0.9125001947681116,0.00879807769794291,0.031415536706162366,0,1,2,-2653.040670529941,0.0,USDJPY=X,0.0,106.26100158691406,0,2018-02-13 00:00:00+00:00
2018-02-14 00:00:00+00:00,0.12743008644495912,0.1219259256505254,0.11584882461083001,0.12732724951536678,0.5635998680802653,0.20497292067797895,0.40458620691618585,38.19341796514809,-0.7654050685902547,-0.7786529775154493,0.013247908925194563,41.41122195893767,0.9448933911309362,0.008395438166081851,0.031587196462458327,0,2,2,-2591.8194033740015,0.0,USDJPY=X,1.0,106.70899963378906,0,2018-02-14 00:00:00+00:00
2018-02-15 00:00:00+00:00,0.10852456978056457,0.10548719769539305,0.1072626510348571,0.10825568057001078,0.44682169148928663,0.1805754474490425,0.2875651360965712,32.92935633551714,-0.826811548481345,-0.7882846917086285,-0.0385268567727165,27.785194953964815,1.0178298216193515,0.0087681729674669,0.0344801787083723,0,3,2,-2560.057709364181,0.0,USDJPY=X,1.0,107.38099670410156,1,2018-02-15 00:00:00+00:00
2018-02-16 00:00:00+00:00,0.09990602922104364,0.09730036540834086,0.09695919330409963,0.10054284099769206,0.4094588155182622,0.1056721931879618,0.22678113693002344,27.702899452055163,-0.9593915782922551,-0.8225060690253538,-0.13688550926690124,9.197226780176084,1.0572705268482705,0.009549286881637954,0.038450968971181464,0,4,2,-2673.4208582708575,0.0,USDJPY=X,1.0,107.55500030517578,1,2018-02-16 00:00:00+00:00
2018-02-19 00:00:00+00:00,0.10330803591678617,0.10287189763857096,0.10570740513593302,0.10297339299050101,0.509869296134802,0.12618560954557956,0.2409935286399233,25.91174379001191,-1.090302928090992,-0.8760654408384815,-0.21423748725251046,11.265042358722663,1.0552511555457713,0.009963816439767107,0.043397331142993385,0,0,2,-2857.38640826165,0.0,USDJPY=X,1.0,106.81400299072266,1,2018-02-19 00:00:00+00:00
2018-02-20 00:00:00+00:00,0.11066292101918562,0.11315426651571947,0.11456895722758609,0.11023253611738948,0.6013095089027323,0.09557079985962383,0.2316835905742872,27.502510067248906,-1.16847776215846,-0.9345479051024773,-0.2339298570559828,14.320682961551553,1.0238044918474685,0.009930747308857707,0.04629510648120226,0,1,2,-3013.6068541331747,0.0,USDJPY=X,0.0,107.0739974975586,1,2018-02-20 00:00:00+00:00
2018-02-21 00:00:00+00:00,0.12117682116741535,0.1219746302386091,0.12522887440144115,0.12112125080772174,0.6448937092251462,0.10893617626694235,0.2767085894331202,32.18571655743361,-1.1806721297009517,-0.9837727500221722,-0.19689937967877946,23.446730273392877,1.0281755341778391,0.009594359382629654,0.04505856517809829,0,2,2,-3105.576170295724,0.0,USDJPY=X,1.0,107.06900024414062,0,2018-02-21 00:00:00+00:00
2018-02-22 00:00:00+00:00,0.1253401852199525,0.11983051299067848,0.11463384668931487,0.12394072078890273,0.6772656324056632,0.09106429797687587,0.40598056878741173,38.593537377533856,-1.123164564420719,-1.0116511129018817,-0.1115134515188374,37.135801241154866,1.039020160677692,0.009575023195315216,0.043751549067482645,0,3,2,-3150.5775306564706,0.0,USDJPY=X,0.0,107.4260025024414,0,2018-02-22 00:00:00+00:00
2018-02-23 00:00:00+00:00,0.11262316901898473,0.10938567155633461,0.11259260962178463,0.11193395959925856,0.6045258265638417,0.17218370308543027,0.5173122555533998,40.17000016505146,-1.0514285543357431,-1.019606601188654,-0.03182195314708913,42.525596493337275,1.0439474141281695,0.009660361282409779,0.0435436589149567,0,4,2,-3141.4197399205646,0.0,USDJPY=X,1.0,106.63999938964844,0,2018-02-23 00:00:00+00:00
2018-02-26 00:00:00+00:00,0.11597660210413951,0.10855732176816235,0.11032456843563998,0.1161467845222508,0.47217530187347345,0.09184087222923049,0.49566742861991553,35.93868907693593,-1.0423539327231452,-1.0241560674955523,-0.018197865227592924,29.777231931295695,1.0430938617378762,0.009773507076771963,0.04392029933570234,0,0,2,-3168.5824668578475,0.0,USDJPY=X,0.0,106.16300201416016,0,2018-02-26 00:00:00+00:00
2018-02-27 00:00:00+00:00,0.11652735021808058,0.1179299186831666,0.116999036669591,0.11606581145092743,0.6171802073270541,0.1056721931879618,0.5047052152615898,38.39085865502299,-1.0026252066098493,-1.0198498953184119,0.01722468870856253,35.94115710611328,1.0171586076977266,0.009741803669575892,0.04457294706485013,0,1,2,-3206.4203927799867,0.0,USDJPY=X,1.0,105.55599975585938,0,2018-02-27 00:00:00+00:00
2018-02-28 00:00:00+00:00,0.12265096227041705,0.11601321344320992,0.11356459195899671,0.12185050294167121,0.57859816372872,0.13131337083021122,0.4670192992264974,38.36046447577156,-0.9604714248095831,-1.0079742012166462,0.04750277640706302,35.822682694777356,1.0048616514838264,0.009500029003524677,0.04480909751752501,0,2,2,-3200.7851077221376,0.0,USDJPY=X,1.0,106.25,0,2018-02-28 00:00:00+00:00
2018-03-01 00:00:00+00:00,0.10935069195147618,0.11066896929070369,0.1133054049090052,0.10911448961807779,0.6311811071904596,0.14592126604129715,0.440987559486843,41.899360326653316,-0.8880206016565069,-0.9839834813046183,0.09596287964811145,50.10733939509288,1.0001574614294573,0.00935398905363708,0.044498016250295376,0,3,3,-3144.65146467683,0.0,USDJPY=X,1.0,105.53700256347656,0,2018-03-01 00:00:00+00:00
2018-03-02 00:00:00+00:00,0.10176912999966747,0.09588706484216547,0.09218814928086405,0.10138545543149435,0.46553095338838857,0.09728044882434957,0.3623392575591901,36.87909505613646,-0.8838383463416335,-0.9639544543120214,0.08011610797038793,33.519183362837715,0.9900748684464938,0.009378820959807157,0.04475350052930448,0,4,3,-3076.9701240493637,0.0,USDJPY=X,0.0,106.18599700927734,0,2018-03-02 00:00:00+00:00
2018-03-05 00:00:00+00:00,0.09180597796537882,0.09101400349855093,0.09357332299057108,0.09154988516040508,0.5097580547137642,0.15843063235670723,0.3835957836446996,34.200951408493495,-0.9085404914034996,-0.9528716617303171,0.04433117032681755,25.777478485972154,1.0176768771805054,0.009325987864533413,0.04481547207035663,0,0,3,-2994.7066892407397,0.0,USDJPY=X,1.0,106.40599822998047,1,2018-03-05 00:00:00+00:00
2018-03-06 00:00:00+00:00,0.10340530673493498,0.09864860259348829,0.10173827126069224,0.10279512861057993,0.4904002081899893,0.09852415323766255,0.3123840305042016,31.10533269517346,-0.965962118636611,-0.9554897531115759,-0.010472365525035054,11.14084793537326,1.0031287424335162,0.009641108790919433,0.04339242901897943,0,1,3,-3017.1750431033342,0.0,USDJPY=X,0.0,106.89099884033203,1,2018-03-06 00:00:00+00:00
2018-03-07 00:00:00+00:00,0.09268079734385148,0.09421400647287692,0.09619782361981355,0.09124206386636646,0.6815773873555446,0.09324107710255997,0.36989895428929764,38.01346484700587,-0.9445806148719953,-0.9533079254636598,0.008727310591664539,37.573881963211576,0.9955483446759883,0.009441211693491918,0.041724538557625555,0,2,3,-2983.795246760393,0.0,USDJPY=X,0.0,106.26000213623047,1,2018-03-07 00:00:00+00:00
2018-03-08 00:00:00+00:00,0.10167185918151844,0.09541600596352362,0.10246738161257607,0.10175805518259184,0.4749577933973408,0.10396254422323604,0.28236488294783946,34.217388652499054,-0.9739415613902338,-0.9574346526489746,-0.016506908741259152,10.41728416586755,0.9772233495624132,0.009433168656435956,0.03930284284493263,0,3,3,-3038.8576991758596,0.0,USDJPY=X,0.0,106.50800323486328,1,2018-03-08 00:00:00+00:00
2018-03-09 00:00:00+00:00,0.10546270195590979,0.1080049646457979,0.10993572606116508,0.1053228482889772,0.6749634860283691,0.05532172700628847,0.3997844636868574,40.08265477836347,-0.9340744661324862,-0.952762615345677,0.01868814921319073,35.136140412053585,0.9586356273977988,0.009202939908140943,0.03526629517385135,0,4,3,-2982.063720572803,0.0,USDJPY=X,0.0,106.15499877929688,0,2018-03-09 00:00:00+00:00
2018-03-12 00:00:00+00:00,0.11328737915460407,0.10698167257504121,0.11017872164546816,0.11318156301268778,0.6115464823139878,0.10411785907370696,0.4574616709013779,41.97145947663839,-0.8746448842518646,-0.9371390691269146,0.062494184875049985,43.51553192107634,0.9503761053933802,0.009009225451048848,0.03269442436523402,0,0,3,-2819.205167373166,0.0,USDJPY=X,0.0,106.30899810791016,0,2018-03-12 00:00:00+00:00
2018-03-13 00:00:00+00:00,0.10408570807408357,0.1120009716131567,0.108380480162241,0.10295719837623651,0.6502127321572259,0.09199737268924699,0.548726985826304,46.01194929493062,-0.7794262755794392,-0.9055965104174195,0.1261702348379803,61.988202132914886,0.9247780170547347,0.00889107703832949,0.027929965398122918,0,1,3,-2629.256156611403,1.0,USDJPY=X,0.0,105.96900177001953,0,2018-03-13 00:00:00+00:00
2018-03-14 00:00:00+00:00,0.10782797723788695,0.10321307761565635,0.10548060101731838,0.10697568792805234,0.4875146706301621,0.1572651781734025,0.43812420079757086,41.92212074334184,-0.746278370244994,-0.8737328823829345,0.12745451213794046,39.9640178809102,0.9310082328078005,0.00870297382329359,0.02280383394855613,0,2,3,-2522.7671719926984,1.0,USDJPY=X,1.0,105.99600219726562,0,2018-03-14 00:00:00+00:00
2018-03-15 00:00:00+00:00,0.1014288675316064,0.09408400364107061,0.10071771452641443,0.10125577489436721,0.6156221852384058,0.10101037645474291,0.5183586724757769,44.027920679447234,-0.6920196289068912,-0.8373902316877259,0.1453706027808347,52.367147897384534,0.9109363251700223,0.008741204459112924,0.020560860343324668,0,3,3,-2430.6614773034944,1.0,USDJPY=X,0.0,106.46900177001953,0,2018-03-15 00:00:00+00:00
2018-03-16 00:00:00+00:00,0.10424774370634937,0.09661812938441972,0.09775306951873763,0.10375110534423504,0.5277775519506293,0.05936228433762366,0.4347227095602524,41.709700430312296,-0.669782855038676,-0.8038687563579159,0.13408590131923992,37.51320254387739,0.897155324753302,0.008581191047478773,0.02090597747350603,0,4,3,-2338.053176768684,1.0,USDJPY=X,0.0,105.92900085449219,0,2018-03-16 00:00:00+00:00
2018-03-19 00:00:00+00:00,0.09841569691451268,0.09613071171283383,0.09895185597456435,0.09824196954201003,0.6018861053712973,0.11204365888590642,0.42926286634911637,43.1168285607263,-0.6324431814344393,-0.7695836413732206,0.1371404599387812,43.99328395822699,0.8845728495128318,0.008439128772925075,0.020644429333482973,0,0,3,-2176.64242120866,1.0,USDJPY=X,0.0,104.96800231933594,0,2018-03-19 00:00:00+00:00
2018-03-20 00:00:00+00:00,0.09954969914642686,0.10076025011602963,0.10386058925564012,0.09867947137317601,0.5295840883773166,0.09588142956056567,0.3612969628795043,40.77644614968991,-0.6231033366881036,-0.7402875804361972,0.11718424374809366,31.23769115654991,0.8662460996941138,0.008347467983444691,0.021143275227634598,0,1,3,-2015.1353552382898,1.0,USDJPY=X,0.0,104.85900115966797,0,2018-03-20 00:00:00+00:00
2018-03-21 00:00:00+00:00,0.10671016620950202,0.09960695521346663,0.10637162602608785,0.10634372710270057,0.583286730083277,0.09308457664254347,0.4154047295810196,41.05010163489422,-0.6065310215459903,-0.7135362686581559,0.10700524711216564,36.41580568324913,0.8482284077935297,0.008172441240585396,0.021548392642964216,0,2,3,-1921.2381196839322,1.0,USDJPY=X,0.0,105.5,0,2018-03-21 00:00:00+00:00
2018-03-22 00:00:00+00:00,0.09758945114662754,0.09065658865877091,0.09250406826025293,0.09759381410239376,0.6487260500796019,0.05796445068338534,0.4340684277415018,45.77691756824304,-0.5489028198725521,-0.6806095789010351,0.13170675902848306,59.93051446603857,0.8244977244034226,0.007966904861433399,0.02008747434959617,0,3,3,-1790.53929012567,1.0,USDJPY=X,0.0,105.49299621582031,0,2018-03-22 00:00:00+00:00
2018-03-23 00:00:00+00:00,0.08239369764200455,0.07957833971883943,0.08252468704121596,0.08202225980636424,0.5004430447944324,0.10536156348701994,0.41853720172230496,41.66903944178675,-0.5405742127360327,-0.6526025056680347,0.112028292932002,32.42983423721543,0.8503196468511691,0.007783493828436858,0.01825394742964609,0,4,3,-1715.0888593083487,1.0,USDJPY=X,0.0,106.81199645996094,1,2018-03-23 00:00:00+00:00
2018-03-26 00:00:00+01:00,0.08014188438170544,0.07900987166402995,0.08364251616859986,0.08025605786743628,0.43822993824499235,0.09510485530821106,0.3261548559360743,35.55432289379884,-0.6045494126530855,-0.6429918870650448,0.03844247441195936,11.541499432476392,0.8797254604759183,0.008100750972323054,0.021404225778362332,0,0,3,-1716.714235487343,1.0,USDJPY=X,0.0,106.47899627685547,1,2018-03-26 00:00:00+01:00
2018-03-27 00:00:00+01:00,0.0915791775189958,0.08947082403081885,0.09535537300810981,0.09064249226954413,0.5631739195725068,0.0789438115924159,0.34500426196137857,34.92823889338912,-0.6564782297393492,-0.6456891555999058,-0.010789074139443411,7.362009852677892,0.8531738729321585,0.008389603665367432,0.023342807223491545,0,1,3,-1741.5470298745022,1.0,USDJPY=X,0.0,106.31199645996094,1,2018-03-27 00:00:00+01:00
2018-03-28 00:00:00+01:00,0.09119046503732076,0.09655306600339197,0.09490176477088097,0.0905290063466817,0.6743959795071917,0.0666668247479394,0.3960653963767661,41.45693505709051,-0.6385481563788744,-0.6442609557556995,0.005712799376825117,31.940170140067167,0.8657328340522387,0.008086956141537047,0.022477985197503415,0,2,3,-1688.669931968736,1.0,USDJPY=X,0.0,105.79900360107422,0,2018-03-28 00:00:00+01:00
2018-03-29 00:00:00+01:00,0.11187800286571936,0.10633190627650935,0.10832374823284363,0.11190144674771951,0.5782915370783552,0.1387720404814523,0.3565263170127523,41.40804969151834,-0.6177821824682752,-0.6389652010982148,0.021183018629939543,31.671620309154097,0.8676803274555943,0.008206543231373388,0.01979061650224393,0,3,3,-1638.7616764701995,1.0,USDJPY=X,1.0,106.43599700927734,0,2018-03-29 00:00:00+01:00
2018-03-30 00:00:00+01:00,0.10661289539135299,0.09947695238166054,0.10599897511730161,0.10650567324534754,0.7737803905473923,0.10357484990183152,0.5107387835981391,52.71618486241373,-0.4892528993024001,-0.6090227407390518,0.1197698414366517,82.24674990346247,0.9080607531102728,0.008123435159091414,0.019985249159511383,0,4,3,-1490.983431795753,1.0,USDJPY=X,0.0,106.77400207519531,0,2018-03-30 00:00:00+01:00
2018-04-02 00:00:00+01:00,0.10408570807408357,0.09853483462437662,0.10350412981254231,0.10379968918702898,0.5308370092590167,0.06029535904999478,0.5641237542698072,50.087913187460416,-0.40954190402925406,-0.5691265733970923,0.15958466936783822,69.47834634152049,0.8929134954243827,0.008528073938161747,0.02038118916076018,0,0,4,-1387.184631764908,1.0,USDJPY=X,0.0,107.052001953125,1,2018-04-02 00:00:00+01:00
2018-04-03 00:00:00+01:00,0.09577504757556499,0.10087389415489167,0.09917866009317877,0.09548740164089753,0.5549317032085429,0.07521388396202255,0.5593822734036958,48.77457673748713,-0.3557450480657707,-0.526450268330828,0.1707052202650573,72.81959661186389,0.8660624093951858,0.00839899094323443,0.02011879063594378,0,1,4,-1304.1378048250697,1.0,USDJPY=X,0.0,106.96800231933594,1,2018-04-03 00:00:00+01:00
2018-04-04 00:00:00+01:00,0.10588392044161687,0.10233589930915077,0.10403881897718881,0.10580893396293711,0.5042775957858979,0.13908267018239417,0.4622658183178696,44.881520897710544,-0.350464946831039,-0.4912532040308702,0.14078825719983118,50.11077638031423,0.8681291403717015,0.008185922172393618,0.020261926747136234,0,2,4,-1242.4017090136063,1.0,USDJPY=X,1.0,106.7490005493164,0,2018-04-04 00:00:00+01:00
2018-04-05 00:00:00+01:00,0.11163488761883378,0.11534721228198341,0.11571929288532168,0.11128580415964229,0.6729624833509047,0.10644876744031641,0.5160539460675266,50.197204760196676,-0.29151992387785697,-0.4513065480002676,0.15978662412241063,78.3087688961539,0.8690482520666916,0.008156349024437966,0.019893841746778843,0,3,4,-1152.9677963417666,1.0,USDJPY=X,0.0,107.11299896240234,1,2018-04-05 00:00:00+01:00
2018-04-06 00:00:00+01:00,0.11644639420043434,0.11490862312873062,0.1198179584860708,0.11579037938541803,0.6287136278677563,0.11888106913526382,0.4341606825038401,52.79850583298411,-0.21505239438116064,-0.40405571727644624,0.1890033228952856,74.87562256498128,0.8816166482290596,0.008139137197973217,0.020603344579482825,0,4,4,-1000.5886951103116,1.0,USDJPY=X,1.0,106.8290023803711,0,2018-04-06 00:00:00+01:00
2018-04-09 00:00:00+01:00,0.11432411056836922,0.11076637846687132,0.11793863607542598,0.11442929004912639,0.6198170222697672,0.07536919881249347,0.4847088943330266,54.88567405324502,-0.13051456882234902,-0.34934748758562684,0.21883291876327782,84.75478327825029,0.8672154808681112,0.008235405523897574,0.02181991491849147,0,0,4,-779.2413507785826,1.0,USDJPY=X,0.0,107.22200012207031,0,2018-04-09 00:00:00+01:00
2018-04-10 00:00:00+01:00,0.11059815620506863,0.11391767685311338,0.11430977017759436,0.11088069155700575,0.5671205405462704,0.05376857850157923,0.4916621237694692,54.10714681622195,-0.06949470968311289,-0.29337693200512405,0.22388222232201116,81.76972483780098,0.8299858516194403,0.008107241998211553,0.022028290427756284,0,1,4,-547.9382567795627,1.0,USDJPY=X,0.0,107.49800109863281,1,2018-04-10 00:00:00+01:00
2018-04-11 00:00:00+01:00,0.11693237750025864,0.10995426354139348,0.11471480401775769,0.11677874534760257,0.5474824312605517,0.11872575428479289,0.5164087741475861,52.03479460345087,-0.03836539190112376,-0.242374623984324,0.20400923208320024,73.98715421717452,0.8252725721441119,0.007775115901305319,0.022595967664021874,0,2,4,-375.07283903610187,0.0,USDJPY=X,1.0,107.0459976196289,0,2018-04-11 00:00:00+01:00
2018-04-12 00:00:00+01:00,0.1121209945156314,0.1142263871048097,0.11550868023239569,0.11217700243623852,0.6323558454249497,0.07692353292674829,0.49333683607529194,55.11212768089417,0.015497797626096599,-0.19080013966223988,0.20629793728833648,86.92240745912152,0.801681870318249,0.007704691121885124,0.023649582251443386,0,3,4,-197.18457618675535,0.0,USDJPY=X,0.0,107.01599884033203,0,2018-04-12 00:00:00+01:00
2018-04-13 00:00:00+01:00,0.11967017406038183,0.1201066295867359,0.12451607911422058,0.11854494728653053,0.5380884586360547,0.11017869507070975,0.4418332762466615,52.29315204014652,0.034866691166286046,-0.1456667734965347,0.18053346466282075,76.24773133440617,0.7950617105661643,0.007504346689149192,0.02424075679419339,0,4,4,-99.29403174800004,0.0,USDJPY=X,1.0,107.34600067138672,0,2018-04-13 00:00:00+01:00
2018-04-16 00:00:00+01:00,0.12303979834906564,0.11573697291690288,0.12252341644375586,0.12301713328377684,0.6365379510187834,0.08003101554571236,0.4512862082739691,55.67211029720634,0.08099465619895341,-0.10033448755743708,0.18132914375639048,76.44040090914419,0.8057715665845968,0.007415098670617978,0.02543798969562933,0,0,4,78.592030262522,0.0,USDJPY=X,0.0,107.43199920654297,0,2018-04-16 00:00:00+01:00
2018-04-17 00:00:00+01:00,0.11526381835793265,0.11071767387878739,0.1184409423086954,0.11569308807682033,0.6193578930510818,0.05734200567195606,0.4809497454419263,57.925943322789564,0.13822895563751558,-0.05262179891844655,0.19085075455596212,88.2202004545721,0.7745732880074047,0.007495688834672153,0.027024673822639844,0,1,4,315.1330928070695,0.0,USDJPY=X,0.0,107.86900329589844,1,2018-04-17 00:00:00+01:00
2018-04-18 00:00:00+01:00,0.11558776602549092,0.11367402998244525,0.12043360497915989,0.11520700240286041,0.5139293503078692,0.04848431675693107,0.4618080353167937,53.15902681165253,0.14543812689376523,-0.013009813756004195,0.15844794064976941,64.98299076326886,0.7631036540844427,0.00723589209528159,0.027492756642627385,0,2,4,507.4583276337214,0.0,USDJPY=X,0.0,108.76100158691406,1,2018-04-18 00:00:00+01:00
2018-04-19 00:00:00+01:00,0.1209985943316203,0.1158345060233199,0.12469418523679465,0.12055419206243845,0.5749655458504884,0.057652635372897915,0.42931588107867796,52.84818388672422,0.1470358584253404,0.018999320680264723,0.12803653774507567,63.540049688255735,0.7350958622120606,0.007130743649115438,0.027932620882901125,0,3,4,626.8694015716261,0.0,USDJPY=X,0.0,108.8030014038086,1,2018-04-19 00:00:00+01:00
2018-04-20 00:00:00+01:00,0.12226224978874178,0.1213086290773826,0.1268812690944967,0.12194767062725931,0.6272828456938245,0.03745221993531314,0.47993432862296453,55.90290387474867,0.1729369524624218,0.04978684703669614,0.12315010542572566,79.41313546104756,0.7179463539527727,0.0068479110317521295,0.028404207153039956,0,4,4,669.6064908025828,0.0,USDJPY=X,0.0,109.36399841308594,1,2018-04-20 00:00:00+01:00
2018-04-23 00:00:00+01:00,0.1287908891232561,0.13401123179851915,0.13219503621573558,0.12902867299723608,0.5917836740587006,0.06884241826407793,0.45455101772972073,56.6903432208323,0.19811932293171708,0.07945334221570033,0.11866598071601675,80.67810544369556,0.7025215359109451,0.006682798042066477,0.026026223888968823,0,0,4,725.8973678932525,0.0,USDJPY=X,0.0,109.30000305175781,1,2018-04-23 00:00:00+01:00
2018-04-24 00:00:00+01:00,0.14345196212049394,0.14307536632232631,0.14789321839617475,0.14348218079395392,0.6425874525563106,0.139393299883336,0.4677028421628561,60.5458295469306,0.2504520553798102,0.11365308484852231,0.13679897053128787,71.11971370166833,0.7379127152655205,0.006512728535961706,0.022975021317830607,0,1,4,831.7179975455858,0.0,USDJPY=X,1.0,109.0979995727539,1,2018-04-24 00:00:00+01:00
2018-04-25 00:00:00+01:00,0.14432678149896683,0.1460966618767625,0.14930261750492724,0.14416272546209963,0.7079321071822733,0.07552451366296441,0.5784533924566987,67.00287361060437,0.35975588828621596,0.16287364553606104,0.19688224275015492,83.31375553793222,0.779418967328028,0.006784717908981677,0.02519271391143139,0,2,4,1044.9413050040766,0.0,USDJPY=X,0.0,109.322998046875,1,2018-04-25 00:00:00+01:00
2018-04-26 00:00:00+01:00,0.15347975537192604,0.1472986613674092,0.15390346573997093,0.1532528489849747,0.585329875119797,0.09090898312640494,0.584420686659767,67.2744523789035,0.4446434249504847,0.2192276014189458,0.2254158235315389,79.1985947475354,0.7675318241190505,0.007163579655632044,0.02618410987806069,0,3,4,1235.7597369128887,0.0,USDJPY=X,0.0,109.87200164794922,1,2018-04-26 00:00:00+01:00
2018-04-27 00:00:00+01:00,0.1526374419974852,0.1486793682779457,0.1523969178370872,0.15221589917999623,0.6595140885427538,0.05827508038432719,0.6029280187873484,70.73871580347199,0.5508354908839266,0.28554917931194196,0.2652863115719846,97.0202331850216,0.7587793111867188,0.00701813974668296,0.03144376877189182,0,4,4,1443.456112523433,0.0,USDJPY=X,0.0,109.8270034790039,1,2018-04-27 00:00:00+01:00
2018-04-30 00:00:00+01:00,0.14907339966947686,0.1471606030693804,0.15304482366257877,0.14894273275338477,0.5702233107859486,0.08593535108269863,0.5904940848467902,69.83059760786198,0.6226520323397011,0.3529697499174938,0.2696822824222073,91.9767860379946,0.7440803442743862,0.006942170997263442,0.0347466776769209,0,0,4,1577.711487437108,0.0,USDJPY=X,0.0,109.09600067138672,0,2018-04-30 00:00:00+01:00
2018-05-01 00:00:00+01:00,0.15249159756874864,0.1528053780771106,0.15690061727799964,0.1525884989310935,0.5505805186572014,0.06519074086369284,0.5376792622003899,66.91064721036827,0.6557085661256394,0.41351751315912294,0.2421910529665165,84.89066027835784,0.7208961952762716,0.006820293196835229,0.03613545719918693,0,1,5,1687.6415401028976,0.0,USDJPY=X,0.0,109.14600372314453,0,2018-05-01 00:00:00+01:00
2018-05-02 00:00:00+01:00,0.16123966775650356,0.1562327930594103,0.16328351553058207,0.1614842870827924,0.611398798665662,0.08220660906185087,0.4828222007915115,68.49105438607353,0.6920836937667332,0.469230749280645,0.22285294448608817,84.95445617055806,0.7186181092367276,0.006594186110475758,0.03572691546526698,0,2,5,1877.9218402978095,0.0,USDJPY=X,0.0,108.94300079345703,0,2018-05-02 00:00:00+01:00
2018-05-03 00:00:00+01:00,0.16085083167785474,0.15373126097169987,0.15158685015676054,0.16075515857185252,0.6574264549677133,0.05376857850157923,0.5238612300733517,72.00461513032619,0.756490890793259,0.5266827775831678,0.2298081132100912,95.95377280366917,0.7155027479882338,0.006540502570794302,0.03783313410602788,0,3,5,2096.2388293842373,0.0,USDJPY=X,0.0,109.02400207519531,0,2018-05-03 00:00:00+01:00
2018-05-04 00:00:00+01:00,0.14946223574812567,0.1442611309502786,0.14703457631878258,0.14891034352485533,0.5729544662346772,0.14203602356043288,0.4745960846867093,71.30279714273358,0.7947417936099299,0.5802945807885203,0.21444721282140966,94.5087441627997,0.7316812190443197,0.0065148162594185636,0.03968933742981163,0,4,5,2299.1732127069463,0.0,USDJPY=X,1.0,109.84700012207031,1,2018-05-04 00:00:00+01:00
2018-05-07 00:00:00+01:00,0.14978618341568395,0.1462266647085686,0.14878424340494423,0.1497205687301284,0.47580721418495087,0.09510485530821106,0.42085000875237566,60.915534615425834,0.7573399488431676,0.6157036543994497,0.14163629444371784,71.03401133874627,0.7635612322417679,0.006706764817605475,0.039950121653127946,0,0,5,2393.296287392587,0.0,USDJPY=X,1.0,109.43599700927734,0,2018-05-07 00:00:00+01:00
2018-05-08 00:00:00+01:00,0.14656240355573646,0.14539819099014695,0.15042044663231113,0.14643120768925222,0.5864523595387278,0.09712513397387865,0.44117158853436605,61.33051264547672,0.7233947019570905,0.6372418639109779,0.08615283804611262,71.51460580150803,0.7536640013673559,0.006995778188806503,0.03947484256163555,0,1,5,2433.0112489342882,0.0,USDJPY=X,1.0,109.33799743652344,1,2018-05-08 00:00:00+01:00
2018-05-09 00:00:00+01:00,0.1481661978839457,0.15335761126922542,0.15273706221552152,0.1477437131827497,0.5503975484947101,0.0735042349972968,0.4066693875395433,58.60980615858623,0.6723616428894275,0.6442658197066679,0.028095823182759605,61.32703144882748,0.733616542180681,0.0069179662381084325,0.03785035422237665,0,2,5,2431.2641709988816,0.0,USDJPY=X,0.0,109.73100280761719,1,2018-05-09 00:00:00+01:00
2018-05-10 00:00:00+01:00,0.16091559649197174,0.15605408563952028,0.15809940373382614,0.16107917448015585,0.590887627610181,0.12742812834934697,0.36929283862638707,59.38404689012247,0.631177876717075,0.6416482311087494,-0.01047035439167432,62.43740253626387,0.7439295285999739,0.00672894526174792,0.036702227739326146,0,3,5,2421.84721849458,0.0,USDJPY=X,1.0,110.2969970703125,1,2018-05-10 00:00:00+01:00
2018-05-11 00:00:00+01:00,0.15505116729307677,0.14915042715658777,0.1553291799133869,0.15441947932708033,0.6967265904599321,0.10178695070709753,0.4388989848596743,66.28479211374389,0.6573707488203127,0.644792734651062,0.01257801416925064,93.33328842150648,0.7595772363087926,0.006772415521345717,0.035434886971441946,0,4,5,2460.332860532634,0.0,USDJPY=X,1.0,110.35900115966797,1,2018-05-11 00:00:00+01:00
2018-05-14 00:00:00+01:00,0.15281554523630692,0.15033631571478945,0.15612293252905007,0.15283154176807345,0.5211327447217718,0.062314452106116795,0.4647533588333879,60.73508600449866,0.6376142521676229,0.6433570381543743,-0.005742785986751375,58.33917745000453,0.7543215058065462,0.0069408353472980204,0.03422016931111709,0,0,5,2468.3136389723145,0.0,USDJPY=X,0.0,110.8280029296875,1,2018-05-14 00:00:00+01:00
2018-05-15 00:00:00+01:00,0.15934418457082122,0.16214550526672578,0.1636236599090164,0.15919961024137508,0.5653967805918068,0.06604556534605571,0.4527933553398394,59.456819193704895,0.6070516264546058,0.6360959558144206,-0.029044329359814824,51.07456338792869,0.7307987590887796,0.00689898775807075,0.03304190733207509,0,1,5,2467.276732292879,0.0,USDJPY=X,0.0,110.87999725341797,1,2018-05-15 00:00:00+01:00
2018-05-16 00:00:00+01:00,0.16831905520495893,0.1624216218627832,0.16961783938609876,0.16837070683557354,0.6352261396915987,0.10707121245174568,0.5010243030454095,62.83494364198097,0.607539437889713,0.6303846522294791,-0.022845214339766162,63.164176977276576,0.7517418530963891,0.006659911423301508,0.0302524510493025,0,2,5,2431.014543346234,0.0,USDJPY=X,1.0,110.97799682617188,1,2018-05-16 00:00:00+01:00
2018-05-17 00:00:00+01:00,0.16989046712610945,0.17020245865222128,0.1704602899978025,0.1693753910350324,0.6595441931964677,0.05221424438732441,0.5401715352781057,67.0880796968175,0.6461486394525764,0.6335374496740986,0.01261118977847775,95.26006156451484,0.7443313632407318,0.006815614867711821,0.027441385465836958,0,3,5,2418.5452269527423,0.0,USDJPY=X,0.0,110.72599792480469,1,2018-05-17 00:00:00+01:00
2018-05-18 00:00:00+01:00,0.17740738786077492,0.17367857822260468,0.17954864620806998,0.1769748683074983,0.5880669577511382,0.11857043943432197,0.4783619998162201,67.52650588607287,0.6739806917999687,0.6416260980992727,0.03235459370069593,77.41056441641511,0.7456648721721973,0.0067446366442174424,0.025046173544192384,0,4,5,2369.694266887917,0.0,USDJPY=X,1.0,109.86900329589844,0,2018-05-18 00:00:00+01:00
2018-05-21 00:00:00+01:00,0.1786061549068061,0.1787629406417479,0.18359873741175337,0.177817359118291,0.6454188714228383,0.06464654608227181,0.5493658624758229,70.70535779176643,0.7255189857853708,0.6584046756364924,0.06711431014887836,89.9300034321304,0.7433314839115717,0.006728126939590067,0.02311567559862705,0,0,5,2419.670728713281,0.0,USDJPY=X,0.0,109.31199645996094,0,2018-05-21 00:00:00+01:00
2018-05-22 00:00:00+01:00,0.18004803719972262,0.1752866971411149,0.1818977683216323,0.17940529667729788,0.5866203947072401,0.07443730970966793,0.5615532183338681,71.04377262355852,0.7617776637548843,0.6790792732601708,0.0826983904947135,81.54221960720889,0.7300220355281001,0.0067039276905164055,0.02211811496719833,0,1,5,2467.1669372172973,0.0,USDJPY=X,0.0,109.62300109863281,0,2018-05-22 00:00:00+01:00
2018-05-23 00:00:00+01:00,0.17556060188265388,0.17046234038558405,0.1617768440287235,0.17532202866842317,0.593069875934321,0.05749732052242699,0.5374209730557309,71.70719501954753,0.7893218626828258,0.7011277911447018,0.08819407153812397,85.12407525661368,0.7043058270752001,0.006578079046349658,0.02367430085127029,0,2,5,2500.443306527557,0.0,USDJPY=X,0.0,109.38899993896484,0,2018-05-23 00:00:00+01:00
2018-05-24 00:00:00+01:00,0.16226020796673946,0.15485208614887358,0.1523320283753582,0.16143570323999823,0.5440087322067751,0.20435166127609525,0.47156422925862235,67.42906076752028,0.7818044781135143,0.7172631285384643,0.06454134957504998,75.91358930100135,0.7553553193028085,0.006360799092129225,0.02394885797522704,0,3,5,2496.2564329685465,0.0,USDJPY=X,1.0,108.39399719238281,0,2018-05-24 00:00:00+01:00
2018-05-25 00:00:00+01:00,0.15288043364739723,0.15173325748802058,0.15464876755754342,0.15241023455117242,0.45895091954879513,0.1456106363403553,0.39817475221709375,55.33766033742475,0.6986410927049889,0.7135387213717692,-0.01489762866678035,42.313554376888845,0.8264013679240365,0.006875053897307968,0.02390328141506919,0,4,5,2353.0647435120472,0.0,USDJPY=X,1.0,108.71199798583984,0,2018-05-25 00:00:00+01:00
2018-05-28 00:00:00+01:00,0.15785385226429027,0.15189573004521595,0.1567871534192049,0.15744960291671184,0.5004768159539148,0.09355052119395624,0.3167733563056507,49.166511802512886,0.5810892785613646,0.6870488328096883,-0.1059595542483237,17.965756795352924,0.8209441273580339,0.007560024468373266,0.024008693183512706,0,0,5,2202.832200577412,0.0,USDJPY=X,1.0,108.7490005493164,0,2018-05-28 00:00:00+01:00
2018-05-29 00:00:00+01:00,0.15380382663645786,0.14630783902204159,0.14423184596799143,0.15365796158761102,0.6235726610848046,0.07459262456013886,0.3374113492222475,52.36098331712007,0.5071776656812119,0.651074599383993,-0.14389693370278112,26.85770206458846,0.7965912151848596,0.007488794496871993,0.023275685471954938,0,1,5,2091.5213150435834,0.0,USDJPY=X,0.0,109.5979995727539,0,2018-05-29 00:00:00+01:00
2018-05-30 00:00:00+01:00,0.13860807313183487,0.14099606459492464,0.14298448511509898,0.13753541953755355,0.5461256080850088,0.1415700790090201,0.3111414059238016,49.823967127647464,0.42482314523827824,0.6058243085548501,-0.1810011633165719,31.38537959395629,0.8216206408022357,0.00728218756574545,0.02323669629028802,0,2,5,1972.9265674493938,0.0,USDJPY=X,1.0,109.96299743652344,1,2018-05-30 00:00:00+01:00
2018-05-31 00:00:00+01:00,0.14306312604184512,0.13976159537888888,0.14300067658078763,0.14268815020294556,0.43785818238507807,0.10271883980992308,0.251731610596423,40.776681916635034,0.2760856449332749,0.5398765758305352,-0.26379093089726025,-0.16761161119216314,0.8336475852998998,0.007579945957191563,0.026114318946191754,0,3,5,1725.5327024977141,0.0,USDJPY=X,1.0,109.85900115966797,1,2018-05-31 00:00:00+01:00
2018-06-01 00:00:00+01:00,0.14372733617746447,0.15171702262532594,0.14886520073338683,0.1432877217997679,0.6249512254581178,0.09075366827593402,0.34451082585037385,44.26032019612723,0.1817747248568793,0.468256205635804,-0.2864814807789247,10.482113337131848,0.8162444697274182,0.007668404598805052,0.027324409739558353,0,4,6,1510.4038400913478,0.0,USDJPY=X,1.0,110.125,1,2018-06-01 00:00:00+01:00
2018-06-04 00:00:00+01:00,0.15722202453572964,0.1521880815039678,0.15876362462398097,0.1570444903140753,0.5846176666573883,0.1488734338097903,0.3919162797561694,44.668173157059286,0.10876466746917401,0.396357898002478,-0.287593230533304,11.721315035732445,0.8299415243799798,0.007505765253973629,0.027964971215949062,0,0,6,1289.5150405544562,0.0,USDJPY=X,1.0,109.69400024414062,0,2018-06-04 00:00:00+01:00
2018-06-05 00:00:00+01:00,0.16329706297747815,0.15603785077682564,0.16232772465905843,0.16295873871893662,0.7007419538066078,0.058430395234798115,0.4352853254696238,53.14040352482362,0.11804998998982796,0.340696316399948,-0.22264632641012005,40.15396761723231,0.8420885583528384,0.007572597379654213,0.027400794886361927,0,1,6,1129.6782217562734,0.0,USDJPY=X,0.0,109.44300079345703,0,2018-06-05 00:00:00+01:00
2018-06-06 00:00:00+01:00,0.1616770774457399,0.1597576172178774,0.16569740350689854,0.16127363347434187,0.6311191107419121,0.061071933302349404,0.48352745406405273,56.242418383743185,0.1530961550005685,0.30317628412007214,-0.15008012911950364,52.377606475531515,0.8100106428775798,0.007657926556966922,0.026623795941953764,0,2,6,973.1047983107832,0.0,USDJPY=X,0.0,110.38600158691406,1,2018-06-06 00:00:00+01:00
2018-06-07 00:00:00+01:00,0.1656298322554235,0.1597576172178774,0.1664911561225617,0.1655837497059316,0.5646153883114242,0.06433473077178439,0.5563768164035432,55.12275267267277,0.1705132917697938,0.27664368565001646,-0.10613039388022266,48.894810938701674,0.7817237280612683,0.007373184120801522,0.025950247192908497,0,3,6,825.2777418414205,0.0,USDJPY=X,0.0,110.4520034790039,0,2018-06-07 00:00:00+01:00
2018-06-08 00:00:00+01:00,0.1592308461461165,0.1537474958343945,0.1559447028075014,0.15860003864455274,0.6169809566508387,0.05672074627007237,0.5518138959611556,57.45573807078024,0.20343530594003312,0.2620020097080198,-0.05856670376798667,57.803010365858334,0.7519575948975729,0.007098512854131835,0.026018041986210907,0,4,6,745.1622379635106,0.0,USDJPY=X,0.0,110.24199676513672,1,2018-06-08 00:00:00+01:00
2018-06-11 00:00:00+01:00,0.15579645704331568,0.15702867312219326,0.15918484992983295,0.15453296524994276,0.5184555947138275,0.10038911705285922,0.5138578028203582,52.67724633812284,0.19252880881465728,0.2481073695293473,-0.05557856071469003,46.71718075253694,0.7643893740078467,0.006855047616314267,0.0259557384641134,0,0,6,647.6619318061489,0.0,USDJPY=X,1.0,110.6449966430664,1,2018-06-11 00:00:00+01:00
2018-06-12 00:00:00+01:00,0.16959890186560966,0.1638998618797367,0.1705412473262451,0.16981289286619816,0.5437370608209214,0.10069856114425547,0.42483419442318754,50.06581191373108,0.16176702373239493,0.23083930036995684,-0.06907227663756191,42.181792400193586,0.7560754898013711,0.006984360520691654,0.02589818638957841,0,1,6,508.10583371395006,0.0,USDJPY=X,1.0,110.61699676513672,0,2018-06-12 00:00:00+01:00
2018-06-13 00:00:00+01:00,0.17128377580843845,0.16770092656451085,0.1744779982701088,0.1708823555227157,0.7133302498395063,0.05749850613197257,0.47118783488251326,58.408157721825404,0.21104754573877926,0.22688094944372134,-0.015833403704942073,95.94400442070364,0.7754272710474227,0.006849378353523058,0.026035652627646882,0,2,6,437.86260100616835,0.0,USDJPY=X,0.0,110.13800048828125,0,2018-06-13 00:00:00+01:00
2018-06-14 00:00:00+01:00,0.16768735107337163,0.16368868473445763,0.1676089852499456,0.1674795085589773,0.5886231674945983,0.05609948686818867,0.48485385651176893,58.92539827502063,0.2525176492923862,0.2320082894134543,0.020509359878931877,89.06729422979535,0.745825327475118,0.007020490770860717,0.026219120003560775,0,3,6,449.4111600269632,0.0,USDJPY=X,0.0,110.07099914550781,0,2018-06-14 00:00:00+01:00
2018-06-15 00:00:00+01:00,0.17444279085426895,0.1708359900880585,0.17527175088577196,0.17400952317492568,0.5497533901850997,0.08360562832563477,0.4466553109985964,56.51701765730216,0.26537810482454915,0.2386822524956733,0.026695852328875863,79.9563750947468,0.7309808050954779,0.006765346686018845,0.02614078204562462,0,4,6,467.33226061828555,0.0,USDJPY=X,0.0,110.35199737548828,0,2018-06-15 00:00:00+01:00
2018-06-18 00:00:00+01:00,0.17382715432923734,0.16680751339531086,0.1739109261740852,0.1735558267294952,0.6361777221027858,0.07847786704100312,0.5136798842677766,59.90376364444553,0.3045778468019762,0.25186137135693387,0.05271647544504232,89.91167254091101,0.7255540624951872,0.006606541888681823,0.02563834212319501,0,0,6,530.9413682285251,0.0,USDJPY=X,0.0,109.9520034790039,0,2018-06-18 00:00:00+01:00
2018-06-19 00:00:00+01:00,0.1664722692268379,0.159400326308347,0.1617768440287235,0.16579440331438233,0.5753882861189715,0.05299200424922461,0.5318077248886659,59.5566835441701,0.32958531425084914,0.2674061599357169,0.06217915431513221,88.79078120323257,0.6980861593147274,0.006559155317113625,0.025031958842065875,0,1,6,528.8657262427403,0.0,USDJPY=X,0.0,109.93699645996094,0,2018-06-19 00:00:00+01:00
2018-06-20 00:00:00+01:00,0.16504670173442393,0.16022880002676887,0.16681523263428222,0.16470874604360008,0.5119781084806168,0.09852415323766255,0.4174999232012435,53.812605781175364,0.30721157219809925,0.2753672423881934,0.03184432980990587,69.60343673900888,0.7237941948798585,0.006338286115780758,0.023453147493733586,0,2,6,469.1571604598797,0.0,USDJPY=X,1.0,109.64299774169922,0,2018-06-20 00:00:00+01:00
2018-06-21 00:00:00+01:00,0.16930733660510988,0.1684318671765157,0.16707441968427394,0.16926190511216999,0.5698627936203718,0.05811976553385626,0.4069020958937486,53.04197641389857,0.28083646407571905,0.2764610867256985,0.004375377350020526,61.31132544069983,0.6988089344824691,0.006575702959896297,0.02229925442839932,0,3,6,468.35024693209374,0.0,USDJPY=X,0.0,110.09700012207031,0,2018-06-21 00:00:00+01:00
2018-06-22 00:00:00+01:00,0.162697617655976,0.15966020804171,0.16571359497258698,0.16278059796202515,0.6190277737371408,0.13411022374823345,0.44608623116718826,55.89468384452605,0.2793876032480682,0.27704639003017245,0.0023412132178957656,67.90318159965133,0.710536793619603,0.006332544503971893,0.02271446950327398,0,4,6,486.4151664111118,0.0,USDJPY=X,1.0,110.21499633789062,0,2018-06-22 00:00:00+01:00
2018-06-25 00:00:00+01:00,0.16268142645244676,0.15520937705840399,0.15889315634948953,0.1625374315020356,0.5229506325691088,0.06324752681848791,0.3821111976967449,51.13277327052945,0.24316020654677573,0.2702691533334931,-0.02710894678671738,44.34649377024726,0.6990695528155799,0.006462245080921012,0.022474921125517723,0,0,6,518.2362774939958,0.0,USDJPY=X,0.0,110.48600006103516,1,2018-06-25 00:00:00+01:00
2018-06-26 00:00:00+01:00,0.15778908745017328,0.15652514451816213,0.1590228116739727,0.15777361882501517,0.5772012984809248,0.08609185154271513,0.38313212262589014,50.95736766462428,0.21080872092782954,0.2583770668523604,-0.04756834592453085,43.46269112737632,0.6899222115360631,0.006358819827046859,0.02243351596925515,0,1,6,534.0759265609316,0.0,USDJPY=X,1.0,110.70999908447266,1,2018-06-26 00:00:00+01:00
2018-06-27 00:00:00+01:00,0.16584044149827704,0.16404597564398804,0.16386677909229408,0.16513005326050112,0.5377327151296383,0.0974357636748205,0.39769587749534663,47.51830013156685,0.1596068475937784,0.238623023000644,-0.07901617540686559,26.148336860456233,0.6854276893811434,0.006292442068771285,0.0222471592057692,0,2,6,480.52782886702977,0.0,USDJPY=X,1.0,110.87100219726562,1,2018-06-27 00:00:00+01:00
2018-06-28 00:00:00+01:00,0.16744423582648604,0.16294150925975837,0.16850001025871486,0.16704200672781133,0.6437228738779921,0.12292044085705342,0.43937605184031625,52.814229081930904,0.153889252417585,0.22167626888403222,-0.06778701646644722,52.88572571115335,0.6961827497936509,0.006225670895857052,0.018593512405527115,0,3,6,479.8098794445538,0.0,USDJPY=X,1.0,110.40799713134766,0,2018-06-28 00:00:00+01:00
2018-06-29 00:00:00+01:00,0.17089493972978986,0.17041363579750035,0.1752069850230178,0.17143321965373426,0.5959924013385715,0.06791052916125238,0.4263563126585738,54.110344529950595,0.15706873492425188,0.20875476209207616,-0.05168602716782428,55.01293368091552,0.6776699883337808,0.006316588240490749,0.015634731391690804,0,4,6,482.95742816127023,1.0,USDJPY=X,0.0,110.50199890136719,0,2018-06-29 00:00:00+01:00
2018-07-02 00:00:00+01:00,0.17580359353256592,0.1733699919011582,0.17873870212671816,0.1750627912171785,0.6175655674831342,0.07505856911155163,0.48008534235639944,57.02973713508983,0.17938835600027403,0.20288148087371574,-0.023493124873441712,72.88909242800922,0.6761225505510107,0.006133537171763114,0.012010449516804394,0,0,7,489.1668867878681,1.0,USDJPY=X,0.0,110.5790023803711,0,2018-07-02 00:00:00+01:00
2018-07-03 00:00:00+01:00,0.17810398040345254,0.17455575652911026,0.17718345622779386,0.17767160758990874,0.6108551660191992,0.06946367766596162,0.4992459873229873,59.33265815486904,0.21269979482693202,0.20484514366435902,0.007854651162573001,79.48556487933088,0.6683281785668983,0.006107149816116641,0.012169138595392554,0,1,7,510.761867102545,1.0,USDJPY=X,0.0,110.4219970703125,0,2018-07-03 00:00:00+01:00
2018-07-04 00:00:00+01:00,0.17021453839064127,0.1651343310957727,0.17348970086823345,0.17016929800303093,0.6019417120188096,0.09572611471009475,0.5359753667499767,60.95251605906762,0.24921812433184698,0.21371973979785663,0.035498384533990346,85.38699988195225,0.6645902597016288,0.006027979952573939,0.013280508109103313,0,2,7,529.8976835890755,1.0,USDJPY=X,1.0,110.9530029296875,1,2018-07-04 00:00:00+01:00
2018-07-05 00:00:00+01:00,0.17178595031179178,0.16768469170181644,0.17370031352115922,0.17169245710497893,0.5143755789172438,0.041025647105689976,0.4621829731580461,54.259209056649865,0.23805438151367753,0.21858666814102082,0.01946771337265671,58.853800044595815,0.659191278051624,0.0060194032766575254,0.0131265951411247,0,3,7,510.2927636872247,1.0,USDJPY=X,0.0,110.83100128173828,0,2018-07-05 00:00:00+01:00
2018-07-06 00:00:00+01:00,0.17272553450438166,0.16890292605515755,0.17514221916026362,0.17294018414141776,0.5925654932370324,0.06340402727850442,0.4602381771311106,55.3316755715932,0.23409370561479648,0.22168807563577597,0.012405629979020505,64.24071248376843,0.6412493839580928,0.005965424015904098,0.013265000448754666,0,4,7,486.50547715311524,1.0,USDJPY=X,0.0,111.95800018310547,1,2018-07-06 00:00:00+01:00
2018-07-09 00:00:00+01:00,0.1705870596687873,0.1688704563297685,0.17475337678578895,0.17039614622574617,0.5901618164918068,0.061227248152820324,0.4447112807390027,56.23688138226907,0.23446560509474068,0.22424358152756893,0.01022202356717175,68.65351235785083,0.6235885131312872,0.005799015818141629,0.012681268407087606,0,0,7,466.2238251776132,1.0,USDJPY=X,0.0,112.66500091552734,1,2018-07-09 00:00:00+01:00
2018-07-10 00:00:00+01:00,0.17897879978192544,0.178080704617827,0.1838904309920968,0.17900030769767095,0.5572418023547269,0.06464654608227181,0.41437442019921095,53.841083695504665,0.21956036650489352,0.22330693852303388,-0.003746572018140354,59.65608754771097,0.6087607883512621,0.005647321454747915,0.010608866159952499,0,1,7,458.149442148061,1.0,USDJPY=X,0.0,112.39900207519531,1,2018-07-10 00:00:00+01:00
2018-07-11 00:00:00+01:00,0.17790956236412825,0.1825802401892167,0.18146035155009188,0.17702345215029247,0.6541142086829009,0.06511249063368459,0.44381124773871783,60.04133804062594,0.24773980235752902,0.22819351128993293,0.01954629106759609,80.12241215722263,0.6310639641135604,0.005486654459789993,0.011618396800698424,0,2,7,514.7680444672737,1.0,USDJPY=X,0.0,112.3740005493164,1,2018-07-11 00:00:00+01:00
2018-07-12 00:00:00+01:00,0.1959078772429914,0.19875896248073643,0.20109516107541991,0.1952847958903754,0.5622227772729447,0.13146868568068215,0.47105122883194145,58.11001054886727,0.25726213713663526,0.2340072364592734,0.023254900677361856,64.76108371866385,0.6464165860616431,0.005693930008891306,0.012185505438667745,0,3,7,531.6310682386528,1.0,USDJPY=X,1.0,113.01200103759766,1,2018-07-12 00:00:00+01:00
2018-07-13 00:00:00+01:00,0.20674572505877964,0.2016341442709213,0.20729995320542827,0.20674069294900077,0.7374718221989764,0.09790170822623327,0.5533873182574054,68.2651251626126,0.3516939398545418,0.25754457713832707,0.09414936271621471,79.66006160115845,0.7277436893940147,0.005773741805002228,0.017118642416179115,0,4,7,647.7477513144877,1.0,USDJPY=X,1.0,112.79100036621094,0,2018-07-13 00:00:00+01:00
2018-07-16 00:00:00+01:00,0.20266331702388873,0.1976707309592014,0.20538824786340637,0.20243057671741105,0.6775362675252882,0.06588906488603921,0.6035035818009931,72.73116167878094,0.4780699811531832,0.30164965794129833,0.1764203232118849,96.23976564933915,0.7354047890424891,0.006459359015491012,0.024050248113862898,0,0,7,794.1192081965753,0.0,USDJPY=X,0.0,112.36299896240234,0,2018-07-16 00:00:00+01:00
2018-07-17 00:00:00+01:00,0.20201529809179863,0.2033560311585434,0.20512906081341464,0.2020254641147745,0.5426049476688005,0.04630990885033814,0.5950431418438332,68.80771992357825,0.5504151774586461,0.3514027618447679,0.19901241561387822,87.31086201219722,0.7124474087425792,0.006542805322688726,0.027977048421497404,0,1,7,901.6039813867827,0.0,USDJPY=X,0.0,111.0530014038086,0,2018-07-17 00:00:00+01:00
2018-07-18 00:00:00+01:00,0.2121889357719675,0.20709203246228958,0.21298624763647855,0.2123633146740882,0.575864582517929,0.10318596997088142,0.5501357921167317,68.4340480829438,0.5988289254630814,0.4008879945684306,0.1979409308946508,82.05124861106039,0.7089869841783771,0.006339966587110288,0.03059795242597093,0,2,7,1046.2741019055745,0.0,USDJPY=X,1.0,111.45999908447266,0,2018-07-18 00:00:00+01:00
2018-07-19 00:00:00+01:00,0.20912719154428605,0.20738450785129103,0.2119169929061604,0.20878232695343812,0.6676230810472137,0.06355815651942977,0.6106779933485729,72.53325285162369,0.6808302891988092,0.45687645349450634,0.22395383570430283,95.8905247586839,0.7122734319812051,0.00627355482310685,0.03438596727794924,0,3,7,1267.083295685754,0.0,USDJPY=X,0.0,111.24099731445312,0,2018-07-19 00:00:00+01:00
2018-07-20 00:00:00+01:00,0.2021611425205352,0.19871025789265273,0.1955870963659183,0.2018471997348532,0.5489102666314838,0.07661290322580645,0.5028492996234447,69.18182405867806,0.7196879389757527,0.5094387505907556,0.21024918838499707,87.57409685717481,0.6966113186407508,0.0063149846146287264,0.036995905445343875,0,4,7,1452.5392936246951,0.0,USDJPY=X,0.0,110.84500122070312,0,2018-07-20 00:00:00+01:00
2018-07-23 00:00:00+01:00,0.18087415937063422,0.17934764355925203,0.1815413088785347,0.18062063448520704,0.5203077565102949,0.1502712674640286,0.4136773042352821,63.10096258287429,0.7077878324974307,0.5491085669720907,0.15867926552534006,72.63515852599848,0.7286388418140118,0.006199650463884852,0.03737047611278099,0,0,7,1612.8319855876857,0.0,USDJPY=X,1.0,111.14600372314453,0,2018-07-23 00:00:00+01:00
2018-07-24 00:00:00+01:00,0.18722457186935348,0.17981870243789388,0.18473275800482591,0.1872154275582143,0.39800301840817304,0.09976667204142993,0.33178431701281574,48.92597804306714,0.5858971993004332,0.5564662934377592,0.02943090586267394,26.911073119550917,0.7897360412408012,0.006561180991088666,0.03645897350001355,0,1,7,1670.7925020185137,0.0,USDJPY=X,1.0,110.93399810791016,0,2018-07-24 00:00:00+01:00
2018-07-25 00:00:00+01:00,0.18427616606637676,0.1783568212138844,0.18358254594606493,0.18366682906609366,0.6363224035739198,0.07365954984776774,0.36563198159491794,52.49639785705413,0.5161890002469107,0.5484108347995895,-0.032221834552678796,40.848487766774205,0.767183397111994,0.0070853763478167684,0.03396020437423564,0,2,7,1722.0618441075444,0.0,USDJPY=X,0.0,110.99400329589844,0,2018-07-25 00:00:00+01:00
2018-07-26 00:00:00+01:00,0.1779257535676575,0.17574152115706232,0.17869000413067782,0.1772503003730077,0.5487656924952055,0.0707073820792746,0.29922214467835717,50.45257642945515,0.43822159198123245,0.5263729862359181,-0.08815139425468566,31.610903974289485,0.7520274619736931,0.006896588628591132,0.03254494429160844,0,3,7,1767.9603014962834,0.0,USDJPY=X,0.0,111.80799865722656,1,2018-07-26 00:00:00+01:00
2018-07-27 00:00:00+01:00,0.18218638843834345,0.17601776168336936,0.18358254594606493,0.18212759897289055,0.5239600793390842,0.09261863209113069,0.2852817203053683,46.89717923382701,0.3405526054684458,0.4892089100824237,-0.14865630461397789,17.402230507695087,0.7438826781385186,0.006784495951029254,0.03157509881242051,0,4,7,1688.9792984414207,0.0,USDJPY=X,1.0,111.62000274658203,1,2018-07-27 00:00:00+01:00
2018-07-30 00:00:00+01:00,0.17867091972092286,0.17504305027044675,0.18340431622451603,0.17869236278062273,0.6215573075313223,0.04833018751600573,0.34186624288120726,49.79338621040649,0.2841619740025436,0.4481995228664477,-0.1640375488639041,21.344557472229553,0.717248358076169,0.006692842326490376,0.03066905590780857,0,0,7,1560.9985434236344,0.0,USDJPY=X,0.0,111.69000244140625,1,2018-07-30 00:00:00+01:00
2018-07-31 00:00:00+01:00,0.1797563483422493,0.18798942379250105,0.18283736772746728,0.17966465775155216,0.5496583265434859,0.04071501740474813,0.42785326853641004,47.81531917881857,0.2198308378894609,0.40252578587105037,-0.18269494798158947,13.01102420767256,0.6847306923277038,0.006465541405786813,0.030435905594778087,0,1,7,1443.139250399377,0.0,USDJPY=X,0.0,111.23400115966797,0,2018-07-31 00:00:00+01:00
2018-08-01 00:00:00+01:00,0.19281362701127813,0.19097824962154797,0.1964618063100243,0.19285424389756645,0.5877365159659594,0.17000810956929177,0.4004585065936088,48.43964509229559,0.17171049453052945,0.3563627276029462,-0.18465223307241674,15.369712818790337,0.7139643407342628,0.006169078256437721,0.030285000288605333,0,2,8,1293.2467490640447,0.0,USDJPY=X,1.0,111.33999633789062,0,2018-08-01 00:00:00+01:00
2018-08-02 00:00:00+01:00,0.19025405728695,0.1842695334211999,0.19046775043191655,0.18980804931667983,0.6933813852710882,0.06791052916125238,0.4822036243162622,56.11054521778704,0.19698665896176237,0.3244875138747094,-0.12750085491294705,47.366305990739185,0.7446095836603311,0.00638562848193971,0.028930069684198267,0,3,8,1163.695842417139,0.0,USDJPY=X,0.0,111.34500122070312,0,2018-08-02 00:00:00+01:00
2018-08-03 00:00:00+01:00,0.19125840629365665,0.18522788604117824,0.18674161214097906,0.19094229043025623,0.5531737288001206,0.061227248152820324,0.4988973908075497,54.108352414565985,0.19954823470162353,0.29949965804009226,-0.09995142333846874,39.97654806746479,0.7255658152682986,0.006670933213922826,0.027755345552625786,0,4,8,994.8808562163101,0.0,USDJPY=X,0.0,110.89199829101562,0,2018-08-03 00:00:00+01:00
2018-08-06 00:00:00+01:00,0.18345004389546515,0.18098835613340092,0.18782705833698565,0.18355346676624085,0.5890773940315386,0.10613813773937457,0.4804185467701094,54.75572964995938,0.2048651345441641,0.28057275334090664,-0.07570761879674254,42.728101533072625,0.7225253039796031,0.006496246749112017,0.026514842807691247,0,0,8,831.9575934954369,0.0,USDJPY=X,1.0,111.09100341796875,0,2018-08-06 00:00:00+01:00
2018-08-07 00:00:00+01:00,0.18524825626299846,0.17842176066466275,0.18510540891361194,0.18527096123936504,0.5158270904028144,0.055167597765363126,0.46112201490901006,49.82485029783969,0.17031998078306287,0.2585221988293379,-0.08820221804627504,24.80356757275497,0.7082736840176114,0.006495543596804298,0.024953631299659433,0,1,8,755.862207553969,0.0,USDJPY=X,0.0,110.62899780273438,0,2018-08-07 00:00:00+01:00
2018-08-08 00:00:00+01:00,0.1855560127270275,0.1793314086965574,0.1825294826814352,0.18535205793369824,0.5941440598395596,0.05672074627007237,0.4647598364612248,50.930982155485026,0.1497691767454512,0.23677159441256057,-0.08700241766710937,28.97003430819798,0.6837539825713199,0.006361358966351749,0.0243913889555435,0,2,8,664.7411442860747,0.0,USDJPY=X,0.0,110.66100311279297,0,2018-08-08 00:00:00+01:00
2018-08-09 00:00:00+01:00,0.17836316325689383,0.17540046511022656,0.1804234797511508,0.1780118181124768,0.5800231230802372,0.09013240887405033,0.4008094360976158,50.985927575665,0.1323605981170317,0.21588939515345482,-0.0835287970364231,36.91560228502021,0.6763431146058462,0.006140859266919519,0.023542297123838072,0,3,8,553.8201094563875,0.0,USDJPY=X,1.0,111.24600219726562,1,2018-08-09 00:00:00+01:00
2018-08-10 00:00:00+01:00,0.18097143018878326,0.17458822625449932,0.17731298795330241,0.1812364006962941,0.516049151842911,0.07272766074494219,0.37982960592613596,45.96855067735094,0.08107602960838278,0.18892672204444041,-0.10785069243605763,18.839678710864646,0.6733901875790335,0.006099115581188358,0.024394875737328143,0,4,8,430.4147400222422,0.0,USDJPY=X,0.0,110.57599639892578,0,2018-08-10 00:00:00+01:00
2018-08-13 00:00:00+01:00,0.17424837281494443,0.171323283829395,0.17078424291054817,0.173750285723681,0.6072343473680671,0.0947942256072692,0.39004230760381065,48.37213046324044,0.05584692162084082,0.1623107619597205,-0.10646384033887968,35.392495970896206,0.6688623606342141,0.0060616086529119775,0.02324918872230901,0,0,8,300.39237593877505,0.0,USDJPY=X,1.0,111.00399780273438,1,2018-08-13 00:00:00+01:00
2018-08-14 00:00:00+01:00,0.17342212704705928,0.17450705194102656,0.178609046802235,0.17426888424917997,0.5146441219789913,0.12618560954557956,0.38937299925559044,43.53068444613562,-0.0014110544749286191,0.12956639867279068,-0.1309774531477193,25.42033294595288,0.6908011601745716,0.006045994937302795,0.023461715095852657,0,1,8,199.27491251018475,0.0,USDJPY=X,1.0,110.4749984741211,0,2018-08-14 00:00:00+01:00
2018-08-15 00:00:00+01:00,0.18403317441646472,0.1792989389711681,0.17598454617299253,0.18374792576042664,0.5838234097937314,0.08158534965996718,0.38356352827129697,43.949209143638456,-0.043702081616800115,0.09491270261487253,-0.13861478423167264,27.003184569177595,0.6789583291534527,0.006242498628631277,0.023131958377172183,0,2,8,113.42365362685287,0.0,USDJPY=X,1.0,109.947998046875,0,2018-08-15 00:00:00+01:00
2018-08-16 00:00:00+01:00,0.17321151780420574,0.1710471672333378,0.17656780973470476,0.172891476675614,0.6615409959470212,0.15260336144018363,0.4294609696983688,51.08537774507376,-0.029671454187493396,0.06999587125439935,-0.09966732544189275,55.93484462019107,0.7006043240925476,0.006103215538024441,0.018832173234594553,0,3,8,17.781194643273857,1.0,USDJPY=X,1.0,110.13400268554688,0,2018-08-16 00:00:00+01:00
2018-08-17 00:00:00+01:00,0.17982111315636629,0.17307764044240614,0.17415392175838829,0.1798266038941989,0.48565518857998013,0.0680658440117233,0.4121873522661776,44.15204229572944,-0.07178841713253803,0.04163901357701188,-0.11342743070954991,22.799100472402916,0.705847020599888,0.006335953072174657,0.015404708681938016,0,4,8,-82.07313847851569,1.0,USDJPY=X,0.0,110.58799743652344,0,2018-08-17 00:00:00+01:00
2018-08-20 00:00:00+01:00,0.17146187904726018,0.167229867685869,0.1739433091054623,0.17125495527381318,0.6395224603463889,0.1106458252316681,0.43039426855840673,48.92115903665347,-0.06982537392659083,0.019346136076291338,-0.08917151000288216,43.96629790059918,0.7062869202166372,0.0063587531491816306,0.012068314107546614,0,0,8,-135.7244950604926,1.0,USDJPY=X,1.0,111.36699676513672,1,2018-08-20 00:00:00+01:00
2018-08-21 00:00:00+01:00,0.162697617655976,0.1642084482011834,0.16529236966673522,0.16271569588195667,0.5052070836464356,0.056721931879617944,0.4250299183775051,43.92808981697562,-0.1096910229973247,-0.0064612957384318674,-0.10322972725889283,17.804156541950285,0.7054093004969221,0.006393183344393399,0.013208810507618083,0,1,8,-175.7604915160147,1.0,USDJPY=X,0.0,111.28199768066406,1,2018-08-21 00:00:00+01:00
2018-08-22 00:00:00+01:00,0.1653706494019822,0.166157747096779,0.16940722673317277,0.16572962485732345,0.5051335842832149,0.11079995447259344,0.3805258470262385,39.59271489185648,-0.1817146736108839,-0.04151197131292227,-0.1402027022979616,8.569875428132638,0.7059513102131018,0.00641584488147005,0.015815976127696377,0,2,8,-283.6711533834495,1.0,USDJPY=X,1.0,111.13700103759766,1,2018-08-22 00:00:00+01:00
2018-08-23 00:00:00+01:00,0.1728064905220279,0.17713858686054307,0.17786386858363734,0.17308593566980002,0.6056350179084093,0.0899770940235794,0.34922378684260813,41.776840460453016,-0.2212346603387232,-0.07745650911808245,-0.14377815122064075,17.83768783666146,0.7027407246830923,0.00640993056639124,0.017208764826184164,0,3,8,-398.54420890164175,1.0,USDJPY=X,1.0,111.16200256347656,1,2018-08-23 00:00:00+01:00
2018-08-24 00:00:00+01:00,0.18541016829829093,0.18032235497217441,0.1874058330311339,0.18570846307053102,0.6434346902731447,0.1139086227011031,0.43825102514125924,46.83003905506888,-0.2134603147018339,-0.10465727023483275,-0.10880304446700116,46.50603883732718,0.73475931410305,0.00635458405046587,0.017389050228781,0,4,8,-428.1923294952485,1.0,USDJPY=X,1.0,111.71199798583984,1,2018-08-24 00:00:00+01:00
2018-08-27 00:00:00+01:00,0.18461642853443783,0.17799940637410439,0.18421438390484268,0.18433117911997465,0.6888784666938426,0.05283668939875368,0.4661071784775556,54.17871062808009,-0.14279431039949486,-0.11228467826776517,-0.03050963213172969,93.31343577443864,0.7460626038881,0.006597639654884411,0.017499662410285746,0,0,8,-433.35364586791707,1.0,USDJPY=X,0.0,110.9990005493164,0,2018-08-27 00:00:00+01:00
2018-08-28 00:00:00+01:00,0.1819757791954899,0.17821058351938368,0.18414961804208851,0.1819817238214987,0.567453798620897,0.061227248152820324,0.5016556310096568,53.312873046556874,-0.09258247547212761,-0.10834423770863766,0.015761762236510046,88.3281575815069,0.7229864551100995,0.0067042524346930645,0.01766703309567742,0,1,8,-417.51058289464316,1.0,USDJPY=X,0.0,111.14399719238281,0,2018-08-28 00:00:00+01:00
2018-08-29 00:00:00+01:00,0.18254284210993377,0.18569894491982009,0.18721141184389656,0.18238683642413522,0.5590596057925368,0.06386878622037162,0.5325762178084262,51.792320204611045,-0.06375433159446686,-0.0994262564858035,0.03567192489133664,79.82396477505615,0.7007013857021237,0.00650536228582876,0.017724461948674466,0,2,8,-420.5500022885677,1.0,USDJPY=X,0.0,111.08799743652344,0,2018-08-29 00:00:00+01:00
2018-08-30 00:00:00+01:00,0.1911288766654229,0.1846269482609797,0.18732487570269107,0.191298695567089,0.5828227327825887,0.10613813773937457,0.5195350104462245,52.0462916428216,-0.03844721017753727,-0.08723044722415026,0.048783237046612984,68.0748851466301,0.6994369050967265,0.006303425357077424,0.016503847264235084,0,3,8,-463.98997559146125,1.0,USDJPY=X,1.0,111.46099853515625,0,2018-08-30 00:00:00+01:00
2018-08-31 00:00:00+01:00,0.17990219277098607,0.1739059902305784,0.18003463737667613,0.17974563082287554,0.6562731345117289,0.0947942256072692,0.5268459387788532,57.367243237760256,0.02569273015447493,-0.06464581174842522,0.09033854190290015,95.08847269375183,0.6930485983292148,0.006261072379937061,0.016669467742927685,0,4,8,-405.22398599027827,1.0,USDJPY=X,1.0,111.4489974975586,1,2018-08-31 00:00:00+01:00
2018-09-03 00:00:00+01:00,0.18221877084540195,0.17520552282764212,0.1827077124029841,0.1820950861213515,0.48006063023135476,0.06216032286519145,0.40818093367900565,49.67246052394385,0.01877473712892197,-0.04796170197295579,0.06673643910187776,60.06887454939257,0.7168309110601638,0.006243737285015428,0.01570997685405777,0,0,9,-427.4776124630312,1.0,USDJPY=X,0.0,110.49500274658203,0,2018-09-03 00:00:00+01:00
2018-09-04 00:00:00+01:00,0.18092273298122197,0.18103706072148462,0.18377696713330227,0.18118769323049055,0.599640091442156,0.04895144691788943,0.4263685955862825,51.108673554873,0.024707383782242687,-0.033427884821916096,0.05813526860415878,67.19053293462538,0.6881288775134556,0.0064495692900029275,0.01559627176409457,0,1,9,-379.6899681630556,1.0,USDJPY=X,0.0,110.91999816894531,0,2018-09-04 00:00:00+01:00
2018-09-05 00:00:00+01:00,0.1871598070552365,0.1847243574371471,0.1916827283534317,0.18723162217247902,0.571487896456067,0.09448359590632736,0.433409857503778,50.509163856529284,0.024606686148260337,-0.021820970627880812,0.04642765677614115,64.44004766508533,0.682405508332807,0.006194448485820063,0.015304242713427433,0,2,9,-300.1970272103844,1.0,USDJPY=X,1.0,111.14800262451172,0,2018-09-05 00:00:00+01:00
2018-09-06 00:00:00+01:00,0.18691681540532445,0.17951011611644718,0.18264294654022994,0.18703716317829322,0.6315448627484388,0.05392389335205015,0.46099332126244463,54.35020611441677,0.054002447310026014,-0.006656287040299447,0.06065873435032546,82.76037802309808,0.6810909337978744,0.0061223703115988815,0.01548442192797143,0,3,9,-225.44968698379964,1.0,USDJPY=X,0.0,111.60700225830078,0,2018-09-06 00:00:00+01:00
2018-09-07 00:00:00+01:00,0.17160772347599673,0.17629387827942677,0.1753203252828377,0.17157909480512612,0.5776494711653429,0.09075366827593402,0.41655187900154034,54.20444135656929,0.07546055408356267,0.009767081184472977,0.0656934728990897,82.17093479026613,0.676298610889879,0.006111234278377376,0.01600281173326483,0,4,9,-145.87171022526616,1.0,USDJPY=X,1.0,111.22000122070312,1,2018-09-07 00:00:00+01:00
2018-09-10 00:00:00+01:00,0.1785413900926891,0.1755141091490886,0.1830965547774588,0.17846551455790727,0.44619560318096574,0.13022616687691477,0.39728904047480196,44.083151795840536,0.015310366388533225,0.010875738225285028,0.004434628163248197,35.31450712353201,0.7032773425757581,0.006120626219096583,0.016499307215055364,0,0,9,-207.50075878684524,1.0,USDJPY=X,1.0,112.01200103759766,1,2018-09-10 00:00:00+01:00
2018-09-11 00:00:00+01:00,0.18251033610590173,0.18212541617326927,0.18756787128699415,0.18215998820142,0.6391434847217876,0.04817368705598922,0.4195376455483099,48.6804897534943,0.001912442583645202,0.009083079096957063,-0.007170636513311861,49.94391403005523,0.7023285903926125,0.006340401678555539,0.016250118097594825,0,1,9,-212.59947548522126,1.0,USDJPY=X,0.0,111.9530029296875,1,2018-09-11 00:00:00+01:00
2018-09-12 00:00:00+01:00,0.18962222955838914,0.18228776480021502,0.1886695089486894,0.1895973957082293,0.6112934109585206,0.06853178856313608,0.4420539813473951,51.007698564961544,0.009582089134013927,0.009182881104368436,0.0003992080296454908,53.14086653134405,0.7001625982007853,0.006318859302989637,0.016119115920233403,0,2,9,-154.1350732738116,1.0,USDJPY=X,0.0,111.69000244140625,0,2018-09-12 00:00:00+01:00
2018-09-13 00:00:00+01:00,0.1827209453487555,0.18785942096069475,0.18790801566542847,0.1833266185435256,0.6435501250987271,0.05951759918809458,0.44883604946936406,55.393092885459815,0.05209722927905602,0.017765750739305957,0.03433147853975006,85.53322313693607,0.6825791805419122,0.006273464782974319,0.016691128184496376,0,3,9,-80.29578741131296,1.0,USDJPY=X,0.0,112.2770004272461,1,2018-09-13 00:00:00+01:00
2018-09-14 00:00:00+01:00,0.19689603504616904,0.1914330736374954,0.19733663985310512,0.19615979955270713,0.525395108646314,0.12012477354857679,0.4191911767390635,51.22934801034153,0.05394123375208437,0.025000847341861643,0.02894038641022273,53.22599698762564,0.6890379979683271,0.006137198103310693,0.016491341478953068,0,4,9,-60.25790001756359,1.0,USDJPY=X,1.0,112.31700134277344,0,2018-09-14 00:00:00+01:00
2018-09-17 00:00:00+01:00,0.19534081432854755,0.19065330450715723,0.19900534961082395,0.19520382281905202,0.6900738596360596,0.06386997182991719,0.5582585012107062,58.16059851121392,0.11795072425955766,0.04359082272540085,0.07435990153415681,91.35595996517212,0.7073209763151765,0.006151465839245622,0.0181109889155619,0,0,9,46.366142235023624,1.0,USDJPY=X,0.0,112.49500274658203,1,2018-09-17 00:00:00+01:00
2018-09-18 00:00:00+01:00,0.19074004058677407,0.19484425375710046,0.19592724074435264,0.19094229043025623,0.5711323080740183,0.0404032020942607,0.5193497985834598,57.5049725833103,0.16205004041634652,0.06728266626358999,0.09476737415275653,88.02274157535841,0.675369085638088,0.006318017005398346,0.018682681708922146,0,1,9,136.63977460072408,0.0,USDJPY=X,0.0,112.52400207519531,1,2018-09-18 00:00:00+01:00
2018-09-19 00:00:00+01:00,0.20078414863870897,0.1956727274755221,0.20440007406050564,0.20045372117003235,0.542787953438172,0.11002338022023883,0.48025931752150375,54.5527631712252,0.17377396665446554,0.0885809263417651,0.08519304031270043,65.40422236179452,0.6776998783143294,0.0060468177175696065,0.01639959462216725,0,2,9,225.9838500584303,1.0,USDJPY=X,1.0,112.78600311279297,1,2018-09-19 00:00:00+01:00
2018-09-20 00:00:00+01:00,0.20127013193853327,0.19809296131951015,0.2022939475312464,0.20110187660964884,0.6610618729239603,0.03667446007341294,0.4901873710756474,59.544831425278545,0.22780509899743606,0.1164257608728993,0.11137933812453676,92.66363144608727,0.6818641770801027,0.006035963516441369,0.01566338187945404,0,3,9,358.67449698568254,1.0,USDJPY=X,0.0,112.96900177001953,1,2018-09-20 00:00:00+01:00
2018-09-21 00:00:00+01:00,0.2039593548880687,0.20290120714259596,0.2088388840396891,0.2039861250478885,0.5848649129400609,0.08003101554571236,0.5241981183889113,59.86833435653408,0.2707320694620705,0.14728702259073354,0.12344504687133698,88.165340855402,0.6699452636921267,0.006070890149561266,0.016165829824069538,0,4,9,445.3318618926552,1.0,USDJPY=X,0.0,112.7040023803711,0,2018-09-21 00:00:00+01:00
2018-09-24 00:00:00+01:00,0.20463975622721708,0.19986355279521573,0.20851493112694341,0.20445601610758368,0.6039718559115864,0.0632487124280335,0.4752871837380162,61.34947986873138,0.3154785877144093,0.1809253356154687,0.1345532520989406,84.81427272867333,0.6616635201778454,0.005955333546693761,0.018140475785339637,0,0,9,619.9425633786017,0.0,USDJPY=X,0.0,113.35700225830078,1,2018-09-24 00:00:00+01:00
2018-09-25 00:00:00+01:00,0.209013729522608,0.2042981489158271,0.21331020054922445,0.20870135388211475,0.5833331969478186,0.03729571947529664,0.48223263893820756,61.59814332366818,0.3492545403346554,0.21459117655930604,0.13466336377534938,85.98548692745004,0.6315445447201087,0.005880198961779567,0.019765465362142267,0,1,9,723.5177190694625,0.0,USDJPY=X,0.0,113.7959976196289,1,2018-09-25 00:00:00+01:00
2018-09-26 00:00:00+01:00,0.21196213532558472,0.20574379527714215,0.21379619171783038,0.21166657539167777,0.6155365384911495,0.033722292304919806,0.5237535792012724,63.860389386175314,0.3926374402262809,0.25020042929270103,0.14243701093357986,93.32563049608852,0.6173626956134267,0.005599493973454535,0.021624760827201085,0,2,9,838.315464053662,0.0,USDJPY=X,0.0,113.94599914550781,1,2018-09-26 00:00:00+01:00
2018-09-27 00:00:00+01:00,0.20747470000851576,0.21141286061378928,0.21055616819447365,0.20737265377435254,0.604558453816649,0.04289061092088665,0.49159840307750013,65.39384274358349,0.4367505744474727,0.2875104583236554,0.14924011612381727,97.09559331399365,0.5929797156812177,0.00546488581770638,0.023582644798154494,0,3,9,921.8849008573466,0.0,USDJPY=X,0.0,113.5770034790039,1,2018-09-27 00:00:00+01:00
2018-09-28 00:00:00+01:00,0.21863661908883558,0.21553887041295416,0.22286848006138427,0.2179535471706462,0.5428413542094197,0.12820470260170158,0.4676532080847041,61.335220014193425,0.4451953798687782,0.31904744263268,0.12614793723609824,72.57955622296026,0.6095523751498584,0.0052613900407896515,0.024849063375860805,0,4,9,996.6800682611442,0.0,USDJPY=X,1.0,114.48600006103516,1,2018-09-28 00:00:00+01:00
2018-10-01 00:00:00+01:00,0.22503560519814259,0.22211758378149615,0.2294781824325811,0.2250668151461428,0.6694343702639359,0.04957270631977312,0.5048076335451064,66.80281128737154,0.49882938714347347,0.35500383153483867,0.1438255556086348,88.31066098992724,0.6335128979837413,0.005377280300346181,0.026738566244320375,0,0,10,1148.41506505836,0.0,USDJPY=X,0.0,113.89399719238281,0,2018-10-01 00:00:00+01:00
2018-10-02 00:00:00+01:00,0.22785448137288555,0.22135417344410224,0.2260761206533639,0.22749736713895174,0.639553967741186,0.049106761768360346,0.5368933497020498,69.8858734676961,0.5701852406168513,0.39804011335124123,0.17214512726561004,91.04778292521509,0.6380475907128602,0.005567092966672717,0.029678005061141155,0,1,10,1309.3423977252492,0.0,USDJPY=X,0.0,113.71499633789062,0,2018-10-02 00:00:00+01:00
2018-10-03 00:00:00+01:00,0.22163359850240005,0.22487899760256935,0.22591408239750366,0.22151834027703177,0.5998247602108316,0.07443730970966793,0.5279126767250442,70.88099901703656,0.6315589200109173,0.44474387468317644,0.18681504532774085,96.25254798146922,0.6266873275369417,0.005599561156140992,0.03210400313467074,0,2,10,1487.4350910180726,0.0,USDJPY=X,0.0,113.09700012207031,0,2018-10-03 00:00:00+01:00
2018-10-04 00:00:00+01:00,0.2364567071319037,0.22954100573115443,0.2282470130453773,0.23624728013925878,0.5289596791581243,0.10971275051929698,0.48471441162216417,65.17539593320905,0.643010907165376,0.4843972811796164,0.15861362598575962,74.69707683999152,0.6323526099798945,0.005517730775955825,0.033446727253868574,0,3,10,1593.671840033016,0.0,USDJPY=X,1.0,112.99800109863281,0,2018-10-04 00:00:00+01:00
2018-10-05 00:00:00+01:00,0.22689870597676642,0.2226373472482217,0.22665938421507614,0.22665475270514945,0.7037963347075731,0.13193463023209492,0.5766041989636496,71.30350224327418,0.7171680500021154,0.5309514349441162,0.18621661505799914,99.12090329399709,0.6538987169749132,0.005523405566119636,0.03652883152688679,0,4,10,1791.4912279210007,0.0,USDJPY=X,1.0,112.09200286865234,0,2018-10-05 00:00:00+01:00
2018-10-08 00:00:00+01:00,0.22361003770572863,0.2202658179923176,0.21755471294014517,0.2237543096526453,0.49890247987598607,0.08111821949900883,0.47903305532116974,63.47001808106901,0.719870220252318,0.5687351920057566,0.15113502824656133,78.30506292100469,0.6730485993561695,0.005741292193568264,0.034937567494275935,0,0,10,1907.1942878112684,0.0,USDJPY=X,1.0,112.08000183105469,0,2018-10-08 00:00:00+01:00
2018-10-09 00:00:00+01:00,0.2138414273077378,0.21116921374312114,0.216550347671556,0.21374059862464456,0.5548809768583202,0.14576595119082622,0.4310231878144778,61.27789993374716,0.6995043855287264,0.5948890307103506,0.1046153548183758,67.52329903068562,0.6919739522620904,0.005918732102459779,0.03328938648717384,0,1,10,1993.1400494782424,0.0,USDJPY=X,1.0,112.19200134277344,0,2018-10-09 00:00:00+01:00
2018-10-10 00:00:00+01:00,0.21231858899717482,0.2094149810603596,0.21112324029049723,0.21213646645137296,0.4948021630646755,0.06837528810311957,0.3716468819640417,54.30447187688394,0.6262778438362062,0.6011667933355218,0.025111050500684406,42.30929657782841,0.6979039482779678,0.006118411200254773,0.03101434298555328,0,2,10,2022.5235016172853,0.0,USDJPY=X,0.0,111.84100341796875,0,2018-10-10 00:00:00+01:00
2018-10-11 00:00:00+01:00,0.19809492568917353,0.19716707842492087,0.20111135254110835,0.1974561104319399,0.5657101723681938,0.10365191452229419,0.39237861512205313,53.2588751394206,0.5538721942720031,0.5917078735228181,-0.03783567925081499,26.80215261731986,0.695696510322008,0.006176250389321372,0.029446914551785757,0,3,10,2006.7073201903574,0.0,USDJPY=X,1.0,112.34200286865234,0,2018-10-11 00:00:00+01:00
2018-10-12 00:00:00+01:00,0.19778704562817118,0.19671225440897344,0.20143542905282885,0.1972616514377541,0.4546265800288331,0.08251723876279272,0.2530547664668553,44.76430193402575,0.4185588243383904,0.5570780636859326,-0.13851923934754218,4.160192971531862,0.7182183015071547,0.006206477647983632,0.02723372565380576,0,4,10,1933.0905022354714,0.0,USDJPY=X,1.0,112.62799835205078,1,2018-10-12 00:00:00+01:00
2018-10-15 00:00:00+01:00,0.1996825288138535,0.19231025194400075,0.19521444545713207,0.1990764372194762,0.5776588977531041,0.07505738350200605,0.2969655825093453,44.662683962280745,0.30681682695426105,0.5070258163395983,-0.20020898938533727,3.6847164370394103,0.7014165713702039,0.006408086097194849,0.027094771215329647,0,0,10,1780.9952471813517,0.0,USDJPY=X,0.0,112.18499755859375,0,2018-10-15 00:00:00+01:00
2018-10-16 00:00:00+01:00,0.19365606398269253,0.19338237253309098,0.19829255432360338,0.1933890370373299,0.5948653730484544,0.09261863209113069,0.31929167343250536,45.89704362022287,0.22470762393338362,0.4505621778583554,-0.22585455392497178,19.70222118900184,0.6938868642285263,0.006251930288926821,0.026574361166242667,0,1,10,1606.9674633010713,0.0,USDJPY=X,1.0,112.4800033569336,1,2018-10-16 00:00:00+01:00
2018-10-17 00:00:00+01:00,0.20122155832794553,0.19547778519293768,0.20161353517540292,0.20150698921228516,0.5306672109509182,0.07334892014682588,0.33944719236511445,42.68368884994442,0.1298164466655578,0.3864130316197959,-0.2565965849542381,7.548555487456939,0.6780378112172254,0.00620422602643642,0.02622388816818583,0,2,10,1394.9327463227849,0.0,USDJPY=X,0.0,112.75700378417969,1,2018-10-17 00:00:00+01:00
2018-10-18 00:00:00+01:00,0.20614627973727728,0.20052955395644223,0.20277993869985256,0.20614112135217844,0.6489926236514145,0.06153906346330775,0.38614489901137206,48.25271106655155,0.0939578856508092,0.32792200242599856,-0.23396411677518936,24.896178963163344,0.6705349709070665,0.006035479107578057,0.026004265857622007,0,3,10,1250.637623269543,0.0,USDJPY=X,0.0,112.44400024414062,0,2018-10-18 00:00:00+01:00
2018-10-19 00:00:00+01:00,0.19955287558864598,0.1988727304498481,0.20454579725170263,0.1989629512966138,0.6189169739696784,0.09867946808813347,0.4794255274793772,51.16945877256342,0.08760728084597247,0.27985905810999334,-0.19225177726402087,34.79906798824947,0.6679969112873094,0.005953537137463094,0.02556067553638528,0,4,10,1058.4652213312281,0.0,USDJPY=X,1.0,112.01200103759766,0,2018-10-19 00:00:00+01:00
2018-10-22 00:00:00+01:00,0.2034408655842126,0.20294991173067967,0.20702445109077328,0.20374308221090853,0.5181511154437477,0.06589025049558479,0.44554861973762966,46.77176453325863,0.046294267565315295,0.23314610000105773,-0.18685183243574244,19.45970792738339,0.6509257643733722,0.005954422835713104,0.02613955597902574,0,0,10,860.4500898561525,0.0,USDJPY=X,0.0,112.3499984741211,0,2018-10-22 00:00:00+01:00
2018-10-23 00:00:00+01:00,0.2081389101441351,0.20166661399631058,0.20070631870094502,0.20823146282241956,0.6202215108070349,0.08111940510855441,0.45991236682223013,49.86200249360689,0.03693217819515837,0.19390331563987787,-0.1569711374447195,29.67458841431198,0.653645566255464,0.005787035428046573,0.026119758599203225,0,1,10,664.9726206765977,0.0,USDJPY=X,0.0,111.90799713134766,0,2018-10-23 00:00:00+01:00
2018-10-24 00:00:00+01:00,0.2033761007700956,0.20072449623902666,0.20668430671233895,0.2031597052283507,0.617624658111268,0.12944840701501456,0.5094565652846997,52.64220177444934,0.05127322854647787,0.16537729822119787,-0.11410406967472,39.26601432888814,0.6664566103161785,0.005796939829179581,0.026068616502015213,0,2,10,501.40414005318723,0.0,USDJPY=X,1.0,112.3239974975586,0,2018-10-24 00:00:00+01:00
2018-10-25 00:00:00+01:00,0.19660446978566926,0.1990026093514048,0.1984868519118661,0.19615979955270713,0.5361515697880718,0.063092211968017,0.4452942159187893,49.31455259976867,0.03695584054457868,0.13969300668587403,-0.10273716614129536,33.333333333333336,0.6492813168965519,0.005927009078911768,0.02644084928703447,0,3,10,348.75171553894785,0.0,USDJPY=X,0.0,113.052001953125,1,2018-10-25 00:00:00+01:00
2018-10-26 00:00:00+01:00,0.20120536712441628,0.1958026063770788,0.19135877544068602,0.2016365461264027,0.5195726832292067,0.12525253483320845,0.38910608385997364,45.079124229032104,-0.00914411058334963,0.1099255832320293,-0.11906969381537894,16.788938866095478,0.6604754911081822,0.00579653350428599,0.027450324971481525,0,4,10,197.30923074940412,0.0,USDJPY=X,1.0,112.85099792480469,1,2018-10-26 00:00:00+01:00
2018-10-29 00:00:00+00:00,0.19470911019696047,0.19770320068459069,0.19791990341481713,0.19447457068510254,0.6262539331203344,0.16301419885991786,0.4502535613959851,48.78534778942158,-0.018195341053981906,0.08430139837482707,-0.10249673942880898,48.370862142813436,0.6882269540061469,0.0058787316428875365,0.027407999445334157,0,0,10,110.31507033398897,0.0,USDJPY=X,1.0,112.71499633789062,1,2018-10-29 00:00:00+00:00
2018-10-30 00:00:00+00:00,0.20110809630626725,0.20455803064918987,0.20629546433786428,0.20121523890950166,0.5181381018594021,0.11825980973338011,0.39248857519814645,44.55135653552,-0.060338772999458,0.05537336409997006,-0.11571213709942807,27.715670775836625,0.693425142070998,0.006149935408086763,0.027280320909565867,0,1,10,-19.55323335390764,0.0,USDJPY=X,1.0,113.13899993896484,1,2018-10-30 00:00:00+00:00
2018-10-31 00:00:00+00:00,0.2132581731897647,0.21108803942964816,0.2147359147226402,0.2130114701137047,0.6371380836458641,0.10349659967182327,0.40345999595504434,49.034585499944754,-0.05948429561797752,0.032401832156380546,-0.09188612777435806,59.13078571359937,0.7199663777378017,0.006173437177447944,0.025523065480217568,0,2,10,-72.32574537106106,0.0,USDJPY=X,1.0,113.24600219726562,0,2018-10-31 00:00:00+00:00
2018-11-01 00:00:00+00:00,0.20983997529049292,0.2049154454889699,0.21172257171892306,0.20975449830135795,0.6801244547003549,0.08500346197987309,0.484935814102593,55.77373734975796,-6.252006744489336e-05,0.02590896171161546,-0.025971481779060352,83.76892494431303,0.7436118152166306,0.006368453148103675,0.024491809970855382,0,3,11,-84.3169501697711,0.0,USDJPY=X,1.0,113.36299896240234,1,2018-11-01 00:00:00+00:00
2018-11-02 00:00:00+00:00,0.20784734488363532,0.20666967817173143,0.21203045676495513,0.20755079453126424,0.551671959333868,0.05485696806442128,0.5032893903069569,53.663814251837856,0.030459205185252358,0.02681901040634284,0.0036401947789095196,73.66820916065069,0.7197826614232552,0.006589324231870035,0.019573330965920673,0,4,11,-98.76004457338081,0.0,USDJPY=X,0.0,113.5469970703125,1,2018-11-02 00:00:00+00:00
2018-11-05 00:00:00+00:00,0.21448944623982769,0.21021086112314258,0.21873730793028323,0.21442114329279027,0.5605809987126642,0.06868591780406143,0.4659187521373887,52.22424375580736,0.04317599490080681,0.030090407305235635,0.013085587595571178,66.83395122549678,0.6999405937058018,0.006385864213361029,0.01641438883568216,0,0,11,-90.56471024541341,1.0,USDJPY=X,0.0,113.9530029296875,1,2018-11-05 00:00:00+00:00
2018-11-06 00:00:00+00:00,0.21675745070365604,0.21207886177501578,0.21927199709492973,0.216154956003189,0.6378284497380405,0.03822879418766776,0.5342141543114916,56.17169126992048,0.08647090664511836,0.04136650717321218,0.045104399471906184,88.14068771972872,0.6932307518423293,0.006186554539843901,0.014137373902919135,0,1,11,-58.42752239901117,1.0,USDJPY=X,0.0,113.84600067138672,1,2018-11-06 00:00:00+00:00
2018-11-07 00:00:00+00:00,0.21803717376733345,0.21812157681413735,0.21671226232844165,0.2180507148562345,0.5940329617551092,0.050970539974011436,0.5096172517173277,57.13425014186152,0.12794179079190826,0.058681563896951394,0.06926022689495687,90.73645602392608,0.6671425053030893,0.006121458933576974,0.014573202490633338,0,2,11,-7.5662578324836804,1.0,USDJPY=X,0.0,113.69599914550781,0,2018-11-07 00:00:00+00:00
2018-11-08 00:00:00+00:00,0.2215040688741663,0.219209932265922,0.22644877156215015,0.22103213098006202,0.5953916493371271,0.1333336494958788,0.46153243478529077,58.21483846022755,0.16830827341591714,0.08060690580074455,0.0877013676151726,81.6343238230784,0.6807753055660383,0.005885011083063813,0.01559732260399278,0,3,11,55.49227315567644,1.0,USDJPY=X,1.0,113.78900146484375,0,2018-11-08 00:00:00+00:00
2018-11-09 00:00:00+00:00,0.2278706725764148,0.22127287520037964,0.22814974065227145,0.22761085306181417,0.6045671322823072,0.05034928057212774,0.4916343219450689,59.92579487460133,0.21269430375615173,0.10702438539182599,0.10566991836432574,86.82718027753862,0.6687200007111539,0.005995537734427948,0.017134807827196577,0,4,11,178.54500241892703,1.0,USDJPY=X,0.0,113.56400299072266,0,2018-11-09 00:00:00+00:00
2018-11-12 00:00:00+00:00,0.22591042457661548,0.2242292313040375,0.22821463011400023,0.22587704035141565,0.6349346164740561,0.05376857850157923,0.534067720422627,63.47931965077923,0.27743374874488325,0.14110625806243746,0.1363274906824458,98.12777866857135,0.6534544171642634,0.0058683841892589236,0.019573101349347193,0,0,11,299.0552233419299,0.0,USDJPY=X,0.0,113.55500030517578,0,2018-11-12 00:00:00+00:00
2018-11-13 00:00:00+00:00,0.22302690718472906,0.22351452555472728,0.22711299245230498,0.22344648835860648,0.564720141154871,0.08142884919995068,0.49235275053805555,61.92092589851019,0.3164581052819102,0.176176627506332,0.1402814777755782,87.92433286995393,0.6442072763525861,0.005739810035579917,0.021151093283201684,0,1,11,432.64252505861924,0.0,USDJPY=X,1.0,112.7300033569336,0,2018-11-13 00:00:00+00:00
2018-11-14 00:00:00+00:00,0.22518144962687914,0.22117546602421223,0.2281335491865828,0.22495345284628998,0.5588322762310802,0.08515877683034401,0.47230536327342143,59.70800980597712,0.3314604497319067,0.20723339195144697,0.12422705778045973,82.56521383596369,0.6373350795414081,0.0056660505311900335,0.02103200707794517,0,2,11,518.872127478475,0.0,USDJPY=X,1.0,112.44300079345703,0,2018-11-14 00:00:00+00:00
2018-11-15 00:00:00+00:00,0.22139060685248801,0.2155551052756488,0.2191585332361352,0.22130768666858103,0.5920458444656408,0.05299200424922461,0.4704043452928327,60.64705718657066,0.34685608467840723,0.23515793049683903,0.1116981541815682,85.88791670073869,0.6161685322862182,0.005601025330539694,0.0217976166110288,0,3,11,579.5254954472354,0.0,USDJPY=X,0.0,112.7030029296875,0,2018-11-15 00:00:00+00:00
2018-11-16 00:00:00+00:00,0.22139060685248801,0.21477533614531064,0.21232202674632372,0.22116181151718917,0.5485715306016115,0.08531527729036052,0.4386143613776513,57.17531227097667,0.3370168197102714,0.25552970833952554,0.08148711137074588,74.10209505841561,0.6212996042685642,0.0054257380513132725,0.022257780096127746,0,4,11,625.3430976898125,0.0,USDJPY=X,1.0,113.02100372314453,0,2018-11-16 00:00:00+00:00
2018-11-19 00:00:00+00:00,0.2079121096977523,0.20280367403617894,0.208595888455386,0.2077939609912538,0.578091103393004,0.1434338572146712,0.40652156296777575,57.03462530616084,0.3247491834128766,0.26937360335419575,0.05537558005868087,66.489175764769,0.6428493840348164,0.005471353992328295,0.021775837839302065,0,0,11,689.8983665156821,0.0,USDJPY=X,1.0,112.97799682617188,0,2018-11-19 00:00:00+00:00
2018-11-20 00:00:00+00:00,0.20352194519883215,0.20062708706285926,0.20618212407804437,0.2031435106140862,0.46633219324408315,0.06464654608227181,0.35092574223123185,45.89076711593794,0.2456252196914619,0.26462392662164896,-0.01899870693018707,16.196297436348445,0.6759317714335572,0.005702558013764817,0.021623904235259974,0,1,11,678.0707269538249,0.0,USDJPY=X,0.0,112.91899871826172,1,2018-11-20 00:00:00+00:00
2018-11-21 00:00:00+00:00,0.20766911804784005,0.20730320960756865,0.21269467765510996,0.20735645916008782,0.5397283920820166,0.06697745444888126,0.3401950491711251,42.76065797703895,0.15793957103190337,0.24328705550369986,-0.08534748447179649,7.590133595746318,0.6584366274639727,0.006011328109920819,0.02207343990839956,0,2,11,600.7730737437028,0.0,USDJPY=X,0.0,113.50399780273438,1,2018-11-21 00:00:00+00:00
2018-11-22 00:00:00+00:00,0.21267504266876514,0.20699462328612195,0.2155782417353691,0.21250918982548006,0.6152861475861416,0.06837528810311957,0.3532053005648606,46.331953383667745,0.1081810187497041,0.21626584815290073,-0.10808482940319664,21.39070782662925,0.6613338324707313,0.005842227894093952,0.021679615766999265,0,3,11,534.2786286636886,0.0,USDJPY=X,0.0,113.76699829101562,1,2018-11-22 00:00:00+00:00
2018-11-23 00:00:00+00:00,0.21230239779364557,0.20507779411591565,0.21207903116202065,0.21181232692006002,0.6232067474775451,0.03776284963625499,0.39516673769291394,50.40747615411337,0.09333115055653707,0.19167890863362802,-0.09834775807709095,38.269775126650714,0.6440955707903442,0.005851424166172954,0.019952518224862645,0,4,11,500.14161264448234,0.0,USDJPY=X,0.0,113.55500030517578,1,2018-11-23 00:00:00+00:00
2018-11-26 00:00:00+00:00,0.21110363074761462,0.21454792413733692,0.215967084109844,0.21085635018640492,0.5734059489956448,0.05299081863967903,0.39252500686718633,49.8560592549375,0.07720228596798506,0.16878358410049943,-0.09158129813251437,35.98702513576227,0.6235889056125182,0.005701070906588569,0.019069728060509713,0,0,11,433.250428916308,0.0,USDJPY=X,0.0,113.41100311279297,1,2018-11-26 00:00:00+00:00
2018-11-27 00:00:00+00:00,0.22067782310628115,0.21851146137930644,0.22409964944858785,0.2203353916976516,0.5712023496366653,0.10629345258984549,0.45206626746591555,49.06314691353415,0.05897951124659073,0.1468227695297177,-0.08784325828312697,32.855482528073736,0.6279038486337781,0.0055224445194417835,0.016463677402735313,0,1,11,365.1923975944651,1.0,USDJPY=X,1.0,113.76300048828125,0,2018-11-27 00:00:00+00:00
2018-11-28 00:00:00+00:00,0.22492226677343785,0.2214840523456587,0.22902457419535205,0.2245969240864476,0.6598969362110623,0.06620088019652663,0.5204317919970327,56.45782299149566,0.09069687099548673,0.1355975898228715,-0.04490071882738478,63.90647082882817,0.6482680033142337,0.005531997645801438,0.01503917892925784,0,2,11,349.723483989792,1.0,USDJPY=X,0.0,113.58699798583984,0,2018-11-28 00:00:00+00:00
2018-11-29 00:00:00+00:00,0.22156883368828328,0.21487286925172766,0.22077854499781346,0.22116181151718917,0.6153608254335073,0.0473971128036346,0.5204743988267576,59.31727696202837,0.1354931676303721,0.13557670538437164,-8.353775399952412e-05,77.86619367536112,0.6384632592856502,0.0056982078551107256,0.015471139139058898,0,3,11,331.0728181895445,1.0,USDJPY=X,0.0,112.6989974975586,0,2018-11-29 00:00:00+00:00
2018-11-30 00:00:00+00:00,0.21900926396395515,0.21467792696914323,0.2229980117868926,0.21882855083297792,0.5503428156191722,0.0632487124280335,0.47892339677659707,56.118117218466246,0.15213437931285512,0.13888824017006834,0.013246139142786773,66.61361712811666,0.6332874473430926,0.005622502378317103,0.015269924123140103,0,4,11,292.89077948484277,1.0,USDJPY=X,0.0,113.0510025024414,0,2018-11-30 00:00:00+00:00
2018-12-03 00:00:00+00:00,0.22461451030940882,0.21730946188865974,0.22356508388291618,0.22453214562938872,0.5596021185867704,0.04009375800286443,0.4710633746792991,53.988210300109024,0.15195168503568368,0.14150092914319143,0.010450755892492253,60.38055827376312,0.6064814321659632,0.00558400357955794,0.014546268279548722,0,0,12,250.21733504841538,1.0,USDJPY=X,0.0,112.68900299072266,0,2018-12-03 00:00:00+00:00
2018-12-04 00:00:00+00:00,0.22187659015231231,0.21497027842789507,0.21298624763647855,0.22168028641967852,0.6275948908677101,0.059829414498582006,0.5031498193859607,58.167840875181355,0.1781564680764518,0.1488320369298435,0.029324431146608293,85.30615513283627,0.5906614824562849,0.005331095607208751,0.0147621113450171,0,1,12,285.970538551481,1.0,USDJPY=X,0.0,112.50199890136719,0,2018-12-04 00:00:00+00:00
2018-12-05 00:00:00+00:00,0.207426126397928,0.20866768165541072,0.2123867926090779,0.20729155708001956,0.5552627353424233,0.13892735533192324,0.4437376650214528,55.45530214431361,0.18261692219481063,0.15558901398283695,0.027027908211973678,75.04359663327224,0.6229713242507021,0.005200080052559526,0.01484254060231193,0,2,12,342.0664511337191,1.0,USDJPY=X,1.0,113.18099975585938,1,2018-12-05 00:00:00+00:00
2018-12-06 00:00:00+00:00,0.21333912920741094,0.20748191702745866,0.20521001814185746,0.21299527549943997,0.45773747083013566,0.0843822025779894,0.354582881960733,44.24461011786239,0.11319282966458388,0.14710977711918635,-0.03391694745460247,23.265031941206825,0.6430447531337435,0.0055277450384081505,0.01587399935933792,0,3,12,311.4564939729651,1.0,USDJPY=X,1.0,113.38400268554688,0,2018-12-06 00:00:00+00:00
2018-12-07 00:00:00+00:00,0.20797699810884263,0.20377838544910154,0.21044282793465374,0.2071296109373726,0.6279009077003188,0.14188070870996197,0.3981895261634171,48.67402979764834,0.08559095893026836,0.13480601348140275,-0.049215054551134396,45.690362900972694,0.6623274146356302,0.0056880942132278445,0.015903053318619364,0,4,12,310.3894026915277,1.0,USDJPY=X,1.0,113.28500366210938,1,2018-12-07 00:00:00+00:00
2018-12-10 00:00:00+00:00,0.20433187616621473,0.20579262379547547,0.2053558649320293,0.2040994873477413,0.5295234244166234,0.0562548017186596,0.38120357138854055,44.737816806759135,0.03411271216165801,0.1146673532174538,-0.0805546410557958,25.29604174457239,0.6498753823332526,0.005877480473317858,0.015824329230797855,0,0,12,262.406197016995,1.0,USDJPY=X,0.0,113.55999755859375,1,2018-12-10 00:00:00+00:00
2018-12-11 00:00:00+00:00,0.2155747512641808,0.21235510230132282,0.21761947880289956,0.21510168796093598,0.5535150561858905,0.1243206457303829,0.33963239998501527,42.81174693206189,-0.021525701547659537,0.08742874226443115,-0.10895444381209068,14.760609147528722,0.6605987872921497,0.005776567427064222,0.016147452845296572,0,1,12,241.43385370165004,1.0,USDJPY=X,1.0,113.38999938964844,0,2018-12-11 00:00:00+00:00
2018-12-12 00:00:00+00:00,0.21855566307118957,0.21331345492130116,0.22011444770663346,0.21839104900181217,0.6731906010230626,0.0694648632755072,0.40580219894706737,51.0519277979934,-0.010706433849904329,0.06780170704156406,-0.07850814089146839,53.0141455300383,0.6813420187941613,0.005836657996634727,0.015531049622116244,0,2,12,239.50864002460608,1.0,USDJPY=X,0.0,112.8290023803711,0,2018-12-12 00:00:00+00:00
2018-12-13 00:00:00+00:00,0.21698425115003883,0.2163998138567651,0.22217187623985213,0.21678691682854057,0.6072192312419658,0.05470046760440477,0.49084810966103454,53.22206708266548,0.014086176929382077,0.057058601019127665,-0.04297242408974559,64.45092046954048,0.65781740141517,0.006009154754253639,0.014794401767083208,0,3,12,226.4346941645451,1.0,USDJPY=X,0.0,112.52400207519531,0,2018-12-13 00:00:00+00:00
2018-12-14 00:00:00+00:00,0.2216174072988708,0.21584745673440064,0.22269025033983536,0.22124278458851276,0.5657446323268609,0.0644912312318009,0.45553189824910567,52.0110209585274,0.025452702856270548,0.05073742138655624,-0.025284718530285695,58.873515493030396,0.6404733667088968,0.005806747408308477,0.01447330572491531,0,4,12,190.7363759651488,1.0,USDJPY=X,0.0,112.41000366210938,0,2018-12-14 00:00:00+00:00
2018-12-17 00:00:00+00:00,0.21866900149589408,0.21339462923477415,0.2155296673383036,0.21848821668740026,0.6170770247235376,0.054234523052992,0.5053946974563055,55.06937812895158,0.05600487641761731,0.05179091239276846,0.004213964024848853,74.36611606125861,0.6220820980488863,0.005639955798505813,0.014447294587880551,0,0,12,193.3669354286487,1.0,USDJPY=X,0.0,111.1709976196289,0,2018-12-17 00:00:00+00:00
2018-12-18 00:00:00+00:00,0.20961317484411013,0.20226767570675874,0.20537205639771772,0.20939809316452518,0.556042041824964,0.09945604234048809,0.5068397367903059,52.82799205750273,0.06574242483137027,0.054581214880488824,0.011161209950881448,64.78876266370948,0.6264332808472917,0.0054862166099074626,0.014202261967505148,0,1,12,180.3792326928185,1.0,USDJPY=X,1.0,111.05400085449219,0,2018-12-18 00:00:00+00:00
2018-12-19 00:00:00+00:00,0.2041861553344515,0.19823919901401088,0.2034766661203593,0.20445601610758368,0.5023778955047536,0.09044303857499217,0.40989300833876663,46.15223908141928,0.027870458605420367,0.04923906362547514,-0.02136860502005477,38.801214265610554,0.6631165743330877,0.005552059024110209,0.013317650651731726,0,2,12,105.3501470760346,1.0,USDJPY=X,1.0,110.31099700927734,0,2018-12-19 00:00:00+00:00
2018-12-20 00:00:00+00:00,0.20297107348791776,0.19848284588467924,0.1904839418976052,0.20260884109733213,0.5372822974470474,0.07008493706784531,0.370466591337855,42.97277471494971,-0.026449430544090546,0.034101364791562,-0.060550795335652545,24.06146709735577,0.6654653294169967,0.00589311224364339,0.013828833771649937,0,3,12,60.38568189000881,1.0,USDJPY=X,0.0,110.4020004272461,0,2018-12-20 00:00:00+00:00
2018-12-21 00:00:00+00:00,0.18314216383446258,0.17981870243789388,0.18413342657639986,0.18253258795251726,0.5635677041060843,0.1970471208657795,0.36924161241625486,41.81330632886867,-0.07780022074450699,0.011721047684348201,-0.08952126842885519,44.45824112262348,0.7085033588657268,0.005919983166420877,0.015045777630499609,0,4,12,-8.446076086960442,1.0,USDJPY=X,1.0,111.20600128173828,0,2018-12-21 00:00:00+00:00
2018-12-24 00:00:00+00:00,0.18155456070978282,0.17478316853708398,0.17324670528393038,0.18063682909947176,0.40790089495003934,0.07940857053428309,0.2519401382392847,31.77763570480265,-0.21598379798550127,-0.0338199214496217,-0.18216387653587957,8.396474408535642,0.7629674526172262,0.006373095267975089,0.021733356281508916,0,0,12,-152.560180785667,0.0,USDJPY=X,0.0,110.8550033569336,0,2018-12-24 00:00:00+00:00
2018-12-25 00:00:00+00:00,0.1688213533052858,0.16185315380797372,0.16877538877439502,0.16859755505828877,0.5629564807658269,0.13566455786248827,0.2557806177741305,31.020513497737184,-0.33111900588623655,-0.09327973833694467,-0.23783926754929188,22.911248175944454,0.7730411580455158,0.006870238323218085,0.026861862947709033,0,1,12,-315.26620940313023,0.0,USDJPY=X,1.0,110.33000183105469,0,2018-12-25 00:00:00+00:00
2018-12-26 00:00:00+00:00,0.1707167128939946,0.16760339345809383,0.17355459032996223,0.17007213031744284,0.4752702537476237,0.05485696806442128,0.24066531127818494,26.67405673428013,-0.47682217914884006,-0.16998822649932374,-0.3068339526495163,8.622990117370362,0.7937527567593404,0.007007834023841718,0.03379518505043554,0,2,12,-578.4142749815471,0.0,USDJPY=X,0.0,109.62999725341797,0,2018-12-26 00:00:00+00:00
2018-12-27 00:00:00+00:00,0.18351480870958214,0.17611517085953676,0.17950007181100425,0.18309977032081037,0.5921544052719138,0.06402410107084254,0.27113984310437245,28.004640474911042,-0.5782836840704846,-0.25164731801355594,-0.32663636605692864,11.075247374123423,0.7664843408538183,0.007189659188126906,0.037707333001101635,0,3,12,-817.6747714440431,0.0,USDJPY=X,0.0,109.66799926757812,0,2018-12-27 00:00:00+00:00
2018-12-28 00:00:00+00:00,0.1776665707142162,0.17137198841747892,0.17251771853102116,0.17741237013866407,0.6925850451937862,0.08842275990932458,0.3429245327911693,38.60459312107993,-0.5870493683764408,-0.3187277280861329,-0.2683216402903079,32.74055373153046,0.7703068661374184,0.006892472816390051,0.03823267384738071,0,4,12,-1005.7538267347197,0.0,USDJPY=X,1.0,107.44100189208984,0,2018-12-28 00:00:00+00:00
2018-12-31 00:00:00+00:00,0.16898326534057828,0.16386739215434765,0.16339685579040175,0.16890549997533721,0.530235798866306,0.11002338022023883,0.41225096755648666,36.10537585529706,-0.6152268829210641,-0.3780275590531192,-0.2371993238679449,23.28225834637106,0.7855707442467433,0.006948778519785579,0.03973262953952936,0,0,12,-1212.936417794732,0.0,USDJPY=X,1.0,107.80799865722656,0,2018-12-31 00:00:00+00:00
2019-01-01 00:00:00+00:00,0.15774039024261222,0.1503200808520948,0.16227902666301808,0.15756296521656465,0.5056683431123957,0.12571966499416679,0.379854507781743,32.69581887966909,-0.6721726142392868,-0.4368565700903527,-0.23531604414893403,16.59668821059584,0.8148876035792861,0.007120191527320613,0.041366777601487374,0,1,1,-1462.6206608613743,0.0,USDJPY=X,1.0,108.52200317382812,0,2019-01-01 00:00:00+00:00
2019-01-02 00:00:00+00:00,0.15822649713940984,0.15096984715062667,0.14834682663340382,0.1581787314276517,0.48064877630995273,0.0068385958589029785,0.38290204887009455,28.7917367729154,-0.7649689499355361,-0.5024790460593894,-0.2624899038761467,0.9727832212984421,0.8095388814067702,0.0074330714584951805,0.04476241896512918,0,2,1,-1737.0225790870702,0.0,USDJPY=X,0.0,108.61599731445312,0,2019-01-02 00:00:00+00:00
2019-01-03 00:00:00+00:00,0.12242416182403426,0.12817981783492605,0.11669127522253375,0.12209354577865117,0.5847151255249605,0.14669784029365177,0.37871705226367575,29.285394868191204,-0.8259235371726845,-0.5671679442820485,-0.258755592890636,18.99547767187396,0.8191432644591884,0.007381723810166194,0.04806557022011615,0,3,1,-1960.1083102022155,0.0,USDJPY=X,1.0,108.7760009765625,1,2019-01-03 00:00:00+00:00
2019-01-04 00:00:00+00:00,0.1291634104014021,0.13324782146112524,0.12863093618065813,0.12804018341204193,0.2635032225236086,0.23232374728495414,0.13899743710541002,20.372226091388427,-1.0419199584125778,-0.6621183471081544,-0.37980161130442336,9.865022703710913,0.9672043377846481,0.007624121611243988,0.059682802218116345,0,4,1,-2356.214824291153,0.0,USDJPY=X,1.0,108.18900299072266,1,2019-01-04 00:00:00+00:00
2019-01-07 00:00:00+00:00,0.13925609206392475,0.13393005748504616,0.13710376949681136,0.13960956639352973,0.6324483040850933,0.16627818193889843,0.19511910149451203,24.452848002776605,-1.1699980968270722,-0.763694297051938,-0.4063037997751342,17.040913511688494,0.9796896201582893,0.008971545245542082,0.06601494828639345,0,0,1,-2658.775690126006,0.0,USDJPY=X,1.0,108.2979965209961,0,2019-01-07 00:00:00+00:00
2019-01-08 00:00:00+00:00,0.1417508969741359,0.14127230512123168,0.14381062066213945,0.14113260187246812,0.6823272620268845,0.09153024252828865,0.29291140728721304,31.77789330577164,-1.2000532797667773,-0.8509660935949059,-0.3490871861718714,29.984591841012957,0.9680690289165143,0.009027566682390154,0.06854588330971055,0,1,1,-2873.2790404780067,0.0,USDJPY=X,1.0,108.45800018310547,0,2019-01-08 00:00:00+00:00
2019-01-09 00:00:00+00:00,0.14350053573108168,0.13969665592811054,0.1375573777340402,0.14372522363093387,0.5927945222708576,0.09743694928436608,0.3558016052634005,32.70295924702086,-1.2024268588318705,-0.9212582466422989,-0.28116861218957157,31.598779925370007,0.9437074219054574,0.008912766561576257,0.06909598353000565,0,2,1,-3021.910776832377,0.0,USDJPY=X,1.0,108.25,0,2019-01-09 00:00:00+00:00
2019-01-10 00:00:00+00:00,0.13395872577947343,0.12902440248579294,0.13284306564020198,0.13421379289115776,0.6022346478051609,0.14234665326137474,0.36563147794599077,34.33523593472711,-1.1778198054658162,-0.9725705584070025,-0.20524924705881376,42.78993846204071,0.941728346498706,0.008675695129744603,0.06773930866313442,0,3,1,-3166.6319749883446,0.0,USDJPY=X,1.0,108.64399719238281,1,2019-01-10 00:00:00+00:00
2019-01-11 00:00:00+00:00,0.13598373859338975,0.13305287917854058,0.13901535123985842,0.1359798712070761,0.49539648292161803,0.08546940653128586,0.4986349336719038,31.332707640374863,-1.1919443772777356,-1.0164453221811491,-0.17549905509658648,31.781427929149235,0.9461047754667113,0.008704473841758762,0.06720591281574685,0,4,1,-3390.0732849939736,0.0,USDJPY=X,0.0,109.03700256347656,1,2019-01-11 00:00:00+00:00
2019-01-14 00:00:00+00:00,0.13888357078577873,0.13149346484811408,0.13648812300372204,0.13857249296554164,0.5949921955256517,0.06480186093274273,0.477340477705889,32.512803407178595,-1.1807325849458579,-1.0493027747340908,-0.13142981021176703,34.232924807720686,0.908311564140127,0.008736124451603192,0.06370412853011805,0,0,1,-3534.9743889872157,0.0,USDJPY=X,0.0,109.15299987792969,1,2019-01-14 00:00:00+00:00
2019-01-15 00:00:00+00:00,0.13530333725424137,0.13596053069411473,0.1398739933172506,0.13520215885334208,0.6023019214325471,0.07412549439918051,0.43209846563504495,34.2978949819983,-1.1457289502731811,-1.068588009841909,-0.07714094043127218,37.831748308868704,0.8775034078078523,0.00837477698838868,0.058810956375643084,0,1,1,-3632.0058585895076,0.0,USDJPY=X,0.0,109.66100311279297,1,2019-01-15 00:00:00+00:00
2019-01-16 00:00:00+00:00,0.14192912380993095,0.13851076736990886,0.14253087687787014,0.14158629831789882,0.549497463433295,0.0843822025779894,0.40760569287109905,33.0731840408059,-1.121840317198732,-1.0792384713132737,-0.042601845885458234,33.153380718185964,0.8536102549343003,0.00810626704672381,0.054919923941546836,0,2,1,-3654.0022649460257,0.0,USDJPY=X,0.0,109.66999816894531,1,2019-01-16 00:00:00+00:00
2019-01-17 00:00:00+00:00,0.14811762427335795,0.14145088861087207,0.14768260574324876,0.14795436679120022,0.6359304971377948,0.08329381301514735,0.426602603673012,37.617251108124556,-1.0589096711845372,-1.0751727112875265,0.01626304010298929,44.96862103354987,0.8395664996292833,0.007856948170111585,0.04976222338698728,0,3,1,-3643.5929863264596,0.0,USDJPY=X,0.0,109.3550033569336,0,2019-01-17 00:00:00+00:00
2019-01-18 00:00:00+00:00,0.14985094822980094,0.15288655239058357,0.15503748633304348,0.14983393102998122,0.6355832333961009,0.06200382240517495,0.5063545600284226,41.85783637179263,-0.9661868315000106,-1.0533755353300234,0.08718870383001276,61.24054075277216,0.8113117670943791,0.007699831065518557,0.0431935582470698,0,4,1,-3500.830332910387,0.0,USDJPY=X,0.0,109.49199676513672,1,2019-01-18 00:00:00+00:00
2019-01-21 00:00:00+00:00,0.15817779993184855,0.15135960778554614,0.16052948317583127,0.1580653691277989,0.5958693282764634,0.10085506160427199,0.5068548601038643,43.08754645147933,-0.8732767088677207,-1.0173557700375628,0.14407906116984215,78.81299122467513,0.8072893018317784,0.00743279404140704,0.040292318669257386,0,0,1,-3332.2925788462135,0.0,USDJPY=X,1.0,109.59700012207031,0,2019-01-21 00:00:00+00:00
2019-01-22 00:00:00+00:00,0.15827507074999758,0.151034786601405,0.1572569531221224,0.15821112065618093,0.6517062091649686,0.0335657918449033,0.5350225016511599,48.249664588663535,-0.7500075318434369,-0.9638861223987377,0.21387859055530078,95.65660628413434,0.7885542209113166,0.0073616808064525235,0.03732941351194621,0,1,1,-3167.328679078724,0.0,USDJPY=X,0.0,109.4000015258789,0,2019-01-22 00:00:00+00:00
2019-01-23 00:00:00+00:00,0.15344737296486755,0.1558429084942412,0.1586339692994978,0.15310709745659246,0.5805997279687021,0.061849693164249604,0.5528720848485003,48.33901681582428,-0.644164468079012,-0.8999417915347926,0.25577732345578064,95.9548509661964,0.7606576783113452,0.00719024559202197,0.03634978947996939,0,2,1,-2979.2920496446022,0.0,USDJPY=X,0.0,109.25399780273438,0,2019-01-23 00:00:00+00:00
2019-01-24 00:00:00+00:00,0.15526177653593032,0.15288655239058357,0.1596384581670618,0.15532687221794128,0.5346539597215484,0.09463891075679828,0.4949555320635682,45.38387713545523,-0.5790258764231453,-0.8357586085124632,0.2567327320893179,74.8477840331341,0.7498250698368184,0.006955856201920332,0.034935777191946106,0,3,1,-2827.807177044731,0.0,USDJPY=X,1.0,109.41699981689453,0,2019-01-24 00:00:00+00:00
2019-01-25 00:00:00+00:00,0.15712487731455416,0.15533937989021007,0.16138812525322344,0.15702829569981058,0.598807290522585,0.05672074627007237,0.4740606304991624,46.904150637404946,-0.5104645327173358,-0.7706997933534377,0.2602352606361019,78.10072481099799,0.7274801691313983,0.006848218061501,0.03028183062907349,0,4,1,-2544.2698519474907,0.0,USDJPY=X,0.0,108.98100280761719,0,2019-01-25 00:00:00+00:00
2019-01-28 00:00:00+00:00,0.1538200178399871,0.14845195626997199,0.15537775431045242,0.15383622596753233,0.594238964081667,0.06340284166895885,0.47313413548137223,48.09672056717979,-0.44255478444353,-0.7050707915714562,0.2625160071279262,82.87144397186721,0.7077318733591779,0.006637774467559542,0.0265195441875051,0,0,1,-2290.3996618245483,0.0,USDJPY=X,0.0,108.84400177001953,0,2019-01-28 00:00:00+00:00
2019-01-29 00:00:00+00:00,0.1517950050260708,0.148630663689862,0.15500510340166618,0.15147045243178203,0.5513686360731793,0.055166412155817544,0.41632452594217906,46.00882369783884,-0.4000207695725493,-0.6440607871716749,0.24404001759912564,73.92101605260513,0.6881080722068482,0.006469212646142072,0.024220918657520567,0,1,1,-2086.6110515624077,0.0,USDJPY=X,0.0,109.43800354003906,0,2019-01-29 00:00:00+00:00
2019-01-30 00:00:00+00:00,0.15420885391863592,0.1519769043586887,0.15638211957904158,0.15411165803304172,0.558567830832841,0.060450673900465705,0.40387384378766494,44.46809015439946,-0.3737847783481527,-0.5900055854069705,0.21622080705881774,67.28748756451719,0.6667432055467051,0.006298241584250993,0.023655594591250627,0,2,1,-1873.827000006777,0.0,USDJPY=X,0.0,109.96099853515625,1,2019-01-30 00:00:00+00:00
2019-01-31 00:00:00+00:00,0.146837777612707,0.13994030279877867,0.1446206883424661,0.14704697390033927,0.602527680139095,0.07925444129335774,0.4422898394644003,46.617403928211594,-0.3359668492980603,-0.5391978381851884,0.2032309888871281,71.81175144209608,0.6555474148812596,0.006093597947873513,0.023129325742008947,0,3,1,-1673.8073334385654,0.0,USDJPY=X,0.0,109.94100189208984,1,2019-01-31 00:00:00+00:00
2019-02-01 00:00:00+00:00,0.1450395652451737,0.14915042715658777,0.1486707795461495,0.14482707551598084,0.5173514265559447,0.07692353292674829,0.396175441813921,41.941395249281335,-0.3372891238672793,-0.4988160953216066,0.16152697145432732,49.74710229422621,0.6742225864536361,0.006015244840777335,0.019957585846137223,0,4,2,-1457.839606320567,0.0,USDJPY=X,0.0,109.9739990234375,1,2019-02-01 00:00:00+00:00
2019-02-04 00:00:00+00:00,0.15531047374349138,0.15853938286453606,0.16038363638565944,0.15445199217861938,0.5597727902526273,0.126184423936034,0.3767595668574146,40.564507729250316,-0.3454102009721254,-0.4681349164517104,0.12272471547958502,36.049895511303774,0.6840635774184433,0.006194393586136475,0.01764450124898192,0,0,2,-1284.6646110770594,0.0,USDJPY=X,1.0,109.75599670410156,0,2019-02-04 00:00:00+00:00
2019-02-05 00:00:00+00:00,0.16349148101680266,0.1568174959769142,0.1654705993882839,0.1629263494904074,0.6641998734140916,0.10365191452229419,0.4403553445856963,48.46424737925094,-0.30045181305017366,-0.4345982957714031,0.13414648272122942,60.31673466571209,0.7277731518620477,0.006250694962359865,0.017466264176842647,0,1,2,-1118.4943496367905,0.0,USDJPY=X,1.0,109.80999755859375,0,2019-02-05 00:00:00+00:00
2019-02-06 00:00:00+00:00,0.16268142645244676,0.15706126677783194,0.1617768440287235,0.16260233358210407,0.6536482269648162,0.038382923428593105,0.49431057679005236,54.232196983144476,-0.22008365409286057,-0.3916953674356946,0.17161171334283404,89.08530968840425,0.7183602868713433,0.006618466197625217,0.018515413621173326,0,2,2,-923.2457611758985,0.0,USDJPY=X,0.0,110.4000015258789,1,2019-02-06 00:00:00+00:00
2019-02-07 00:00:00+00:00,0.1635076722203319,0.15751609079377937,0.1625058307816325,0.16313700309885792,0.5764957559307138,0.07614695867439368,0.4794897680415579,53.98341585032155,-0.15620424576302128,-0.34459714310115996,0.1883928973381387,87.86600173057062,0.7020492301779662,0.006534052578276792,0.019475172657547626,0,3,2,-748.231129255194,0.0,USDJPY=X,0.0,110.51499938964844,1,2019-02-07 00:00:00+00:00
2019-02-08 00:00:00+00:00,0.1598464826711481,0.15447843644639914,0.16331589846195915,0.159604599221002,0.5839918718827158,0.07350542060684238,0.5175751697315255,54.355509604013434,-0.10174392111490249,-0.2960264987039085,0.19428257758900602,89.87802268350096,0.6856890853187141,0.006383774677761299,0.018758167424947774,0,4,2,-615.9895379550325,0.0,USDJPY=X,0.0,110.9229965209961,1,2019-02-08 00:00:00+00:00
2019-02-11 00:00:00+00:00,0.16076987566020873,0.1634937424518732,0.16530856113242365,0.16047960288333352,0.5484941220489332,0.03667446007341294,0.5111192949658724,51.39846572272922,-0.07530659911692794,-0.2518825187865124,0.17657591966958447,76.58519338661506,0.6595684145691073,0.00624739518486,0.01745619880052053,0,0,2,-517.0017013755843,0.0,USDJPY=X,0.0,110.53800201416016,1,2019-02-11 00:00:00+00:00
2019-02-12 00:00:00+00:00,0.17008488516543396,0.1667424500142829,0.1745589555985516,0.1700397410889134,0.5869759869873319,0.10380722937276513,0.46724365035188337,52.093699767345896,-0.04942764221752327,-0.2113915434727146,0.16196390125519133,67.35207013552474,0.6616708842943607,0.006006451409100221,0.016310649969072687,0,1,2,-417.9459404455672,0.0,USDJPY=X,1.0,110.56400299072266,0,2019-02-12 00:00:00+00:00
2019-02-13 00:00:00+00:00,0.17204513316523307,0.1705759844244461,0.1770538009033107,0.17190311071342945,0.6628870088766632,0.04615340839032163,0.47247037572567385,58.99535269056383,0.018477015332877045,-0.1654178317115963,0.18389484704447334,88.57829834002611,0.6740514700213819,0.005993395608235188,0.015232001696886112,0,2,2,-243.84024548809418,1.0,USDJPY=X,0.0,110.59100341796875,0,2019-02-13 00:00:00+00:00
2019-02-14 00:00:00+00:00,0.1789302261713377,0.17447458221563727,0.1771996476934825,0.17851409840070143,0.5955242628276438,0.05889633978621089,0.48329532476170145,60.19893205461485,0.08064172459377517,-0.11620592045052201,0.1968476450442972,84.62839894643075,0.6602617348929015,0.006099185393331486,0.01556234978663186,0,3,2,-57.60719004939192,1.0,USDJPY=X,0.0,110.5719985961914,0,2019-02-14 00:00:00+00:00
2019-02-15 00:00:00+00:00,0.17246635165094037,0.1666125711127262,0.17313336502411047,0.17227583408753655,0.6367405298939395,0.0947942256072692,0.5133252590842484,64.21245358035931,0.160974054582681,-0.06076992544388142,0.22174398002656243,92.44542120277114,0.6566716545685202,0.005952433269938968,0.01806265751089526,0,4,2,156.82170054282327,0.0,USDJPY=X,1.0,110.76499938964844,0,2019-02-15 00:00:00+00:00
2019-02-18 00:00:00+00:00,0.17253111646505737,0.1661252773713897,0.1764381544102216,0.1726971413044378,0.525343892393081,0.058585710085269034,0.5000708491514094,58.24397069583663,0.19136621508755525,-0.010342697337594086,0.20170891242514932,77.75659311870524,0.6571232781540276,0.005940686846179825,0.018782921474282798,0,0,2,352.129979671758,0.0,USDJPY=X,0.0,110.70800018310547,0,2019-02-18 00:00:00+00:00
2019-02-19 00:00:00+00:00,0.17343831825058853,0.16943892438457775,0.17627623975333595,0.17313464313560356,0.5829823132914834,0.022223065322343524,0.49779337180568034,58.52435753210317,0.21507107725918218,0.03474005758176117,0.180331019677421,78.74861733713686,0.6204005705068649,0.005943374519545627,0.019830271093276314,0,1,2,511.0545468853366,0.0,USDJPY=X,0.0,110.77200317382812,0,2019-02-19 00:00:00+00:00
2019-02-20 00:00:00+00:00,0.17340593584353003,0.1715994004254524,0.17854428093948083,0.17282669821855534,0.5831220410782176,0.0554770418567594,0.4525381572547291,58.83349248378464,0.23334619051003358,0.07446128416741565,0.15888490634261793,79.77877394189905,0.6015858603925353,0.005609864738835191,0.020763400707816695,0,2,2,628.0210914904587,0.0,USDJPY=X,0.0,111.0459976196289,1,2019-02-20 00:00:00+00:00
2019-02-21 00:00:00+00:00,0.17635434164650698,0.17005622095772055,0.17859285533654634,0.17595398949377494,0.5766513485517264,0.054389837903462926,0.4418390066821329,58.50296262643169,0.24348902917721205,0.10826683316937494,0.1352221960078371,76.84508256857117,0.5838295008053452,0.005440670947710052,0.021130093820698605,0,3,2,744.5547439795703,0.0,USDJPY=X,0.0,110.55599975585938,0,2019-02-21 00:00:00+00:00
2019-02-22 00:00:00+00:00,0.17509068618938528,0.17088469467614242,0.17912742090221823,0.17503040198864905,0.6064705802632112,0.039160683290493305,0.4247448758358056,60.90503908124382,0.2640569685890739,0.13942486025331474,0.12463210833575916,78.39792228955542,0.5619131384082559,0.0052708843409239176,0.02185960496172469,0,4,2,893.1195728870662,0.0,USDJPY=X,0.0,110.86199951171875,0,2019-02-22 00:00:00+00:00
2019-02-25 00:00:00+00:00,0.17619230601424096,0.17366234335991004,0.17830128535517775,0.17606747541663736,0.5713207511037035,0.0419587218180611,0.45084496517580214,59.80402083183627,0.27261530955973967,0.16606295011459973,0.10655235944513994,73.55947932693482,0.5410625051263046,0.00507563263250063,0.022403754834796,0,0,2,1028.7280169889075,0.0,USDJPY=X,0.0,111.35700225830078,1,2019-02-25 00:00:00+00:00
2019-02-26 00:00:00+00:00,0.18050163809248843,0.17358116904643728,0.1797754503266844,0.18050714856234462,0.5883153100759579,0.07645640276578994,0.4538701250616283,60.663921903399086,0.2813194869640938,0.18911425748449856,0.09220522947959525,77.6569712066818,0.5375578094127628,0.004884469808469983,0.022526635296019875,0,1,2,1151.3277394146894,0.0,USDJPY=X,0.0,111.93800354003906,1,2019-02-26 00:00:00+00:00
2019-02-27 00:00:00+00:00,0.17266076969026467,0.17195681526523243,0.1747048023887232,0.17256746076731067,0.6177931745098842,0.06153906346330775,0.47354400467900826,64.19521024089585,0.30679018588364215,0.2126494431643273,0.09414074271931486,95.05574918149037,0.5274468032507462,0.004840857130700783,0.022569125340881395,0,2,2,1220.0718512252208,0.0,USDJPY=X,0.0,111.7770004272461,1,2019-02-27 00:00:00+00:00
2019-02-28 00:00:00+00:00,0.17787717995706975,0.17957505556722553,0.17961353566979898,0.17752573243851688,0.5106974588621923,0.09463891075679828,0.43601993589195903,54.73233322584576,0.28416152854403265,0.22695186024026837,0.05720966830376428,61.48593479402755,0.538985985970559,0.004770856438506332,0.021941288201841495,0,3,2,1238.0104538262747,0.0,USDJPY=X,1.0,111.86599731445312,1,2019-02-28 00:00:00+00:00
2019-03-01 00:00:00+00:00,0.1859448488056763,0.18836294956472588,0.1911319713220716,0.18554651692788404,0.6223706998116343,0.12043421763997306,0.4450106029631893,58.81523335228467,0.28760445242292576,0.23908237867679985,0.04852207374612591,65.44034751077919,0.5632725443108316,0.00486177399239119,0.019774584329742866,0,4,3,1283.716393046717,0.0,USDJPY=X,1.0,111.62300109863281,0,2019-03-01 00:00:00+00:00
2019-03-04 00:00:00+00:00,0.19488721343578197,0.18886660209900663,0.19586247488159847,0.19496077998207206,0.6487665943758858,0.09401646574536901,0.4889459006965406,64.40775017844683,0.326511754876762,0.2565682539167923,0.0699435009599697,63.927902933945106,0.6026101063661964,0.005058258869112509,0.017141115099961267,0,0,3,1399.0443703450549,0.0,USDJPY=X,1.0,111.63400268554688,0,2019-03-04 00:00:00+00:00
2019-03-05 00:00:00+00:00,0.19224668769380782,0.19084824678974166,0.1974339122462112,0.19235196360934181,0.6604687788773469,0.05345794880063738,0.5300378265542767,69.62192004877022,0.3996214330647234,0.2851788897463785,0.11444254331834491,96.0503618172528,0.6059952077599614,0.005383427319664934,0.018601603735261374,0,1,3,1530.4285329308314,0.0,USDJPY=X,0.0,111.08000183105469,0,2019-03-05 00:00:00+00:00
2019-03-06 00:00:00+00:00,0.19378571720789983,0.1872909529058855,0.19506859866696025,0.19379402601695683,0.5569544452835559,0.05734200567195606,0.4952948886439775,66.70560828900675,0.43950345190012285,0.3160438021771274,0.12345964972299545,81.16649589954811,0.5890666690988147,0.00542146600323556,0.020106247297802672,0,2,3,1592.747563289017,0.0,USDJPY=X,0.0,111.34200286865234,0,2019-03-06 00:00:00+00:00
2019-03-07 00:00:00+00:00,0.19033501330459623,0.18617012772871178,0.19289782987392168,0.189856633159474,0.5917069427704679,0.045999279149396284,0.5416948650260073,67.51561356688141,0.47284092829309543,0.34740322740032104,0.1254377008927744,85.92824515354754,0.568133710522002,0.005265824139957022,0.021205517402236675,0,3,3,1661.8258084534873,0.0,USDJPY=X,0.0,111.30599975585938,0,2019-03-07 00:00:00+00:00
2019-03-08 00:00:00+00:00,0.19027024849047924,0.18288882651066318,0.1823675680245498,0.1900348975393953,0.545540694504279,0.05609948686818867,0.4977753016352246,63.008240619073106,0.474187219609135,0.37276002584208384,0.10142719376705117,71.44480945840635,0.5551237281646827,0.005089754843806656,0.02121565424074817,0,4,3,1617.8431935575202,0.0,USDJPY=X,0.0,111.19599914550781,0,2019-03-08 00:00:00+00:00
2019-03-11 00:00:00+00:00,0.1811820394316368,0.17731717035018346,0.18314512917452452,0.18105813631637302,0.580856876382499,0.12571847938462122,0.45921149913971177,63.12826055988291,0.4707157827631647,0.39235117722630003,0.0783646055368647,72.06566806883694,0.5732576124322166,0.004972711851319776,0.02005136862648742,0,0,3,1606.0699315623779,0.0,USDJPY=X,1.0,111.75299835205078,1,2019-03-11 00:00:00+00:00
2019-03-12 00:00:00+00:00,0.18518336785190814,0.1798675309562272,0.18685507599977358,0.18530347409090409,0.5021422212980395,0.06495717578321367,0.3697606497987697,53.68279582969181,0.4184379132774865,0.39756852443653734,0.020869388840949132,40.801432883117556,0.5863109496510651,0.005160763440606559,0.017865889550609054,0,1,3,1572.8910027236554,0.0,USDJPY=X,0.0,111.56099700927734,0,2019-03-12 00:00:00+00:00
2019-03-13 00:00:00+00:00,0.18515098544484965,0.17990000068161627,0.18747059889388806,0.18472009710834647,0.6160072883140694,0.05376857850157923,0.40300638930183713,56.96242373560061,0.39361131296712415,0.3967770821426547,-0.003165769175530575,55.5870816631433,0.5710745317211899,0.005265855962216909,0.01728045875418851,0,2,3,1542.4188568623645,0.0,USDJPY=X,0.0,111.37300109863281,0,2019-03-13 00:00:00+00:00
2019-03-14 00:00:00+00:00,0.18310978142740408,0.1842370636958106,0.18747059889388806,0.1829377005551538,0.5742950123608943,0.0481748726655348,0.39318846650796613,56.37172601850172,0.3668026306439742,0.3907821918429186,-0.0239795611989444,53.555298180049,0.5524267214545536,0.005130671598779898,0.01680441872387263,0,3,3,1543.1721507648797,0.0,USDJPY=X,0.0,111.4010009765625,0,2019-03-14 00:00:00+00:00
2019-03-15 00:00:00+00:00,0.19242491452960286,0.18706354089791177,0.19143973276912885,0.19196304562097,0.5639538890959098,0.08966646432263756,0.4035902014355463,54.51175273632764,0.33284361283403996,0.3791944760411429,-0.046350863207102966,47.34757318338579,0.5541822041366503,0.004968044944959434,0.016780746483276092,0,4,3,1484.6769837519587,0.0,USDJPY=X,1.0,110.66000366210938,0,2019-03-15 00:00:00+00:00
2019-03-18 00:00:00+00:00,0.18881217499403324,0.1825802401892167,0.19179619221222644,0.18885194896001511,0.6572291988419966,0.07863318189147404,0.4466865446878623,61.44816087723864,0.3468774402817161,0.37273106888925756,-0.02585362860754148,78.7810160209077,0.5645980879580837,0.0049589918150637294,0.016745860831838277,0,0,3,1446.1667058101982,0.0,USDJPY=X,1.0,110.80599975585938,0,2019-03-18 00:00:00+00:00
2019-03-19 00:00:00+00:00,0.18615545804852984,0.18012741268958998,0.18769740301250248,0.18580575437912872,0.5526034276717509,0.03232327304113591,0.47544679716308347,58.15611990073308,0.3386032385419071,0.36590550281978745,-0.02730226427788035,67.9456985520475,0.5486264951449505,0.005060891378652094,0.016279019527055325,0,1,3,1359.2152100111146,0.0,USDJPY=X,0.0,110.08100128173828,0,2019-03-19 00:00:00+00:00
2019-03-20 00:00:00+00:00,0.1868682417947367,0.18368483050369577,0.19119673718482577,0.1862594508245592,0.5531158307512727,0.0481748726655348,0.4397477374822041,55.04644871837322,0.3132650507052688,0.35537741239688375,-0.042112361691614975,48.536438424464016,0.5381532045807466,0.004926027760166781,0.01550490028543759,0,2,3,1262.8538978578495,0.0,USDJPY=X,0.0,110.06800079345703,0,2019-03-20 00:00:00+00:00
2019-03-21 00:00:00+00:00,0.17416729320032487,0.17161563528814705,0.17392711763977386,0.17425268963491525,0.5832340196329467,0.048640817216947574,0.4448148715782686,55.428715547729205,0.2920768305461081,0.3427172960267286,-0.05064046548062051,43.95696044919007,0.5222138643539969,0.004830775305995391,0.014471975190890602,0,3,3,1196.2786219839384,0.0,USDJPY=X,0.0,110.55400085449219,0,2019-03-21 00:00:00+00:00
2019-03-22 00:00:00+00:00,0.1768888985569188,0.17064104780547407,0.16470910610502298,0.17661833954765593,0.4758744968824329,0.09883478293860438,0.3948245419858772,44.61592703293069,0.21303696538758743,0.3167812298989004,-0.10374426451131297,19.28602269535655,0.5629130789467359,0.004719084105116526,0.014839756120544138,0,4,3,1087.8137959556711,1.0,USDJPY=X,1.0,110.48999786376953,0,2019-03-22 00:00:00+00:00
2019-03-25 00:00:00+00:00,0.16567852946298478,0.15998502922585112,0.1645308763834743,0.16487081580925644,0.5998427940292992,0.1779339093814912,0.36263222221039093,46.81724613032293,0.16032978545840137,0.2854909410108006,-0.1251611555523992,44.62126075029301,0.6044910213406075,0.005080167862633894,0.014587435791690279,0,0,3,965.295519289874,1.0,USDJPY=X,1.0,110.63700103759766,1,2019-03-25 00:00:00+00:00
2019-03-26 00:00:00+00:00,0.1647713276774534,0.167229867685869,0.16893742703025527,0.16466016220080593,0.4775645659242209,0.07770010717910292,0.32040924170767615,38.61029620173803,0.0593732301941543,0.24026739884747134,-0.18089416865331703,16.139560428028222,0.6382419111737002,0.005491329242123169,0.017126301020616286,0,1,3,808.8083891711877,1.0,USDJPY=X,1.0,110.99500274658203,1,2019-03-26 00:00:00+00:00
2019-03-27 00:00:00+00:00,0.17261207248270338,0.16752221914462107,0.17292275237118448,0.17253507153878123,0.5774872737841805,0.10474030408513625,0.33405587283459226,38.48003393807194,-0.02143748003466328,0.18792642307104443,-0.2093639031057077,15.643901786405852,0.6407963175951659,0.005798614552574306,0.019522778474629365,0,2,3,639.2690961026738,0.0,USDJPY=X,1.0,111.45099639892578,1,2019-03-27 00:00:00+00:00
2019-03-28 00:00:00+00:00,0.17159153227246748,0.16953645749099477,0.16942341819886142,0.17149799811079314,0.6479954603299984,0.0693083628154907,0.37030522472194666,45.836713490708846,-0.04573717713952874,0.1411937030289298,-0.18693088016845855,38.07114641204926,0.6396680091955111,0.0057962291065210975,0.019441377195664026,0,3,3,507.17906817363405,0.0,USDJPY=X,0.0,111.30500030517578,1,2019-03-28 00:00:00+00:00
2019-03-29 00:00:00+00:00,0.17471816491123948,0.17146939759364632,0.1776694473964,0.17387996626080815,0.5703201974213291,0.12214505221424438,0.42375892021718353,45.07230734389751,-0.06935983165665505,0.09908299609181284,-0.1684428277484679,35.11762676299316,0.6501205165953295,0.005789374799194044,0.02010173190440752,0,4,3,389.9742102348412,0.0,USDJPY=X,1.0,111.3949966430664,1,2019-03-29 00:00:00+00:00
2019-04-01 00:00:00+01:00,0.17982111315636629,0.17756081722085182,0.18290213359022145,0.17968085236581666,0.6000161214859222,0.06153787785376218,0.4238568328688507,47.24830414289884,-0.07535043507088801,0.06419630985927267,-0.13954674493016067,41.90132167275749,0.6355404186605069,0.005876158161358692,0.020488701687765967,0,0,4,240.14414134322467,0.0,USDJPY=X,0.0,111.65799713134766,1,2019-04-01 00:00:00+01:00
2019-04-02 00:00:00+01:00,0.1869653890159122,0.1795588207045311,0.18918788304867262,0.18706955240682244,0.6296492312549059,0.06961899251643254,0.5104503161370929,52.21328051018379,-0.05062669246993323,0.041231709393431494,-0.09185840186336472,58.421879070815464,0.6382872438761628,0.005725847136663797,0.019399187288801144,0,1,4,139.78250319847757,0.0,USDJPY=X,0.0,111.71099853515625,0,2019-04-02 00:00:00+01:00
2019-04-03 00:00:00+01:00,0.18511860303779115,0.18183294078426782,0.18852366215851757,0.18470390249408175,0.643217461313917,0.028438030560271645,0.5480010975314414,57.67730297102562,0.005696265509456566,0.03412462061663651,-0.02842835510717994,79.46443031468064,0.6240521094084458,0.005727066284732784,0.018755134945417293,0,2,4,79.97550339286855,0.0,USDJPY=X,0.0,111.45600128173828,0,2019-04-03 00:00:00+01:00
2019-04-04 00:00:00+01:00,0.1859772312127348,0.18253141167088338,0.1905972821574251,0.1861621595159615,0.5589508645182939,0.05656543141960144,0.4971466643753625,55.48962123580708,0.03811261239633268,0.03492221897257574,0.003190393423756939,72.72720871444967,0.6054768453854095,0.0056066853034223195,0.01777755191609868,0,3,4,2.069092938373096,0.0,USDJPY=X,0.0,111.1050033569336,0,2019-04-04 00:00:00+01:00
2019-04-05 00:00:00+01:00,0.19057800495450827,0.18576400830084805,0.19500383280420608,0.19042369190475728,0.5918991059758713,0.04335655547229942,0.5094616226284788,56.5828444595221,0.07025489845115374,0.04198875486829134,0.028266143582862398,85.04309287263749,0.5845139607122329,0.005435404314661348,0.017387747075702502,0,4,4,-17.754382495676158,0.0,USDJPY=X,0.0,110.98500061035156,0,2019-04-05 00:00:00+01:00
2019-04-08 00:00:00+01:00,0.19122602388659815,0.18392847737436413,0.18972244861434429,0.19128250095282429,0.6160430973038044,0.03201264334019406,0.5186033576867879,59.69807205854257,0.11561707150855227,0.05671441819634353,0.058902653312208744,92.42911664497639,0.5728347670201762,0.005234859801619461,0.017399167991301347,0,0,4,-44.850199604838494,0.0,USDJPY=X,0.0,111.62100219726562,0,2019-04-08 00:00:00+01:00
2019-04-09 00:00:00+01:00,0.18722457186935348,0.18167059215732206,0.18495956212344034,0.18715064910115564,0.5867064314210124,0.06511367624323017,0.49413028370110346,60.31603015468583,0.1540676943330226,0.07618507342367935,0.07788262090934324,94.96870750288798,0.5618470227798957,0.00512782782833958,0.01812914758969264,0,1,4,21.448758962803915,0.0,USDJPY=X,0.0,112.02799987792969,1,2019-04-09 00:00:00+01:00
2019-04-10 00:00:00+01:00,0.18163564032440238,0.17640752231828882,0.18329097596469612,0.18146324891900933,0.5438230227867097,0.08920051977122478,0.4376904374038608,55.87689580569876,0.16209540773387232,0.09336714028571795,0.06872826744815437,82.7503765335517,0.5732151405375259,0.005040975957496087,0.0182950445614974,0,2,4,82.66693991881327,0.0,USDJPY=X,1.0,111.94300079345703,1,2019-04-10 00:00:00+01:00
2019-04-11 00:00:00+01:00,0.1797887307493078,0.18097212127070628,0.18497575358912877,0.1795187826001603,0.5303459055825357,0.0548557824548757,0.4214633016061263,50.380457292355665,0.1385378512089943,0.10240128247037322,0.03613656873862109,65.93212160205887,0.5729140765091758,0.005159219866057939,0.0182691290167551,0,3,4,85.01574693538068,0.0,USDJPY=X,0.0,111.99299621582031,1,2019-04-11 00:00:00+01:00
2019-04-12 00:00:00+01:00,0.1904484753262743,0.18907765531403609,0.1954088666443694,0.18982424393094455,0.5625259801895443,0.08236310952186737,0.4048662915728112,48.61957008717867,0.1089294285495015,0.10370691168619889,0.0052225168633026064,60.18212525772442,0.5698492430936208,0.005162085627413513,0.018279157893489755,0,4,4,112.71761694899003,0.0,USDJPY=X,1.0,112.03600311279297,1,2019-04-12 00:00:00+01:00
2019-04-15 00:00:00+01:00,0.19670174060381806,0.1901010713150424,0.19950753224511852,0.1964190370039518,0.6684480522584221,0.05982822888903643,0.43437556841225833,57.16477008069591,0.13522575472624965,0.11001068029420905,0.0252150744320406,80.23798907169902,0.6030740137808511,0.005105215254083971,0.017884473858821453,0,0,4,160.8347526921424,0.0,USDJPY=X,0.0,111.98899841308594,0,2019-04-15 00:00:00+01:00
2019-04-16 00:00:00+01:00,0.19534081432854755,0.1893050673220098,0.19887569428634078,0.19504175305339566,0.6360323584329446,0.030302994375468316,0.4622969561137928,61.56949696702675,0.18675430668719173,0.1253594055728056,0.06139490111438614,97.3196757882213,0.5929971546422078,0.005383243603723938,0.018979801063318057,0,1,4,245.51316724138567,0.0,USDJPY=X,0.0,111.91000366210938,0,2019-04-16 00:00:00+01:00
2019-04-17 00:00:00+01:00,0.19592406844652066,0.19131930566838373,0.20012317873820784,0.1958518546356589,0.5675238369211739,0.028748660261213494,0.47579274103249947,60.17774830184749,0.21821687135181378,0.14393089872860723,0.07428597262320655,93.1774241522903,0.5638543263530322,0.005297313368759255,0.020028824428133286,0,2,4,317.42251887041357,0.0,USDJPY=X,0.0,111.92900085449219,0,2019-04-17 00:00:00+01:00
2019-04-18 00:00:00+01:00,0.1968474614355813,0.18946753987920517,0.19779024809033396,0.19654871754107894,0.5862700073515617,0.03605201506198367,0.50771356582997,60.739892036673936,0.24436846572085358,0.1640184121270565,0.08035005359379707,89.80214453445495,0.5401500622496906,0.005034728468791348,0.021058043782598207,0,3,4,383.5891604246263,0.0,USDJPY=X,0.0,111.87699890136719,0,2019-04-18 00:00:00+01:00
2019-04-19 00:00:00+01:00,0.1959078772429914,0.18880153871797867,0.19965337903529035,0.19578707617860003,0.5852964063746611,0.04071501740474813,0.5207305235291428,61.2466762392051,0.2655035304041462,0.18431543578247445,0.08118809462167176,90.57959914692054,0.5202822747745454,0.004821218601540891,0.021732580893486966,0,4,4,470.8144311177767,0.0,USDJPY=X,0.0,112.12999725341797,0,2019-04-19 00:00:00+01:00
2019-04-22 00:00:00+01:00,0.19466041298939918,0.1885416569846159,0.19944276638236436,0.1945070835366416,0.5727989545587759,0.016471673416737012,0.4663423685678469,60.330048260883245,0.27528699785284516,0.2025097481965486,0.07277724965629656,86.70344314252785,0.49304782221670956,0.004645833806419241,0.02226309640941961,0,0,4,529.7059949571523,0.0,USDJPY=X,0.0,111.53900146484375,0,2019-04-22 00:00:00+01:00
2019-04-23 00:00:00+01:00,0.19504924906804777,0.18914271869506405,0.1958786663472869,0.1948149048306802,0.5683535820727682,0.01600572886532424,0.4280146441153606,58.739016355720864,0.2735133583361318,0.21671047022446524,0.05680288811166653,80.48825873991548,0.46532981545402047,0.004405752891451707,0.02050219845453722,0,1,4,572.8122150759327,0.0,USDJPY=X,0.0,111.59300231933594,0,2019-04-23 00:00:00+01:00
2019-04-24 00:00:00+01:00,0.1939476292431923,0.1882330706631694,0.19629989165313888,0.1939722903968779,0.5819641225888492,0.055944172017717744,0.4361928776795153,59.01891739617068,0.27052223892383154,0.22747282396433852,0.04304941495949302,81.98292835190165,0.45780630080384493,0.004157365936456001,0.017935326998395798,0,2,4,612.5064515318222,0.0,USDJPY=X,0.0,111.677001953125,0,2019-04-24 00:00:00+01:00
2019-04-25 00:00:00+01:00,0.19840268215320256,0.1924238959828628,0.19161796249067753,0.19807175302001734,0.5720983487339103,0.04320124062182849,0.4281690017513729,57.861814704379356,0.26094759082816665,0.23416777733710414,0.02677981349106251,77.89149538993469,0.4449629848842623,0.0040920502453543235,0.016586361078002855,0,3,4,667.3834390956405,0.0,USDJPY=X,0.0,111.3949966430664,0,2019-04-25 00:00:00+01:00
2019-04-26 00:00:00+01:00,0.18813177365488487,0.1872583592502468,0.1920391877965295,0.18849554382318234,0.6144944575884992,0.12820470260170158,0.44468667331183354,61.78711766898008,0.2706545289130702,0.24146512765229736,0.029189401260772824,92.8304036922025,0.472108267981257,0.003968277854128805,0.014842298618911173,0,4,4,737.9957266359463,0.0,USDJPY=X,1.0,111.4520034790039,0,2019-04-26 00:00:00+01:00
2019-04-29 00:00:00+01:00,0.1896708031689769,0.1868523637526327,0.1944367607081825,0.18937054748551407,0.4973523975583384,0.0747467538010642,0.4018912195158884,50.0567553525632,0.22803033454731292,0.23877816903130047,-0.010747834483987556,48.69319962394234,0.488600198860665,0.004232674327195425,0.012638490159744335,0,0,4,711.537689882569,0.0,USDJPY=X,1.0,111.49500274658203,0,2019-04-29 00:00:00+01:00
2019-04-30 00:00:00+01:00,0.19091826742256934,0.1835223579465004,0.1888477386702383,0.19073163682180572,0.5868536665400944,0.047864242964592955,0.41233705815695765,50.97266515064828,0.19634443465275808,0.230291422155592,-0.033946987502833925,52.72613315859947,0.4782717396577269,0.004378412523237618,0.011439440518450762,0,1,4,642.6264025064954,1.0,USDJPY=X,0.0,110.62300109863281,0,2019-04-30 00:00:00+01:00
2019-05-01 00:00:00+01:00,0.18647940571608812,0.18134564704293132,0.18732487570269107,0.1861621595159615,0.5910309014685674,0.06961899251643254,0.41745810936659533,52.43394870050436,0.17598258148032642,0.2194296540205389,-0.04344707254021249,55.54690685347863,0.47610933303038927,0.004282634126034968,0.011272025360028576,0,2,5,593.8942672395283,1.0,USDJPY=X,1.0,110.80500030517578,0,2019-05-01 00:00:00+01:00
2019-05-02 00:00:00+01:00,0.18722457186935348,0.18314870824402596,0.19126150304757994,0.18708587064409676,0.5400509801293181,0.06340284166895885,0.3993352352617076,47.333277128544445,0.1355279130188478,0.2026493058202007,-0.06712139280135287,23.76109415684408,0.4807444068289999,0.004274063893156228,0.01112136368632078,0,3,5,534.6586142229729,1.0,USDJPY=X,0.0,110.25700378417969,0,2019-05-02 00:00:00+01:00
2019-05-03 00:00:00+01:00,0.18782401719085584,0.18261270991460576,0.1875516798213055,0.1877826099265072,0.5872830835871848,0.04289061092088665,0.38402061953401184,48.42548248926673,0.10683573617345132,0.18348659189085081,-0.07665085571739949,28.991096676652575,0.4661198760956785,0.0043134658132867555,0.011023994560933205,0,4,5,484.48137461840963,1.0,USDJPY=X,0.0,110.02799987792969,0,2019-05-03 00:00:00+01:00
2019-05-06 00:00:00+01:00,0.17343831825058853,0.1716318701508417,0.17376520298288822,0.1736531180380929,0.5853243319687548,0.07334892014682588,0.43381920751841946,49.27989375736409,0.08656875017632615,0.1641030235479459,-0.07753427337161975,32.93599686423832,0.4665398936652952,0.004180634688669648,0.011134112929014908,0,0,5,424.25936442211645,1.0,USDJPY=X,1.0,109.80699920654297,0,2019-05-06 00:00:00+01:00
2019-05-07 00:00:00+01:00,0.17677556013221407,0.16934151520841034,0.1742673856171828,0.17660214493339121,0.45768781753931653,0.10054324629378456,0.36070901917459725,36.18722888073657,0.00014213395840556586,0.13131084563003784,-0.13116871167163227,16.813619716915767,0.5186441259397607,0.004217385977888293,0.014032612865461024,0,1,5,301.3297663013114,0.0,USDJPY=X,1.0,109.65399932861328,0,2019-05-07 00:00:00+01:00
2019-05-08 00:00:00+01:00,0.16759008025522282,0.1601637366457409,0.1674307555283967,0.16772267501896687,0.6049113474871932,0.07381486469823866,0.3684982911930891,39.783173738120496,-0.053054191433503206,0.09443783821732964,-0.14749202965083286,26.258339107195884,0.5155265793812845,0.004680692428241747,0.015427559063255136,0,2,5,203.78374784300667,0.0,USDJPY=X,1.0,109.15399932861328,0,2019-05-08 00:00:00+01:00
2019-05-09 00:00:00+01:00,0.1640909263383048,0.15733738337388936,0.16043221078272518,0.16401200676118965,0.5024075402011154,0.05159298498544071,0.3472856504366718,33.63687039278243,-0.13784244016549962,0.04798178254076379,-0.18582422270626342,15.056364683617215,0.5427749075560588,0.0046756810151524835,0.018473821910972715,0,3,5,72.08596221665053,0.0,USDJPY=X,0.0,109.6709976196289,0,2019-05-09 00:00:00+01:00
2019-05-10 00:00:00+01:00,0.16143408579582785,0.15688255935794215,0.16088581901995402,0.16043101904053958,0.5470214041804087,0.09168674298830515,0.3247213459111191,31.450179175040986,-0.22096924362885773,-0.005808422693160515,-0.21516082093569722,20.072798295454547,0.5597914041145546,0.004933061658470928,0.021758057431467553,0,4,5,-97.43292090746122,0.0,USDJPY=X,1.0,109.4749984741211,0,2019-05-10 00:00:00+01:00
2019-05-13 00:00:00+01:00,0.15785385226429027,0.15296772670405634,0.15319067045275037,0.15795188320493625,0.5480854341911292,0.08298436892375108,0.3039025123564937,29.459794676945847,-0.30120859626913443,-0.0648884574083553,-0.23632013886077913,12.036410245028408,0.5579494617796422,0.005097957399433231,0.025640893096485422,0,0,5,-250.7612932223392,0.0,USDJPY=X,1.0,109.87100219726562,0,2019-05-13 00:00:00+01:00
2019-05-14 00:00:00+01:00,0.15033693152962502,0.1523667889238578,0.15519952458890374,0.1498501256442457,0.5576538621370501,0.11934701368667659,0.3601170774311657,28.132391993140075,-0.3728467278162242,-0.12648011148992908,-0.2463666163262951,19.54958631338044,0.5736673486475026,0.005088272796212094,0.028724975756389614,0,1,5,-434.3393449645728,0.0,USDJPY=X,1.0,110.16000366210938,1,2019-05-14 00:00:00+01:00
2019-05-15 00:00:00+01:00,0.15856663601049736,0.15132713806015685,0.1553291799133869,0.15822731527044565,0.5084076515084053,0.09432828105585643,0.3060141427840665,24.281876883763843,-0.46461054338369934,-0.19410619786868313,-0.27050434551501623,3.909917262676088,0.5760484136227367,0.0052555779190504035,0.03302301842951334,0,2,5,-657.9513647268342,0.0,USDJPY=X,1.0,110.06999969482422,1,2019-05-15 00:00:00+01:00
2019-05-16 00:00:00+01:00,0.15477579323610624,0.15545302392907212,0.1583747822495063,0.1550514401524321,0.6529871837788118,0.08313849816467642,0.390466444450894,34.2958967878896,-0.4899685347201199,-0.2532786652389705,-0.2366898694811494,22.29936717582336,0.5736163709992935,0.005252513664739707,0.03414463103361884,0,3,5,-830.1982394397289,0.0,USDJPY=X,1.0,110.22100067138672,1,2019-05-16 00:00:00+01:00
2019-05-17 00:00:00+01:00,0.1613206237741498,0.15631396737288306,0.16095070848168302,0.16146809246852767,0.5515292310461138,0.0933952063434853,0.39301191198723623,32.53893737158292,-0.5198874793151447,-0.3066004280542054,-0.21328705126093928,15.62713857998289,0.5755721962711073,0.005239702023242241,0.03534392005324042,0,4,5,-1036.9685070100018,0.0,USDJPY=X,1.0,109.55799865722656,0,2019-05-17 00:00:00+01:00
2019-05-20 00:00:00+01:00,0.16622927757692585,0.1611871526467472,0.16584312669809553,0.1661509320742247,0.6355821415166371,0.07692234731720271,0.4424302793819121,39.304526850088095,-0.5058135636408565,-0.3464430551715356,-0.15937050846932088,31.785662855332507,0.5721741735324345,0.005238617876969103,0.0349767742000006,0,0,5,-1164.7039709479855,0.0,USDJPY=X,1.0,109.4010009765625,0,2019-05-20 00:00:00+01:00
2019-05-21 00:00:00+01:00,0.1653706494019822,0.16679127853261622,0.16986083497040183,0.16469255142933537,0.6202329247407184,0.07661290322580645,0.47795244401329257,43.73903161467825,-0.4659684864880944,-0.3703481414348474,-0.09562034505324701,43.069480962826304,0.566519150081178,0.0051940282726156035,0.03400870632365405,0,1,5,-1213.4721243261106,0.0,USDJPY=X,1.0,109.50900268554688,0,2019-05-21 00:00:00+01:00
2019-05-23 00:00:00+01:00,0.16737947101236927,0.1619343281214467,0.16172826963165776,0.16713929803640903,0.5666171443220811,0.09168674298830515,0.5112329456423786,42.692889546025924,-0.43662045492405355,-0.38360260413268865,-0.053017850791364896,39.64206336524354,0.5681966370243193,0.005146898806685627,0.03287571335881981,0,3,5,-1291.254594868911,0.0,USDJPY=X,1.0,109.34600067138672,0,2019-05-23 00:00:00+01:00
2019-05-24 00:00:00+01:00,0.15654162319658105,0.15178196207610428,0.1572569531221224,0.1563963348744588,0.6006599533883117,0.12323225616754085,0.4814809104325988,45.06677304245914,-0.3966055892728946,-0.38620320116072987,-0.010402388112164707,45.96992967899491,0.5842539677781626,0.005155066943352681,0.031287241455183974,0,4,5,-1309.7593762075142,0.0,USDJPY=X,1.0,109.54199981689453,0,2019-05-24 00:00:00+01:00
2019-05-27 00:00:00+01:00,0.1540144358793114,0.14936160430186685,0.15887696488380088,0.15385242058179704,0.4857723699180825,0.06899773311454885,0.4439747820993678,37.685305624917824,-0.41362423880373456,-0.39168740868933083,-0.021936830114403727,27.595168447654867,0.6097359623718541,0.005332828044861557,0.029483100862129626,0,0,5,-1389.7440984758293,0.0,USDJPY=X,0.0,109.35700225830078,0,2019-05-27 00:00:00+01:00
2019-05-28 00:00:00+01:00,0.1556829950216374,0.15012513856951015,0.15612293252905007,0.15560242790646028,0.5570370946532841,0.030302994375468316,0.3996045636672341,36.1743555312922,-0.43476830354551055,-0.4003035876605668,-0.034464715884943764,20.946027218365522,0.5801119432613088,0.005573403871345571,0.029046216288708317,0,1,5,-1454.8758760662477,0.0,USDJPY=X,0.0,108.21199798583984,0,2019-05-28 00:00:00+01:00
2019-05-29 00:00:00+01:00,0.1534635641683968,0.14718501732854716,0.15518333312321508,0.1529612223052006,0.5946776177065539,0.06402528668038812,0.3852268372181881,38.01548100962906,-0.43776402074847454,-0.40779567427814833,-0.0299683464703262,29.648077811183473,0.5681041304195412,0.00529739043398185,0.027619648721146847,0,2,5,-1484.1872335357084,0.0,USDJPY=X,0.0,108.0270004272461,0,2019-05-29 00:00:00+01:00
2019-05-30 00:00:00+01:00,0.1565254319930518,0.15498196505043027,0.16062663196996252,0.15613709742321435,0.556174384558292,0.04491088958655424,0.37934100463262893,36.312943609015235,-0.44812533853853154,-0.415861607130225,-0.03226373140830652,19.58003072486169,0.5530254252682012,0.005195472417202002,0.025577154262113693,0,3,5,-1504.1809112470012,0.0,USDJPY=X,0.0,108.25399780273438,0,2019-05-30 00:00:00+01:00
2019-05-31 00:00:00+01:00,0.15239445034757315,0.14632407388473623,0.14564136867571853,0.1531394866851219,0.6072014124751334,0.06728808414982311,0.3830174231306046,39.80394553228338,-0.43550107917639025,-0.4197895015394581,-0.01571157763693215,31.68619171936703,0.5545948197663431,0.005048524092974508,0.023425745085094957,0,4,5,-1502.3142564536863,0.0,USDJPY=X,0.0,108.3280029296875,0,2019-05-31 00:00:00+01:00
2019-06-03 00:00:00+01:00,0.13501164839676805,0.13077875909880388,0.13760595213110594,0.13458639264225503,0.5530584801055742,0.12820470260170158,0.42113047771065903,37.703199186810075,-0.43540494242235184,-0.4229125897160369,-0.012492352706314935,38.081490019576634,0.5849092095584235,0.005071415714710178,0.020590097085659193,0,0,6,-1490.9252772321324,0.0,USDJPY=X,1.0,108.4540023803711,0,2019-06-03 00:00:00+01:00
2019-06-04 00:00:00+01:00,0.1322900430401741,0.12954428988276812,0.13415519235584838,0.1315887819041628,0.4164838838970276,0.05656543141960144,0.34153693578358424,27.891484402881858,-0.5217071140800584,-0.44267149458884125,-0.07903561949121718,5.617844674945388,0.6352729028419178,0.005405215876662422,0.02042309650797074,0,1,6,-1592.131667173246,0.0,USDJPY=X,0.0,108.4489974975586,1,2019-06-04 00:00:00+01:00
2019-06-05 00:00:00+01:00,0.13504403080382654,0.12952793108982408,0.13360443532448807,0.13526693731040096,0.5527356581301929,0.07785660763911942,0.3180575858442085,26.683255818940623,-0.598135035419574,-0.4737642027549878,-0.1243708326645862,6.1919741354828846,0.6256824869302183,0.005880686312953406,0.023275232762687177,0,2,6,-1695.099280290594,0.0,USDJPY=X,1.0,108.35900115966797,0,2019-06-05 00:00:00+01:00
2019-06-06 00:00:00+01:00,0.13690713158245038,0.13032393508285667,0.1370875780311227,0.13646608050404563,0.6120045734250744,0.0829831833142055,0.34930472563163406,30.652845737005137,-0.6330900545449794,-0.5056293731129862,-0.12746068143199318,15.346451849613675,0.6191334937231492,0.0057797633309613836,0.02332351680146828,0,3,6,-1744.5124885762077,0.0,USDJPY=X,1.0,108.4739990234375,0,2019-06-06 00:00:00+01:00
2019-06-07 00:00:00+01:00,0.13873772635704218,0.133588877507961,0.13486811124204356,0.13850771450848298,0.5899561098996527,0.05718669082148514,0.3396498683921382,31.946501082995425,-0.6473582211735334,-0.5339751427250956,-0.11338307844843776,17.96332067164501,0.6011951167300894,0.005715359620586843,0.024073456440164915,0,4,6,-1818.2994552859745,0.0,USDJPY=X,0.0,108.48799896240234,0,2019-06-07 00:00:00+01:00
2019-06-10 00:00:00+01:00,0.13857569072477638,0.1352782946701936,0.1424821788818298,0.13842661781414978,0.597413611374254,0.1097115649097514,0.36454129386862744,34.197242306234486,-0.6411084443046349,-0.5554018030410035,-0.08570664126363137,22.418742176371563,0.6086807264167795,0.005543318859008736,0.024494957326955287,0,0,6,-1824.3324283591191,0.0,USDJPY=X,1.0,108.32099914550781,0,2019-06-10 00:00:00+01:00
2019-06-11 00:00:00+01:00,0.13727965286059618,0.13672394103150864,0.1423364556906328,0.13696836079227004,0.578606305645322,0.05283668939875368,0.45659155183349687,34.148929513232446,-0.62930506624933,-0.5701824556826688,-0.05912261056666124,22.241766305520784,0.5894895293359493,0.005612598921723386,0.025024355280989872,0,1,6,-1828.4544687816183,0.0,USDJPY=X,0.0,108.57599639892578,0,2019-06-11 00:00:00+01:00
2019-06-12 00:00:00+01:00,0.1391751360462785,0.1328417020332615,0.1400522230387995,0.13883173041678631,0.5664177613857231,0.06806465840217772,0.46437295374751864,33.23955685437575,-0.6200650327186423,-0.5801589710898636,-0.039906061628778744,21.312835426464865,0.5786685565722767,0.005440152853267179,0.025729029168448724,0,2,6,-1869.8525218659008,0.0,USDJPY=X,1.0,108.53900146484375,0,2019-06-12 00:00:00+01:00
2019-06-13 00:00:00+01:00,0.13951527491736604,0.1322569991157576,0.13919358096140733,0.13905857863950155,0.5958294032329196,0.05283550378920811,0.45520058158431964,35.59951109164538,-0.5965858032674731,-0.5834443375253855,-0.013141465742087632,31.12803305953185,0.5616205409521587,0.005334629144143992,0.02630606554898147,0,3,6,-1881.6439307392757,0.0,USDJPY=X,0.0,108.572998046875,0,2019-06-13 00:00:00+01:00
2019-06-14 00:00:00+01:00,0.13643733948615533,0.1318508796878941,0.1391126236329645,0.1363525945811832,0.5813312659035234,0.05547822746630497,0.4503078890791792,35.8966000342798,-0.5702748927171655,-0.5808104485637415,0.010535555846576061,31.794380170091,0.5470049493342032,0.00517679878257128,0.02638760413516125,0,4,6,-1939.3956555693571,0.0,USDJPY=X,0.0,108.11499786376953,0,2019-06-14 00:00:00+01:00
2019-06-17 00:00:00+01:00,0.14043866790642667,0.13552194154086195,0.14507429657969495,0.14048444643285185,0.555383404987073,0.052369559237795335,0.426489663892976,33.88833035299875,-0.5564839949987714,-0.5759451578507475,0.019461162851976077,23.845785127568252,0.532004451941749,0.005049851401383497,0.026873788544267,0,0,6,-1974.0351135830203,0.0,USDJPY=X,0.0,107.2770004272461,0,2019-06-17 00:00:00+01:00
2019-06-18 00:00:00+01:00,0.1400499554247514,0.13472606147807875,0.13809194329971186,0.13988499845903912,0.615936043689838,0.030302994375468316,0.44761257722930736,39.45800274595507,-0.5189958014139933,-0.5645552865633967,0.045559485149403445,35.98274397019413,0.5227184501777736,0.004899834858407179,0.026026206425442903,0,1,6,-1905.4051936678534,0.0,USDJPY=X,0.0,107.31199645996094,0,2019-06-18 00:00:00+01:00
2019-06-19 00:00:00+01:00,0.1407303567639,0.13362147116359968,0.14057059713878273,0.1404358625900577,0.5740248275669187,0.08966646432263756,0.45193072782621657,38.94537879186129,-0.48666139033943523,-0.5489765073186045,0.06231511697916925,34.22191719139232,0.5265959522367831,0.004815950424484828,0.0241271025222087,0,2,6,-1833.3623702781092,0.0,USDJPY=X,1.0,107.3270034790039,0,2019-06-19 00:00:00+01:00
2019-06-20 00:00:00+01:00,0.13303533279041302,0.1254833434646312,0.12798290675619195,0.1330146496975131,0.5841953777032156,0.05532291261583405,0.44533592307063813,39.72039692329866,-0.4530701854854726,-0.5297952429519781,0.07672505746650549,48.02282978381771,0.5144107276210977,0.004850155763493167,0.02198346073216581,0,3,6,-1775.150374865457,0.0,USDJPY=X,0.0,107.16600036621094,0,2019-06-20 00:00:00+01:00
2019-06-21 00:00:00+01:00,0.11991316571029387,0.11927815586831425,0.12106531933896303,0.11943614556312676,0.5137178351922327,0.09821352353672069,0.40700185908441644,33.54294239592075,-0.45812472408995575,-0.5154611391795737,0.057336415089617954,48.48938855242913,0.5562384237996689,0.004757996002268638,0.019129559402476154,0,4,6,-1759.7852000148882,0.0,USDJPY=X,1.0,107.73799896240234,1,2019-06-21 00:00:00+01:00
2019-06-24 00:00:00+01:00,0.1203181929924717,0.11589944547409825,0.12438642378973741,0.12000320430841027,0.45877666218810464,0.10520624863654902,0.35237672879922866,25.67490320741703,-0.5237128364618258,-0.5171114786360241,-0.006601357825801624,13.192625932978078,0.5928642681097372,0.005185066897698196,0.021007438897533134,0,0,6,-1802.40134034034,0.0,USDJPY=X,1.0,107.74700164794922,1,2019-06-24 00:00:00+01:00
2019-06-25 00:00:00+01:00,0.12078798508876676,0.11409638427300339,0.11680461548235366,0.12024637076839984,0.5843975799092562,0.041025647105689976,0.3347234616790945,26.450800285968143,-0.5663395904230981,-0.526957100993439,-0.03938248942965916,15.19125778298701,0.569373958885102,0.005524678392605809,0.022152900738138567,0,1,6,-1785.7697289642688,0.0,USDJPY=X,0.0,108.38200378417969,1,2019-06-25 00:00:00+01:00
2019-06-26 00:00:00+01:00,0.1180987621392311,0.11971674502156682,0.12297702468098493,0.11763755439566959,0.5814989551564718,0.09650387457199495,0.3389098038208885,26.803673119089353,-0.5920854663332165,-0.5399827740613945,-0.05210269227182196,27.011239530417193,0.5730616901979965,0.005305039183326189,0.022170637032339326,0,2,6,-1753.4634262389304,0.0,USDJPY=X,1.0,108.36599731445312,1,2019-06-26 00:00:00+01:00
2019-06-27 00:00:00+01:00,0.12702505916278128,0.12626298866471974,0.13091516883249144,0.12690594229846575,0.5559934001691035,0.09106429797687587,0.32311629978875644,25.395913098286258,-0.6183528770687019,-0.555656794662856,-0.0626960824058459,19.017043022361626,0.5739857505521575,0.005347420714029753,0.02258368534194575,0,3,6,-1750.7808077169962,0.0,USDJPY=X,1.0,107.80500030517578,0,2019-06-27 00:00:00+01:00
2019-06-28 00:00:00+01:00,0.1276406956878129,0.1213086290773826,0.12945719532667344,0.1270518174498576,0.6623356335959402,0.077544792328632,0.4065715495240366,37.87890743652874,-0.5862564831958395,-0.5617767323694527,-0.02447975082638676,47.418165838949314,0.6034867334926284,0.0053276073073573885,0.019957241970933928,0,4,6,-1706.972787855946,0.0,USDJPY=X,1.0,107.77899932861328,0,2019-06-28 00:00:00+01:00
2019-07-01 00:00:00+01:00,0.13727965286059618,0.13235440829192502,0.13827017302126077,0.13734108416637714,0.5806235993569184,0.04413312972465404,0.4758963549991116,38.05458936573904,-0.5537105873464441,-0.560163503364851,0.006452916018406918,47.86517109315514,0.5806660083882443,0.005600960808769891,0.017433666780248998,0,0,7,-1660.4675552444492,0.0,USDJPY=X,0.0,107.80799865722656,0,2019-07-01 00:00:00+01:00
2019-07-02 00:00:00+01:00,0.13758753292159875,0.13134735108386297,0.1353541024106497,0.13708172309212285,0.6709821325552286,0.0652678054841555,0.5251466794283975,49.008591133913704,-0.4712461328666109,-0.542380029265203,0.07113389639859213,82.42291961617114,0.5949754527876889,0.005357586943534652,0.017468566047129677,0,1,7,-1573.9620567226368,0.0,USDJPY=X,0.0,108.4739990234375,0,2019-07-02 00:00:00+01:00
2019-07-03 00:00:00+01:00,0.1284668178587245,0.12153604108535632,0.12884154883358412,0.127991599569248,0.5770271307402879,0.08360562832563477,0.5225884194658981,48.77445891271032,-0.40254377286355236,-0.514412777984873,0.11186900512132059,81.5978448953909,0.5909059214571509,0.005490425664253404,0.017593285508876302,0,2,7,-1475.038836941507,0.0,USDJPY=X,1.0,108.72100067138672,1,2019-07-03 00:00:00+01:00
2019-07-04 00:00:00+01:00,0.12738138923739806,0.12101627761863054,0.13177381090988383,0.12757029235234674,0.4988105636934259,0.05221424438732441,0.4898307147793316,41.32315740808156,-0.38888164228653466,-0.4893065508452053,0.10042490855867064,52.680509674374704,0.608698094059542,0.005481247806543359,0.01780940114845408,0,3,7,-1433.2883982570065,0.0,USDJPY=X,0.0,108.92400360107422,1,2019-07-04 00:00:00+01:00
2019-07-05 00:00:00+01:00,0.12832109702696126,0.13373511520246173,0.13342620560293939,0.12804018341204193,0.5755729761306257,0.01911439709383388,0.44064776128863214,41.0104429693557,-0.37582014617805726,-0.4666092699117757,0.09078912373371845,51.34025483718735,0.5740054515290615,0.005647650264442047,0.017861545347780738,0,4,7,-1368.8203206599098,0.0,USDJPY=X,0.0,108.33399963378906,1,2019-07-05 00:00:00+01:00
2019-07-08 00:00:00+01:00,0.13902929161754196,0.135554411266251,0.14102420537601157,0.13883173041678631,0.583508623614964,0.12494190513226659,0.44228265747968615,41.54179564822977,-0.3589905928569266,-0.4450855345008059,0.08609494164387932,54.20402004373472,0.5925764645476329,0.005324330835173934,0.01764431249001083,0,0,7,-1247.539811953827,0.0,USDJPY=X,1.0,108.58799743652344,0,2019-07-08 00:00:00+01:00
2019-07-09 00:00:00+01:00,0.14319277926705265,0.1393392410883305,0.14812002251478917,0.14283402535433742,0.6754021191267691,0.06946367766596162,0.4447733867076139,52.19243284858871,-0.2885857501542404,-0.4137855776314928,0.12519982747725245,87.07521744937966,0.6157495611438399,0.005462843353084065,0.017577693048847234,0,1,7,-1106.2766004901566,0.0,USDJPY=X,0.0,107.83200073242188,0,2019-07-09 00:00:00+01:00
2019-07-10 00:00:00+01:00,0.14630322070229518,0.13976159537888888,0.14293591071803347,0.1461233863952136,0.6147380285086385,0.037606349176238486,0.4661584849605509,55.43531403317982,-0.21043269919574925,-0.3731150019443441,0.16268230274859485,89.1034860145502,0.6063389610384206,0.005663575181808398,0.018222408525650644,0,2,7,-966.6050588971265,0.0,USDJPY=X,0.0,107.88899993896484,0,2019-07-10 00:00:00+01:00
2019-07-11 00:00:00+01:00,0.13671271354312586,0.1293980521882674,0.13423627328326582,0.13656324818963372,0.6083635606105463,0.09137492767781771,0.5287492929272538,57.95932485831816,-0.13060961702588259,-0.32461392496065183,0.19400430793476925,97.27408229054733,0.6050288521444932,0.005566623893656079,0.019223910293347052,0,3,7,-795.8954901840556,0.0,USDJPY=X,1.0,108.20099639892578,0,2019-07-11 00:00:00+01:00
2019-07-12 00:00:00+01:00,0.1409247748032243,0.13339405915562597,0.13579151918219012,0.14067890542703765,0.4950813172259489,0.07567982851343533,0.4826650893709184,49.23193156449669,-0.11364758004346243,-0.28242065597721394,0.16877307593375152,70.46795382855558,0.637884108520333,0.0055848473626906175,0.019141445173819098,0,4,7,-700.959851199457,0.0,USDJPY=X,1.0,107.93699645996094,0,2019-07-12 00:00:00+01:00
2019-07-15 00:00:00+01:00,0.12854789747334405,0.12533710577013046,0.13341001413725073,0.12842910140041375,0.6157881680735007,0.09899009778907532,0.501041172633123,52.54480399181864,-0.07880117273035125,-0.24169675932784143,0.16289558659749018,82.00804187320185,0.637821032025856,0.005874351895044538,0.019457169086645253,0,0,7,-550.8926906623034,0.0,USDJPY=X,1.0,107.4010009765625,0,2019-07-15 00:00:00+01:00
2019-07-16 00:00:00+01:00,0.12955224648005093,0.1296254641962411,0.13457641766170014,0.12935268890553941,0.4710463181386838,0.04475557473608331,0.3851487870881059,43.455451179447955,-0.11090926678394908,-0.21553926081906297,0.10462999403511389,36.703262614702936,0.6479765854023575,0.005914951291765119,0.01921090862195443,0,1,7,-517.2968109505921,0.0,USDJPY=X,0.0,107.80999755859375,0,2019-07-16 00:00:00+01:00
2019-07-17 00:00:00+01:00,0.13475246554332676,0.12894322817231996,0.13762214359679437,0.13440812826233395,0.5875449675215006,0.07459262456013886,0.3698694652679619,44.2386464987241,-0.1302543124090363,-0.19848227113705763,0.06822795872802134,24.897045049004987,0.639406820582881,0.0060059559896646735,0.01875372199201779,0,2,7,-483.9578354823401,0.0,USDJPY=X,1.0,107.90399932861328,0,2019-07-17 00:00:00+01:00
2019-07-18 00:00:00+01:00,0.130038229779875,0.12376145657700932,0.13038060326681977,0.13013040125927344,0.6242992503970393,0.03885005358955146,0.37881149681939674,48.44777598018961,-0.11903770106532363,-0.18259335712271085,0.06355565605738722,46.295976515282334,0.6243778230049744,0.0059094356046912435,0.0181639267643233,0,3,7,-392.1346473118091,1.0,USDJPY=X,0.0,108.23200225830078,0,2019-07-18 00:00:00+01:00
2019-07-19 00:00:00+01:00,0.1217762664889177,0.12025274335098723,0.1257958228984899,0.1214453903390349,0.5413773608052145,0.05874102493573996,0.40500672104449625,45.32974048357068,-0.12995302689789412,-0.1720652910777475,0.04211226417985339,28.188987090731178,0.6212075643374873,0.005784650708124775,0.018180677463740164,0,4,7,-323.155655873257,0.0,USDJPY=X,0.0,108.18900299072266,1,2019-07-19 00:00:00+01:00
2019-07-22 00:00:00+01:00,0.12861266228746104,0.1247360440596823,0.13185476823832643,0.12807257264057137,0.5020930020853912,0.06915304796501977,0.3409828005952534,39.73790750306377,-0.1797814486401137,-0.17360852259022075,-0.006172926049892946,3.827666921597256,0.6196212399874882,0.005784001626512306,0.017965520783784175,0,0,7,-291.2936256775371,0.0,USDJPY=X,0.0,108.66600036621094,1,2019-07-22 00:00:00+01:00
2019-07-23 00:00:00+01:00,0.12942271685181694,0.1282447572857044,0.13389600530585688,0.12959573174251937,0.6385500001394798,0.05392389335205015,0.4354969397463672,45.28448031980144,-0.18414551099816379,-0.17571592027180935,-0.008429590726354436,28.67551971076966,0.6223623750846431,0.005747344903247305,0.01703786621032872,0,1,7,-283.2624380420947,1.0,USDJPY=X,0.0,108.63300323486328,1,2019-07-23 00:00:00+01:00
2019-07-24 00:00:00+01:00,0.1350278396002973,0.12798487555234161,0.1357104382547727,0.1349105321735682,0.592884585647346,0.06791052916125238,0.438519700860839,46.50321516629013,-0.1779674071346875,-0.176166217644385,-0.0018011894903025016,34.38642842244316,0.6111224888132512,0.0057677415013069775,0.016038855669425006,0,2,7,-277.3092179456503,1.0,USDJPY=X,0.0,108.86599731445312,1,2019-07-24 00:00:00+01:00
2019-07-25 00:00:00+01:00,0.1342340998364442,0.1332315865984306,0.13716853535956552,0.13421379289115776,0.6266000588645451,0.04801955781506388,0.4398195666320477,50.63505723438063,-0.14493341789753345,-0.16991965769501471,0.02498623979748127,54.31365732693689,0.5928282651075614,0.005646412115288955,0.01421668544519157,0,3,7,-232.2896826413774,1.0,USDJPY=X,0.0,108.56199645996094,1,2019-07-25 00:00:00+01:00
2019-07-26 00:00:00+01:00,0.1421721154598432,0.1371462953220668,0.14552790481692401,0.1419428270777412,0.5731451853118319,0.08422688772751846,0.45786571809915133,50.08889022976654,-0.12083056541999326,-0.16010183924001042,0.03927127382001716,51.701314051310575,0.5891976616637736,0.005479561218975251,0.013912552523538615,0,4,7,-167.0542986234238,1.0,USDJPY=X,1.0,108.81999969482422,0,2019-07-26 00:00:00+01:00
2019-07-29 00:00:00+01:00,0.1414917141206946,0.13825088563654608,0.14343809335232804,0.14140815756098712,0.6478939619541673,0.04149159165710275,0.5410702405025044,55.78622066642644,-0.0625185050021031,-0.14058517239242896,0.07806666739032586,80.68043291849173,0.5923974755558143,0.005422097617268899,0.014151091917426294,0,0,7,-113.38362193131472,1.0,USDJPY=X,0.0,107.43099975585938,0,2019-07-29 00:00:00+01:00
2019-07-30 00:00:00+01:00,0.14531493930214423,0.13890065193507795,0.14381062066213945,0.1451834806528134,0.5746013913375557,0.07210521573351292,0.5045547190872514,55.31581947596245,-0.01875220597875682,-0.11621857910969453,0.09746637313093771,78.6757514658509,0.5832260049594726,0.005453199837208385,0.014557328590266335,0,1,7,-56.140026422164205,1.0,USDJPY=X,1.0,106.5770034790039,0,2019-07-30 00:00:00+01:00
2019-07-31 00:00:00+01:00,0.14029294707466344,0.13428747232482618,0.1445397310140233,0.1402575982101366,0.6126807895352128,0.07474793941060978,0.5158453424940274,58.00833345277857,0.03433775209488488,-0.08610731286877865,0.12044506496366353,95.91950114464699,0.5759243480064523,0.005357283443377257,0.01549054632754921,0,2,7,8.542514425039705,1.0,USDJPY=X,1.0,105.59300231933594,0,2019-07-31 00:00:00+01:00
2019-08-01 00:00:00+01:00,0.14453739074182037,0.14455348240903043,0.13909630856830124,0.14443815752760902,0.5358946505697068,0.02362089897658184,0.4641583212101831,53.48027136686043,0.05129035476181798,-0.05862777934265933,0.10991813410447732,76.83598501901359,0.5612865065682124,0.005305027235924688,0.015417459635026259,0,3,8,23.608673768438358,1.0,USDJPY=X,0.0,106.33699798583984,0,2019-08-01 00:00:00+01:00
2019-08-02 00:00:00+01:00,0.12163042206018115,0.11536344714467806,0.11307860079039078,0.12193147601299459,0.6162854035529146,0.17404866690062695,0.4886821796174308,56.57815624638388,0.08456925758383704,-0.029988371957360056,0.1145576295411971,76.35243759114189,0.6011948094263424,0.005157935197043644,0.015544526358624454,0,4,8,116.31304483385323,1.0,USDJPY=X,1.0,106.12100219726562,0,2019-08-02 00:00:00+01:00
2019-08-05 00:00:00+01:00,0.10858933459468156,0.10131248330814446,0.10104166743916032,0.10809373442736403,0.3808085069116749,0.14436693192704234,0.337159711757632,40.81849576029634,-0.001124694112164093,-0.024215636388320864,0.02309094227615677,32.20832796905699,0.7201807723970054,0.005596101784332066,0.016806180868993683,0,0,8,114.10188986158285,1.0,USDJPY=X,1.0,105.8740005493164,0,2019-08-05 00:00:00+01:00
2019-08-06 00:00:00+01:00,0.09282664177258826,0.10828108124185531,0.09718599742271428,0.09214945675722741,0.45569304067500543,0.12540784968367938,0.27054165721314183,34.46250394452268,-0.13637607215177638,-0.04664772354101197,-0.08972834861076441,22.110277574342025,0.7845251598876211,0.006757374939133881,0.021758842426700852,0,1,8,20.778753780954496,0.0,USDJPY=X,1.0,105.38200378417969,0,2019-08-06 00:00:00+01:00
2019-08-07 00:00:00+01:00,0.10363210718131777,0.09700789001933918,0.09700776770116537,0.10420480178966551,0.435731091645166,0.22905976420597357,0.17240464430130242,28.881951607274388,-0.31928392726001675,-0.10117496428481293,-0.21810896297520382,0.566596142289106,0.8337732929983267,0.007429707865631553,0.030075520018354892,0,2,8,-169.2768780046227,0.0,USDJPY=X,1.0,105.35800170898438,0,2019-08-07 00:00:00+01:00
2019-08-08 00:00:00+01:00,0.10095907543531157,0.09595212822319343,0.10271037719687914,0.10070491076334864,0.6889052542759247,0.122921626466599,0.25671687986962566,37.16670643374239,-0.39959915741276575,-0.1608598029104035,-0.23873935450236225,20.87144950197609,0.8307180839420846,0.007840857921429703,0.03179035383012198,0,3,8,-343.2248105653822,0.0,USDJPY=X,1.0,106.58999633789062,1,2019-08-08 00:00:00+01:00
2019-08-09 00:00:00+01:00,0.09690904980747916,0.09195612125583463,0.09352474859350557,0.09670261582579731,0.5477331288262269,0.05811976553385626,0.21876709617932777,35.86060471752312,-0.47520079200658927,-0.22372800072964066,-0.2514727912769486,15.061991356915083,0.8016665044947705,0.00782802712697609,0.03472288264724493,0,4,8,-506.49715012536484,0.0,USDJPY=X,0.0,105.91600036621094,0,2019-08-09 00:00:00+01:00
2019-08-12 00:00:00+01:00,0.08921402583399218,0.08412657987831285,0.08871328770553588,0.08873053880223392,0.5431247768300455,0.10800310155457123,0.309600489503043,34.37302605364917,-0.5487212834249817,-0.2887266572687089,-0.25999462615627283,13.424867993776989,0.7997618631650659,0.007571892063541624,0.03738304097448801,0,0,8,-698.2942079311318,0.0,USDJPY=X,1.0,106.08300018310547,1,2019-08-12 00:00:00+01:00
2019-08-13 00:00:00+01:00,0.0889548429805509,0.1064455503153714,0.08910200648103594,0.0883416208138621,0.50705138601737,0.07925325568381215,0.33850386737677784,31.564322618396787,-0.6393171792374801,-0.35884476166246315,-0.28047241757501695,7.87235270564215,0.8015643692420031,0.0075891692551506495,0.041891578719796714,0,1,8,-916.8323122214663,0.0,USDJPY=X,1.0,106.43000030517578,1,2019-08-13 00:00:00+01:00
2019-08-14 00:00:00+01:00,0.1084758725730035,0.1010201318493924,0.09938927274610476,0.10830426441280494,0.5757817329193077,0.2890444935550265,0.41768617876562003,31.42939669750986,-0.704925899285783,-0.42806098918712715,-0.2768649100986558,7.304927187005126,0.877166957892686,0.007608006570360474,0.04538871751248823,0,2,8,-1155.0113969888241,0.0,USDJPY=X,1.0,106.5739974975586,0,2019-08-14 00:00:00+01:00
2019-08-15 00:00:00+01:00,0.09747611272192303,0.0995094221070496,0.09942165567748185,0.09738316049394302,0.7611861259625419,0.13846141078051047,0.4582574177049378,44.535137237316384,-0.6500166252309754,-0.4724521163958968,-0.17756450883507857,36.43012513662582,0.903154840504146,0.008229355361942822,0.04476013643569106,0,3,8,-1290.045710574032,0.0,USDJPY=X,1.0,106.27400207519531,1,2019-08-15 00:00:00+01:00
2019-08-16 00:00:00+01:00,0.10042451852489975,0.09903836322840776,0.10454100161148339,0.10008914455226159,0.4809813927136135,0.12369820071895363,0.42027440319593845,40.02781461566017,-0.6533550022709704,-0.5086326935709116,-0.14472230870005887,20.4963981285419,0.9015007271408476,0.008527085967950394,0.04611100033785459,0,4,8,-1499.7964722921483,0.0,USDJPY=X,1.0,106.59700012207031,1,2019-08-16 00:00:00+01:00
2019-08-19 00:00:00+01:00,0.10560854638464634,0.10205978271309335,0.10813748457793793,0.1057117662773488,0.6038459861699125,0.07008493706784531,0.45468755265560584,41.60483079323849,-0.635202976071156,-0.5339467500709605,-0.10125622600019546,24.44438833116295,0.8771790330077402,0.00849806967737342,0.04692163373269852,0,0,8,-1616.3398761360902,0.0,USDJPY=X,0.0,106.46800231933594,0,2019-08-19 00:00:00+01:00
2019-08-20 00:00:00+01:00,0.10813573370191598,0.10240083875992911,0.10710061277899685,0.10804502696156026,0.6301967139466242,0.0644912312318009,0.5249153489039406,44.84994890832122,-0.5860616013497832,-0.544369720326725,-0.04169188102305821,32.64770919532352,0.8559520900110936,0.008241839993352722,0.04675344026504596,0,1,8,-1661.1496214130734,0.0,USDJPY=X,0.0,104.85199737548828,0,2019-08-20 00:00:00+01:00
2019-08-21 00:00:00+01:00,0.10366448958837626,0.10084142442950261,0.10855870988378968,0.10318404659895175,0.600366204101211,0.07770010717910292,0.5389845413042589,46.18640493646328,-0.5293948040834238,-0.5413747370780648,0.011979932994641063,36.0519015789075,0.830526940724587,0.008031528422593906,0.04629929852092416,0,2,8,-1641.3461881779724,0.0,USDJPY=X,0.0,105.97799682617188,0,2019-08-21 00:00:00+01:00
2019-08-22 00:00:00+01:00,0.10865409940879855,0.10179990097973057,0.1084938204220609,0.10841775033566736,0.5355451702892298,0.04879494645787292,0.41117464025711087,43.80476867932064,-0.5028960102417841,-0.5336789917108087,0.030782981469024584,50.34932799829413,0.793631827910554,0.007814958734093205,0.045554733119613576,0,3,8,-1679.7539467082324,0.0,USDJPY=X,0.0,105.73799896240234,0,2019-08-22 00:00:00+01:00
2019-08-23 00:00:00+01:00,0.10679112222714826,0.10296943074498799,0.09269848944749026,0.10632753248843585,0.6265927311069243,0.058586895694814616,0.4939445375364126,46.9751443113573,-0.45063761235029176,-0.5170707158387053,0.06643310348841358,77.5163323782235,0.7638728781142087,0.007445160998918551,0.044117263795551004,0,4,8,-1706.3691184608147,0.0,USDJPY=X,0.0,106.06999969482422,0,2019-08-23 00:00:00+01:00
2019-08-26 00:00:00+01:00,0.08064418248203231,0.09595212822319343,0.08582960002630191,0.08014257194457386,0.5605032080243572,0.2212904648537906,0.4692712117409709,45.8623005534187,-0.4148493747633921,-0.4966264476236427,0.0817770728602506,71.0567335243553,0.8110250726113523,0.007174670900869149,0.04131166902256417,0,0,8,-1706.1484061339077,0.0,USDJPY=X,1.0,106.43800354003906,1,2019-08-26 00:00:00+01:00
2019-08-27 00:00:00+01:00,0.09873964458207096,0.09221600298919763,0.0974128015413287,0.09838772107039229,0.34326286777769743,0.22004676044047766,0.3066607132539564,34.7546143833345,-0.5109946043710352,-0.4995000789731212,-0.011494525397913957,-0.9216709216709217,0.8671661475727065,0.007734951101665415,0.04120239302364898,0,1,8,-1760.2654155167584,0.0,USDJPY=X,1.0,106.12799835205078,0,2019-08-27 00:00:00+01:00
2019-08-28 00:00:00+01:00,0.0948354633829751,0.09021799950551834,0.09851443920302394,0.09449891205570338,0.7463416805808297,0.07319360529635496,0.3880218696674054,44.78866309823353,-0.490675445127394,-0.4977351522039758,0.007059707076581767,53.68557368557369,0.8912972678214194,0.00818251121499359,0.03559809286162779,0,2,8,-1681.0323518044565,0.0,USDJPY=X,0.0,106.19300079345703,1,2019-08-28 00:00:00+01:00
2019-08-29 00:00:00+01:00,0.1004083273213705,0.09996424612299704,0.10141431834794634,0.09987849094381085,0.5441037522110869,0.04351187032277034,0.39285693383515047,43.26151210548917,-0.488309261688741,-0.49584997410092885,0.007540712412187844,42.04647204647205,0.850775855659789,0.008429299557090552,0.030621179008225745,0,3,8,-1725.229254650886,0.0,USDJPY=X,0.0,105.86100006103516,0,2019-08-29 00:00:00+01:00
2019-08-30 00:00:00+01:00,0.10648336576311923,0.10001307464133036,0.10599897511730161,0.10584144681447594,0.6281565083765819,0.10893499065739677,0.39373569885284837,46.00428305323102,-0.4544062474431598,-0.4875612287693751,0.03315498132621525,58.14740814740815,0.8468631245147259,0.008020890526139064,0.02091482237575599,0,4,8,-1681.7754967161407,1.0,USDJPY=X,1.0,106.32499694824219,0,2019-08-30 00:00:00+01:00
2019-09-02 00:00:00+01:00,0.1014288675316064,0.09767389118056569,0.10533475422714678,0.10081827306320124,0.6332826225060838,0.06542430594417202,0.4348122316968743,48.95009307883275,-0.3933092059237282,-0.46871082420024573,0.07540161827651753,75.994375994376,0.8197302490959844,0.007956398056603526,0.01776517995406983,0,0,9,-1576.1558367457337,1.0,USDJPY=X,0.0,107.0719985961914,1,2019-09-02 00:00:00+01:00
2019-09-03 00:00:00+01:00,0.1020768864636965,0.09743024430989755,0.10006968510194825,0.10187154110545427,0.5340266262247451,0.04941739146930219,0.5445175398416805,46.64164266659627,-0.3656887558443316,-0.4481064105290629,0.08241765468473133,68.01928817072013,0.7871071307174765,0.0077239772899207245,0.0172694738947742,0,1,9,-1464.926668097266,1.0,USDJPY=X,0.0,106.94499969482422,1,2019-09-03 00:00:00+01:00
2019-09-04 00:00:00+01:00,0.09671463176815487,0.09650436141530827,0.10139812688225791,0.0964919622173468,0.5888497979259287,0.09759107852529142,0.4551696704216527,47.203873268852114,-0.3346960289081977,-0.4254243342048899,0.09072830529669218,71.53673711197625,0.7757422179555696,0.007412043400566314,0.01685451502458598,0,2,9,-1334.0743602172502,1.0,USDJPY=X,1.0,107.33699798583984,1,2019-09-04 00:00:00+01:00
2019-09-05 00:00:00+01:00,0.10449073535626141,0.11066896929070369,0.10956307515237906,0.10401034279547972,0.5307007548517566,0.07599045821437718,0.44754399181849996,44.617949636631835,-0.33308416704136334,-0.4069563007721846,0.07387213373082124,53.5713253598986,0.7552605176077387,0.007327932076102702,0.016825076734762443,0,3,9,-1296.4157757677003,1.0,USDJPY=X,0.0,107.5999984741211,1,2019-09-05 00:00:00+01:00
2019-09-06 00:00:00+01:00,0.1162681673646393,0.10899578699116552,0.11432596164328301,0.11611439529372136,0.6474919310177594,0.1331783346454079,0.45847622417335604,48.83646209337433,-0.29101148463868753,-0.3837673375454852,0.09275585290679766,62.61824418677242,0.7964562472373198,0.007103320378888805,0.016898924339284912,0,4,9,-1204.8116481760019,1.0,USDJPY=X,1.0,108.02100372314453,1,2019-09-06 00:00:00+01:00
2019-09-09 00:00:00+01:00,0.11417838973660621,0.11026284986284018,0.11659400282942767,0.11405656667501951,0.688590537377775,0.07148395633162921,0.48977574609888824,54.80504754176792,-0.19514231158491668,-0.3460423323533715,0.15090002076845482,94.78887724290206,0.7942093288381139,0.007438511073665996,0.01860754013695344,0,0,9,-1069.996772315189,1.0,USDJPY=X,0.0,108.1760025024414,1,2019-09-09 00:00:00+01:00
2019-09-10 00:00:00+01:00,0.12026961938188396,0.11559085915265155,0.12364124557113976,0.12040831691104659,0.5608770482542687,0.061849693164249604,0.5051222272967342,53.65896414757794,-0.12793825859959895,-0.30242151760261704,0.1744832590030181,89.31949833907784,0.7659088499576571,0.0074263343878110365,0.018676976399655557,0,1,9,-845.233687509765,1.0,USDJPY=X,0.0,107.76499938964844,1,2019-09-10 00:00:00+01:00
2019-09-11 00:00:00+01:00,0.12456263665962863,0.12129239421468796,0.12937611439925578,0.12466984929984237,0.6363305486568698,0.045221519287496084,0.5322112867758957,56.67089030153136,-0.04255700573978061,-0.25044861523004974,0.20789160949026914,93.94269670758929,0.7505583965636392,0.007135553111506786,0.019358156565190496,0,2,9,-680.1254375812377,1.0,USDJPY=X,0.0,108.16100311279297,1,2019-09-11 00:00:00+01:00
2019-09-12 00:00:00+01:00,0.13131807644052573,0.12597063720596768,0.12906835295219854,0.13149161421857447,0.6174313043998294,0.04475557473608331,0.5820305510755924,58.61439226617506,0.045802214292365306,-0.19119844932556673,0.23700066361793204,91.70020765503628,0.7333758065398414,0.006975449881109024,0.021937704314656775,0,3,9,-470.59027850212357,0.0,USDJPY=X,0.0,108.08699798583984,0,2019-09-12 00:00:00+01:00
2019-09-13 00:00:00+01:00,0.13421790863291494,0.12791981217131365,0.13522444708616654,0.13400313928270702,0.6401762016761018,0.09246331724065976,0.5778363787027262,61.584850087133674,0.14809202518787856,-0.12334035442287768,0.2714323796107562,96.50740149455727,0.7234919075515045,0.006789196371656271,0.02534955376027791,0,4,9,-267.3588741038206,0.0,USDJPY=X,1.0,108.42500305175781,0,2019-09-13 00:00:00+01:00
2019-09-16 00:00:00+01:00,0.1275272336661346,0.12467110460890396,0.1284041320620437,0.1273434441296315,0.6016402551523431,0.05205892953685348,0.5281411087068286,62.64780687590948,0.23891053150077823,-0.0508901772381465,0.2898007087389247,97.040285166266,0.6957424201887296,0.006688099863323902,0.028643835655092778,0,0,9,-75.47251005940616,0.0,USDJPY=X,0.0,108.04100036621094,0,2019-09-16 00:00:00+01:00
2019-09-17 00:00:00+01:00,0.13368322812552957,0.12930051908185036,0.13695792270663953,0.13376009644572706,0.5202338625881563,0.08640248124365699,0.5048510841957994,58.06013218788185,0.27455543164846574,0.014198944539175952,0.26035648710928977,81.16115898837843,0.6944038153984631,0.006456107494355541,0.030341274992171298,0,1,9,137.88508012758138,0.0,USDJPY=X,0.0,107.6520004272461,0,2019-09-17 00:00:00+01:00
2019-09-18 00:00:00+01:00,0.13297044437932248,0.12809851959120366,0.13809194329971186,0.1325609532520824,0.6364748371369469,0.04863963160740199,0.5049331517903258,61.02186983198805,0.33094355148342913,0.0775478659280266,0.25339568555540254,93.0890548963697,0.6858747534587292,0.006420094076552911,0.032670576697498725,0,2,9,325.05240883375876,0.0,USDJPY=X,0.0,107.61399841308594,0,2019-09-18 00:00:00+01:00
2019-09-19 00:00:00+01:00,0.13838127268545186,0.1313147574282243,0.13331286534311948,0.1380378234487878,0.5686827810115623,0.026262437044133127,0.47717237169906135,60.16675713540012,0.36544729847486224,0.13512775243739372,0.23031954603746851,90.2317100472493,0.6489550366589427,0.006345580562322432,0.034305879812252214,0,3,9,577.2705034671878,0.0,USDJPY=X,0.0,107.16300201416016,0,2019-09-19 00:00:00+01:00
2019-09-20 00:00:00+01:00,0.13243588746891066,0.12488228175418303,0.13279436764416164,0.13181563012687803,0.6279592143046013,0.102874154660394,0.47024703120751954,62.735270896919275,0.415278874185546,0.19115797678702418,0.2241208973985218,98.56323212332984,0.649886457903449,0.005985289540173287,0.03657086411508784,0,4,9,785.9558059230866,0.0,USDJPY=X,1.0,107.69200134277344,0,2019-09-20 00:00:00+01:00
2019-09-23 00:00:00+01:00,0.12542126483457228,0.11992792216684589,0.12534221466126105,0.12551246373364466,0.5242425166335903,0.04630990885033814,0.42629908897421726,58.14787896812549,0.4189554913604212,0.2367174797017036,0.1822380116587176,84.41425916919903,0.6502521686740174,0.006015183640475588,0.037666809868757666,0,0,9,889.6758804707805,0.0,USDJPY=X,0.0,107.75599670410156,0,2019-09-23 00:00:00+01:00
2019-09-24 00:00:00+01:00,0.12496766394180647,0.11996039189223517,0.12437023232404876,0.12489669752255783,0.5233273885152819,0.07039675237833275,0.42805610768144575,53.85196497395049,0.38603027616564134,0.2665800389944912,0.11945023717115016,69.14902559851122,0.6560200714556723,0.006040316632234567,0.03358650438509283,0,1,9,1030.031263996014,0.0,USDJPY=X,0.0,107.94400024414062,1,2019-09-24 00:00:00+01:00
2019-09-25 00:00:00+01:00,0.11800161491805583,0.12038274618279332,0.1204010984488082,0.11758897055287543,0.5738338504568657,0.08003101554571236,0.39273602209692693,53.436626181196026,0.3528034622633385,0.28382472364826067,0.0689787386150778,60.05643174949179,0.6459471656122984,0.0060960477366288415,0.0324151953333508,0,2,9,1121.5782022214762,0.0,USDJPY=X,0.0,108.06900024414062,1,2019-09-25 00:00:00+01:00
2019-09-26 00:00:00+01:00,0.1261826221913669,0.11924568614292497,0.12736726026310263,0.12616061917326116,0.5141453839562766,0.12214505221424438,0.36197494921705026,48.64191202078361,0.2867735852202884,0.2844144959626662,0.0023590892576221822,29.0624246004343,0.6559511618394891,0.006027706890172273,0.030119994236203887,0,3,9,1184.3080566518336,0.0,USDJPY=X,1.0,107.73699951171875,0,2019-09-26 00:00:00+01:00
2019-09-27 00:00:00+01:00,0.12718709479504708,0.12658780984886087,0.13094755176386852,0.12719756897823964,0.6560974887525617,0.044444945035141466,0.3777301756341946,53.870335078116305,0.27397207716744276,0.2823260122036215,-0.008353935036178761,54.427660379397935,0.6489545543671371,0.006090992401113047,0.028387493026684398,0,4,9,1238.776696654942,0.0,USDJPY=X,0.0,107.16300201416016,0,2019-09-27 00:00:00+01:00
2019-09-30 00:00:00+01:00,0.1302326478191993,0.12605181151944067,0.13238945740297292,0.13024388718213586,0.5885660164937876,0.0803416452466542,0.4140527211823204,54.474141978631046,0.26592525977139303,0.2790458617171758,-0.013120601945782795,51.47358733279647,0.6395291069848863,0.006022444914589479,0.027490375899254668,0,0,9,1258.3874960660507,0.0,USDJPY=X,0.0,106.82599639892578,0,2019-09-30 00:00:00+01:00
2019-10-01 00:00:00+01:00,0.13227385183664486,0.1310548756948613,0.13117435588248316,0.1322693265723085,0.6064587466984205,0.06138256300329125,0.46119341597850194,56.28446384048747,0.27158771931011927,0.2775542332357645,-0.005966513925645234,64.35937124151563,0.6220625024192806,0.005924637826451137,0.025511271194431303,0,1,10,1300.8165349635365,0.0,USDJPY=X,0.0,106.76399993896484,0,2019-10-01 00:00:00+01:00
2019-10-02 00:00:00+01:00,0.1269926767557228,0.12189345592513612,0.1233009775937306,0.12688974768420103,0.5973339633202627,0.12090134780093141,0.4745474183114846,57.4946980679686,0.28290061246086395,0.2786235090807844,0.004277103380079528,72.92688538648984,0.6332008863843097,0.005756160425413098,0.023336974828512075,0,2,10,1337.0603926205508,0.0,USDJPY=X,1.0,107.2509994506836,0,2019-10-02 00:00:00+01:00
2019-10-03 00:00:00+01:00,0.11756420522881927,0.11226085334651947,0.11231710750712987,0.11758897055287543,0.5315448193953588,0.10878086141647143,0.48448780270486685,53.27599549545426,0.2620556627708197,0.2753099398187915,-0.013254277047971774,50.17151761716013,0.6511866899447496,0.005877283470433343,0.018234947187458554,0,3,10,1333.2359277448425,0.0,USDJPY=X,1.0,106.96099853515625,0,2019-10-03 00:00:00+01:00
2019-10-04 00:00:00+01:00,0.11226671534739463,0.10938567155633461,0.11476337841482342,0.11212829497043497,0.4964638005791591,0.12198973736377346,0.3940150643630681,46.872399331955044,0.19694878599736398,0.259637709054506,-0.06268892305714202,33.55491565973995,0.6926021269213524,0.006076599924465573,0.014982018102136683,0,4,10,1247.4925586219072,1.0,USDJPY=X,1.0,107.1780014038086,1,2019-10-04 00:00:00+01:00
2019-10-07 00:00:00+01:00,0.11129474874774625,0.10863849608163534,0.11528187611378127,0.11112373439398571,0.5304145184951969,0.07101801178021644,0.36125263564846416,43.56177607212494,0.11681105527584634,0.23107237829877408,-0.11426132302292774,16.343190239986907,0.6792737131052624,0.006483460489663329,0.015883774849249098,0,0,10,1111.3748439396954,1.0,USDJPY=X,0.0,107.87999725341797,1,2019-10-07 00:00:00+01:00
2019-10-08 00:00:00+01:00,0.11928133798173302,0.11461614773972917,0.11725822371958272,0.11901483834622573,0.5702981086567303,0.05889633978621089,0.3409792497019087,42.96063321810113,0.04774831724613193,0.19440756608824566,-0.14665924884211373,13.176874909892884,0.6578254337930562,0.006362385387336477,0.016558225922892952,0,1,10,982.9297040781936,1.0,USDJPY=X,0.0,108.45899963378906,1,2019-10-08 00:00:00+01:00
2019-10-09 00:00:00+01:00,0.11434030177189847,0.11489238826603598,0.11952626490572738,0.11431580412626396,0.6502662116443463,0.09712513397387865,0.3706040753589042,48.92330883370904,0.0319441579896278,0.1619148844685221,-0.1299707264788943,38.049166338709234,0.6588376935444451,0.006133513320736364,0.01662880987376277,0,2,10,851.8504243609297,1.0,USDJPY=X,1.0,108.38800048828125,1,2019-10-09 00:00:00+01:00
2019-10-10 00:00:00+01:00,0.1187467810713212,0.12332286742375653,0.12326859466235351,0.11783201338985538,0.5372708249904531,0.07801192248959035,0.373833312948173,45.84963422414171,-0.0039360302219364485,0.12874470153043038,-0.13268073175236683,23.429532257937787,0.6476354676313932,0.00615960679656423,0.017710578845138374,0,3,10,737.3050250388295,0.0,USDJPY=X,0.0,108.81700134277344,1,2019-10-10 00:00:00+01:00
2019-10-11 00:00:00+01:00,0.12893660995501932,0.13365394088898874,0.1341228094244713,0.12920681375414755,0.6108770382206781,0.12276631161612808,0.4385279993613069,48.45906139473845,-0.014691663598085825,0.10005742850472715,-0.11474909210281298,34.60371962190916,0.6735901904372982,0.0060426156407911834,0.01781639468383014,0,4,10,587.5341548069663,0.0,USDJPY=X,1.0,108.677001953125,1,2019-10-11 00:00:00+01:00
2019-10-14 00:00:00+01:00,0.13877010876410067,0.1312335831147513,0.1373467650811142,0.13858868757980636,0.681190150475591,0.1174832354810255,0.5242261833235105,55.867929183000165,0.03304865339624996,0.08665567348303171,-0.053607020086781754,65.36618828807248,0.7276194843471898,0.006243884015448997,0.0172177986828747,0,0,10,513.0002103454176,1.0,USDJPY=X,1.0,108.58100128173828,0,2019-10-14 00:00:00+01:00
2019-10-15 00:00:00+01:00,0.13742549728933295,0.13807217821665607,0.1390477341712355,0.13743825185196523,0.6627959274430801,0.06340284166895885,0.5771753758311298,60.864794342528356,0.11626363690123753,0.09257726616667289,0.023686370734564643,92.9114309980618,0.7170039769203258,0.006708705472150685,0.01842225258555613,0,1,10,481.53501510151193,1.0,USDJPY=X,0.0,108.40799713134766,0,2019-10-15 00:00:00+01:00
2019-10-16 00:00:00+01:00,0.14456977314887887,0.1374224119181242,0.14632178103156201,0.14438957368481486,0.5691430623690121,0.1125096034373192,0.5307002250094724,59.96814752147214,0.17447187006946763,0.10895618694723185,0.06551568312223578,79.27562547201646,0.7175036231001239,0.006615160107117644,0.018953342629898305,0,2,10,437.40046090317975,0.0,USDJPY=X,1.0,108.60099792480469,0,2019-10-16 00:00:00+01:00
2019-10-17 00:00:00+01:00,0.14226938627799202,0.13868947478979865,0.14481510952970345,0.14212109145766227,0.640881078753707,0.03651795961339644,0.5901801281624068,63.46997644233894,0.25231061812293376,0.13762707318237224,0.11468354494056152,97.34642392299905,0.698538782136499,0.006593672075560953,0.02081981025551333,0,3,10,506.20989060339065,0.0,USDJPY=X,0.0,108.48300170898438,0,2019-10-17 00:00:00+01:00
2019-10-18 00:00:00+01:00,0.14090858359969505,0.13542453236469454,0.14332462949353353,0.14056554312718483,0.5593147884950713,0.063092211968017,0.5605226160194265,61.57693562407415,0.2992520150803557,0.16995206156196893,0.12929995351838677,90.00841383411462,0.6776430284110683,0.006427659666557562,0.02153588489975659,0,4,10,563.7583166937907,0.0,USDJPY=X,0.0,108.64199829101562,0,2019-10-18 00:00:00+01:00
2019-10-21 00:00:00+01:00,0.13789528938562778,0.13449864947010526,0.14249849394649305,0.1377622677602688,0.5655855718006593,0.04615459399986721,0.4945469904220524,60.249905376950196,0.32496101024885604,0.20095385129934637,0.12400715894950967,86.02829072643652,0.65045457636078,0.006240898687725012,0.02254516760619403,0,0,10,649.1187861141377,0.0,USDJPY=X,0.0,108.60600280761719,0,2019-10-21 00:00:00+01:00
2019-10-22 00:00:00+01:00,0.14110287804204602,0.13542453236469454,0.1440699313111058,0.14088955903548817,0.5545438840828333,0.045221519287496084,0.43315155129971994,57.83115232399126,0.327599225118945,0.2262829260632661,0.1013162990556789,78.85565529850132,0.6247792756357912,0.006000060821829279,0.023216031957558086,0,1,10,724.6312024401291,0.0,USDJPY=X,0.0,108.73400115966797,0,2019-10-22 00:00:00+01:00
2019-10-23 00:00:00+01:00,0.13899690921048347,0.13454735405818896,0.14061917153584824,0.13897760556817818,0.6070124702177919,0.039005368440022385,0.4546091139771299,59.77140069955848,0.3413289527702119,0.24929213140465528,0.09203682136555663,86.85733806532424,0.6022240228978551,0.00575297913991903,0.02407152092573047,0,2,10,791.1776778784437,0.0,USDJPY=X,0.0,108.96399688720703,1,2019-10-23 00:00:00+01:00
2019-10-24 00:00:00+01:00,0.14124872247078257,0.13583052786230843,0.1446530712738432,0.14155390908936938,0.5624260202303549,0.06371465697944627,0.41025133709705297,58.013916422240875,0.3387832697219295,0.2671903590681101,0.0715929106538194,80.76084682508082,0.5884939971272495,0.005551321528817726,0.02400163670513287,0,3,10,881.9183951370977,0.0,USDJPY=X,0.0,108.8740005493164,0,2019-10-24 00:00:00+01:00
2019-10-25 00:00:00+01:00,0.14124872247078257,0.13609053352592082,0.1448798753924576,0.14097065572982137,0.6021183565378543,0.03729571947529664,0.43445693287214526,59.732068981110075,0.34561149872395447,0.282874586999279,0.06273691172467549,87.61770132017155,0.5649583584861848,0.005416818600398629,0.024659064970435886,0,4,10,1002.0029779585407,0.0,USDJPY=X,0.0,108.78900146484375,0,2019-10-25 00:00:00+01:00
2019-10-28 00:00:00+00:00,0.14309550844890362,0.1405250057162828,0.14718029950997957,0.14304467896278794,0.5741711221808724,0.03760753478578407,0.4393235121586825,59.14200741988932,0.344151223639912,0.2951299143274056,0.04902130931250642,85.19240030560997,0.5418902182036894,0.0052019072968456665,0.025200190123989837,0,0,10,1077.3949269228526,0.0,USDJPY=X,0.0,107.99600219726562,0,2019-10-28 00:00:00+00:00
2019-10-29 00:00:00+00:00,0.14703219565203152,0.14071994799886722,0.14951323015785323,0.14677141821182027,0.597653552625248,0.05796445068338534,0.46379041245789543,60.63130616483833,0.3492958769582941,0.3059631068535833,0.043332770104710816,85.7213072662583,0.5335405899293746,0.0049836317290298466,0.025898002304485964,0,1,10,1075.0574208845833,0.0,USDJPY=X,0.0,108.22000122070312,0,2019-10-29 00:00:00+00:00
2019-10-30 00:00:00+00:00,0.1456875841772638,0.13951794850822052,0.14965895334905022,0.14531316118994053,0.6122209433734446,0.03745103432576756,0.46674470666508194,63.22521670657035,0.36769324597771913,0.3183091346784105,0.04938411129930864,95.75484267705237,0.5175018412137161,0.004896485125097455,0.02694654809883141,0,2,10,1101.2934040251873,0.0,USDJPY=X,0.0,108.69400024414062,0,2019-10-30 00:00:00+00:00
2019-10-31 00:00:00+00:00,0.1441971282737593,0.13766618271904196,0.13739533947817995,0.1439358772393844,0.5664787605550258,0.024553973688952964,0.4690508264862121,61.517206940840495,0.37073770761729463,0.32879484926618735,0.04194285835110728,85.81037365396811,0.49182347832289264,0.004753217835320605,0.02759069592155624,0,3,10,1096.6659306668398,0.0,USDJPY=X,0.0,109.14600372314453,1,2019-10-31 00:00:00+00:00
2019-11-01 00:00:00+00:00,0.13160964170102551,0.12761122584986717,0.1350949153606582,0.13108650161593816,0.5671819944520782,0.12447596058085382,0.4492165722608249,59.87208350884047,0.36211748469757765,0.3354593763524654,0.02665810834511223,74.39529929320197,0.5152646366444159,0.004520893396395685,0.026896442368424586,0,4,11,1114.9811321718348,0.0,USDJPY=X,1.0,108.91300201416016,1,2019-11-01 00:00:00+00:00
2019-11-04 00:00:00+00:00,0.1347362743397975,0.13367017575168338,0.1398416103858735,0.13471607317938217,0.4659564738606127,0.05034928057212774,0.38780800394828924,47.1921985997118,0.2879778529770647,0.3259630716773853,-0.03798521870032062,7.427044967013397,0.5411027984103282,0.004771145469840938,0.02457002139446071,0,0,11,1060.6280648745656,0.0,USDJPY=X,0.0,109.27400207519531,1,2019-11-04 00:00:00+00:00
2019-11-05 00:00:00+00:00,0.14264190755613804,0.1431078360477156,0.14706695925015967,0.14239652352317167,0.6115821604854264,0.06278158226707514,0.3956452193026404,50.38838657447614,0.2444783160004249,0.3096661205419932,-0.0651878045415683,27.232498212382456,0.5462382386954722,0.0050000258021325175,0.021039122366083626,0,1,11,1005.8354737404339,0.0,USDJPY=X,0.0,109.22599792480469,1,2019-11-05 00:00:00+00:00
2019-11-06 00:00:00+00:00,0.14967284499097921,0.14284795431435282,0.14995064692939364,0.1497205687301284,0.6474434214386183,0.08376094317610569,0.41546305283464413,56.40177236056618,0.24542329242115102,0.2968175549178248,-0.05139426249667378,61.18918273535908,0.5765070231245902,0.005025468171826883,0.019046470058272653,0,2,11,974.3963111445954,0.0,USDJPY=X,1.0,109.04199981689453,0,2019-11-06 00:00:00+00:00
2019-11-07 00:00:00+00:00,0.14614118507002938,0.1469413704578788,0.14716410804429092,0.1459451220152923,0.6439991208590659,0.05361326365110831,0.4593069280453134,61.22795188414477,0.27942406950981535,0.29333885783622293,-0.013914788326407579,96.55722046444988,0.5696139041109476,0.005281980131741106,0.01558068948634983,0,3,11,957.6907816958324,0.0,USDJPY=X,0.0,108.99299621582031,0,2019-11-07 00:00:00+00:00
2019-11-08 00:00:00+00:00,0.15194084945480757,0.14754230823807735,0.1540655039958312,0.15179459196309497,0.5461229367022054,0.1195035141466931,0.44733749600052924,57.683198820636235,0.28429150418156723,0.2915293871052918,-0.00723788292372457,66.11621473168617,0.5838561125156901,0.005229989933037473,0.011210721447164543,0,4,11,916.611286063745,1.0,USDJPY=X,1.0,108.7979965209961,0,2019-11-08 00:00:00+00:00
2019-11-11 00:00:00+00:00,0.15095256805465662,0.14388748124780415,0.15118181631659722,0.15101675598635156,0.6308739938408843,0.05905165463668181,0.5415591241200058,61.410842589603945,0.31366295781971587,0.2959561012481766,0.017706856571539253,87.81457214253389,0.5814374917905181,0.005343046849459381,0.01073502664284448,0,0,11,910.5564542789476,1.0,USDJPY=X,0.0,108.49199676513672,0,2019-11-11 00:00:00+00:00
2019-11-12 00:00:00+00:00,0.14829572751217945,0.14469972010353138,0.15249406663121845,0.14803533986252382,0.5724917798529403,0.051748299835911636,0.5191981369100123,60.64581237961476,0.3292708829145141,0.30261905758144414,0.02665182533306998,84.71951675422545,0.5662636206553694,0.005323251815843345,0.011480535344646683,0,1,11,885.1834252047734,1.0,USDJPY=X,0.0,108.6989974975586,0,2019-11-12 00:00:00+00:00
2019-11-13 00:00:00+00:00,0.1474857965447971,0.142311832054683,0.14748818455601143,0.14724130927151546,0.5531248015290517,0.04693116825222183,0.4655036563037753,57.679776822219026,0.3230690277804058,0.30670905162123646,0.016359976159169343,72.85628554001141,0.547387787260343,0.005193078094736435,0.011488421141556399,0,2,11,842.6260335168523,1.0,USDJPY=X,0.0,108.66200256347656,0,2019-11-13 00:00:00+00:00
2019-11-14 00:00:00+00:00,0.1440837898490548,0.13769865244443125,0.1409594395132574,0.14408162876776665,0.5723346928864985,0.07210521573351292,0.42494333685746094,56.881876261300775,0.31061920697389667,0.3074910826917685,0.003128124282128164,69.69679082305255,0.5414312943993921,0.005022229007967117,0.01166375962559633,0,3,11,799.2233505818159,1.0,USDJPY=X,1.0,108.44499969482422,0,2019-11-14 00:00:00+00:00
2019-11-15 00:00:00+00:00,0.139207518453337,0.13761735420070864,0.1438593186581798,0.1391233570965602,0.5514989454253773,0.0905983534254631,0.4279911657851699,53.69856920110859,0.28176972262984634,0.30234681067938407,-0.02057708804953773,57.12423509041182,0.5541143548440783,0.004976482212104939,0.011678591347453466,0,4,11,754.261032593932,1.0,USDJPY=X,1.0,108.47799682617188,0,2019-11-15 00:00:00+00:00
2019-11-18 00:00:00+00:00,0.1427229871707576,0.14104489311325796,0.1448798753924576,0.14247749659449505,0.5355817661613216,0.06200382240517495,0.3742418069448779,49.058829338378295,0.23154556237572876,0.28818656101865303,-0.05664099864292427,37.39497865139799,0.5430343613409857,0.0051074214814538265,0.01181974712012346,0,0,11,755.6627666965403,1.0,USDJPY=X,0.0,108.58499908447266,0,2019-11-18 00:00:00+00:00
2019-11-19 00:00:00+00:00,0.1423665334991675,0.13726006329117846,0.14384312719249137,0.14187804862068232,0.6089979493406347,0.08500464758941867,0.3947841371620753,52.07547447456355,0.2060703321433266,0.27176331524358777,-0.06569298310026117,50.741298231115834,0.5450323908810827,0.0049957623698708205,0.011460874835924867,0,1,11,757.0792897224563,1.0,USDJPY=X,1.0,108.7300033569336,0,2019-11-19 00:00:00+00:00
2019-11-20 00:00:00+00:00,0.13919132724980776,0.13548947181547266,0.14232026422494415,0.13836183935709112,0.5740308239976581,0.05874102493573996,0.40659046675462296,51.4886317644497,0.18081156349153105,0.25357296489317643,-0.07276140140164539,48.35605926450623,0.5331013881074897,0.005015850785215317,0.011418057184870333,0,2,11,721.3464607716872,1.0,USDJPY=X,0.0,108.99199676513672,1,2019-11-20 00:00:00+00:00
2019-11-21 00:00:00+00:00,0.139207518453337,0.1345635889208836,0.14102420537601157,0.13889650887384497,0.5482649275879284,0.05641011656913052,0.3929959827546277,48.06692551200743,0.14165062914544535,0.23118849774363023,-0.08953786859818488,34.3648544950121,0.5209512148428365,0.0049158687777923725,0.011507907112166588,0,3,11,650.1310206508975,1.0,USDJPY=X,0.0,109.09700012207031,1,2019-11-21 00:00:00+00:00
2019-11-22 00:00:00+00:00,0.14071416556037075,0.13542453236469454,0.14424803743367987,0.1406303215842437,0.584056265100897,0.05998472934905293,0.4113803648208166,48.626000601915,0.11198698303712717,0.20734819480232963,-0.09536121176520246,21.700790839842803,0.5113119557050669,0.004802367577616897,0.011693152834954076,0,4,11,603.8814558262817,1.0,USDJPY=X,0.0,109.36699676513672,1,2019-11-22 00:00:00+00:00
2019-11-25 00:00:00+00:00,0.14314408205949136,0.13930677136294145,0.1478445204001344,0.14297990050572928,0.5946649649589713,0.037296905084842215,0.4448475906370085,50.487415338368734,0.09600582241174038,0.1850797203242118,-0.08907389791247142,26.15628448961782,0.4919329226664238,0.004708863655349822,0.01170067318075899,0,0,11,568.7604356143435,1.0,USDJPY=X,0.0,109.51200103759766,1,2019-11-25 00:00:00+00:00
2019-11-26 00:00:00+00:00,0.14742090813370656,0.1427991257960195,0.15072820807936838,0.14722511465725074,0.6000928399105165,0.039938443152393505,0.43980799938609183,52.974038604919144,0.09395817901365433,0.1668554120621003,-0.07289723304844598,38.351813351813355,0.4832950137092239,0.004524353053237111,0.011685511084253227,0,1,11,525.2962406548263,1.0,USDJPY=X,0.0,109.53500366210938,1,2019-11-26 00:00:00+00:00
2019-11-27 00:00:00+00:00,0.1488951728336818,0.146405248198209,0.15369285308704517,0.14892653813912005,0.6167990382887196,0.04568746383890886,0.4640520160440674,57.16037659240755,0.11218291057822682,0.1559209117653256,-0.04373800118709878,60.386668720002056,0.48027353149394447,0.004434224787629687,0.01169396872166794,0,2,11,492.2505425247073,1.0,USDJPY=X,0.0,109.02200317382812,0,2019-11-27 00:00:00+00:00
2019-11-28 00:00:00+00:00,0.15362559980066282,0.14884184083514107,0.15827763345537504,0.15330143282776865,0.594307386298144,0.051748299835911636,0.4902673469397735,58.7455082830266,0.13355944485766713,0.15144861838379392,-0.01788917352612679,69.21793588460255,0.47461120614169844,0.004402261574163901,0.011971068830242959,0,3,11,440.62043800129607,1.0,USDJPY=X,0.0,108.65299987792969,0,2019-11-28 00:00:00+00:00
2019-11-29 00:00:00+00:00,0.1559097954680202,0.15077490486804201,0.1596060752356847,0.15565101174925444,0.6178138902658876,0.031079568627822934,0.5095006908785138,62.57964401488306,0.17032359059349744,0.15522361282573463,0.015099977767762812,86.13058377923406,0.4725674875249923,0.004339619996706281,0.012876128123449293,0,4,11,450.5280283044153,1.0,USDJPY=X,0.0,108.83200073242188,0,2019-11-29 00:00:00+00:00
2019-12-02 00:00:00+00:00,0.15615278711793246,0.15171702262532594,0.15270467928414444,0.15602373512336154,0.5999443383283217,0.03682977492388387,0.5125130766748467,64.4884967184837,0.20875369128832233,0.1659296285182522,0.04282406277007014,89.19297744162526,0.4598845097260531,0.004315211876758151,0.012243949438322507,0,0,12,491.66232997335237,1.0,USDJPY=X,0.0,108.73799896240234,0,2019-12-02 00:00:00+00:00
2019-12-03 00:00:00+00:00,0.14776117060176763,0.1433352480556893,0.1446206883424661,0.14771132395422026,0.582590771439629,0.11204365888590642,0.5025265733473857,64.79529049305391,0.2383187522918888,0.18040745327297952,0.05791129901890929,87.20624703213211,0.47853566413038634,0.004198516404351365,0.012070992748363492,0,1,12,525.6817279334567,1.0,USDJPY=X,1.0,108.62699890136719,0,2019-12-03 00:00:00+00:00
2019-12-04 00:00:00+00:00,0.14218830666337245,0.13823465077385144,0.14348666774939378,0.14173217346929046,0.5064847121294255,0.10940212081835513,0.4397204491162738,53.66102609663249,0.21784326253387576,0.1878946151251588,0.029948647408716972,51.729013876431175,0.5182833782717426,0.004389349399197829,0.011973540777117228,0,2,12,528.1615297010986,1.0,USDJPY=X,1.0,108.58200073242188,0,2019-12-04 00:00:00+00:00
2019-12-05 00:00:00+00:00,0.1449099120199664,0.13981029996697258,0.14739091216290534,0.14463261652179482,0.5266838775649542,0.07148395633162921,0.40143702197443,47.357238022355105,0.16988250749471945,0.18429219359907092,-0.014409686104351477,26.005523634170345,0.5235490561560713,0.004770078864403446,0.01212099180536541,0,3,12,498.73497733900535,1.0,USDJPY=X,1.0,108.76399993896484,0,2019-12-05 00:00:00+00:00
2019-12-06 00:00:00+00:00,0.14354910934166942,0.1385270022326035,0.14539824949244085,0.14310945741984682,0.6049460922793777,0.049106761768360346,0.39419480672315005,50.40109513197801,0.144649704816743,0.17636369584260536,-0.031713991025862365,38.418886172925724,0.5100098117012849,0.004810616846448381,0.012124192331792355,0,4,12,478.6107233350582,1.0,USDJPY=X,0.0,108.54900360107422,0,2019-12-06 00:00:00+00:00
2019-12-09 00:00:00+00:00,0.14129729608137032,0.1339462923477408,0.1434542848180167,0.14131086625238942,0.565890789083544,0.055944172017717744,0.3750227351756055,48.80515391414351,0.11573326858810162,0.16423761039170462,-0.048504341803602996,31.90004550120102,0.49929486874773327,0.004690262985965263,0.01183908474395321,0,0,12,427.47010195102695,1.0,USDJPY=X,0.0,109.41300201416016,1,2019-12-09 00:00:00+00:00
2019-12-10 00:00:00+00:00,0.14103811322792903,0.13597676555680915,0.14494464125521178,0.14058173774144955,0.5634479529782228,0.03076893892688109,0.36425694156618543,46.91598986779516,0.08290433768721073,0.14797095585080586,-0.06506661816359513,24.202406272816734,0.48577363230816306,0.004596415935241759,0.011690496915264961,0,1,12,353.0169032378644,1.0,USDJPY=X,0.0,109.4000015258789,1,2019-12-10 00:00:00+00:00
2019-12-11 00:00:00+00:00,0.14382460699561328,0.13649652902353493,0.14684015513154525,0.14353076463674785,0.5728814631402197,0.03589788582105832,0.40173544249889837,46.136333252632966,0.05264928902919053,0.1289066224864828,-0.07625733345729227,21.081870416812166,0.4675757162588076,0.00447379518733729,0.011805443517797045,0,2,12,284.9000622336755,1.0,USDJPY=X,0.0,109.57599639892578,1,2019-12-11 00:00:00+00:00
2019-12-12 00:00:00+00:00,0.14009852903533915,0.14487842752342117,0.1439240845209342,0.1400470682246957,0.6053923089025733,0.022687824264210715,0.44629584801910926,49.772028398625224,0.042863654402779616,0.11169802886974217,-0.06883437446696256,26.006082258112137,0.44853433644930574,0.004298993384954556,0.011730010354712071,0,3,12,235.5346623854266,1.0,USDJPY=X,0.0,109.51599884033203,1,2019-12-12 00:00:00+00:00
2019-12-13 00:00:00+00:00,0.1542412363256942,0.15132713806015685,0.15610674106336164,0.15404687957598284,0.5485809748769985,0.13084742627879845,0.4143840897854378,45.83611447129578,0.01755766693608507,0.09286995648301076,-0.07531228954692569,9.365496471699785,0.4766392316066656,0.00413209077531198,0.011968146929621415,0,4,12,154.76530661826473,1.0,USDJPY=X,1.0,109.5510025024414,0,2019-12-13 00:00:00+00:00
2019-12-16 00:00:00+00:00,0.1536903646147798,0.15088854890690406,0.15845573957794912,0.15383622596753233,0.7031147219184376,0.07567982851343533,0.49198845056370727,59.64655269100414,0.06645390153813935,0.08758674549403649,-0.021132843955897138,76.23844813841566,0.5245218253800176,0.004356330809248605,0.012437812437669364,0,0,12,156.2713789064695,1.0,USDJPY=X,1.0,109.38300323486328,0,2019-12-16 00:00:00+00:00
2019-12-17 00:00:00+00:00,0.15680080605002233,0.15022254774567778,0.1602215981297992,0.15668796155423292,0.577476059920282,0.04895144691788943,0.49999309379900797,59.40112491040536,0.10296853184451038,0.09066310276413127,0.012305429080379113,75.23221825267944,0.509556155096177,0.004794532157807514,0.013056345381307928,0,1,12,159.3208053122667,0.0,USDJPY=X,0.0,109.4990005493164,0,2019-12-17 00:00:00+00:00
2019-12-18 00:00:00+00:00,0.15600706628616923,0.15012513856951015,0.1591686584641443,0.1557157902063131,0.6043438040091105,0.025641177642249432,0.517951272118978,61.69873597605332,0.1444429069219666,0.10141906359569834,0.043023843326268255,88.85411438188314,0.48944477445872686,0.004650253448219362,0.013925325032387309,0,2,12,195.13195679777832,0.0,USDJPY=X,0.0,109.38200378417969,0,2019-12-18 00:00:00+00:00
2019-12-19 00:00:00+00:00,0.156363396360786,0.1509047837695987,0.1562038898574929,0.15628297257460622,0.5708083409405557,0.03480949625821627,0.4982126498094676,60.442919454511525,0.17050487238631717,0.11523622535382211,0.055268647032495066,84.21033983879063,0.4704843636714964,0.004469162310908646,0.013978379366889657,0,3,12,260.4334967253851,0.0,USDJPY=X,0.0,109.38300323486328,0,2019-12-19 00:00:00+00:00
2019-12-20 00:00:00+00:00,0.15386859145057485,0.14798089739133014,0.15691680874368807,0.15356079390202293,0.584294936961121,0.0707073820792746,0.5186253999535568,60.942401691360594,0.19177303065472984,0.13054358641400365,0.06122944424072618,86.91960199592548,0.4693784684845815,0.004294660504462398,0.013918905971960537,0,4,12,297.1123049268433,0.0,USDJPY=X,1.0,109.36900329589844,0,2019-12-20 00:00:00+00:00
2019-12-23 00:00:00+00:00,0.1555209593893716,0.14802960197941384,0.1581965525279574,0.15544035814080392,0.5554738192360894,0.03589670021151274,0.43487905277716077,57.208725279283065,0.19284901899949602,0.14300467293110214,0.049844346068393885,75.31573595508998,0.45670856479957794,0.004291146289673075,0.013599289012593312,0,0,12,311.30230733238074,0.0,USDJPY=X,0.0,109.54199981689453,0,2019-12-23 00:00:00+00:00
2019-12-24 00:00:00+00:00,0.15373906182234087,0.1469738401832681,0.15795355694365454,0.15354459928775843,0.5958169920911682,0.02408684352799461,0.44526785980434036,59.073173845090295,0.2007476672145856,0.15455327178779885,0.046194395426786744,84.4638054380592,0.43515786583509913,0.00417089254247471,0.01359744048664646,0,1,12,337.55675539436584,0.0,USDJPY=X,0.0,109.4280014038086,0,2019-12-24 00:00:00+00:00
2019-12-25 00:00:00+00:00,0.1536903646147798,0.1527240798333882,0.15774294429072855,0.15356079390202293,0.562706556374109,0.016317544175811667,0.4216962903731758,56.40377212973168,0.19531526882843764,0.1627056711959266,0.032609597632511034,75.23691478288076,0.41664676844983534,0.003978331451064875,0.013701444882925925,0,2,12,378.13071374996576,0.0,USDJPY=X,0.0,108.87300109863281,0,2019-12-25 00:00:00+00:00
2019-12-26 00:00:00+00:00,0.15357702619007507,0.15109972605218336,0.15866635223087489,0.1533339456793077,0.5794661234012801,0.07334892014682588,0.42659505682725196,56.4218882100541,0.1889130294769643,0.16794714285213416,0.02096588662483015,70.53208693251291,0.42060057942272655,0.0038090631645505864,0.01381661078862581,0,3,12,413.9594336389455,0.0,USDJPY=X,1.0,108.68099975585938,0,2019-12-26 00:00:00+00:00
2019-12-27 00:00:00+00:00,0.15625005793608127,0.14954031172175664,0.15962226670137336,0.15613709742321435,0.577333447094722,0.04895144691788943,0.4226573131599512,56.07040991497874,0.18062737070039248,0.17048318842178584,0.01014418227860664,69.49811518501615,0.41305785527869254,0.003845701860195154,0.013820357987441866,0,4,12,453.8048934168181,0.0,USDJPY=X,0.0,108.71299743652344,0,2019-12-27 00:00:00+00:00
2019-12-30 00:00:00+00:00,0.154630072404343,0.14713631274046346,0.14904343045493573,0.1542899224129628,0.6039245226984202,0.024863417780349232,0.4501018722118565,59.4333272657946,0.18587761839707184,0.17356207441684304,0.0123155439802288,81.88691195946335,0.39905338270577256,0.003770771539401704,0.013850894792720439,0,0,12,453.34675344380526,0.0,USDJPY=X,0.0,108.54299926757812,0,2019-12-30 00:00:00+00:00
2019-12-31 00:00:00+00:00,0.14539589531979047,0.13787723593407164,0.14411850570817153,0.14529696657567603,0.5631387785981551,0.10334128482135235,0.43158188957558485,56.370937796136516,0.1787789063645704,0.1746054408063885,0.004173465558181877,73.28323832555996,0.42547794053984683,0.003646720926878627,0.013700192411762973,0,1,12,455.48967941778625,0.0,USDJPY=X,1.0,107.96399688720703,0,2019-12-31 00:00:00+00:00
2020-01-01 00:00:00+00:00,0.14235034229563825,0.17916906006961164,0.1467266912727505,0.14218586991472115,0.5004442361518334,0.06200382240517495,0.3962944902261257,44.38122536014943,0.1269063423209218,0.16506562110929518,-0.038159278788373385,31.39632636609662,0.4635866329147908,0.003908020686913809,0.013921991441602626,0,2,1,423.82870878713027,0.0,USDJPY=X,1.0,108.40599822998047,0,2020-01-01 00:00:00+00:00
2020-01-02 00:00:00+00:00,0.14290109040957932,0.13774735703251495,0.14010079743586523,0.14270434481721028,0.551896592915011,0.4320135918278305,0.3807487473372787,41.1226322110714,0.0695028720105455,0.14595307128954527,-0.07645019927899976,7.208359382904045,0.6290451883274061,0.004265572031506797,0.013880247954510153,0,3,1,378.69680814761006,1.0,USDJPY=X,1.0,108.01599884033203,0,2020-01-02 00:00:00+00:00
2020-01-03 00:00:00+00:00,0.1400823378318099,0.13272805799439946,0.13514348975772372,0.13994977691609778,0.5839029651328866,0.09930072749001716,0.38444706864182276,41.888392181266205,0.026289109147867862,0.1220202788612098,-0.09573116971334193,15.42791795956353,0.629756241944366,0.0057862923768126255,0.014094420417518813,0,4,1,342.8025262849345,1.0,USDJPY=X,1.0,109.03099822998047,1,2020-01-03 00:00:00+00:00
2020-01-06 00:00:00+00:00,0.13131807644052573,0.13043770305196833,0.13525683001754363,0.1305679030904392,0.5550040083353752,0.09883478293860438,0.35694257974363014,38.98719845274294,-0.02142852604956147,0.09333051787905555,-0.11475904392861702,17.968465194052786,0.6417734047337751,0.00580190566129376,0.014580736946840126,0,0,1,252.1964483870539,1.0,USDJPY=X,1.0,109.50700378417969,1,2020-01-06 00:00:00+00:00
2020-01-07 00:00:00+00:00,0.13799256020377682,0.13380005465324007,0.1407488268603314,0.13772987853173935,0.4963619676040975,0.07583632897345183,0.31941843652644375,31.089253215888093,-0.10475816201960697,0.053712781899323055,-0.15847094391893002,1.401886500020738,0.6402897470574788,0.005944327954107271,0.017032721186642633,0,1,1,117.16417588498915,0.0,USDJPY=X,1.0,109.56600189208984,1,2020-01-07 00:00:00+00:00
2020-01-08 00:00:00+00:00,0.13097781397246466,0.1414671234735665,0.13096374322955717,0.1314105175242415,0.6429955877999964,0.05532172700628847,0.39950171764503956,40.92726019366947,-0.13359172226469695,0.016251881066519053,-0.14984360333121602,14.048553035710777,0.6411976135483508,0.00590640515757367,0.017386820591945025,0,2,1,21.34062230285482,0.0,USDJPY=X,0.0,109.99199676513672,1,2020-01-08 00:00:00+00:00
2020-01-09 00:00:00+00:00,0.1483282335162115,0.14937783916456127,0.1535147469644711,0.14785707548260252,0.5233725397688269,0.22253298365755803,0.38338328961731993,36.03836951694374,-0.18577076810088045,-0.02415264876696085,-0.1616181193339196,9.565696442874161,0.6976834416193949,0.005936135576509935,0.019366621340626042,0,3,1,-101.63789694687999,0.0,USDJPY=X,1.0,109.85399627685547,1,2020-01-09 00:00:00+00:00
2020-01-10 00:00:00+00:00,0.1556182302075204,0.1509860820133213,0.1601082578699793,0.15557003867793107,0.7254672222299718,0.08189479375136345,0.46306744785799536,52.08145266273188,-0.1435661288484198,-0.048035344783252644,-0.09553078406516716,36.61066771834101,0.7592773071175631,0.006398945739703881,0.018704549834780336,0,4,1,-142.19205124585957,1.0,USDJPY=X,1.0,109.88300323486328,1,2020-01-10 00:00:00+00:00
2020-01-13 00:00:00+00:00,0.15618516952499073,0.15520937705840399,0.1613394272571831,0.15652601541158595,0.6472229519153946,0.03403292200586165,0.5155457858816872,57.46915112996213,-0.07089178176181576,-0.052606632178965274,-0.01828514958285049,49.293982281455705,0.7510435581646904,0.006933595851220384,0.018748828073171405,0,0,1,-157.23715711821413,1.0,USDJPY=X,0.0,110.17500305175781,1,2020-01-13 00:00:00+00:00
2020-01-14 00:00:00+00:00,0.1637344726667147,0.1590429114685672,0.16715537701271654,0.16342862977863182,0.5877031112577158,0.06262626741660422,0.5680315043697615,58.097998362915234,-0.008438905416099374,-0.043773086826392096,0.03533418141029272,50.86600503340015,0.727968573611074,0.006854713553428586,0.018967979336124527,0,1,1,-168.18370807092091,0.0,USDJPY=X,0.0,110.18000030517578,0,2020-01-14 00:00:00+00:00
2020-01-15 00:00:00+00:00,0.16169326864926914,0.156200323334021,0.16555155671672672,0.16119253678000867,0.6397925576000401,0.04351187032277034,0.5661975214179473,62.418785631708644,0.07457007766666379,-0.02010445392778092,0.09467453159444471,62.21676959793785,0.7191847988916447,0.006618377654926003,0.019855902474731024,0,2,1,-114.7961725081263,0.0,USDJPY=X,0.0,110.1729965209961,0,2020-01-15 00:00:00+00:00
2020-01-16 00:00:00+00:00,0.16172565105632764,0.15902667660587255,0.1669123814284137,0.16166255146271347,0.5598111765768617,0.03170201363925221,0.5872182072251046,60.25130364267047,0.1277472183083006,0.009465880519435385,0.11828133778886522,58.539704094618166,0.6823860547116053,0.006546733148233823,0.020501504303916455,0,3,1,-57.820950343175895,0.0,USDJPY=X,0.0,109.90799713134766,0,2020-01-16 00:00:00+00:00
2020-01-17 00:00:00+00:00,0.1664722692268379,0.1607323286308,0.16986083497040183,0.16639397491120467,0.583430662031567,0.04568746383890886,0.5061449209098721,60.56130880281818,0.17026835684801256,0.041626375785150826,0.12864198106286173,59.31260342254947,0.6562157573814795,0.0062101147094885765,0.021103718345539767,0,4,1,-8.902533942934088,0.0,USDJPY=X,0.0,109.72799682617188,0,2020-01-17 00:00:00+00:00
2020-01-20 00:00:00+00:00,0.16689348771254497,0.15972514749248812,0.17076805144485974,0.16647494798252804,0.6206528349859941,0.033722292304919806,0.4910408557931698,63.63587763307208,0.22493569173141736,0.07828823897440414,0.14664745275701324,67.09302845619357,0.6373430812124898,0.0059561219805295005,0.022506191063541736,0,0,1,77.80692770512027,0.0,USDJPY=X,0.0,109.552001953125,0,2020-01-20 00:00:00+00:00
2020-01-21 00:00:00+00:00,0.1666343048591037,0.15980644573621072,0.16668557730979905,0.16636146205966562,0.5800294384746266,0.015384469463440544,0.48666943823319964,63.68805050809944,0.2656014963516924,0.1157508904498618,0.14985060590183058,67.226181812268,0.598889934228562,0.005784562347496656,0.023732244655669484,0,1,1,209.55544690165357,0.0,USDJPY=X,0.0,108.802001953125,0,2020-01-21 00:00:00+00:00
2020-01-22 00:00:00+00:00,0.16242224359900548,0.15751609079377937,0.16628054346963572,0.1620675404423404,0.5783353926062598,0.05532291261583405,0.4517934947771907,63.55043219436598,0.2938766653777094,0.15137604543543132,0.14250061994227808,96.10371065461742,0.5815408537563209,0.005435904923530233,0.02487767354026788,0,2,1,340.466484564989,0.0,USDJPY=X,0.0,108.91999816894531,0,2020-01-22 00:00:00+00:00
2020-01-23 00:00:00+00:00,0.15945764659249928,0.15220431636666243,0.15707872340057372,0.1591509027755713,0.5419154856451555,0.037296905084842215,0.44162586951862454,58.40779496273862,0.2915410013050348,0.17940903660935204,0.11213196469568276,85.98151812488526,0.5640021167134587,0.005291160506376433,0.02544613666818139,0,3,1,477.7286704969746,0.0,USDJPY=X,0.0,109.13200378417969,0,2020-01-23 00:00:00+00:00
2020-01-24 00:00:00+00:00,0.1566874676253176,0.15051502313467924,0.15766198696228573,0.1562991671888707,0.5538530813317131,0.07474793941060978,0.4248659017017308,55.14360385077164,0.27202966178899146,0.19793316164527994,0.07409650014371152,79.1060391027752,0.569359104017129,0.005140001941409134,0.025720152995819846,0,4,1,535.0912086860443,0.0,USDJPY=X,1.0,108.98699951171875,0,2020-01-24 00:00:00+00:00
2020-01-27 00:00:00+00:00,0.14452119953829112,0.14216571829043168,0.14970765134509056,0.1441465308478349,0.554379016488807,0.05299200424922461,0.3874730890965127,52.07896988372616,0.2396034695970286,0.20626722323562968,0.033336246361398925,72.38355573558854,0.5589046338013407,0.005197158371060584,0.025767646692047497,0,0,1,554.261794283658,0.0,USDJPY=X,0.0,108.87699890136719,0,2020-01-27 00:00:00+00:00
2020-01-28 00:00:00+00:00,0.14638417671994142,0.14307536632232631,0.14886520073338683,0.14605848431514512,0.47285043018344364,0.04941739146930219,0.32710060543445735,41.49545496720841,0.15163874956519408,0.19534152850154257,-0.043702778936348496,43.73577504684581,0.5716970858442695,0.005136896599036227,0.026233897098240384,0,1,1,542.8239497781108,0.0,USDJPY=X,0.0,108.37200164794922,0,2020-01-28 00:00:00+00:00
2020-01-29 00:00:00+00:00,0.14964033898694717,0.1436925389652195,0.15262372195570162,0.14949372050741316,0.5961907940886314,0.06620088019652663,0.3370900905462213,43.44281748542576,0.09040524824311547,0.17435427244985716,-0.08394902420674169,10.442635846544839,0.5612903298869221,0.005248779796686305,0.026159236035273134,0,2,1,509.40775913406384,0.0,USDJPY=X,1.0,108.61199951171875,0,2020-01-29 00:00:00+00:00
2020-01-30 00:00:00+00:00,0.14746960534126785,0.14063877368539424,0.14716410804429092,0.14714414158592737,0.6095959853855654,0.03605201506198367,0.3750874701662821,46.864990265071334,0.05831215243119914,0.15114584844612555,-0.09283369601492641,24.454899350518374,0.5430552888849544,0.005143223897885484,0.02565842035879143,0,3,1,524.3577550142435,0.0,USDJPY=X,0.0,109.4469985961914,1,2020-01-30 00:00:00+00:00
2020-01-31 00:00:00+00:00,0.1460601054554096,0.14188947776412464,0.142044885709264,0.1453617450327347,0.5586592922887794,0.059208155096698314,0.3777954739515754,44.865387593297385,0.02093617070211451,0.12510391289732334,-0.10416774219520883,20.395614758929625,0.5381946327871451,0.004982752909227148,0.02536065633621769,0,4,1,488.16810065688793,0.0,USDJPY=X,0.0,109.81400299072266,1,2020-01-31 00:00:00+00:00
2020-02-03 00:00:00+00:00,0.1375064533069792,0.136707706168814,0.1424497959504527,0.13717901440072078,0.5636268470780019,0.12027890278950214,0.3830074931014636,43.354176616850104,-0.017360572170105115,0.09661101588383765,-0.11397158805394277,27.71437475591042,0.5550374765738334,0.004943143530937156,0.024834851619160832,0,0,2,413.58302364857707,0.0,USDJPY=X,1.0,109.96800231933594,1,2020-02-03 00:00:00+00:00
2020-02-04 00:00:00+00:00,0.14121634006372408,0.14713631274046346,0.1455602877483011,0.14106782341540947,0.5071877247969058,0.06682213959841034,0.40247350968636564,37.16507890697224,-0.0874519827025324,0.059798416166563645,-0.14725039886909605,1.6028056001546394,0.5518920558838498,0.0051215947674095276,0.023605683315409923,0,1,2,305.58756275772447,0.0,USDJPY=X,0.0,109.6449966430664,1,2020-02-04 00:00:00+00:00
2020-02-05 00:00:00+00:00,0.1547272196255185,0.1535687884145045,0.15777532722210563,0.15459774370700163,0.6137662424610929,0.1367529474253303,0.4123801784468928,41.44341759284098,-0.12222517295910507,0.023393698341429906,-0.14561887130053497,14.0122212447681,0.5886141870414209,0.005081317518920211,0.023044333469670164,0,2,2,167.65374662901894,0.0,USDJPY=X,1.0,109.76599884033203,0,2020-02-05 00:00:00+00:00
2020-02-06 00:00:00+00:00,0.16055926641735496,0.15594044160065823,0.16537332699517782,0.160544504963402,0.6988904085626818,0.08111940510855441,0.462725807905959,53.345674261663,-0.08146663239925545,0.002421632193292836,-0.08388826459254828,57.18698346699909,0.6338560395434846,0.005378075183341791,0.019883640823876662,0,3,2,113.3833152757759,0.0,USDJPY=X,1.0,109.84300231933594,0,2020-02-06 00:00:00+00:00
2020-02-07 00:00:00+00:00,0.16300549771697836,0.1559240828077142,0.16132323579149443,0.16303983541326983,0.6314757009836902,0.03092543938689759,0.5041515383601131,57.440367812217545,-0.0193282043923233,-0.0019283351238303915,-0.01739986926849291,78.47631512628952,0.6266523767719633,0.0057720875505925615,0.01973319993385615,0,4,2,84.64063203410605,0.0,USDJPY=X,0.0,109.84600067138672,0,2020-02-07 00:00:00+00:00
2020-02-10 00:00:00+00:00,0.15772419903908297,0.15415361526225801,0.16261929464042701,0.1578060080535446,0.6011343362211001,0.06961899251643254,0.5255829773926373,59.06392623115891,0.04186086033885772,0.006829503968707231,0.035031356370150486,86.68086593881849,0.6138913532078945,0.005698497413386017,0.02009167482296289,0,0,2,53.16267622014874,0.0,USDJPY=X,0.0,109.75800323486328,0,2020-02-10 00:00:00+00:00
2020-02-11 00:00:00+00:00,0.1598141002640896,0.15551808731010008,0.16474148903640007,0.15976666898665837,0.5336420534396026,0.04024907285333536,0.54079047457394,54.37825978682911,0.06355712935359747,0.01817502904568528,0.04538210030791219,75.11481447299607,0.5955421321431007,0.005598899831301285,0.020178606698484106,0,1,2,29.13687433436022,0.0,USDJPY=X,0.0,109.79100036621094,0,2020-02-11 00:00:00+00:00
2020-02-12 00:00:00+00:00,0.161093823327767,0.15823079654308958,0.16551917378534964,0.1610143960230972,0.5964874970960822,0.03294571805256518,0.5309086992928697,55.79309844796092,0.08948392988088472,0.03243680921272517,0.05704712066815955,86.94298202739878,0.5750752467974998,0.005425561088451343,0.019868733517699258,0,2,2,5.11919748936253,0.0,USDJPY=X,0.0,109.83000183105469,0,2020-02-12 00:00:00+00:00
2020-02-13 00:00:00+00:00,0.1614178945922986,0.1558916130823249,0.16289467315610717,0.16106297986589113,0.5902344858233256,0.05143767013496979,0.4691740278519112,56.71310989431414,0.11491991802216717,0.04893343097461357,0.0659864870475536,84.38201861916437,0.5593558260929351,0.0052354290637981575,0.0198416192435716,0,3,2,-15.926299870580005,0.0,USDJPY=X,0.0,109.91899871826172,0,2020-02-13 00:00:00+00:00
2020-02-14 00:00:00+00:00,0.16026770115685518,0.1547707879051512,0.16414215760797424,0.15963711207254083,0.5797485488042826,0.054234523052992,0.43986205832884057,56.750853002424556,0.13377795484321098,0.06590233574833305,0.06787561909487792,84.55046547910916,0.5443303401889754,0.005092181988184474,0.01979450318998064,0,4,2,-6.675810210519471,0.0,USDJPY=X,0.0,111.20999908447266,1,2020-02-14 00:00:00+00:00
2020-02-17 00:00:00+00:00,0.16012185672811863,0.15551808731010008,0.16440134465796574,0.1601717815892949,0.5668649150730746,0.03154551317923571,0.42046944036566986,55.22883688078538,0.1400084963923831,0.08072356787714306,0.059284928515240046,79.60678587960979,0.5199492659106892,0.004959368102061787,0.019113768627544273,0,0,2,34.34045380725132,0.0,USDJPY=X,0.0,111.9540023803711,1,2020-02-17 00:00:00+00:00
2020-02-18 00:00:00+00:00,0.16096429369953302,0.15529067530212637,0.16334828139333624,0.16080374241464668,0.5839996545620435,0.03620851552200017,0.4490272024940052,55.70852378539877,0.14592668618779214,0.09376419153927289,0.052162494648519256,81.460558574931,0.49945301184452395,0.004735809530620761,0.018379781519013635,0,1,2,141.5923044898862,0.0,USDJPY=X,0.0,111.55699920654297,1,2020-02-18 00:00:00+00:00
2020-02-19 00:00:00+00:00,0.16256808802774203,0.1774147034566005,0.16675034317255322,0.16224580482226147,0.5848487976591116,0.04413431533419962,0.44243219762146535,56.30444136599669,0.15201169036046736,0.10541369130351179,0.046597999056955566,83.65165360810602,0.4840638118146138,0.004547509819883317,0.017662435067502313,0,2,2,244.73030463550324,0.0,USDJPY=X,0.0,110.85700225830078,1,2020-02-19 00:00:00+00:00
2020-02-20 00:00:00+00:00,0.18320705224555311,0.19177412968433094,0.18695222479390483,0.18316454877786903,0.591926459664452,0.2231554286689873,0.44339061349857484,57.70291742880244,0.1621462836021692,0.11676020976324328,0.04538607383892593,53.29267412858409,0.5546306911185923,0.00440382297381856,0.017668073034049287,0,3,2,291.9568918262393,0.0,USDJPY=X,1.0,110.28600311279297,0,2020-02-20 00:00:00+00:00
2020-02-21 00:00:00+00:00,0.19560012077896238,0.1914817782255791,0.1934971613023475,0.19522001743331674,0.7619886780659437,0.1667441264903112,0.5467010718180964,71.80159799299275,0.2712244552858323,0.1476530588677611,0.12357139641807119,74.4503140634518,0.676942662539809,0.004987237619679388,0.02229279033478974,0,4,2,431.9317265420717,0.0,USDJPY=X,1.0,110.36299896240234,0,2020-02-21 00:00:00+00:00
2020-02-24 00:00:00+00:00,0.18892563701571152,0.18318117796941524,0.17718345622779386,0.18878717050295646,0.6833715899549702,0.10116569130521383,0.613577059108631,76.63513004868724,0.412944374593593,0.2007113220129275,0.21223305258066552,93.60543731297145,0.6970181997230703,0.006046614217862901,0.029236689519328334,0,0,2,631.5463816625319,0.0,USDJPY=X,1.0,109.66000366210938,0,2020-02-24 00:00:00+00:00
2020-02-25 00:00:00+00:00,0.17777990913892094,0.17307764044240614,0.1695530735233446,0.1774447593671935,0.524172774979952,0.17824335347288747,0.5790164814199366,69.76332140899609,0.48760281175619014,0.25808961996158003,0.2295131917946101,78.11420728907011,0.7503740600386098,0.00624809025592891,0.03214048405284068,0,1,2,859.4315961587072,0.0,USDJPY=X,1.0,107.6969985961914,0,2020-02-25 00:00:00+00:00
2020-02-26 00:00:00+00:00,0.16825429039084194,0.16745727969384272,0.17131893207519466,0.16819256607866206,0.4817351529376083,0.15477895495632213,0.5196824673760145,59.61317587946809,0.4846989497103493,0.3034114859113339,0.18128746379901545,49.94367751353464,0.8052043230143676,0.006768846755302037,0.03264484998463325,0,2,2,1009.5907986315985,0.0,USDJPY=X,1.0,108.48699951171875,0,2020-02-26 00:00:00+00:00
2020-02-27 00:00:00+00:00,0.1695341370514929,0.16256785955728392,0.16417454053935132,0.16944016949209106,0.49921650038109017,0.08407157287704754,0.46671264501456233,52.857404436307384,0.43135041997909696,0.3289992727248865,0.10235114725421046,28.437108472511177,0.7983325594982744,0.007301056347022204,0.032396945636094486,0,3,2,1064.5731435178395,0.0,USDJPY=X,1.0,107.03700256347656,0,2020-02-27 00:00:00+00:00
2020-02-28 00:00:00+00:00,0.1581939911353778,0.15070984148701427,0.13292402296864458,0.15804917451353417,0.5901819664911295,0.10582750803843272,0.37019017093784645,53.62066659614973,0.39077958360601883,0.341355334901113,0.04942424870490586,29.203875440727682,0.7899516449526388,0.007233697588901553,0.031593450669570804,0,4,2,1108.9306767549622,0.0,USDJPY=X,1.0,107.677001953125,0,2020-02-28 00:00:00+00:00
2020-03-02 00:00:00+00:00,0.12731662442328107,0.1328417020332615,0.12704330735035696,0.12624159224458453,0.4802568216476753,0.2921519761739906,0.25675776855316573,46.25680432241589,0.2984605900298902,0.3327763859268684,-0.034315795896978196,42.695213451835954,0.9181693192040686,0.007203644159876947,0.03056504128356248,0,0,3,1100.6777466890799,0.0,USDJPY=X,1.0,106.24800109863281,0,2020-03-02 00:00:00+00:00
2020-03-03 00:00:00+00:00,0.13857569072477638,0.13103864083216687,0.12390043262113126,0.13904238402523683,0.30092089478062806,0.17762209407100377,0.13243281176053479,32.737096869795224,0.06613663721148555,0.27944843618379184,-0.2133117989723063,5.910666769010336,1.0129431354453515,0.008525486607539857,0.03394632246447926,0,1,3,941.3211523868827,0.0,USDJPY=X,1.0,103.93800354003906,0,2020-03-03 00:00:00+00:00
2020-03-04 00:00:00+00:00,0.11625197616111005,0.11843344728719774,0.12109770227034011,0.11554733654843807,0.6934080660550472,0.19052034031736395,0.24893055590852387,40.299510348143485,-0.05361723156099174,0.21283530263483513,-0.2664525341958269,25.498484876423692,1.028161334685304,0.009337000193612449,0.03405989150636413,0,2,3,821.0712597468945,0.0,USDJPY=X,1.0,103.11199951171875,0,2020-03-04 00:00:00+00:00
2020-03-05 00:00:00+00:00,0.12571283009507206,0.11814109582844567,0.11234961403748156,0.1259175763362812,0.37145472924760725,0.0968145042729368,0.17773219704331195,32.97202983559403,-0.2624997373643225,0.1177682946350036,-0.38026803199932613,-0.2139734619450945,1.0575071672594005,0.009605662621910302,0.04192898716292605,0,3,3,560.4961649951612,0.0,USDJPY=X,1.0,105.0260009765625,0,2020-03-05 00:00:00+00:00
2020-03-06 00:00:00+00:00,0.10316231508502294,0.0967480082859764,0.08785464562814349,0.1027627393820505,0.6723162234677883,0.17793272377194563,0.2228602438768145,38.30424133103454,-0.3721085898894074,0.019792917730121404,-0.39190150761952885,20.58823529411765,1.0637564155313295,0.00982110523210671,0.04529254435595954,0,4,3,259.19437058202544,0.0,USDJPY=X,1.0,104.55000305175781,0,2020-03-06 00:00:00+00:00
2020-03-09 00:00:00+00:00,0.0660964479094992,0.06297726313676133,0.027702609001317713,0.06533265901102325,0.3729236471778534,0.20823571814741393,0.16315390624905063,32.153622425639966,-0.5677382879253514,-0.09771332340097318,-0.47002496452437825,17.41307099798707,1.1792737969833327,0.010012013445258292,0.05410792184198761,0,0,3,-207.8499390140505,0.0,USDJPY=X,1.0,104.61000061035156,1,2020-03-09 00:00:00+00:00
2020-03-10 00:00:00+00:00,0.052083393844351455,0.07811645849482995,0.051290360936197876,0.05194849024781334,0.2411877999656798,0.4621612713528279,0.12976947791864207,25.129153080252536,-0.8988127763834939,-0.2579332139974773,-0.6408795623860166,24.351155080408486,1.4496830948620345,0.011345934661223814,0.07272176301342151,0,1,3,-855.4371237785551,0.0,USDJPY=X,1.0,106.68800354003906,1,2020-03-10 00:00:00+00:00
2020-03-11 00:00:00+00:00,0.08388415354550882,0.07961080944422849,0.07364694348387446,0.08296204192575463,0.45572678813415396,0.38073123654333163,0.0007654097972458196,23.179145235641982,-1.213850799213759,-0.4491167310407337,-0.7647340681730254,16.77522150645381,1.5211346293459405,0.014059305432218653,0.08976627661613039,0,2,3,-1511.3514577003507,0.0,USDJPY=X,1.0,106.17500305175781,1,2020-03-11 00:00:00+00:00
2020-03-12 00:00:00+00:00,0.07690191331822893,0.08667694048435659,0.057754340116197955,0.0752492023534359,0.8680155133314339,0.1805742618394969,0.27175926752876606,35.641718619348865,-1.294158525897089,-0.6181250900120048,-0.6760334358850841,34.386799362733655,1.5674106356970674,0.01448340996707468,0.09351028699830898,0,3,3,-1978.0349670359399,0.0,USDJPY=X,1.0,107.37699890136719,1,2020-03-12 00:00:00+00:00
2020-03-13 00:00:00+00:00,0.07801972434661386,0.11518473972478804,0.08291352941569086,0.07622137370135573,0.5088369935704995,0.40062220788952013,0.18142589659207292,34.15761701309859,-1.3803007840989636,-0.7705602288293966,-0.609740555269567,31.492247420648493,1.6395957995535269,0.014991971209423263,0.09947618109319721,0,4,3,-2509.557033053355,0.0,USDJPY=X,1.0,108.36000061035156,1,2020-03-13 00:00:00+00:00
2020-03-16 00:00:00+00:00,0.10831396053771103,0.11612685748207197,0.09030091653583727,0.10989232559482143,0.5882490621133786,0.4320124062182849,0.30146157015241276,34.52768023804258,-1.4272751038382694,-0.9019032038311712,-0.5253719000070982,34.11609158083734,1.7311245009874825,0.015673413535868794,0.10362707633156296,0,0,3,-3006.6929202808624,0.0,USDJPY=X,1.0,111.29100036621094,1,2020-03-16 00:00:00+00:00
2020-03-17 00:00:00+00:00,0.10312993267796444,0.11664662094879752,0.10539964368887578,0.10157991442568015,0.8882638342533271,0.3701627130540353,0.670410205730109,45.87440094421912,-1.2820464869770234,-0.9779318604603416,-0.30411462651668175,57.46335362213512,1.8159726593642136,0.01622604644896,0.10133653896938195,0,1,3,-3204.745754508336,0.0,USDJPY=X,1.0,110.46199798583984,1,2020-03-17 00:00:00+00:00
2020-03-18 00:00:00+00:00,0.12067464666406202,0.13170464199339316,0.1164158967068536,0.12105647235066308,0.5045409743109329,0.23030228300974095,0.6990232582592786,43.853819468919916,-1.1945762820970458,-1.0212607447876825,-0.17331553730936333,53.728765697651525,1.7921170857600734,0.017103580006293664,0.10167684338999873,0,2,3,-3452.1825477064895,0.0,USDJPY=X,1.0,110.8270034790039,1,2020-03-18 00:00:00+00:00
2020-03-19 00:00:00+00:00,0.1380249426108353,0.15852314800184164,0.13971195506139034,0.13698455540653476,0.7553924987913001,0.26868639204787964,0.6345225683589599,49.46981463640804,-1.0165463810729705,-1.0203178720447401,0.003771490971769653,72.76420023903918,1.8293227161089634,0.016689953193851605,0.09902022935373328,0,3,3,-3488.690833935113,0.0,USDJPY=X,1.0,111.12000274658203,1,2020-03-19 00:00:00+00:00
2020-03-20 00:00:00+00:00,0.18479465537023287,0.17798317151140997,0.1588121990210467,0.18447705427136651,0.7217023632339932,0.30178742495091576,0.7583748422319505,53.560793937501835,-0.7870635999975519,-0.9736670176353025,0.18660341763775057,79.9119380689092,1.8959425962152987,0.01688190020122803,0.09381053282184894,0,4,3,-3512.8437089856134,0.0,USDJPY=X,1.0,110.8759994506836,0,2020-03-20 00:00:00+00:00
2020-03-23 00:00:00+00:00,0.17027930320475826,0.1781781137939944,0.16375331523349956,0.17104430166536266,1.0,0.30473959271940887,1.0,63.14259830121425,-0.36448806620897756,-0.8518312273500376,0.48734316114106,99.54249437318921,1.9731607947347973,0.01703590218415294,0.08941801398078904,0,0,3,-3192.4417299881393,0.0,USDJPY=X,1.0,109.10900115966797,0,2020-03-23 00:00:00+00:00
2020-03-24 00:00:00+00:00,0.1777313355283332,0.18041976414834204,0.17076805144485974,0.1769586736932336,0.46347384830826593,0.25920744373097093,0.7489671900585755,59.408904199961725,-0.0953879026582456,-0.7005425624116792,0.6051546597534336,91.18814950457453,1.9513635427950349,0.017862801965502537,0.0872659848107132,0,1,3,-2696.7400485214926,0.0,USDJPY=X,1.0,107.41300201416016,0,2020-03-24 00:00:00+00:00
2020-03-25 00:00:00+00:00,0.18179755235969486,0.18335988538930503,0.1811038921069943,0.1817062917559893,0.6307150602626164,0.21336466504159118,0.8233328675308187,60.51595172436752,0.14564984775678624,-0.5313040803779862,0.6769539281347724,93.53198864413788,1.9100519396405904,0.017607293182520443,0.08690334101468665,0,2,3,-2138.9478272041224,0.0,USDJPY=X,1.0,108.03500366210938,0,2020-03-25 00:00:00+00:00
2020-03-26 00:00:00+00:00,0.17763418830715771,0.17143692786825704,0.15856920343674363,0.17775258066123212,0.6204410595913389,0.14234665326137474,0.7444243999766709,61.42542196148,0.356210421731987,-0.35380117995599153,0.7100116016879785,94.7231929872765,1.8390482558241865,0.017189091904511695,0.0886397506335368,0,3,3,-1613.0024006121976,0.0,USDJPY=X,0.0,107.50800323486328,0,2020-03-26 00:00:00+00:00
2020-03-27 00:00:00+00:00,0.1497376098050962,0.14593418931956714,0.13464130712342914,0.14912099713330607,0.5451729406124278,0.24444423366941412,0.6418705179103753,60.182199875272055,0.49765550398581127,-0.18350984316763097,0.6811653471534422,92.3736191239532,1.8333307150900928,0.01658653148504131,0.08998163772978963,0,4,3,-1087.1994601033712,0.0,USDJPY=X,1.0,107.25700378417969,0,2020-03-27 00:00:00+00:00
2020-03-30 00:00:00+01:00,0.12224605858521254,0.12843969956828882,0.12279879495943602,0.1216398493332207,0.33146796989415334,0.22999165330879912,0.2645490803203987,51.97785281616832,0.4618458842006987,-0.05443869769396504,0.5162845818946638,71.34059958542034,1.9160925758077088,0.016802744921175044,0.09069179170317412,0,0,3,-622.7965748669636,0.0,USDJPY=X,1.0,108.0009994506836,1,2020-03-30 00:00:00+01:00
2020-03-31 00:00:00+01:00,0.13224146942958637,0.13534323412097193,0.12785325143170878,0.13171846244128993,0.3375742932818271,0.17622426041676545,0.19409865160789996,45.55813310448324,0.29323333419520736,0.015095708683869441,0.2781376255113379,50.11725835476958,1.9189431976598925,0.017838553432806135,0.09211762557179017,0,1,3,-314.1413026921077,0.0,USDJPY=X,1.0,108.69300079345703,1,2020-03-31 00:00:00+01:00
2020-04-01 00:00:00+01:00,0.12253762384571232,0.12210463307041519,0.12078994082328287,0.12317920304943342,0.6693847779398819,0.19378432339634452,0.21533080407837624,48.09032509395268,0.2074061591361982,0.0535577987743352,0.153848360361863,57.40918962044427,1.8746612529470208,0.01776223568855133,0.09133214516951647,0,2,4,90.59648652497066,0.0,USDJPY=X,1.0,109.11499786376953,1,2020-04-01 00:00:00+01:00
2020-04-02 00:00:00+01:00,0.11976744487853064,0.12342027659992394,0.12087089815172569,0.11911212965482343,0.5034579767248563,0.13488798361013363,0.15089799450228192,46.132496383606686,0.09575912283800392,0.06199806358706894,0.03376105925093498,40.37555399791577,1.8126143301290973,0.017437411137211926,0.09169604744413809,0,3,4,313.07757673205333,0.0,USDJPY=X,0.0,108.6510009765625,1,2020-04-02 00:00:00+01:00
2020-04-03 00:00:00+01:00,0.1320956250008496,0.13469346782244007,0.13349109506466816,0.13116747468726153,0.5430134590848523,0.14669784029365177,0.14971177652697232,45.188880911312715,-0.01282764665629088,0.04703292153839698,-0.05986056819468786,32.35702920254586,1.7505704668442064,0.01689972930603583,0.09192416746768202,0,4,4,463.5934731188681,0.0,USDJPY=X,0.0,108.9219970703125,1,2020-04-03 00:00:00+01:00
2020-04-06 00:00:00+01:00,0.142334151092109,0.14575548189967713,0.1475205674873885,0.14238032890890695,0.6872051942851418,0.13348777873680415,0.3478216644691891,48.54834326543685,-0.038406485295013226,0.02994504017171494,-0.06835152546672817,34.388945084436656,1.726600668221964,0.016208835804742416,0.09073817753543252,0,0,4,499.2669141518327,0.0,USDJPY=X,0.0,108.56099700927734,0,2020-04-06 00:00:00+01:00
2020-04-07 00:00:00+01:00,0.1489275552407403,0.1420844200467093,0.147471993090323,0.14921816481889416,0.6789746574879023,0.10473911847559067,0.542288998016136,51.524427833983694,-0.002806818875683348,0.023394668362235284,-0.02620148723791863,39.3970147583583,1.699843290169558,0.015885113628456377,0.08505123168291155,0,1,4,546.3909798608762,0.0,USDJPY=X,0.0,108.33599853515625,0,2020-04-07 00:00:00+01:00
2020-04-08 00:00:00+01:00,0.14210735064572622,0.14122347660289836,0.1448313009953921,0.14169978424076124,0.6397061966781861,0.07008493706784531,0.5253732197550447,53.29847101262024,0.05878022816013129,0.030471780321814485,0.028308447838316802,44.96655664155331,1.6106399407950023,0.01557845688905038,0.07534262861204134,0,2,4,661.7594015889956,0.0,USDJPY=X,0.0,107.62300109863281,0,2020-04-08 00:00:00+01:00
2020-04-09 00:00:00+01:00,0.14589819342011734,0.14096359486953558,0.14235264715632123,0.14609087354367456,0.5131889861845017,0.08717905549601161,0.5309683900191025,51.08475028541405,0.06934833123823125,0.03824709050509784,0.03110124073313341,34.96446797348214,1.5385940432730936,0.014823977011886336,0.07105397535237995,0,3,4,620.7156233722059,0.0,USDJPY=X,0.0,107.10399627685547,0,2020-04-09 00:00:00+01:00
2020-04-10 00:00:00+01:00,0.14026056466760495,0.13293923513967854,0.14185046452202665,0.1402414035958719,0.618114949928757,0.108469046105984,0.5740675086053598,52.33008223650256,0.09845581171265394,0.050288834746609064,0.048166976966044876,40.80616009065148,1.4785514721018012,0.014125650324606918,0.06350980151039369,0,4,4,605.53640351451,0.0,USDJPY=X,0.0,107.60900115966797,0,2020-04-10 00:00:00+01:00
2020-04-13 00:00:00+01:00,0.13700427880362565,0.1298041716161309,0.12944100386098478,0.13659563741816294,0.5277782954627389,0.036519145222942015,0.4829795060635813,50.48616196050217,0.09134108856345335,0.058499285509977926,0.03284180305347543,33.0243091360315,1.4152974162332015,0.013619545811424778,0.054473166037037606,0,0,4,524.1639303206115,0.0,USDJPY=X,0.0,107.94499969482422,0,2020-04-13 00:00:00+01:00
2020-04-14 00:00:00+01:00,0.12537269122398453,0.1197005101588724,0.12150273611050344,0.12504257267394947,0.547090573945269,0.12556316453415028,0.4083558729165013,49.31970643042896,0.06677735495753723,0.06015489939948979,0.006622455558047434,28.17415873548417,1.38548999144785,0.013063962444338587,0.05194762124708582,0,1,4,470.8053011916423,0.0,USDJPY=X,0.0,107.66999816894531,0,2020-04-14 00:00:00+01:00
2020-04-15 00:00:00+01:00,0.11681891547858037,0.12112992165749259,0.11918612052729305,0.11663287019621071,0.47696735430595083,0.10505093378607809,0.31682000077552164,45.71517131517252,-0.010106019356172169,0.046102715648357405,-0.056208735004529574,15.211317687696841,1.3767407412216641,0.012873549123370902,0.04843611249188784,0,2,4,302.5639987863157,0.0,USDJPY=X,0.0,107.66899871826172,1,2020-04-15 00:00:00+01:00
2020-04-16 00:00:00+01:00,0.1251133847735697,0.12502851944868376,0.12333336052510768,0.12481572445123423,0.5043229856745521,0.14094763399759083,0.3118447969485312,43.23796525532713,-0.11162920701602275,0.014556331115481373,-0.12618553813150413,7.148566431264869,1.3431876654675496,0.012854242503359975,0.04930414274571921,0,3,4,127.87792009549399,0.0,USDJPY=X,0.0,107.72100067138672,0,2020-04-16 00:00:00+01:00
2020-04-17 00:00:00+01:00,0.1302650302262578,0.12285180854511468,0.12527744879850666,0.13026008179640058,0.6526555614731278,0.13846259639005606,0.33108598401811784,46.287848399906274,-0.14961274849649442,-0.018277484806913786,-0.13133526368958062,28.023187347089145,1.3167462038018987,0.012482112564863939,0.049973675430127526,0,4,4,-5.15469868091083,0.0,USDJPY=X,0.0,107.81300354003906,0,2020-04-17 00:00:00+01:00
2020-04-20 00:00:00+01:00,0.12629608421304495,0.12290051313319839,0.13007271822078792,0.12580409041341878,0.6278852506831258,0.09899009778907532,0.38730079941276013,48.27906322476962,-0.15086364288045218,-0.044794716421621465,-0.1060689264588307,41.89025369426331,1.268192977644453,0.012198306614706809,0.04560005343009513,0,0,4,-143.61194120736576,0.0,USDJPY=X,0.0,107.66699981689453,0,2020-04-20 00:00:00+01:00
2020-04-21 00:00:00+01:00,0.12600439535557184,0.12072380222962908,0.1251154105426464,0.12578789579915406,0.5397022791841646,0.05345794880063738,0.3831303225916071,46.75141714425586,-0.17206188820432544,-0.07024815077816227,-0.10181373742616318,30.540607770469194,1.2021793199569584,0.011778517685627965,0.04365798694313788,0,1,4,-229.37498791487818,0.0,USDJPY=X,0.0,107.49500274658203,0,2020-04-21 00:00:00+01:00
2020-04-22 00:00:00+01:00,0.12728424201622257,0.12265686626253003,0.12884154883358412,0.12663051023295635,0.579179649198012,0.08018633039618328,0.4410604529765859,46.745627980119394,-0.18678910908862179,-0.09355634244025418,-0.0932327666483676,30.49935923069899,1.1531664285551777,0.011165510353660018,0.039418133193957657,0,2,4,-388.03988084114906,0.0,USDJPY=X,0.0,107.28299713134766,0,2020-04-22 00:00:00+01:00
2020-04-23 00:00:00+01:00,0.12828859102292922,0.12329039769836725,0.12599024408572723,0.12812128010637513,0.5868355722181345,0.06293689711754608,0.48805169882404903,47.112586000905736,-0.19205057524054325,-0.11325518900031199,-0.07879538624023126,32.6455427961472,1.0997258821795846,0.010705121762403813,0.03187213413349319,0,3,4,-462.53979047253716,0.0,USDJPY=X,0.0,106.74099731445312,0,2020-04-23 00:00:00+01:00
2020-04-24 00:00:00+01:00,0.12564806528095507,0.11971674502156682,0.12701092441897988,0.12575550657062462,0.5926071920398369,0.09634855972152402,0.45399796342397536,47.79794031763221,-0.18664493583470687,-0.12793313836719097,-0.0587117974675159,36.44261257545177,1.0654599439226164,0.010200308367915693,0.022258246016267573,0,4,4,-485.4171201152495,1.0,USDJPY=X,0.0,106.61000061035156,0,2020-04-24 00:00:00+01:00
2020-04-27 00:00:00+01:00,0.12329898120250715,0.11754003411799774,0.12032014112036538,0.1229685494409829,0.5582623016006389,0.052369559237795335,0.41460371763976506,46.76230704556929,-0.1919297610999564,-0.14073246291374406,-0.05119729818621235,33.54574340631674,1.017927199776637,0.009895882171274453,0.02049117910621933,0,0,4,-426.62366540076124,1.0,USDJPY=X,0.0,107.28500366210938,0,2020-04-27 00:00:00+01:00
2020-04-28 00:00:00+01:00,0.11976744487853064,0.11295932423313504,0.11322432398158777,0.11953331324871508,0.5544789947678502,0.09572611471009475,0.4229747222169044,45.51130532741906,-0.20760362398398513,-0.15410669512779226,-0.053496928856192866,26.3527603214029,0.9928609581422009,0.009469530431813526,0.020381376028952396,0,1,4,-381.9484871880574,1.0,USDJPY=X,0.0,106.73799896240234,0,2020-04-28 00:00:00+01:00
2020-04-29 00:00:00+01:00,0.1111165219119512,0.10360296218082543,0.1100166833896079,0.11075101101987861,0.5486507498308181,0.11996945869810587,0.4057075783489432,43.95054145204735,-0.2344299915729806,-0.17017135441682996,-0.06425863715615066,28.88621941825918,0.9885856244621217,0.009254597510233902,0.0211557111121412,0,2,4,-349.11724785496654,1.0,USDJPY=X,0.0,106.6969985961914,0,2020-04-29 00:00:00+01:00
2020-04-30 00:00:00+01:00,0.1086702906123278,0.1092882623801672,0.11085913400131164,0.10862840394411788,0.5007517682655773,0.061228433762365905,0.357138067712502,40.158828857944535,-0.2960126867118049,-0.19533962087582496,-0.10067306583597996,17.136278042301438,0.983615131162093,0.009261536329380572,0.02317428466326351,0,3,4,-301.6617679497507,0.0,USDJPY=X,0.0,106.4520034790039,0,2020-04-30 00:00:00+01:00
2020-05-01 00:00:00+01:00,0.12007520134255967,0.11401520995953063,0.11400200873053712,0.1195658261002539,0.5602373512059382,0.10753715700315845,0.3389823912726121,39.27685880065297,-0.3513377526125936,-0.2265392472231787,-0.1247985053894149,12.257186518767439,0.9627855748486176,0.009226293270151117,0.02498720097910799,0,4,5,-303.30172467450024,0.0,USDJPY=X,0.0,106.19100189208984,0,2020-05-01 00:00:00+01:00
2020-05-04 00:00:00+01:00,0.11110033070842196,0.10842731893635627,0.1150063739991265,0.11070242717708467,0.6777951017668237,0.12261099676565715,0.4060347696571814,45.87336373060358,-0.336833355641204,-0.24859806890678376,-0.08823528673442022,53.765471413237606,0.9503724241339843,0.008974092762124327,0.0252287305382506,0,0,5,-310.0242349306762,0.0,USDJPY=X,0.0,106.35900115966797,0,2020-05-04 00:00:00+01:00
2020-05-05 00:00:00+01:00,0.10999871088356628,0.10573084456606119,0.11196077166300689,0.11003807712320346,0.500027707029394,0.05951878479764016,0.3752475365788891,41.90095783767852,-0.3652666576414987,-0.27193178665372675,-0.09333487098777193,21.83300894769894,0.9262748646813337,0.008903787155207451,0.025687594495768684,0,1,5,-427.41019038373815,0.0,USDJPY=X,0.0,106.91899871826172,0,2020-05-05 00:00:00+01:00
2020-05-06 00:00:00+01:00,0.10591630284867537,0.09829118775370849,0.1045086186801063,0.1060682950371914,0.5733499556104064,0.06293689711754608,0.38916893640735567,41.61010506730174,-0.3866515626939844,-0.2948757418617783,-0.09177582083220609,19.439532884686475,0.8890408585824437,0.008681358209399505,0.024068482867750048,0,2,5,-492.75065949316235,0.0,USDJPY=X,0.0,107.56600189208984,1,2020-05-06 00:00:00+01:00
2020-05-07 00:00:00+01:00,0.10233606931713779,0.10178366611703593,0.10637162602608785,0.10183915187692483,0.5436126748399086,0.06324752681848791,0.4134402934370087,39.830908850255824,-0.4185436023518321,-0.3196093139597891,-0.09893428839204299,21.993915300353635,0.8736091201834187,0.008351565301988835,0.02412723718329373,0,3,5,-594.7525696804174,0.0,USDJPY=X,0.0,107.13800048828125,1,2020-05-07 00:00:00+01:00
2020-05-08 00:00:00+01:00,0.10525209271305602,0.10298566560768263,0.10789448899363485,0.10456133054950789,0.5411919581581262,0.07878849674194496,0.4026667741666763,37.968320740826016,-0.45958115485923656,-0.34760368213967857,-0.11197747271955799,8.58170042263571,0.8474230247545808,0.008226771615462964,0.023140787469591705,0,4,5,-739.6747674459756,0.0,USDJPY=X,0.0,106.93299865722656,1,2020-05-08 00:00:00+01:00
2020-05-11 00:00:00+01:00,0.1135951356186331,0.11935933018178702,0.11667508375684532,0.11363525945811825,0.6039288595149562,0.07567982851343533,0.36124712048913726,39.91594323399668,-0.4730940404088244,-0.3727017537935078,-0.10039228661531663,17.214760101307114,0.8246784750302022,0.007967572236621654,0.022037954564332714,0,0,5,-897.7937567085224,0.0,USDJPY=X,0.0,107.36499786376953,1,2020-05-11 00:00:00+01:00
2020-05-12 00:00:00+01:00,0.12465978388080412,0.11846591701258702,0.12381947529268866,0.1241189851688238,0.6612106123156414,0.14809567394789008,0.4522355004024962,46.00195400459961,-0.43361750400961796,-0.38488490383672985,-0.04873260017288811,45.99162569687846,0.863558274421181,0.007713114459697493,0.0199695537345753,0,1,5,-1036.8384506729672,0.0,USDJPY=X,0.0,107.20800018310547,0,2020-05-12 00:00:00+01:00
2020-05-13 00:00:00+01:00,0.11777481447167304,0.11161108704798761,0.11646447110391933,0.11718385795023889,0.6734376328987725,0.07101682617067086,0.5090546919828738,52.045697304342916,-0.34613429491272996,-0.3771347820519299,0.03100048713919995,79.23949095528216,0.8557325264435521,0.008028171162180986,0.01976659543686227,0,2,5,-1109.5107636694981,0.0,USDJPY=X,0.0,107.38099670410156,0,2020-05-13 00:00:00+01:00
2020-05-14 00:00:00+01:00,0.11374098004736966,0.11019791041206184,0.11683712201270557,0.11386210768083349,0.5174410527115542,0.07599045821437718,0.4940729060356905,48.20226794132088,-0.307791330882381,-0.36326609181802016,0.05547476093563919,64.54227998055077,0.8520374070184547,0.007987198963426166,0.019838805728583382,0,3,5,-1133.3174684669793,0.0,USDJPY=X,0.0,107.80999755859375,1,2020-05-14 00:00:00+01:00
2020-05-15 00:00:00+01:00,0.12098240312809105,0.11455120828895082,0.11831128698421223,0.12086201335647706,0.5495652349779966,0.05889633978621089,0.49885879950318374,46.433531916989,-0.2905963760039043,-0.348732148655197,0.058135772651292716,53.34503416224155,0.818248863855306,0.00796795580146086,0.019614565224460454,0,4,5,-1186.9078055522448,0.0,USDJPY=X,0.0,107.59100341796875,0,2020-05-15 00:00:00+01:00
2020-05-18 00:00:00+01:00,0.11884392829249668,0.11557462428995713,0.12140558731637219,0.1183180990638153,0.6421547509483966,0.08640248124365699,0.5206312281974048,50.551286316655634,-0.2393514304802551,-0.3268560050202087,0.08750457453995358,78.69717836898803,0.7995167847127396,0.007621188284225964,0.018422385613892752,0,0,5,-1252.0124213393588,0.0,USDJPY=X,0.0,107.63099670410156,1,2020-05-18 00:00:00+01:00
2020-05-19 00:00:00+01:00,0.12124158598153234,0.12497969093035044,0.12526125733281823,0.12112125080772174,0.5565818696045122,0.06651150989746848,0.46111017561878603,49.074828018612834,-0.20899863651351325,-0.3032845313188696,0.09428589480535637,69.48367107537184,0.7729799717910149,0.007457622410148572,0.017856010477358,0,1,5,-1230.3091518420542,1.0,USDJPY=X,0.0,107.73500061035156,1,2020-05-19 00:00:00+01:00
2020-05-20 00:00:00+01:00,0.1284020530446075,0.12337157201184024,0.12592547822297306,0.12807257264057137,0.6044203977382645,0.11950232853714751,0.422140976088804,50.78072576589294,-0.16903591436307863,-0.2764348079277114,0.10739889356463278,66.19500775966982,0.7796240676954512,0.007198480136304135,0.01732740249788129,0,2,5,-1207.5854324503405,1.0,USDJPY=X,0.0,107.68699645996094,0,2020-05-20 00:00:00+01:00
2020-05-21 00:00:00+01:00,0.12483801071659917,0.12129239421468796,0.1296353014492475,0.12452409777146034,0.6414583521721946,0.09774639337576234,0.4925580416913234,54.82229589571977,-0.10157746372317433,-0.241463339086804,0.13988587536362967,87.12192544017984,0.7688650487696601,0.007231463550230883,0.017499953104232274,0,3,5,-1092.4938423358096,1.0,USDJPY=X,0.0,107.49099731445312,0,2020-05-21 00:00:00+01:00
2020-05-22 00:00:00+01:00,0.12540507363104303,0.11987921757876219,0.12573105703573573,0.125172129588067,0.5477322143957103,0.04226935151900295,0.4915110906060678,52.45443519317069,-0.06503744137739886,-0.206178159544923,0.14114071816752413,76.43926057976084,0.7333749148452647,0.007146183457205792,0.016979938350480523,0,4,5,-939.9852812916022,1.0,USDJPY=X,0.0,107.7979965209961,0,2020-05-22 00:00:00+01:00
2020-05-25 00:00:00+01:00,0.12712220638395677,0.12007415986134684,0.13052632645801676,0.1268573584556716,0.5851051372051173,0.06620088019652663,0.4591235697417539,52.854909522517964,-0.03247770370698788,-0.171438068377336,0.1389603646703481,78.39015694257844,0.7114197425307035,0.006813789124906594,0.016888684881746302,0,0,5,-747.0504866265139,1.0,USDJPY=X,0.0,107.64299774169922,0,2020-05-25 00:00:00+01:00
2020-05-26 00:00:00+01:00,0.1263122754165742,0.1224132193918619,0.1268488861631194,0.12607952247892817,0.594352432662012,0.022067750471872597,0.4806056030431392,53.94139199506948,0.0016987864616453408,-0.13681069740953974,0.13850948387118509,83.46352955187442,0.6707473266649501,0.006603422643526191,0.017393130360680766,0,1,5,-580.3840810463447,1.0,USDJPY=X,0.0,107.70800018310547,0,2020-05-26 00:00:00+01:00
2020-05-27 00:00:00+01:00,0.12305598955259489,0.12267310112522467,0.12634670352882482,0.12290364736091441,0.5723941809156076,0.07972038584477051,0.4624024430341115,53.330484295979026,0.02462648856874239,-0.10452326021388332,0.1291497487826257,79.99992114310949,0.6594796953518286,0.0062286752227725135,0.018019731017573,0,2,5,-447.5808291584596,0.0,USDJPY=X,0.0,107.5479965209961,0,2020-05-27 00:00:00+01:00
2020-05-28 00:00:00+01:00,0.1281428701911662,0.12208839820772077,0.1297001909109763,0.12787811364638557,0.5510171461373727,0.08702374064554068,0.41122455825112436,50.800701515224695,0.02667388472531229,-0.07828383122604421,0.1049577159513565,68.3323456401288,0.6523738284405373,0.006135208639125313,0.018039344353043656,0,3,5,-275.87553866644197,0.0,USDJPY=X,0.0,108.80899810791016,1,2020-05-28 00:00:00+01:00
2020-05-29 00:00:00+01:00,0.1252754204058355,0.12072380222962908,0.1217781146261836,0.12536658858225302,0.6237427419093318,0.04926207661883127,0.45424567110676667,54.445758194151054,0.052463959333167054,-0.05213427311420196,0.10459823244736902,78.96328343974972,0.6347047270298851,0.0060518177470345914,0.018146178275191632,0,4,5,-54.587229745899805,0.0,USDJPY=X,0.0,108.9990005493164,1,2020-05-29 00:00:00+01:00
2020-06-01 00:00:00+01:00,0.12670098789824946,0.12134109880277166,0.1267030393729478,0.12641985662450583,0.5569616102831068,0.11219897373637734,0.4382771900076883,52.33745211884666,0.05970740337738789,-0.02976593781588399,0.08947334119327188,67.149320214461,0.6409401123899157,0.005896386577350125,0.018517632614131172,0,0,6,62.891309816812544,0.0,USDJPY=X,1.0,109.1500015258789,1,2020-06-01 00:00:00+01:00
2020-06-02 00:00:00+01:00,0.12397938254165553,0.13446605581446636,0.12869570204341252,0.12382723486604008,0.5887157292547299,0.07086269692974552,0.43508663741076503,53.15667745582601,0.06988742006690529,-0.009835266239326136,0.07972268630623143,72.10378795808474,0.627730195914799,0.005950719642926304,0.018441645911955823,0,1,6,136.5916494495485,0.0,USDJPY=X,0.0,109.63400268554688,1,2020-06-02 00:00:00+01:00
2020-06-03 00:00:00+01:00,0.14458596435240811,0.1395991228216935,0.14334082095922196,0.14425989314768772,0.5562202437690049,0.17731146437006193,0.4259220649624812,50.84024983471493,0.06430295388538809,0.00499237778561671,0.05931057609977138,40.736546678778154,0.6643922419446013,0.005836744674199952,0.01793905895689726,0,2,6,170.10629226127702,0.0,USDJPY=X,1.0,108.40899658203125,0,2020-06-03 00:00:00+01:00
2020-06-04 00:00:00+01:00,0.1472266136913558,0.14250677433726744,0.14654858515017644,0.14733860058011317,0.7616775752951969,0.08593653669224421,0.54532773667472,64.11316812827704,0.15978758185727315,0.035951418599948,0.12383616325732516,92.13532177650742,0.7187929748372303,0.006106041352257443,0.01996112347036628,0,3,6,277.83630883238305,0.0,USDJPY=X,0.0,107.7969970703125,0,2020-06-04 00:00:00+01:00
2020-06-05 00:00:00+01:00,0.14947842695165492,0.15376373069708893,0.1534984318998076,0.14978534718718706,0.6064818611106388,0.0829831833142055,0.535457471176853,65.61942194330904,0.24793342437639865,0.07834781975523814,0.1695856046211605,92.61747666559383,0.705593232493946,0.006594491428497215,0.020846857907523872,0,4,6,420.8728441542264,0.0,USDJPY=X,0.0,106.98100280761719,0,2020-06-05 00:00:00+01:00
2020-06-08 00:00:00+01:00,0.15709237131052212,0.14976772372973035,0.14321128923371362,0.15762786729663292,0.6008695954079873,0.12401001602944105,0.5606453734505492,66.81163574683495,0.3262137672225691,0.12792100924870434,0.19829275797386478,74.74607942198293,0.7156937246065436,0.006464436304443417,0.021861176146841715,0,0,6,581.9889286898431,0.0,USDJPY=X,1.0,106.8030014038086,0,2020-06-08 00:00:00+01:00
2020-06-09 00:00:00+01:00,0.13731215886462822,0.12977170189074183,0.1307856371069831,0.1377784623745335,0.64828819848493,0.18445950432036118,0.594845927735519,70.3595790284295,0.42243676347474945,0.18682416009391337,0.2356126033808361,92.30777748557034,0.749358205703286,0.0065280269540035135,0.025603429261912808,0,1,6,777.5373270438424,0.0,USDJPY=X,1.0,107.31099700927734,0,2020-06-09 00:00:00+01:00
2020-06-10 00:00:00+01:00,0.128369670637549,0.12161721539882908,0.1231876373339107,0.12786191903212085,0.405546366876812,0.11235428858684826,0.5078312195350594,54.483808525463246,0.3952897720702282,0.22851728248917635,0.16677248958105184,47.85914986089388,0.8378325454675045,0.006912324893038369,0.026168685615213592,0,2,6,866.2860942667369,0.0,USDJPY=X,1.0,107.46399688720703,0,2020-06-10 00:00:00+01:00
2020-06-11 00:00:00+01:00,0.11537715678263716,0.11122120248281853,0.11380758754329978,0.11463994365757713,0.49152559888345504,0.10722534169267103,0.3553485727716837,48.58564197470151,0.32069556109401276,0.24695293821014366,0.0737426228838691,25.653106703392528,0.8659869799988434,0.007772318044453626,0.025561004721453794,0,3,6,890.4728488552574,0.0,USDJPY=X,1.0,107.41000366210938,1,2020-06-11 00:00:00+01:00
2020-06-12 00:00:00+01:00,0.11225052414386538,0.11648427232185177,0.11385616194036552,0.11175569521933748,0.4615955791045989,0.09774639337576234,0.27417340885117114,42.049374359654166,0.19350459352048688,0.2362632692722123,-0.04275867575172543,11.791967528105195,0.8897734455388255,0.008094773438945406,0.02563052486183752,0,4,6,842.9818424307446,0.0,USDJPY=X,1.0,106.89399719238281,0,2020-06-12 00:00:00+01:00
2020-06-15 00:00:00+01:00,0.12010758374961816,0.11528214890095545,0.12032014112036538,0.11998700969414555,0.5534467912909659,0.14763091500602288,0.2478415263774034,40.76115630745315,0.07744882781267393,0.20450038098030465,-0.12705155316763073,6.311630594613386,0.8940756692601036,0.008330977911142264,0.02690372336647772,0,0,6,778.2084191502469,0.0,USDJPY=X,1.0,107.00599670410156,0,2020-06-15 00:00:00+01:00
2020-06-16 00:00:00+01:00,0.1226671534739463,0.11760509749902548,0.1242081940681885,0.12246614552974866,0.6532977317316997,0.07412549439918051,0.2506062212673694,45.85890142566889,0.026163204086827818,0.1688329456016093,-0.14266974151478148,21.95188409337549,0.8783556908615024,0.008331631372158515,0.02660647993059522,0,1,6,751.9564866565804,0.0,USDJPY=X,0.0,106.83100128173828,0,2020-06-16 00:00:00+01:00
2020-06-17 00:00:00+01:00,0.12129015959212008,0.11463238260242359,0.12296083321529627,0.12159126549042654,0.6014982074002849,0.05905284024622739,0.3604916258603037,47.32904104739994,-0.0021108778474285828,0.13464418091180172,-0.1367550587592303,26.662469874706968,0.842759204572288,0.008173488017418656,0.026465523839622068,0,2,6,741.7885656305648,0.0,USDJPY=X,0.0,106.90299987792969,0,2020-06-17 00:00:00+01:00
2020-06-18 00:00:00+01:00,0.11291473427948451,0.10953190925083534,0.11490922520499502,0.11323014685548172,0.5715099475545797,0.04257879561039922,0.405664018913226,46.84561138070297,-0.028546032614571004,0.10200613820652718,-0.13055217082109818,25.000117447536187,0.8040617523204728,0.007846189142898103,0.02677046825977895,0,3,6,623.7726686948374,0.0,USDJPY=X,0.0,106.43199920654297,0,2020-06-18 00:00:00+01:00
2020-06-19 00:00:00+01:00,0.11500451190751781,0.10818367206568791,0.11662650935977958,0.11504493263720383,0.5046084052810217,0.07101801178021644,0.4301291645406114,42.389421911546265,-0.09009493455999973,0.0635859236532218,-0.15368085821322153,9.113224122784352,0.7997718625760417,0.007522047761703215,0.02800192885460895,0,4,6,450.1673086117631,0.0,USDJPY=X,0.0,107.04399871826172,0,2020-06-19 00:00:00+01:00
2020-06-22 00:00:00+01:00,0.11218575932974839,0.10750143604176698,0.11680461548235366,0.11220939166476795,0.5956193681408604,0.041646906507573675,0.4540409363471718,43.642539477740236,-0.12835585184953402,0.025197568552670635,-0.15355342040220465,12.561483785193154,0.7617879967991258,0.0074740845112411,0.028759228147130514,0,0,6,298.86265440318,0.0,USDJPY=X,0.0,107.15499877929688,1,2020-06-22 00:00:00+01:00
2020-06-23 00:00:00+01:00,0.11328737915460407,0.11105885385587277,0.10544821808594129,0.11337602200687358,0.5538897326090704,0.03341166260397795,0.3978848312021251,42.101607371595016,-0.17082935804155852,-0.014007816766175197,-0.15682154127538334,7.173695510215587,0.7233031093673244,0.007130776531712111,0.029903468432280558,0,1,6,89.63846425330475,0.0,USDJPY=X,0.0,107.21800231933594,0,2020-06-23 00:00:00+01:00
2020-06-24 00:00:00+01:00,0.10562473758817559,0.10714402120198696,0.11034075990132841,0.10574415550587823,0.5898056181030914,0.17637957526723638,0.39129981626558075,42.993433917900326,-0.19641607051244137,-0.05048946751542844,-0.14592660299701293,21.81187988365376,0.7527101827146919,0.006765975792945467,0.030705880964246538,0,2,6,-20.89087242629093,0.0,USDJPY=X,1.0,107.58999633789062,1,2020-06-24 00:00:00+01:00
2020-06-25 00:00:00+01:00,0.11565253083960769,0.1147623854342299,0.12080613228897152,0.11566069884829089,0.5108016154961338,0.09199618707970142,0.3570699485074462,38.7846559745358,-0.25179698346477153,-0.09075097070529706,-0.16104601275947447,9.29857810298872,0.7412305438963435,0.00707221689272204,0.03259024025742213,0,3,6,-172.36508434632447,0.0,USDJPY=X,1.0,107.98899841308594,1,2020-06-25 00:00:00+01:00
2020-06-26 00:00:00+01:00,0.11761277883940702,0.1132029711038034,0.11704761106665673,0.11745929001574829,0.6687533078563871,0.0644912312318009,0.4496586647236759,46.15986378199871,-0.24349663246736952,-0.12130010305771156,-0.12219652940965796,27.345042733745238,0.7606426827809797,0.00692454086891178,0.03278611569588024,0,4,6,-237.62693704023167,0.0,USDJPY=X,0.0,107.36599731445312,0,2020-06-26 00:00:00+01:00
2020-06-29 00:00:00+01:00,0.11873058986779195,0.12182839254410838,0.12114640026638046,0.11848016882947165,0.5954513221913585,0.08562590699130236,0.4495634302873069,47.397734365478996,-0.22536391234444864,-0.14211286491505898,-0.08325104742938966,46.91722099532296,0.7456683841852959,0.007098527287071757,0.032987582307329344,0,0,6,-287.5406190359385,0.0,USDJPY=X,0.0,107.49700164794922,0,2020-06-29 00:00:00+01:00
2020-06-30 00:00:00+01:00,0.12487039312365766,0.1225106285680293,0.1289063146963383,0.12450777953418601,0.5884683789725983,0.1288259620035853,0.4692121783564297,48.126753520696106,-0.20356319210435458,-0.1544029303529181,-0.04916026175143648,63.181523081296916,0.7516202675275292,0.0069546938765414805,0.03311180857442464,0,1,6,-390.26823073458127,0.0,USDJPY=X,1.0,107.5790023803711,0,2020-06-30 00:00:00+01:00
2020-07-01 00:00:00+01:00,0.13109127599414294,0.1263441629781925,0.12628181406709604,0.13097301569307573,0.6332836731951301,0.06091661845187848,0.49391574650426534,52.32778120170338,-0.1544883107540045,-0.1544200064331354,-6.830432086910032e-05,81.95644602192625,0.7482184449167458,0.006985967962737317,0.032995392826764613,0,2,7,-423.2278546153509,0.0,USDJPY=X,0.0,107.35900115966797,0,2020-07-01 00:00:00+01:00
2020-07-02 00:00:00+01:00,0.12093382951750331,0.11918074669214662,0.12594166968866172,0.12087820797074178,0.6370012198696599,0.12276631161612808,0.5661876387236555,56.405932959408304,-0.08244955371745277,-0.14002591588999888,0.05757636217254611,91.85939251391926,0.751202907103217,0.00692865436212878,0.0314255841012645,0,3,7,-433.34268048691234,0.0,USDJPY=X,1.0,107.5780029296875,0,2020-07-02 00:00:00+01:00
2020-07-03 00:00:00+01:00,0.12338006081712671,0.1167279191925199,0.12743214972483163,0.12300093866951234,0.48959968380036917,0.05749850613197257,0.4637983452573765,49.31254411330387,-0.07476742939209657,-0.12697421859041844,0.05220678919832186,61.84965362635747,0.7434025773826747,0.006996655606924572,0.02909764403299653,0,4,7,-426.0128015436501,0.0,USDJPY=X,0.0,107.28299713134766,0,2020-07-03 00:00:00+01:00
2020-07-06 00:00:00+01:00,0.12451406304904089,0.12004156620570794,0.1273510687974142,0.12432963877727432,0.598300678645395,0.01973565649571758,0.465415728238933,50.71605560371638,-0.05744613239797047,-0.11306860135192885,0.05562246895395838,68.16008526120432,0.7045884345436778,0.006915565699379272,0.02529144739763263,0,0,7,-396.3016688167446,0.0,USDJPY=X,0.0,107.23600006103516,0,2020-07-06 00:00:00+01:00
2020-07-07 00:00:00+01:00,0.12085274990288353,0.12033404159470962,0.12404627941130308,0.12076484567088897,0.5911877750991025,0.05221424438732441,0.4669603170113632,51.6190940249785,-0.03667928991708891,-0.09779073906496087,0.06111144914787196,72.11003105418864,0.6782605845874329,0.006549497754705311,0.01665941575792636,0,1,7,-391.6897333852463,1.0,USDJPY=X,0.0,106.91000366210938,0,2020-07-07 00:00:00+01:00
2020-07-08 00:00:00+01:00,0.12443298343442111,0.11898580440956219,0.1265896991131279,0.12431344416300982,0.5475187880537561,0.08671311094459884,0.41837814922779093,49.023724986826714,-0.03754092905606399,-0.0857407770631815,0.04819984800711752,61.51265136620055,0.6696704469187992,0.006317687173511428,0.01368893739111008,0,2,7,-397.99906336548514,1.0,USDJPY=X,1.0,107.2760009765625,0,2020-07-08 00:00:00+01:00
2020-07-09 00:00:00+01:00,0.11942718241046979,0.11390144199041896,0.12198872727910959,0.11953331324871508,0.6110496346461275,0.04941739146930219,0.4037619450938753,51.63086457263299,-0.02031795893196886,-0.07265621343693898,0.05233825450497012,72.06188787416622,0.6465511772379362,0.006224975633322481,0.013139690651520767,0,3,7,-326.12806981166267,1.0,USDJPY=X,0.0,107.24500274658203,0,2020-07-09 00:00:00+01:00
2020-07-10 00:00:00+01:00,0.118908816703587,0.11178979446787762,0.1148930337393066,0.11877179550924577,0.5366750988338923,0.04491088958655424,0.4304835557685922,48.06478674579441,-0.03012586130708428,-0.06415014301096804,0.03402428170388376,57.85156465335073,0.6342979576863426,0.00602659502927903,0.013021904077998187,0,4,7,-282.2752536585766,1.0,USDJPY=X,0.0,106.91699981689453,0,2020-07-10 00:00:00+01:00
2020-07-13 00:00:00+01:00,0.11370859764031116,0.1125856745306606,0.11688569640977109,0.113489507929736,0.572510977890108,0.09277394694160161,0.4159023778525765,47.50190474544255,-0.041215854687933984,-0.05956328534636123,0.018347430658427248,55.58773267672406,0.6331335475530546,0.005914972185882738,0.012491897060540194,0,0,7,-244.50226026116974,1.0,USDJPY=X,1.0,107.27799987792969,1,2020-07-13 00:00:00+01:00
2020-07-14 00:00:00+01:00,0.11983220969264763,0.1142263871048097,0.12226422939376436,0.11941995094886226,0.5320444880990991,0.08127353434947975,0.3825036203416551,43.680648843765816,-0.07544031033152976,-0.06273869034339494,-0.012701619988134821,29.65065520963698,0.6252665080933498,0.005922116975639459,0.01283259073415579,0,1,7,-216.07992951269165,1.0,USDJPY=X,0.0,107.08999633789062,0,2020-07-14 00:00:00+01:00
2020-07-15 00:00:00+01:00,0.11910323474291151,0.11248826535449319,0.11486065080792951,0.11891767066063763,0.6325667674629971,0.04537683413796701,0.4304831119086731,48.67284948765709,-0.07219825692975235,-0.06463060366066642,-0.007567653269085928,40.92442127855281,0.6164616790414811,0.00582857770984544,0.012647520291497252,0,2,7,-194.81050813990095,1.0,USDJPY=X,0.0,107.19599914550781,0,2020-07-15 00:00:00+01:00
2020-07-16 00:00:00+01:00,0.11325499674754558,0.11073390874148203,0.11769564049112291,0.11360287022958881,0.5748299934453627,0.09976667204142993,0.410021728143634,48.28248733420557,-0.07130820771678259,-0.06596612447188965,-0.005342083244892937,38.92994202661876,0.6182857227539199,0.0057481622756648965,0.01255663224288462,0,3,7,-198.13320323448082,1.0,USDJPY=X,1.0,106.83200073242188,0,2020-07-16 00:00:00+01:00
2020-07-17 00:00:00+01:00,0.11979982728558913,0.11326791055458152,0.12129212345757745,0.11945234017739148,0.5317574725896996,0.055788857167246825,0.4072368035264484,44.239378259523015,-0.0959637224370482,-0.07196564406492137,-0.023998078372126835,16.98987507144607,0.6031942647042537,0.005782857018180389,0.012554876500108435,0,4,7,-224.41432653648343,1.0,USDJPY=X,0.0,107.17500305175781,0,2020-07-17 00:00:00+01:00
2020-07-20 00:00:00+01:00,0.11638162938631758,0.1156557986034299,0.12091959614776604,0.11640602197349548,0.6318363652976307,0.04553214898843794,0.4407455745308413,49.274040380966994,-0.08538939180839122,-0.07465039361361535,-0.010738998194775876,41.13711521188863,0.5912516036023315,0.005622721018201505,0.01238275206269445,0,0,7,-229.20103708612086,1.0,USDJPY=X,0.0,106.83799743652344,0,2020-07-20 00:00:00+01:00
2020-07-21 00:00:00+01:00,0.1179043440999068,0.11344661797447153,0.11716107492545125,0.11812364006962928,0.5520683817020963,0.07194990088304198,0.4521284664364552,46.89911064738212,-0.09112899474564529,-0.07794611384002134,-0.013182880905623945,28.56158651098228,0.5820905916681249,0.00552107221795781,0.011989326251852053,0,1,7,-246.75297635814624,1.0,USDJPY=X,0.0,105.99299621582031,0,2020-07-21 00:00:00+01:00
2020-07-22 00:00:00+01:00,0.1121209945156314,0.11081520698520464,0.11575167581669876,0.11222558627903267,0.594718651222771,0.08686842579506976,0.43072410103474934,48.408991345372606,-0.0861312631658393,-0.07958314370518493,-0.006548119460654367,47.377522786458336,0.5804411285425558,0.005430152210046528,0.011622964830467881,0,2,7,-255.6557147954954,1.0,USDJPY=X,1.0,105.26100158691406,0,2020-07-22 00:00:00+01:00
2020-07-23 00:00:00+01:00,0.11782338808226056,0.11104261899317813,0.11761468316268031,0.11778342954706122,0.5265133251643845,0.07521388396202255,0.40336446909099655,43.8031114934242,-0.11027101908975112,-0.08572071878209818,-0.024550300307652942,15.022108289930555,0.5735525593372282,0.0054332140609850135,0.010006611415158828,0,3,7,-308.84399478364224,1.0,USDJPY=X,0.0,105.10700225830078,0,2020-07-23 00:00:00+01:00
2020-07-24 00:00:00+01:00,0.11247732459024817,0.10486990112225025,0.10021553189211985,0.11232275396462077,0.6292580475463394,0.05951878479764016,0.4585561389806702,48.75135650404102,-0.10056527510488422,-0.0886896300466554,-0.011875645058228829,45.511203342013886,0.5600132826379173,0.00535155160257139,0.009812575784357624,0,4,7,-317.3039325264202,1.0,USDJPY=X,0.0,105.03199768066406,0,2020-07-24 00:00:00+01:00
2020-07-27 00:00:00+01:00,0.09822127887518839,0.09205353043200226,0.08987969122998529,0.09863076390737224,0.530419995189414,0.16736538589219488,0.40115735941997377,44.59642617331891,-0.11869865553309467,-0.09469143514394325,-0.024007220389151415,53.17866476151084,0.6211552171788473,0.005241705161786121,0.010464985423797231,0,0,7,-355.17502298647577,1.0,USDJPY=X,1.0,104.68299865722656,0,2020-07-27 00:00:00+01:00
2020-07-28 00:00:00+01:00,0.08744819587351715,0.08607587877390843,0.0872389991350544,0.08676987786911994,0.4563162495614318,0.14389980176608397,0.3470399438844529,36.25328973236693,-0.19896053352545096,-0.1155452548202448,-0.08341527870520615,33.745903333431755,0.6994295044702019,0.005860342091981874,0.014910086078335086,0,1,7,-443.80100366274127,1.0,USDJPY=X,1.0,105.86599731445312,1,2020-07-28 00:00:00+01:00
2020-07-29 00:00:00+01:00,0.08451598127406967,0.07874986600041756,0.08467938796754093,0.08427454741925211,0.47191724492801945,0.11204365888590642,0.2782517839970203,30.866268787372192,-0.31796914869117643,-0.15603003359443113,-0.1619391150967453,11.919804312919249,0.7233985422019621,0.00664471640897966,0.02168245825150589,0,2,7,-611.9647469089934,0.0,USDJPY=X,1.0,106.02999877929688,1,2020-07-29 00:00:00+01:00
2020-07-30 00:00:00+01:00,0.0829931429635069,0.07972457741334016,0.08649382091645674,0.08305920961134272,0.5565703036558787,0.0665103242879229,0.29502912826107,29.860957434314827,-0.41987078338343053,-0.20879818355223104,-0.2110725998311995,11.370353834764082,0.7046556845558397,0.006882496186355005,0.025878734625166117,0,3,7,-821.0171735679331,0.0,USDJPY=X,0.0,105.61399841308594,1,2020-07-30 00:00:00+01:00
2020-07-31 00:00:00+01:00,0.07733932300746527,0.0879763491511707,0.07494287873383243,0.07740419865772608,0.5682257008673967,0.058430395234798115,0.2611205193463152,29.35940388004849,-0.5009066653796168,-0.2672198799177082,-0.23368678546190863,8.592403375021899,0.6811802392792508,0.006708962031725345,0.030090026753030144,0,4,7,-973.6295597177054,0.0,USDJPY=X,0.0,105.5530014038086,1,2020-07-31 00:00:00+01:00
2020-08-03 00:00:00+01:00,0.09642306650765509,0.0982587180283192,0.09729946128150879,0.09657293528867017,0.5276462750027247,0.24817416129980746,0.25957572634469195,27.08018353605054,-0.5865283563872623,-0.331081575211619,-0.2554467811756433,14.66224758418098,0.7465959451928981,0.006507076106118278,0.03447133203436061,0,0,8,-1179.658640769328,0.0,USDJPY=X,1.0,105.58100128173828,0,2020-08-03 00:00:00+01:00
2020-08-04 00:00:00+01:00,0.09969541997819009,0.09440894875546135,0.099697034193162,0.09923033550419458,0.755079559930948,0.13208994508256586,0.42673789924920746,43.18185189005337,-0.552556530743999,-0.375376566318095,-0.177179964425904,50.499804700590985,0.8179821060552357,0.0070522732901225,0.03382713852952929,0,1,8,-1263.0591823004347,0.0,USDJPY=X,1.0,105.8499984741211,0,2020-08-04 00:00:00+01:00
2020-08-05 00:00:00+01:00,0.09240542328688095,0.08908093946564999,0.09323317861213676,0.09248966727979546,0.6034170875999925,0.07226171619352942,0.5016627674415725,44.99517120050454,-0.5065607495744757,-0.4016134029693712,-0.10494734660510452,55.46803676713608,0.7927693818573729,0.007714629024545011,0.033437193225814024,0,2,8,-1348.7161079101813,0.0,USDJPY=X,0.0,105.99199676513672,1,2020-08-05 00:00:00+01:00
2020-08-06 00:00:00+01:00,0.09164406593008634,0.08627082105649286,0.092811953306285,0.09150130131761114,0.5183049028086915,0.08329381301514735,0.4797944619057763,41.38704055991418,-0.4979366112097807,-0.42087804461745315,-0.07705856659232757,42.86579348185333,0.786285558125373,0.007506290773658902,0.03313046926463449,0,3,8,-1410.380629263414,0.0,USDJPY=X,0.0,106.52100372314453,1,2020-08-06 00:00:00+01:00
2020-08-07 00:00:00+01:00,0.09182216916890784,0.09197235611852927,0.09569564098551897,0.09195499776304161,0.5703417070544123,0.060450673900465705,0.4809998545907872,40.86953437185421,-0.4903711746417798,-0.4347766706223185,-0.05559450401946131,41.01796061192274,0.7579080138996209,0.007449201326993266,0.033081533416845874,0,4,8,-1484.7208028063196,0.0,USDJPY=X,0.0,106.8219985961914,1,2020-08-07 00:00:00+01:00
2020-08-10 00:00:00+01:00,0.0965364049323596,0.09444141848085064,0.09942165567748185,0.0963136978374255,0.58344961008645,0.08733437034648253,0.512876040208134,41.232795133377806,-0.47662195430902443,-0.44314572735965974,-0.033476226949364696,43.665193820312744,0.7439143314754293,0.007178450712710865,0.03273606959259621,0,0,8,-1543.0113231614253,0.0,USDJPY=X,0.0,106.98600006103516,1,2020-08-10 00:00:00+01:00
2020-08-11 00:00:00+01:00,0.09890168021433698,0.1005653078334452,0.10321255983117372,0.09861456929310752,0.6189484350115451,0.07521388396202255,0.43596326610400116,44.744811624566566,-0.4389597184245133,-0.4423085255726305,0.0033488071481171944,54.72315998432146,0.7345632336844946,0.007028005122336458,0.03234394320247477,0,1,8,-1497.0698239124065,0.0,USDJPY=X,0.0,106.55400085449219,1,2020-08-11 00:00:00+01:00
2020-08-12 00:00:00+01:00,0.1063537125379117,0.10750143604176698,0.11153954635715513,0.10718634153650286,0.6001878058191576,0.0974357636748205,0.43413693379808915,46.56034893812494,-0.39312237970550257,-0.43247129639920495,0.039348916693702385,59.42975635044064,0.7335944792346535,0.006930365085131691,0.03101462845638993,0,2,8,-1435.4579076453563,0.0,USDJPY=X,1.0,105.99500274658203,0,2020-08-12 00:00:00+01:00
2020-08-13 00:00:00+01:00,0.11208848851159936,0.10738766807265532,0.11335397930607094,0.1120635165133761,0.656946805668751,0.08391625802657662,0.5129608229135956,52.78449409875773,-0.3105299224668272,-0.4080830216127294,0.09755309914590221,82.95831504806867,0.7530523259676135,0.006886852860880999,0.029603627782436023,0,3,8,-1314.5202628355373,0.0,USDJPY=X,0.0,105.2239990234375,0,2020-08-13 00:00:00+01:00
2020-08-14 00:00:00+01:00,0.11456710221828126,0.10797249492040883,0.11134512516991779,0.1147209167289005,0.6232705657975917,0.06542312033462644,0.543220824899543,55.92966904977966,-0.21827094276366665,-0.3701206058429169,0.15184966307925024,93.71195869937935,0.7328338449205407,0.007049599669205801,0.029350186561178875,0,4,8,-1200.2676067322693,0.0,USDJPY=X,0.0,106.0790023803711,0,2020-08-14 00:00:00+01:00
2020-08-17 00:00:00+01:00,0.10815192490544523,0.10165366328522984,0.10335840662134532,0.10772101105325693,0.6032014671514947,0.09028772372452125,0.5545420810411227,57.58745261918038,-0.13041811027065364,-0.32218010672846426,0.1917619964578106,98.55020071653645,0.7219886618360937,0.006849810671512735,0.028583446547478172,0,0,8,-1046.8764435412334,0.0,USDJPY=X,1.0,105.66500091552734,0,2020-08-17 00:00:00+01:00
2020-08-18 00:00:00+01:00,0.09870726217501247,0.09106270808663464,0.09268229798180183,0.09866327675891129,0.5165244078894841,0.10644876744031641,0.4958945543776532,52.03485996080493,-0.09456277239755195,-0.2766566398622818,0.18209386746472983,83.27443130314671,0.744203552515491,0.006775800589806342,0.027716190333859206,0,1,8,-958.7328819959538,0.0,USDJPY=X,1.0,105.87699890136719,0,2020-08-18 00:00:00+01:00
2020-08-19 00:00:00+01:00,0.08633038484513222,0.08737541137097216,0.08976622737119078,0.0861703062722976,0.49773315576565047,0.10753715700315845,0.4375446537320772,45.87143209399816,-0.1099857866903875,-0.24332246922790293,0.13333668253751543,63.50789916691846,0.7810463084951322,0.007021119234222473,0.026115720643263722,0,2,8,-886.6973999361875,0.0,USDJPY=X,1.0,105.99299621582031,1,2020-08-19 00:00:00+01:00
2020-08-20 00:00:00+01:00,0.10039201252086771,0.09450635793162876,0.10042614454504584,0.10002436609520271,0.46619551823148137,0.10023380220238828,0.3300147201452859,39.00838850035118,-0.18232051612577038,-0.23112207860747644,0.04880156248170606,36.24471230629775,0.7881861674237723,0.007422701244429635,0.026067719907378956,0,3,8,-837.9066704749462,0.0,USDJPY=X,1.0,106.40499877929688,1,2020-08-20 00:00:00+01:00
2020-08-21 00:00:00+01:00,0.09357180792585362,0.09241094527178206,0.09525822421397856,0.09331608709933303,0.7056969162990591,0.06619969458698105,0.37601197725182123,48.25421006531331,-0.1687099022684606,-0.21863964333967328,0.049929741071212674,50.4444825537108,0.8014585142818957,0.007430180806165073,0.023586584058988325,0,4,8,-738.1154475113586,1.0,USDJPY=X,0.0,105.85600280761719,0,2020-08-21 00:00:00+01:00
2020-08-24 00:00:00+01:00,0.09736265070024475,0.09029929774924073,0.09909770276473595,0.09675119966859147,0.5186261550921848,0.09572611471009475,0.32850495119997636,44.71921877022727,-0.18914945382343262,-0.21274160543642517,0.02359215161299255,28.80302782552514,0.7889257240248743,0.007584900462193839,0.022207177307503927,0,0,8,-642.9691430536124,1.0,USDJPY=X,1.0,106.63700103759766,1,2020-08-24 00:00:00+01:00
2020-08-25 00:00:00+01:00,0.09880440939618795,0.10045166379458315,0.1021918794979213,0.09863076390737224,0.6105273866983114,0.03869473873908053,0.3813147819134124,46.86577385787578,-0.18609627792260142,-0.20741253993366043,0.021316262011059017,39.88498091656331,0.7521454633941913,0.007451341955393174,0.022118780731358673,0,1,8,-593.2157650939853,1.0,USDJPY=X,0.0,105.53500366210938,0,2020-08-25 00:00:00+01:00
2020-08-26 00:00:00+01:00,0.10577045841993882,0.10024048664930407,0.10514045663888405,0.10530665367471248,0.5963631394691714,0.10613932334892014,0.43712798574539335,48.05432572251055,-0.1723300862157373,-0.2003960491900758,0.0280659629743385,45.94860832492492,0.7474925081057112,0.0070961807878578255,0.02160335994210486,0,2,8,-531.7317079677582,1.0,USDJPY=X,1.0,106.00399780273438,0,2020-08-26 00:00:00+01:00
2020-08-27 00:00:00+01:00,0.09684428499336217,0.10025672151199849,0.09801225656872936,0.09641098914602342,0.6397778272289887,0.07583514336390625,0.5361837119670347,52.148584025173825,-0.12671443139637972,-0.1856597256313366,0.05894529423495687,67.48557276233245,0.7339577779996672,0.007024975486876752,0.020968627613785904,0,3,8,-468.56367953359825,1.0,USDJPY=X,0.0,105.89600372314453,0,2020-08-27 00:00:00+01:00
2020-08-28 00:00:00+01:00,0.10960987480491768,0.106526848559094,0.09120813301029496,0.10906590577528363,0.49908084880450204,0.14436693192704234,0.41877280170382136,46.849676178371155,-0.13332618184116996,-0.17519301687330327,0.041866835032133315,38.78743404548917,0.7478894263205615,0.006933548958329391,0.019654162362497327,0,4,8,-445.43829486391735,1.0,USDJPY=X,1.0,106.20800018310547,0,2020-08-28 00:00:00+01:00
2020-08-31 00:00:00+01:00,0.09122284744437925,0.0926058875543665,0.09289291063472782,0.09120967463783702,0.6940694716697313,0.2696194667602508,0.5183438128852258,54.0091464642923,-0.07468508840955224,-0.15509143118055307,0.08040634277100084,79.61322639695942,0.8183973680370615,0.007013413909275952,0.016896153467310118,0,0,8,-366.0668111075905,1.0,USDJPY=X,1.0,106.08599853515625,1,2020-08-31 00:00:00+01:00
2020-09-01 00:00:00+01:00,0.09877202698912946,0.09349930072356671,0.09762341419425469,0.09880902828729332,0.4186026655796518,0.12028008839904772,0.4088350235271058,44.83251531798423,-0.11579872221678045,-0.14723288938779855,0.0314341671710181,22.007569563812858,0.854940543966892,0.007754748089622645,0.017548103284587585,0,1,9,-397.7274710167702,1.0,USDJPY=X,1.0,106.31099700927734,0,2020-09-01 00:00:00+01:00
2020-09-02 00:00:00+01:00,0.09673082297168412,0.09611447685013919,0.10191650098224114,0.09705914458563969,0.6484389382189032,0.08345031347516385,0.43820929199964165,48.818201018490484,-0.10927797711883613,-0.13964190693400608,0.030363929815169943,46.52370374210839,0.8368017854553059,0.008065172650920896,0.01747266907898412,0,2,9,-368.20258635453473,1.0,USDJPY=X,0.0,106.30500030517578,1,2020-09-02 00:00:00+01:00
2020-09-03 00:00:00+01:00,0.10219022488840124,0.09999683977863572,0.10481638012716354,0.10211458394243422,0.5634795124445153,0.06728808414982311,0.39514801365549856,47.95897587004883,-0.1115387105037513,-0.13402126764795513,0.02248255714420383,40.87843631476304,0.8079587048675385,0.00790210920180754,0.01715461621517551,0,3,9,-306.0322214830518,1.0,USDJPY=X,0.0,105.96800231933594,0,2020-09-03 00:00:00+01:00
2020-09-04 00:00:00+01:00,0.1004083273213705,0.09933083861740921,0.10559406487611311,0.10013772839505553,0.6251456985030399,0.07661290322580645,0.46659268621058214,50.66076837501045,-0.08715023745511985,-0.12464706160938809,0.037496824154268235,59.97799862805133,0.7959616109233171,0.007607324339735197,0.01658822919314995,0,4,9,-302.4860603232358,1.0,USDJPY=X,0.0,106.23100280761719,0,2020-09-04 00:00:00+01:00
2020-09-07 00:00:00+01:00,0.10366448958837626,0.0973166002710355,0.10630686016333368,0.10378349457276448,0.5614587536117777,0.06278158226707514,0.3917688975584543,49.576876322717496,-0.07678161951889706,-0.11507397319128988,0.03829235367239282,53.289330589436,0.7679643050440289,0.007502984577738977,0.016028461690486193,0,0,9,-293.6902394506119,1.0,USDJPY=X,0.0,106.14299774169922,0,2020-09-07 00:00:00+01:00
2020-09-08 00:00:00+01:00,0.10369687199543476,0.09743024430989755,0.10249976454395315,0.10368632688717616,0.6123094681200654,0.03667446007341294,0.5020797322421487,51.63214973427236,-0.049834458020526995,-0.10202607015713731,0.05219161213661032,65.62473857685423,0.7334671162629822,0.007223752261273701,0.015912154623754293,0,1,9,-244.85817460521267,1.0,USDJPY=X,0.0,106.1449966430664,0,2020-09-08 00:00:00+01:00
2020-09-09 00:00:00+01:00,0.09828604368930538,0.09544847568891268,0.10109036543520067,0.09822577492774531,0.5784467418731513,0.07428080924965143,0.4623132359898339,51.571814639278536,-0.028632465059573065,-0.08734734913762447,0.05871488407805141,63.51567653137505,0.7152192383993317,0.0068996483152944516,0.015924707279129948,0,2,9,-187.05117255141565,1.0,USDJPY=X,0.0,105.71499633789062,0,2020-09-09 00:00:00+01:00
2020-09-10 00:00:00+01:00,0.10278967020990337,0.09588706484216547,0.10392535511839429,0.10248730731654132,0.5300208796631295,0.06884123265453235,0.44328519528788923,48.16549652685695,-0.03857795132458364,-0.07759346957501631,0.039015518250432674,44.092168330328484,0.6992747760234307,0.006749388709282348,0.01570078539822908,0,3,9,-163.33314536306145,1.0,USDJPY=X,0.0,105.38099670410156,0,2020-09-10 00:00:00+01:00
2020-09-11 00:00:00+01:00,0.10128302310286985,0.09525365733657787,0.10541583515456421,0.10106131590018119,0.6179236106754975,0.04584277868937978,0.4392030163216305,50.89160102456712,-0.02495026826392177,-0.0670648293127974,0.042114561048875634,59.25069258168067,0.6718262071654513,0.006582586604117888,0.014492110207762256,0,4,9,-133.38779968664014,1.0,USDJPY=X,0.0,105.06199645996094,0,2020-09-11 00:00:00+01:00
2020-09-14 00:00:00+01:00,0.10099145784237007,0.0939378898768195,0.09686204450996838,0.10109370512871063,0.5664398199622798,0.02548586279177851,0.44202872443636837,49.945033358564025,-0.021009322198295877,-0.0578537278898971,0.036844405691601224,54.17835627281122,0.6355530112853298,0.006329444442490231,0.012293473574759104,0,0,9,-149.0927469945272,1.0,USDJPY=X,0.0,104.697998046875,0,2020-09-14 00:00:00+01:00
2020-09-15 00:00:00+01:00,0.09478688977238758,0.0882850594028668,0.09277957037490792,0.0941261886815965,0.5796169036648748,0.09494954045774014,0.42353714932426917,49.96779604739467,-0.01752280739736989,-0.049787543791391664,0.032264736394021776,54.29356668572182,0.6337992291246032,0.005987592739980979,0.011534852839762678,0,1,9,-92.07711493636029,1.0,USDJPY=X,1.0,104.53700256347656,0,2020-09-15 00:00:00+01:00
2020-09-16 00:00:00+01:00,0.08890614577298961,0.08147893402635131,0.08480891969304927,0.08871422056495959,0.5163197188285927,0.08003101554571236,0.3883942055359682,45.20536751188319,-0.048893536015825134,-0.04960874223627836,0.0007152062204532281,29.509696143529307,0.648884540709174,0.005995357811855075,0.01186583639977418,0,2,9,-83.57921520900229,1.0,USDJPY=X,0.0,104.69000244140625,0,2020-09-16 00:00:00+01:00
2020-09-17 00:00:00+01:00,0.08352782347089227,0.07771033906696623,0.08020807145800557,0.08354529528530263,0.5301868249188484,0.0913761132873633,0.3884879916306506,41.86744218362427,-0.0995583963352118,-0.05959867305606505,-0.03995972327914674,26.90125508625136,0.6673211935630946,0.006157509997093419,0.0112029366936427,0,3,9,-90.87204650581909,1.0,USDJPY=X,1.0,105.03399658203125,0,2020-09-17 00:00:00+01:00
2020-09-18 00:00:00+01:00,0.07769577667905558,0.0727559794796293,0.07614178878863376,0.07764724149470603,0.5322447537697498,0.09945604234048809,0.34033797475228894,38.91214289711636,-0.1635658317723312,-0.08039210479931828,-0.08317372697301291,26.739269747494472,0.6808692960876057,0.006351689631344578,0.013750653938407674,0,4,9,-139.70395514073394,1.0,USDJPY=X,1.0,105.30400085449219,1,2020-09-18 00:00:00+01:00
2020-09-21 00:00:00+01:00,0.07518465696834165,0.07118033028650816,0.07184870200064708,0.07503854874498539,0.5254406427477836,0.09106429797687587,0.3173478567247138,35.80631210901781,-0.24088701976242533,-0.1124910877919397,-0.12839593197048563,18.7801736925857,0.6885924774705782,0.00650317397456606,0.017275468815721368,0,0,9,-224.486002209008,1.0,USDJPY=X,1.0,105.43499755859375,1,2020-09-21 00:00:00+01:00
2020-09-22 00:00:00+01:00,0.07818175997887966,0.07611845501115067,0.07837744704340133,0.0775176845805885,0.5554086930995332,0.11717142017053807,0.30382048895290115,34.494878970277355,-0.3115640914245006,-0.1523056885184519,-0.1592584029060487,20.9256073638147,0.6932642864179923,0.006587069272934755,0.02081403375004764,0,1,9,-305.015065851794,0.0,USDJPY=X,1.0,105.5739974975586,1,2020-09-22 00:00:00+01:00
2020-09-23 00:00:00+01:00,0.08385177113845055,0.08110528432387687,0.08646143798507966,0.08309159883987216,0.6020866218567293,0.10178695070709753,0.35186734024490696,36.861574464082814,-0.3511821591149271,-0.19208098263774695,-0.15910117647718017,26.977818017202353,0.6905310359093411,0.006622067726151827,0.022882122655013257,0,2,9,-402.6345721793434,0.0,USDJPY=X,1.0,105.43299865722656,1,2020-09-23 00:00:00+01:00
2020-09-24 00:00:00+01:00,0.08799894398745822,0.08349304844247563,0.09140243059855768,0.08746661715153037,0.6304270601890731,0.07194990088304198,0.40828261982380976,41.94064217513418,-0.35077875182405194,-0.22382053647500796,-0.12695821534904397,41.25426411760375,0.6899930088605711,0.006574357430739469,0.022967370209206556,0,3,9,-474.7054034732716,0.0,USDJPY=X,0.0,105.66400146484375,1,2020-09-24 00:00:00+01:00
2020-09-25 00:00:00+01:00,0.08979715635499175,0.08638446509535491,0.09192092829751553,0.08958922422729132,0.6193039140343042,0.0473971128036346,0.45758983500431366,45.637190775016926,-0.32492641096595776,-0.24404171137319794,-0.08088469959275982,54.68355652845738,0.6754220840158986,0.006552391203198398,0.02313043584938745,0,4,9,-519.7439336722233,0.0,USDJPY=X,0.0,105.45099639892578,0,2020-09-25 00:00:00+01:00
2020-09-28 00:00:00+01:00,0.0921948140440274,0.08575093365951769,0.09219630681319568,0.09184151184017919,0.5986711408723067,0.07008493706784531,0.4993161701440151,47.38739377514519,-0.29051898334577686,-0.25333716576771376,-0.0371818175780631,60.21085500901365,0.6593916779380331,0.0064060520667299685,0.02166584493949561,0,0,9,-573.1686770239664,0.0,USDJPY=X,0.0,105.54299926757812,0,2020-09-28 00:00:00+01:00
2020-09-29 00:00:00+01:00,0.08984585356255304,0.086774349660524,0.09355713152488265,0.08955683499876188,0.599827645936483,0.06138256300329125,0.5246963575408833,49.2543091252008,-0.2491625251692824,-0.2525022376480275,0.003339712478745094,68.8350973211531,0.6405063183043455,0.006245777308501382,0.02162685584732004,0,1,9,-623.1581867079204,0.0,USDJPY=X,0.0,105.51000213623047,0,2020-09-29 00:00:00+01:00
2020-09-30 00:00:00+01:00,0.09349085190820738,0.0879763491511707,0.09454530532778316,0.09329989248506854,0.5585529154329641,0.05811976553385626,0.49982559163303664,47.4162982712814,-0.22516905346013516,-0.24703560081044904,0.021866547350313875,62.63732946999879,0.6214701919480641,0.006075008075855803,0.021472026750714752,0,2,9,-683.08172124713,0.0,USDJPY=X,0.0,105.70700073242188,0,2020-09-30 00:00:00+01:00
2020-10-01 00:00:00+01:00,0.09000776559784529,0.086774349660524,0.09469115211795498,0.08984846167853577,0.6133994688821837,0.06014004419952386,0.49014255343948143,50.66454758973441,-0.18537714591842303,-0.23470390983204384,0.049326763913620814,74.06074171634076,0.6047223952087492,0.005881569724149033,0.021286523667052224,0,3,10,-683.7653758410524,0.0,USDJPY=X,0.0,105.63999938964844,0,2020-10-01 00:00:00+01:00
2020-10-02 00:00:00+01:00,0.09187086637646913,0.08584846676593472,0.08730376499780856,0.09133923155195456,0.547972119724374,0.04724179795316368,0.4495938390429813,47.736322124925636,-0.16908044702400105,-0.22157921727043528,0.052498770246434234,66.96027756142463,0.5832422851575662,0.005734629504315517,0.02067548377694437,0,4,10,-707.8057864405697,0.0,USDJPY=X,0.0,105.96499633789062,1,2020-10-02 00:00:00+01:00
2020-10-05 00:00:00+01:00,0.0914010742801743,0.08727787826455513,0.09456162039244642,0.09080456203520071,0.5928931340147184,0.1092468059678842,0.4463200121817636,49.10460212118037,-0.14704627521111036,-0.2066726288585703,0.05962635364745994,84.94724442361525,0.5917966169097042,0.0055261105824641185,0.0201418417870179,0,0,10,-689.7615203021179,0.0,USDJPY=X,1.0,106.01799774169922,1,2020-10-05 00:00:00+01:00
2020-10-06 00:00:00+01:00,0.09447900971138501,0.08703423139388677,0.0961816321541249,0.09399663176747897,0.5744616495983127,0.05330144834062088,0.4319540026523671,48.61303004942551,-0.13073954395282783,-0.1914860118774218,0.06074646792459398,84.00467664578674,0.574025050697683,0.005608914841510468,0.018973033196981185,0,1,10,-657.724412813617,0.0,USDJPY=X,0.0,105.63200378417969,0,2020-10-06 00:00:00+01:00
2020-10-07 00:00:00+01:00,0.0930696334225003,0.09299577211953558,0.09807702243148353,0.09291097449669672,0.6083622657777327,0.03543075566009997,0.46019237821329767,51.72044931065023,-0.10075871784115975,-0.1733405530701694,0.07258183522900966,95.02252982641792,0.5493087489458396,0.005430340911390754,0.017699433313347748,0,2,10,-587.4470773187928,0.0,USDJPY=X,0.0,105.33899688720703,0,2020-10-07 00:00:00+01:00
2020-10-08 00:00:00+01:00,0.09849665293215892,0.09263835727975578,0.10287229185376456,0.09817706746194177,0.5694662004510298,0.07428199485919701,0.4352933744620059,50.59972180499834,-0.08146605557786302,-0.15496565357170813,0.07349959799384512,77.82527705215057,0.5442155851330229,0.00519981779742102,0.017238430212266738,0,3,10,-535.5882066626507,0.0,USDJPY=X,0.0,105.47000122070312,0,2020-10-08 00:00:00+01:00
2020-10-09 00:00:00+01:00,0.09927432508945633,0.09163130007169351,0.09776926098442629,0.09903587651000856,0.627170698335982,0.024864603389894813,0.4802410098227267,55.62288477660528,-0.0394966513171795,-0.1318718531208024,0.09237520180362291,93.32346156924666,0.5369859571561664,0.005135805255894904,0.016441844172130342,0,4,10,-463.08968985887856,0.0,USDJPY=X,0.0,105.13899993896484,0,2020-10-09 00:00:00+01:00
2020-10-12 00:00:00+01:00,0.0930696334225003,0.085621054757961,0.09187235390045001,0.09278141758257918,0.5871030538699675,0.06418060153085904,0.4769477247141416,56.40148116057632,-0.0019365029308602288,-0.10588478308281397,0.10394828015195375,94.86389594480174,0.5281299612278799,0.005065045262074006,0.016076724810042582,0,0,10,-376.29604094337174,0.0,USDJPY=X,0.0,105.36000061035156,0,2020-10-12 00:00:00+01:00
2020-10-13 00:00:00+01:00,0.08837158886257779,0.0852149353300975,0.09258514918767058,0.08803367589681388,0.5226998467637652,0.06324752681848791,0.4474826789780451,49.579185730099454,-0.0032785086077353753,-0.08536352818779826,0.08208501958006288,60.41843568642223,0.5456917101259443,0.004999715448993281,0.015011231005069185,0,1,10,-315.63079759968304,1.0,USDJPY=X,0.0,105.427001953125,0,2020-10-13 00:00:00+01:00
2020-10-14 00:00:00+01:00,0.09041279288002335,0.0833469346782243,0.08853505798398698,0.09015640659558422,0.536183706176246,0.052524874088266255,0.40662142052577954,45.11779837161632,-0.02766634519447564,-0.07382409158913374,0.0461577463946581,32.9831259678539,0.531285285832629,0.005180338965162637,0.014804676591926613,0,2,10,-263.5331320800085,1.0,USDJPY=X,0.0,105.47000122070312,0,2020-10-14 00:00:00+01:00
2020-10-15 00:00:00+01:00,0.0849857733703645,0.081348931194545,0.08973384443981369,0.08479302232174146,0.5986658397371956,0.0735042349972968,0.4231163337127597,47.396953780169284,-0.036007850444292444,-0.06626084336016548,0.030252992915873037,44.44451860949431,0.5271220206127202,0.005037311839229797,0.01480464187980472,0,3,10,-218.41013501236512,0.0,USDJPY=X,0.0,105.47699737548828,1,2020-10-15 00:00:00+01:00
2020-10-16 00:00:00+01:00,0.08848505088425607,0.0821448112573282,0.09099752035736919,0.08837401004239154,0.5305148193806059,0.04289061092088665,0.36861507186675413,42.58493712644765,-0.06853753258273798,-0.06671618120467998,-0.0018213513780580004,15.485662412559407,0.5150419983535527,0.005013572707736657,0.014743266393607696,0,4,10,-178.88428112569738,0.0,USDJPY=X,0.0,104.6760025024414,0,2020-10-16 00:00:00+01:00
2020-10-19 00:00:00+01:00,0.08982966235902379,0.08311952267025058,0.09286052770335051,0.08945966731317379,0.6120152028695947,0.038382923428593105,0.3826111769978583,46.49110811023934,-0.0756130130924646,-0.0684955475822369,-0.007117465510227697,34.820713408447695,0.49953874997087705,0.00488840162651774,0.013435370688687118,0,0,10,-124.07175158540373,0.0,USDJPY=X,0.0,104.9209976196289,0,2020-10-19 00:00:00+01:00
2020-10-20 00:00:00+01:00,0.09034802806590636,0.08714799936299844,0.09553360272965872,0.09015640659558422,0.589214298155407,0.029837049824055543,0.42019561139559153,47.65385374029013,-0.07494995750883504,-0.06978642956755653,-0.0051635279412785146,40.68257061996049,0.47757179231391705,0.0047382429616369265,0.011001188986568966,0,1,10,-74.48943992433294,1.0,USDJPY=X,0.0,104.68299865722656,0,2020-10-20 00:00:00+01:00
2020-10-21 00:00:00+01:00,0.0904289840835526,0.08276210783047078,0.07738914964152599,0.09026976889543703,0.5856672413911068,0.04273529607041572,0.4482522188947679,48.428372305850694,-0.07014619794269095,-0.06985838324258341,-0.00028781470010753873,44.44451860949431,0.46617386382413945,0.004528034386901786,0.008680459147320125,0,2,10,-53.1719119921942,1.0,USDJPY=X,0.0,104.83200073242188,0,2020-10-21 00:00:00+01:00
2020-10-22 00:00:00+01:00,0.07708014015402398,0.07309703552646485,0.0791711996590645,0.07729083635787326,0.5803556637394917,0.17482524115298156,0.43787922127793755,48.56172951880886,-0.06502508396421547,-0.06889172338690983,0.003866639422694357,64.21628295193712,0.5132328735509867,0.004419673250316407,0.00766101460796963,0,3,10,-70.5076001517339,1.0,USDJPY=X,1.0,104.54499816894531,0,2020-10-22 00:00:00+01:00
2020-10-23 00:00:00+01:00,0.08122731300303188,0.07353562467971764,0.08062929676385755,0.08126061844388532,0.4612177570054289,0.0652678054841555,0.39849515983976813,36.821795751758984,-0.12416881548949732,-0.07994714180742733,-0.04422167368206999,18.57567642762746,0.5492161176556037,0.004903061458991199,0.010367256024641922,0,4,10,-154.4636693250275,1.0,USDJPY=X,0.0,104.31500244140625,0,2020-10-23 00:00:00+01:00
2020-10-26 00:00:00+00:00,0.07798734193955537,0.07567986585789788,0.08223311705984737,0.07740419865772608,0.6157248418343604,0.0554770418567594,0.4005830842339368,41.48168593908659,-0.14954769761554587,-0.09386725296905105,-0.055680444646494826,32.535473325450376,0.5354860113163642,0.005234568200034488,0.011393543283418699,0,0,10,-246.05644162853594,1.0,USDJPY=X,0.0,104.55400085449219,0,2020-10-26 00:00:00+00:00
2020-10-27 00:00:00+00:00,0.07959113626776437,0.07228492060098723,0.0780857534630579,0.07981855603627053,0.5440452336528335,0.06060598875093663,0.3751169273580762,38.51011858147424,-0.1867128621211407,-0.11243637479946898,-0.0742764873216717,18.97431661681853,0.5250941097686551,0.005115310204952732,0.013116253614315374,0,1,10,-330.52189601746755,1.0,USDJPY=X,0.0,104.58000183105469,0,2020-10-27 00:00:00+00:00
2020-10-28 00:00:00+00:00,0.07529811899001992,0.06760667760970773,0.07358205402214546,0.07516810565910292,0.6014609311210154,0.06791052916125238,0.38399753258937963,41.34314043209061,-0.2018168811669767,-0.13031247607297053,-0.07150440509400618,27.813143853346716,0.5188019654534275,0.005008910505380222,0.013997703185446726,0,2,10,-384.90586084352884,0.0,USDJPY=X,0.0,104.7249984741211,0,2020-10-28 00:00:00+00:00
2020-10-29 00:00:00+00:00,0.0717016942549531,0.07020574280383518,0.07220503784477006,0.0714413664100706,0.5367452729950037,0.06635619504699757,0.35944265047173185,37.73662748510386,-0.23424539823329837,-0.1510990605050361,-0.08314633772826227,22.560282438836943,0.5329591728247787,0.004962475245492286,0.015498844245306703,0,3,10,-457.1604487438904,0.0,USDJPY=X,0.0,104.5459976196289,0,2020-10-29 00:00:00+00:00
2020-10-30 00:00:00+00:00,0.07557349304699046,0.07051432912528166,0.07397089639662013,0.07531398081049456,0.5451089451390827,0.1044296743841944,0.4069088253606534,35.094567895634725,-0.27533013034555154,-0.1759452744731392,-0.09938485587241233,16.618250893059713,0.542890996173511,0.0051091325346432495,0.01768917156328305,0,4,10,-546.2701706796599,0.0,USDJPY=X,1.0,104.43800354003906,0,2020-10-30 00:00:00+00:00
2020-11-02 00:00:00+00:00,0.07644831242546335,0.07412045152747115,0.08163366203244671,0.07573528802739582,0.6149567529287409,0.09044303857499217,0.4064762043448425,39.810425963590056,-0.2853159572489119,-0.19781941102829376,-0.08749654622061814,30.553986182597903,0.5456845487626799,0.0051924459297263284,0.01849078266998919,0,0,11,-613.6503969575965,0.0,USDJPY=X,1.0,103.60299682617188,0,2020-11-02 00:00:00+00:00
2020-11-03 00:00:00+00:00,0.0782627159965259,0.07181386172234538,0.07879854875027847,0.07808474332587179,0.5831916907857179,0.05143767013496979,0.42862594901090884,40.31846721203732,-0.2878139949289107,-0.21581832780841714,-0.07199566712049354,32.07007460329464,0.5344927909199774,0.005217867079828647,0.019086368081661965,0,1,11,-691.3695888482117,0.0,USDJPY=X,0.0,103.25299835205078,0,2020-11-03 00:00:00+00:00
2020-11-04 00:00:00+00:00,0.07473105607557606,0.0805855208571511,0.07432735583971795,0.07518430027336742,0.6008870684872704,0.056566617029147025,0.4283016284539246,43.197825050323225,-0.2749245316138911,-0.22763956856951195,-0.047284963044379125,40.52466980145826,0.522315166031441,0.005103774635547571,0.018859516967235337,0,2,11,-741.1515300686556,0.0,USDJPY=X,0.0,105.13700103759766,1,2020-11-04 00:00:00+00:00
2020-11-05 00:00:00+00:00,0.07359705384366189,0.06611220273005936,0.06481765072462364,0.07343441657171379,0.5527409128943332,0.1833723003670647,0.4373790077195534,40.59407009333284,-0.27597217659307205,-0.237306090174224,-0.038666086418848056,30.08732633714283,0.5692926759703225,0.004996032157364715,0.01896816532971511,0,3,11,-807.8000815767335,0.0,USDJPY=X,1.0,105.26000213623047,1,2020-11-05 00:00:00+00:00
2020-11-06 00:00:00+00:00,0.0599890270606922,0.0548716051631819,0.05849951833479561,0.059904372657112015,0.5632585447390194,0.13613050241390104,0.4476838048537255,39.06422666133757,-0.2822629113264554,-0.2462974544046703,-0.03596545692178513,39.797510525095056,0.5980574935488931,0.005451010711364941,0.01804433514689527,0,4,11,-816.9751348316664,0.0,USDJPY=X,1.0,105.41500091552734,1,2020-11-06 00:00:00+00:00
2020-11-09 00:00:00+00:00,0.054221745082972506,0.08537740788729287,0.059406734809253514,0.05423316708923065,0.45497786643610616,0.08920051977122478,0.3571538437053298,29.733669100999123,-0.35058510048502,-0.26715498362074025,-0.08343011686427976,16.360716881755025,0.6449109177331798,0.005772588746176246,0.01949355080880039,0,0,11,-922.5534728605602,0.0,USDJPY=X,1.0,105.08999633789062,1,2020-11-09 00:00:00+00:00
2020-11-10 00:00:00+00:00,0.08535841824548407,0.08281081241855448,0.08503572381166391,0.08476063309321202,0.5267834474626223,0.3723394921797194,0.3254962422530786,26.839862405157902,-0.4280387155620957,-0.29933173000901137,-0.12870698555308435,2.814035327904813,0.769988975262562,0.006245929203278877,0.022801382290933085,0,1,11,-1031.4931821914201,0.0,USDJPY=X,1.0,104.6760025024414,0,2020-11-10 00:00:00+00:00
2020-11-11 00:00:00+00:00,0.08699459498075157,0.08576729245246195,0.08811383267813522,0.08675368325485544,0.8631027072237061,0.10194226555756845,0.47195746594049776,53.22793257392152,-0.33355300071491456,-0.30617598415019204,-0.027377016564722523,79.6492723770882,0.8739182251810286,0.007323672614431994,0.022080247763641394,0,2,11,-988.7225848566114,1.0,USDJPY=X,1.0,104.54100036621094,0,2020-11-11 00:00:00+00:00
2020-11-12 00:00:00+00:00,0.08960286191264077,0.08269716837969243,0.08958799764964187,0.08926520831898777,0.5975191116689845,0.10069974675380106,0.49746841132245956,54.38472534803362,-0.24591250399822684,-0.294123288119799,0.04821078412157215,83.84488575962531,0.8577813965617922,0.008302472044889177,0.021629100567170954,0,3,11,-928.5392290250481,1.0,USDJPY=X,1.0,104.18099975585938,0,2020-11-12 00:00:00+00:00
2020-11-13 00:00:00+00:00,0.08411095399189183,0.07740162881527013,0.08161747056675805,0.08399899173073311,0.6022256168302969,0.05718787643103072,0.5197176086441709,55.86603521251896,-0.16208130048430291,-0.26771489059269976,0.10563359010839685,90.1049193461414,0.8227972857512958,0.008137185306758778,0.02207326874518196,0,4,11,-786.5774156061598,1.0,USDJPY=X,0.0,103.89399719238281,0,2020-11-13 00:00:00+00:00
2020-11-16 00:00:00+00:00,0.07732313180393602,0.07658951388979252,0.07763214522582884,0.07729083635787326,0.5313740839528235,0.0829831833142055,0.563754201993869,52.049264252750625,-0.12048079337762374,-0.23826807114968457,0.11778727777206083,76.97875421757284,0.8214546835185024,0.007829453938753568,0.021721585129172022,0,0,11,-703.2828708512386,1.0,USDJPY=X,1.0,103.82499694824219,0,2020-11-16 00:00:00+00:00
2020-11-17 00:00:00+00:00,0.07455295283675434,0.06796409244948753,0.07291783313199063,0.07510332720204405,0.5180560542546078,0.11344267814969032,0.5587220354314292,47.589156647940605,-0.11953995225151459,-0.21452244737005058,0.09498249511853599,60.258523733957816,0.8149224459052947,0.007847593181630558,0.020979828315575336,0,1,11,-653.8225330961355,1.0,USDJPY=X,1.0,103.81700134277344,0,2020-11-17 00:00:00+00:00
2020-11-18 00:00:00+00:00,0.06901247130541766,0.06128784597452852,0.0662757478294167,0.0692700518685061,0.5592657010778755,0.07614695867439368,0.3873484151021423,46.19890358587413,-0.12820994853574064,-0.1972599476031886,0.06904999906744796,54.80610719953164,0.7997140572608317,0.007795242469945683,0.01994779280972414,0,2,11,-648.1061107273401,1.0,USDJPY=X,0.0,104.5250015258789,1,2020-11-18 00:00:00+00:00
2020-11-19 00:00:00+00:00,0.06497863688111427,0.062116319692950395,0.06716677283818595,0.0646196014913385,0.5257668583356708,0.07599045821437718,0.3469773152946829,42.62306574827681,-0.16225959603961826,-0.19025987729047455,0.028000281250856296,40.26653519651193,0.8052344032684285,0.007676198722750824,0.019048149721573697,0,3,11,-653.6803994249761,1.0,USDJPY=X,0.0,104.51300048828125,1,2020-11-19 00:00:00+00:00
2020-11-20 00:00:00+00:00,0.06318042451358097,0.05725936928178066,0.06695616018525996,0.06350155499202681,0.5364792090927657,0.07536919881249347,0.31016696994166454,39.96713706769218,-0.20998234947767003,-0.19420437172791366,-0.015777977749756367,28.675181413406875,0.7823605609172238,0.007750538289304224,0.01997295982779122,0,4,11,-663.6916147420648,1.0,USDJPY=X,0.0,104.4000015258789,1,2020-11-20 00:00:00+00:00
2020-11-23 00:00:00+00:00,0.0636825990169343,0.06893867993216052,0.06664827513922811,0.0633719980779095,0.5689949487769249,0.03092425377735201,0.3312372162663344,39.332575673639354,-0.25048330284943177,-0.20546015795221728,-0.045023144897214484,25.88842497727518,0.7406917706773217,0.007535377644241478,0.020623378847857393,0,0,11,-644.0728618602989,1.0,USDJPY=X,0.0,104.24199676513672,1,2020-11-23 00:00:00+00:00
2020-11-24 00:00:00+00:00,0.07555730184346121,0.07090421369045075,0.07413293465248039,0.07484408975079937,0.5781263097018183,0.1456106363403553,0.36499127768053163,39.25479910514428,-0.2799981345273892,-0.22036775326725166,-0.05963038126013753,25.565501409709277,0.7547140791543322,0.007134590299249481,0.02133877436891944,0,1,11,-602.4692563947935,1.0,USDJPY=X,1.0,104.08200073242188,0,2020-11-24 00:00:00+00:00
2020-11-25 00:00:00+00:00,0.07473105607557606,0.0683051484963233,0.0760607078612161,0.07464963075661357,0.6853874845441672,0.09261863209113069,0.4359463899712697,48.89201982964567,-0.24345278138316928,-0.2249847588904352,-0.018468022492734076,54.159951931224676,0.7670917452010652,0.0072204168202520975,0.02095441906375334,0,2,11,-633.2350368841402,1.0,USDJPY=X,1.0,104.29900360107422,0,2020-11-25 00:00:00+00:00
2020-11-26 00:00:00+00:00,0.07267366085460125,0.06517008497277565,0.07538029550537284,0.07281865036062674,0.5775383528835654,0.04926207661883127,0.46537258598770326,48.75083371395174,-0.21300333925364612,-0.2225884749630774,0.009585135709431286,53.67525844670067,0.7349424307419489,0.007339677758912653,0.020947452187232853,0,3,11,-650.4394799175088,1.0,USDJPY=X,0.0,104.30899810791016,0,2020-11-26 00:00:00+00:00
2020-11-27 00:00:00+00:00,0.07081068367295096,0.06313961176370708,0.07021237517430556,0.07025841783069064,0.5625086984604711,0.025796492492720355,0.4802065516182378,47.36394311467101,-0.19573371248623062,-0.21721752246770806,0.021483809981477447,47.93392077428711,0.7029467259372784,0.007039678352492837,0.020943622963732058,0,4,11,-687.7046617853554,1.0,USDJPY=X,0.0,104.45800018310547,0,2020-11-27 00:00:00+00:00
2020-11-30 00:00:00+00:00,0.06817003433400326,0.06504020607121896,0.06896501432141311,0.06766591969523472,0.5557859594616924,0.055944172017717744,0.47268201212059974,45.41826455509177,-0.1925771628845041,-0.2122894505510673,0.01971228766656319,28.957648497821268,0.6879508058856759,0.006743411942895321,0.021022242236420723,0,0,11,-675.0123907623861,1.0,USDJPY=X,0.0,103.822998046875,0,2020-11-30 00:00:00+00:00
2020-12-01 00:00:00+00:00,0.07141012899445331,0.06811020621373864,0.07473226608090644,0.07118212895882592,0.5554531911419581,0.08609185154271513,0.45978475792509726,43.47090713344795,-0.20067268745431477,-0.2099660979317168,0.009293410477402037,20.94182401957037,0.6783829522147125,0.006609700054232115,0.021210483775891607,0,1,12,-633.7240798647024,1.0,USDJPY=X,1.0,104.197998046875,0,2020-12-01 00:00:00+00:00
2020-12-02 00:00:00+00:00,0.07121571095512902,0.07093668341583981,0.07536410403968419,0.07134407510147289,0.611749821994546,0.06014004419952386,0.4182446899247063,46.802466636906516,-0.1874176965272767,-0.20545641765082878,0.018038721123552093,35.141251525246254,0.6649982638031704,0.006504213164005006,0.020996197620508875,0,2,12,-652.5704864715232,1.0,USDJPY=X,0.0,103.99800109863281,0,2020-12-02 00:00:00+00:00
2020-12-03 00:00:00+00:00,0.07392112510819371,0.06746043991520678,0.06645397755096538,0.07375843248001712,0.5808143450641778,0.08111940510855441,0.4200967900416315,46.95751956094872,-0.17409963532372785,-0.1991850611854086,0.02508542586168075,43.55156941432229,0.654784328804953,0.006375272276272981,0.020955493207124785,0,3,12,-648.230018766143,1.0,USDJPY=X,1.0,104.13500213623047,0,2020-12-03 00:00:00+00:00
2020-12-04 00:00:00+00:00,0.0636825990169343,0.06273349233584358,0.06747453428524319,0.06346916576349759,0.6015403031649689,0.13333246388633324,0.4421895225921208,49.32870802706819,-0.14979501003101348,-0.1893070509545296,0.03951204092351612,55.48559425049583,0.6692993110038737,0.006268398089731519,0.020930680705063313,0,4,12,-629.3343731201932,1.0,USDJPY=X,1.0,104.27200317382812,1,2020-12-04 00:00:00+00:00
2020-12-07 00:00:00+00:00,0.06979001986574151,0.06383808265032265,0.07048787728896033,0.0695454839340155,0.48477991981169577,0.07832136658098661,0.4018801502888636,40.9309777645205,-0.17970130011316598,-0.1873859007862569,0.007684600673090902,14.681122359123924,0.6729208759823917,0.006446541937670612,0.02053383437757473,0,0,12,-620.4166974078779,1.0,USDJPY=X,0.0,104.18199920654297,0,2020-12-07 00:00:00+00:00
2020-12-08 00:00:00+00:00,0.06666351082394306,0.06192137741036574,0.07107101725169773,0.06630483035894308,0.6354984413610839,0.05998354373950735,0.4471141779853639,46.70153371986891,-0.1711697461876298,-0.1841426698665315,0.012972923678901682,49.307155285978965,0.6596407785349887,0.006458097934661551,0.01797767391893205,0,1,12,-555.7521564296314,1.0,USDJPY=X,0.0,103.93900299072266,0,2020-12-08 00:00:00+00:00
2020-12-09 00:00:00+00:00,0.06868852363785938,0.06369196888607154,0.0725776887535563,0.06852472874330151,0.549472600577256,0.03605320067152924,0.4118673367347441,44.220361296701284,-0.17848900042268667,-0.18301193597776255,0.00452293555507588,30.130454276950232,0.6295235059540855,0.006342821703941967,0.017239215492145427,0,2,12,-577.0570553093438,0.0,USDJPY=X,0.0,104.01000213623047,0,2020-12-09 00:00:00+00:00
2020-12-10 00:00:00+00:00,0.07118332854807052,0.06812644107643329,0.0754775678984787,0.07074462712766016,0.5998120271559877,0.03853942388860961,0.4225977288689508,46.32409306067959,-0.17126053848599554,-0.18066165647940916,0.009401117993413616,42.91041854970144,0.606200498657979,0.006045263293225234,0.015446379313435503,0,3,12,-578.6025763139069,1.0,USDJPY=X,0.0,103.63400268554688,0,2020-12-10 00:00:00+00:00
2020-12-11 00:00:00+00:00,0.0692554629553297,0.06153149284519688,0.06890012485968433,0.06928624648277082,0.5997850729262171,0.053146133490149954,0.4216064385274423,48.419112982448105,-0.15271666885844581,-0.17507265895521648,0.022355990096770667,55.690382822452655,0.5942572745629894,0.005813645851297245,0.01205323558708159,0,4,12,-546.1499071655439,1.0,USDJPY=X,0.0,103.4749984741211,0,2020-12-11 00:00:00+00:00
2020-12-14 00:00:00+00:00,0.06591822107370415,0.06015078593466017,0.06384566838741157,0.06534885362528797,0.5658996164633835,0.053147319099695535,0.4677607448940179,47.11799101020766,-0.14362743883273765,-0.16878361493072072,0.02515617609798307,47.2944793571942,0.5836679531586576,0.005704030246001155,0.009627453245945487,0,0,12,-515.4103724983207,1.0,USDJPY=X,0.0,103.13099670410156,0,2020-12-14 00:00:00+00:00
2020-12-15 00:00:00+00:00,0.06672827563806005,0.061190436798361114,0.06655112634509686,0.06649928935312888,0.5430489878649198,0.08842275990932458,0.41539474268503895,43.703398140235734,-0.15425378080016117,-0.1658776481046088,0.011623867304447644,34.46897507610821,0.5896916184743338,0.005615485393974333,0.009021965078185413,0,1,12,-502.17873333917976,1.0,USDJPY=X,1.0,103.45700073242188,0,2020-12-15 00:00:00+00:00
2020-12-16 00:00:00+00:00,0.06088003764269412,0.054091836032843954,0.059763194252351104,0.060406776568346254,0.5899477090599087,0.07241703104400034,0.4383115089591053,44.95850493572492,-0.1551576350555024,-0.16373364549478753,0.008576010439285131,40.227210850679405,0.5808567470096493,0.005669566449022529,0.008536488213267348,0,2,12,-497.1825081336064,1.0,USDJPY=X,0.0,103.33999633789062,0,2020-12-16 00:00:00+00:00
2020-12-17 00:00:00+00:00,0.05785055222509783,0.05147665990627148,0.053801397706645826,0.057830349424145444,0.5231011422476542,0.06961899251643254,0.394905772722646,39.886877824602095,-0.1840918629732755,-0.16780528899048514,-0.016286573982790375,25.050605727438064,0.5927956292684468,0.005604885770668562,0.009615803303090215,0,3,12,-511.64986535586473,1.0,USDJPY=X,0.0,103.53399658203125,0,2020-12-17 00:00:00+00:00
2020-12-18 00:00:00+00:00,0.0527476039799708,0.05214253713724837,0.05760849332602613,0.052256311541852174,0.5554619914016033,0.1017881363166431,0.3699496989049238,37.93786609130224,-0.2173473135300128,-0.17771369389839067,-0.039633619631622125,31.354553951176932,0.603310619546705,0.005728877873979422,0.01094739213275831,0,4,12,-544.5712626626522,1.0,USDJPY=X,1.0,103.552001953125,1,2020-12-18 00:00:00+00:00
2020-12-21 00:00:00+00:00,0.05799639665383438,0.05693454809763954,0.05968223692390828,0.05753872274437133,0.5276197730625988,0.07163927118210014,0.34841074269204536,34.06021660255318,-0.2683669978876537,-0.19584435469624328,-0.07252264319141044,12.790013051873993,0.5931454706616724,0.005849944622155591,0.013582418572374046,0,0,12,-558.6960672958166,1.0,USDJPY=X,0.0,103.65299987792969,0,2020-12-21 00:00:00+00:00
2020-12-22 00:00:00+00:00,0.05579315700412302,0.054286778315428386,0.06003857276803126,0.05564284026831623,0.6284865984792948,0.09759107852529142,0.3964362014248889,40.288918680929896,-0.2792753523430065,-0.21253055422559594,-0.06674479811741055,30.38328042589459,0.604635467909332,0.005733256004547883,0.01436147016440933,0,1,12,-570.9247973678487,1.0,USDJPY=X,1.0,103.53299713134766,0,2020-12-22 00:00:00+00:00
2020-12-23 00:00:00+00:00,0.05887121603230727,0.05287360167950261,0.06139939747971801,0.05878632615780055,0.5617349319872541,0.06884241826407793,0.3805382057263548,38.86977628615453,-0.29397284269265356,-0.22881901191900747,-0.06515383077364609,26.5475633625642,0.5930901340198819,0.005850933707529429,0.014934821335288319,0,2,12,-597.6937006483145,1.0,USDJPY=X,0.0,103.68900299072266,0,2020-12-23 00:00:00+00:00
2020-12-24 00:00:00+00:00,0.058838833625248776,0.05483901150754322,0.06361886426879715,0.05907807646058427,0.6085207835113445,0.04226935151900295,0.4287924670694887,42.48712382461158,-0.2866620496426435,-0.2403876194637347,-0.04627443017890884,38.09519484471006,0.571798395757022,0.005728457836069038,0.014644140959850404,0,3,12,-624.0609178961008,1.0,USDJPY=X,0.0,103.55899810791016,0,2020-12-24 00:00:00+00:00
2020-12-25 00:00:00+00:00,0.06039405434287004,0.053198422863643735,0.058985509503401534,0.06071459786238509,0.5820287218953043,0.039781942692377004,0.443851511670876,42.82528422465784,-0.27623109044620264,-0.2475563136602283,-0.028674776785974354,39.16694292941449,0.5492411320673463,0.005521847815321413,0.01441821784397566,0,4,12,-687.7769005767692,1.0,USDJPY=X,0.0,103.12100219726562,0,2020-12-25 00:00:00+00:00
2020-12-28 00:00:00+00:00,0.058855024828778024,0.05708066186189087,0.061998852507118674,0.05877013154353583,0.5944929439751765,0.06853178856313608,0.4818908505533578,44.78638059614598,-0.25685393934837464,-0.24941583879785756,-0.007438100550517079,45.17872307573535,0.541509757783239,0.005298844536233181,0.014224247869559654,0,0,12,-702.0182432645291,1.0,USDJPY=X,0.0,103.22599792480469,0,2020-12-28 00:00:00+00:00
2020-12-29 00:00:00+00:00,0.06152805657478422,0.05540760349260232,0.06306810723743683,0.061297974844942704,0.5613183062958832,0.07676703246673179,0.44376688597547337,42.90338252815047,-0.24831816896376324,-0.24919630483103872,0.0008781358672754758,38.03570374339808,0.5381158941204295,0.005230310845693474,0.01439192540723332,0,1,12,-731.1306840286678,1.0,USDJPY=X,0.0,103.23899841308594,0,2020-12-29 00:00:00+00:00
2020-12-30 00:00:00+00:00,0.05927624331448511,0.051817715953107246,0.0549192268340295,0.059191438760436865,0.6027589136508213,0.050504595422598664,0.4670510105035509,46.07739880500819,-0.22635585103179778,-0.24462821407119054,0.018272363039392753,47.32176511459984,0.5228931122719837,0.005189710370429313,0.013846993388902827,0,2,12,-730.3602023949137,1.0,USDJPY=X,0.0,103.125,0,2020-12-30 00:00:00+00:00
2020-12-31 00:00:00+00:00,0.052504612330058764,0.04709076837374382,0.0555672562584959,0.0520943653992052,0.5598243173714061,0.09432828105585643,0.43942240756025486,43.88788898126784,-0.2169401128076629,-0.23909059381848502,0.02215048101082212,52.19778903620663,0.5374011438382148,0.005049229152710811,0.013301536291191749,0,3,12,-730.1369557127373,1.0,USDJPY=X,1.0,102.6780014038086,0,2020-12-31 00:00:00+00:00
2021-01-01 00:00:00+00:00,0.053994944636589715,0.04661970949510197,0.05917993069063887,0.053795665258064895,0.5135456394389624,0.04289061092088665,0.4006230620284495,37.43401565912643,-0.24203070265149051,-0.23967861558508613,-0.0023520870664043847,18.116833298829718,0.5387296161254406,0.005211364633658153,0.013019987928608175,0,4,1,-773.5447759904338,1.0,USDJPY=X,0.0,103.02400207519531,0,2021-01-01 00:00:00+00:00
2021-01-04 00:00:00+00:00,0.05428663349406282,0.04652230031893434,0.05082056123328038,0.05400631886651541,0.595159284814316,0.003729927630393338,0.4009986169348241,39.722344082579674,-0.25055465998866566,-0.24185382446580206,-0.008700835522863604,26.49634058721093,0.5094630580260787,0.005218933475633531,0.013587616258977829,0,0,1,-766.0895507388467,1.0,USDJPY=X,0.0,103.79000091552734,1,2021-01-04 00:00:00+00:00
2021-01-05 00:00:00+00:00,0.052634141958292746,0.045482649455233615,0.050204914740191287,0.05215914385626408,0.5812827322628588,0.08298436892375108,0.41227523549987377,40.01489148247181,-0.25334057439292224,-0.2441511744512261,-0.009189399941696125,44.67906874842934,0.5112159975546289,0.004934792722296522,0.013261090537348289,0,1,1,-778.2550032345517,1.0,USDJPY=X,1.0,104.09100341796875,1,2021-01-05 00:00:00+00:00
2021-01-06 00:00:00+00:00,0.045473674895217586,0.04955983073606496,0.04887647295988162,0.04491619534364033,0.5621506290017365,0.0789438115924159,0.3893698561938003,38.261319277024825,-0.2617300892932235,-0.2476669574196256,-0.014063131873597895,37.07061247424611,0.5152006650702581,0.0049572460368933705,0.01352385679021526,0,2,1,-781.3193551340023,1.0,USDJPY=X,0.0,104.12799835205078,1,2021-01-06 00:00:00+00:00
2021-01-07 00:00:00+00:00,0.05078735598017148,0.05800654475648015,0.054805886574209595,0.05052262245446304,0.5119110969717094,0.13069211142832754,0.36234003063616516,32.28661329157096,-0.3009783996458424,-0.258329245864869,-0.04264915378097339,6.748850325887267,0.5384722902772933,0.005017634332831374,0.014733551074446441,0,3,1,-824.8360098823393,1.0,USDJPY=X,1.0,103.75199890136719,1,2021-01-07 00:00:00+00:00
2021-01-08 00:00:00+00:00,0.06321280692063946,0.0600696116211874,0.06551425454615578,0.06293449624674352,0.6317323641270312,0.15462245449630563,0.4290070038781011,40.085681002476036,-0.30069735391809616,-0.26680286747551446,-0.033894486442581695,31.888737534265005,0.5909381977658571,0.005226668343598925,0.013608502818258237,0,4,1,-836.4965235977131,1.0,USDJPY=X,1.0,103.83699798583984,0,2021-01-08 00:00:00+00:00
2021-01-11 00:00:00+00:00,0.06771643344123746,0.06512138038469173,0.07231850170356457,0.06781179484662636,0.6949593693158576,0.07164045679164571,0.4854346578913583,52.9937112211303,-0.23594509032805888,-0.26063131204602336,0.024686221717964474,80.64511167169138,0.6240141018177379,0.005693594686898694,0.012287551449851565,0,0,1,-807.7932615093201,1.0,USDJPY=X,0.0,103.8280029296875,0,2021-01-11 00:00:00+00:00
2021-01-12 00:00:00+00:00,0.06867233243433013,0.06398432034482338,0.07317702018198213,0.06841124282043909,0.6244280646504691,0.05470046760440477,0.5100076087253257,56.92123868522238,-0.15851283130547245,-0.24020761589791317,0.08169478459244073,83.43546834380129,0.6222273105048638,0.005994889868743615,0.012768528317009068,0,1,1,-758.3035423535708,1.0,USDJPY=X,0.0,103.90799713134766,0,2021-01-12 00:00:00+00:00
2021-01-13 00:00:00+00:00,0.06245144956384485,0.05860760646692831,0.06426689369326355,0.06231873003565647,0.5848515319615123,0.03558725612011647,0.5229884884236387,57.39244029187003,-0.09308895463671263,-0.21078388364567308,0.11769492900896045,85.49188079678031,0.5941399244866592,0.005975600418257816,0.01318208175388058,0,2,1,-667.6347836870729,1.0,USDJPY=X,0.0,103.7030029296875,0,2021-01-13 00:00:00+00:00
2021-01-14 00:00:00+00:00,0.06402286148499536,0.06185643795958762,0.06591928838631889,0.06369601398621283,0.5231648531271552,0.06961899251643254,0.5294539475933825,51.255982464794755,-0.07076434699193612,-0.1827799763149257,0.11201562932298958,64.59145288996136,0.5937011753464291,0.0057265395440861235,0.013388712087482893,0,3,1,-595.3001507618909,1.0,USDJPY=X,0.0,103.89700317382812,0,2021-01-14 00:00:00+00:00
2021-01-15 00:00:00+00:00,0.06389320825978784,0.05693454809763954,0.06556295254219613,0.06355026245783058,0.5920654618833369,0.08484933273894775,0.5068232416586125,52.492601792849044,-0.04568657247480701,-0.15536129554690198,0.10967472307209497,69.31623967870941,0.5902943234662155,0.005717626538349958,0.013758034135014623,0,4,1,-477.18641560677463,1.0,USDJPY=X,1.0,103.55500030517578,0,2021-01-15 00:00:00+00:00
2021-01-18 00:00:00+00:00,0.0651082901063218,0.05755172074053272,0.06587071398925337,0.06484644971405373,0.5779767521326271,0.0411809619561609,0.44052077272128437,52.34126892226012,-0.026235653073541698,-0.12953616705222992,0.10330051397868822,68.81623755825936,0.5670589710506599,0.0056853094233736134,0.013718283292565647,0,0,1,-376.42811396041316,1.0,USDJPY=X,0.0,103.50599670410156,0,2021-01-18 00:00:00+00:00
2021-01-19 00:00:00+00:00,0.06160901259243046,0.060134551071965525,0.06604894371080205,0.06152482306765794,0.5913064472727205,0.04413312972465404,0.4218042743478777,53.62179497936754,-0.004316043118762991,-0.10449214226553655,0.10017609914677356,73.26282130119297,0.5468402289778449,0.005457317884145664,0.014100492035137316,0,1,1,-284.7418003778041,1.0,USDJPY=X,0.0,103.7770004272461,0,2021-01-19 00:00:00+00:00
2021-01-20 00:00:00+00:00,0.064881489659939,0.057470546427059954,0.06301940924139648,0.06466830895714226,0.5486413185406136,0.06713276929935218,0.40133397010219535,49.920191141960856,-0.003446187667037748,-0.0842829513458368,0.08083676367879905,61.86794685304009,0.5386372988039252,0.0052731378410383395,0.014094062806905547,0,2,1,-209.87851414498823,1.0,USDJPY=X,0.0,103.76000213623047,0,2021-01-20 00:00:00+00:00
2021-01-21 00:00:00+00:00,0.05935719933213135,0.05326336231442208,0.060799942452317346,0.05912666030337821,0.6084185818514628,0.0707073820792746,0.4496087166000124,53.21195640249581,0.012750398759834525,-0.06487628132470254,0.07762668008453706,72.65170759842069,0.5326633368218368,0.005184339127691116,0.014366583566442725,0,3,1,-102.44203516692866,1.0,USDJPY=X,0.0,103.60299682617188,0,2021-01-21 00:00:00+00:00
2021-01-22 00:00:00+00:00,0.05862822438239523,0.05688584350955583,0.06353790694035433,0.05833262971237008,0.5281290023704291,0.051748299835911636,0.4133667930517413,47.3083650237906,-0.0019875518097194345,-0.05229853542170592,0.050310983611986486,53.64102477109742,0.5354021538275873,0.005143772249066506,0.014413825720800397,0,4,1,-37.557892319609955,1.0,USDJPY=X,0.0,104.14299774169922,1,2021-01-22 00:00:00+00:00
2021-01-25 00:00:00+00:00,0.06308327729240548,0.05768172357233903,0.06648636048234247,0.062723842638293,0.5719643542946573,0.06014004419952386,0.40996963273048065,46.512103060723405,-0.01742084818997114,-0.045322997975358964,0.027902149785387825,50.91709464416728,0.524802074096878,0.00517266796974258,0.014408181139132307,0,0,1,-43.855995494318734,1.0,USDJPY=X,0.0,104.29100036621094,1,2021-01-25 00:00:00+00:00
2021-01-26 00:00:00+00:00,0.06267825001022764,0.05599243034035584,0.0645098892775664,0.06244841057278361,0.6200442891270795,0.03947131299143516,0.4261870782588547,51.385336954928064,-0.007695403357388386,-0.03779747905176485,0.030102075694376465,65.981195849007,0.5176735725012305,0.00505701718045701,0.014482935381495884,0,1,1,-40.72268968105202,1.0,USDJPY=X,0.0,104.68599700927734,1,2021-01-26 00:00:00+00:00
2021-01-27 00:00:00+00:00,0.060102365485396714,0.06153149284519688,0.06512553577065572,0.059904372657112015,0.5767765695272931,0.04226935151900295,0.4421375060121647,51.07103212510442,-0.0013440449700539148,-0.030506792235422665,0.02916274726536875,56.106183382492304,0.500125686881723,0.004989143811134054,0.014540228212625744,0,2,1,-23.467693670734,1.0,USDJPY=X,0.0,104.88099670410156,1,2021-01-27 00:00:00+00:00
2021-01-28 00:00:00+00:00,0.06873709724844712,0.06614479638569803,0.07392232199955462,0.06865428565741905,0.555790582060441,0.08935464901215012,0.4123622451664637,48.14196437452337,-0.00887723284823494,-0.02618088035798512,0.01730364750975018,26.058278906193927,0.5054736341217562,0.0048273283804796535,0.014563320970573869,0,3,1,30.919989305165107,1.0,USDJPY=X,1.0,105.02799987792969,1,2021-01-28 00:00:00+00:00
2021-01-29 00:00:00+00:00,0.07158823223327482,0.07399044869566507,0.07640097583862526,0.07105244842169878,0.6603870985224606,0.049106761768360346,0.4873232276177409,57.22808185839472,0.0283988580339809,-0.015264932679591918,0.04366379071357282,72.55738948966041,0.5300117068867758,0.004853649742015855,0.01463818130705985,0,4,1,114.74086331058204,1.0,USDJPY=X,0.0,104.99500274658203,1,2021-01-29 00:00:00+00:00
2021-02-01 00:00:00+00:00,0.07818175997887966,0.07488386186486506,0.08182808321968404,0.07745278250052001,0.6014264590160924,0.10038793144331364,0.5041166840190234,59.33129015133289,0.06908661600206756,0.0016053770567399767,0.06748123894532758,59.97534318025558,0.5487251433159012,0.005082046437618537,0.015161263086333114,0,0,2,171.8788650334516,1.0,USDJPY=X,1.0,105.5719985961914,1,2021-02-01 00:00:00+00:00
2021-02-02 00:00:00+00:00,0.08075752090673705,0.07767786934157717,0.08505191527735234,0.08061246300426905,0.6382283849673958,0.05687606112054329,0.5144692782121717,64.36724300876418,0.13168688091111846,0.027621677827615675,0.10406520308350278,81.7307339617797,0.559458882904665,0.00524162886147297,0.016727229416393805,0,1,2,237.49196886374847,1.0,USDJPY=X,0.0,105.4000015258789,1,2021-02-02 00:00:00+00:00
2021-02-03 00:00:00+00:00,0.08309041378165571,0.07662198361518158,0.08668824210369408,0.08299443115428407,0.6082938679113279,0.05268137454828276,0.5324836600614211,66.56817468001626,0.19478749852201815,0.06105484196649617,0.13373265655552197,84.69472135766199,0.5534979308542759,0.005334225460147503,0.018196726182234002,0,2,2,342.1219805883118,0.0,USDJPY=X,0.0,105.20999908447266,0,2021-02-03 00:00:00+00:00
2021-02-04 00:00:00+00:00,0.08265300409241938,0.08302198956383355,0.08748199471935747,0.08245976163753022,0.6011227284673848,0.026883696446016826,0.5584818151369344,68.16458705089482,0.2537322526989243,0.0995903241129818,0.1541419285859425,92.70140328860705,0.5293911799338812,0.0052700035371290215,0.017718714047622063,0,3,2,470.067656674952,0.0,USDJPY=X,0.0,104.57499694824219,0,2021-02-04 00:00:00+00:00
2021-02-05 00:00:00+00:00,0.09193563119058612,0.0874403508217505,0.0932817530092025,0.09180912261164975,0.5744378072345894,0.08049696009712513,0.5093764347382279,67.38674107929701,0.29439025472204605,0.13855031023479467,0.1558399444872514,77.09032987866978,0.5285773629171195,0.005042060727515099,0.01773095998840621,0,4,2,603.0271921509758,0.0,USDJPY=X,1.0,104.61499786376953,0,2021-02-05 00:00:00+00:00
2021-02-08 00:00:00+00:00,0.08916545222340444,0.08586470162862936,0.09047902265841135,0.08902216548200781,0.664792302303173,0.06713276929935218,0.5455164868351491,73.15537880611703,0.368918098957181,0.18462386797927194,0.18429423097790903,92.16243038228305,0.5456788185444124,0.005006795077726116,0.021423118940782106,0,0,2,758.8964393151786,0.0,USDJPY=X,0.0,104.74099731445312,0,2021-02-08 00:00:00+00:00
2021-02-09 00:00:00+00:00,0.08641134086277846,0.07873363113772291,0.08001365027076823,0.08594345804958237,0.553985962991573,0.0789438115924159,0.4973879395084001,69.22465172741278,0.4093841012366255,0.22957591463074267,0.17980818660588282,85.1047044201576,0.5429877054243316,0.0051772183173112345,0.02381396907877681,0,1,2,882.0135898871968,0.0,USDJPY=X,1.0,105.05899810791016,0,2021-02-09 00:00:00+00:00
2021-02-10 00:00:00+00:00,0.07596232912563905,0.07239856463984928,0.07849078730322123,0.07565419133306261,0.5512877934598833,0.1111105841735353,0.46493330622051915,65.0655409560346,0.42126599828085887,0.2679139313607659,0.15335206692009296,77.30814625120921,0.5676314756283972,0.005160989546139708,0.025225396281225488,0,2,2,992.0707653942216,0.0,USDJPY=X,1.0,105.38700103759766,1,2021-02-10 00:00:00+00:00
2021-02-11 00:00:00+00:00,0.0765617744471414,0.07147268174526,0.08066167969523463,0.07630234677267911,0.48545568311507714,0.06511249063368459,0.3992925881839119,53.497191942257544,0.3751189836928006,0.28935494182717286,0.08576404186562775,47.61883937551931,0.5836577857188353,0.005427984625324329,0.025083458845372462,0,3,2,1052.702029914091,0.0,USDJPY=X,0.0,106.10299682617188,1,2021-02-11 00:00:00+00:00
2021-02-12 00:00:00+00:00,0.07876489049987923,0.07780774824313363,0.08338332911860835,0.07834398077711646,0.5852730029049685,0.03543075566009997,0.4054063392172635,54.05139900892042,0.3378800112947147,0.2990599557206812,0.03882005557403345,48.00713182473126,0.558253431465481,0.005579102400583891,0.024843273107127768,0,4,2,1102.7529387472632,0.0,USDJPY=X,0.0,105.86100006103516,1,2021-02-12 00:00:00+00:00
2021-02-15 00:00:00+00:00,0.08372211791324302,0.08162504779060242,0.08764403297521772,0.0834967114425087,0.5980556489435468,0.0699296222173744,0.36794171413412435,55.836804137370805,0.3149049319912791,0.3022289509748008,0.012675981016478322,53.713628212171784,0.558021065301931,0.005329846438157297,0.02458433495604635,0,0,2,1168.6867078723265,0.0,USDJPY=X,1.0,105.6520004272461,1,2021-02-15 00:00:00+00:00
2021-02-16 00:00:00+00:00,0.08897103418408014,0.08914587891642811,0.09114324354856618,0.08881151187355729,0.6265425430370452,0.06557843518509736,0.40878913603293066,60.055390111402204,0.3186834382032089,0.3055198484204824,0.01316358978272647,67.55746661697594,0.5655910938406323,0.005311501873725904,0.024721481311028307,0,1,2,1220.3872870617254,0.0,USDJPY=X,0.0,105.51399993896484,0,2021-02-16 00:00:00+00:00
2021-02-17 00:00:00+00:00,0.10102384024942856,0.09462012590074043,0.10120370569502057,0.10041316046056492,0.6278802957013042,0.10396254422323604,0.4521176959918447,63.88718262885379,0.3441775620969878,0.3132513911557835,0.030926170941204312,72.22882968601333,0.5829773091313127,0.005366801296858739,0.02490429265908615,0,2,2,1293.2846514048829,0.0,USDJPY=X,1.0,104.98400115966797,0,2021-02-17 00:00:00+00:00
2021-02-18 00:00:00+00:00,0.09660129334345013,0.08995811777215534,0.09762341419425469,0.0964919622173468,0.684987361655651,0.059829414498582006,0.5660331907993068,70.53236009232654,0.41734581253140846,0.3340702754309085,0.08327553710049995,94.67614898818957,0.599764700868864,0.005494447155780173,0.02721537707763746,0,3,2,1401.0834945895758,0.0,USDJPY=X,0.0,105.28299713134766,0,2021-02-18 00:00:00+00:00
2021-02-19 00:00:00+00:00,0.09355561672232438,0.08685552397399698,0.09196950269458126,0.09310543349088252,0.5438522472274941,0.04957270631977312,0.5422339295043573,66.1048237014066,0.4506107019773111,0.357378360740189,0.0932323412371221,80.74978866564771,0.592924208144972,0.005665586953864634,0.027313784269915778,0,4,2,1471.7429084957932,0.0,USDJPY=X,0.0,105.94400024414062,0,2021-02-19 00:00:00+00:00
2021-02-22 00:00:00+00:00,0.09153060390840806,0.08862611544970256,0.08791941149089788,0.09086934049225937,0.5486189194599667,0.07412549439918051,0.5139277811192429,62.458256446987996,0.4548654371443206,0.37687577602101535,0.07798966112330524,69.05424675313586,0.5942153404942709,0.005612049045425037,0.026017784468423982,0,0,2,1473.5840844955494,0.0,USDJPY=X,1.0,106.37899780273438,1,2021-02-22 00:00:00+00:00
2021-02-23 00:00:00+00:00,0.08292837814938991,0.08172258089701945,0.0862993997292194,0.08228149725760892,0.55900962382182,0.12991435156642733,0.47545339030607403,60.100761176746055,0.44200668144766553,0.3899019571063454,0.05210472434132013,61.331790663717946,0.6114855686844124,0.005631625574217621,0.024750274087330708,0,1,2,1463.3912875619164,0.0,USDJPY=X,1.0,106.50299835205078,1,2021-02-23 00:00:00+00:00
2021-02-24 00:00:00+00:00,0.08738343105940038,0.09281706469964579,0.09226107267594985,0.08712628300595271,0.5012033895039966,0.07940975614382866,0.4036024843522269,51.98518276195164,0.38461593967363683,0.3888447536198037,-0.004228813946166865,31.67325574445194,0.6116650575702357,0.005824559570314117,0.02258233526316558,0,2,2,1406.5419779697081,0.0,USDJPY=X,1.0,106.85099792480469,1,2021-02-24 00:00:00+00:00
2021-02-25 00:00:00+00:00,0.09805924324292259,0.09593589336049879,0.10177077779104415,0.09783685693937372,0.6236178377028049,0.12836120306171808,0.36920236226418185,55.62556892705743,0.35912012617072264,0.3828998281299875,-0.023779701959264876,48.40495931280046,0.6472604541974734,0.005809723072445802,0.018925474687524365,0,3,2,1421.4549760832538,0.0,USDJPY=X,1.0,106.75800323486328,1,2021-02-25 00:00:00+00:00
2021-02-26 00:00:00+00:00,0.10525209271305602,0.10236836903453983,0.10180316072242124,0.10488534645781122,0.6769681596805035,0.06697745444888126,0.4442028314095098,62.41071353250377,0.38778182970412445,0.38387622844481495,0.003905601259309499,81.69153294151762,0.6726708490008904,0.006109458324264766,0.018108285915414454,0,4,2,1473.5848693637638,1.0,USDJPY=X,0.0,107.05799865722656,1,2021-02-26 00:00:00+00:00
2021-03-01 00:00:00+00:00,0.10661289539135299,0.10384660905149357,0.11021110457684524,0.10689459123371936,0.6431814390573063,0.12820470260170158,0.49792201915104045,66.08586354823444,0.4405190741300231,0.3952047975818566,0.0453142765481665,86.61654540736721,0.683551284660983,0.006323342604225963,0.018785903163265092,0,0,3,1526.1646872270887,1.0,USDJPY=X,1.0,107.95500183105469,1,2021-03-01 00:00:00+00:00
2021-03-02 00:00:00+00:00,0.11263936022251397,0.10672166691142881,0.11526568464809261,0.11253340757307129,0.597452799076565,0.06169437831377868,0.5198792121019786,67.07412043092089,0.48670904934786563,0.41350564793505845,0.07320340141280718,88.53486676925569,0.6630835624586361,0.006418141228301117,0.02043540155665267,0,1,3,1569.9175097321104,0.0,USDJPY=X,0.0,108.41899871826172,1,2021-03-02 00:00:00+00:00
2021-03-03 00:00:00+00:00,0.1111489043190097,0.10979179098419811,0.115476173702044,0.11102656670839761,0.6301420445259485,0.04071383179520255,0.593981839889818,69.73919489481145,0.5451118841758529,0.4398268951832174,0.1052849889926355,95.87159174063822,0.6476489220109769,0.006205684320564554,0.023114468263502972,0,2,3,1628.2842419714057,0.0,USDJPY=X,0.0,108.93900299072266,1,2021-03-03 00:00:00+00:00
2021-03-04 00:00:00+00:00,0.11608994052884425,0.11784874436969384,0.11983414995175923,0.11588754707100613,0.5657883228311362,0.0680658440117233,0.5607326053636114,68.15169842046052,0.5772386098813627,0.46730923812284647,0.10992937175851619,84.2498178595421,0.6326742518701259,0.0060665140072559765,0.024986595426737437,0,3,3,1650.6986053379073,0.0,USDJPY=X,0.0,108.5770034790039,1,2021-03-04 00:00:00+00:00
2021-03-05 00:00:00+00:00,0.13070243991549413,0.13367017575168338,0.13370158411861932,0.13042215156205694,0.6230274056337943,0.10334128482135235,0.529939545390156,70.485741548376,0.6197621624615977,0.4977998229905967,0.12196233947100094,78.90298536607138,0.6501260125484876,0.005909640193217077,0.027159767792060637,0,4,3,1711.1821550939283,0.0,USDJPY=X,1.0,108.43199920654297,1,2021-03-05 00:00:00+00:00
2021-03-08 00:00:00+00:00,0.13774956855386478,0.13904688962957867,0.14160746893772358,0.13794053214018986,0.7096334310510257,0.1216791076628316,0.5678259147832165,76.12088379934413,0.717571328207768,0.541754124034031,0.17581720417373703,82.36723124328905,0.7144743332551247,0.006022194446959568,0.03260218320858715,0,0,3,1848.4944279846977,0.0,USDJPY=X,1.0,108.55500030517578,0,2021-03-08 00:00:00+00:00
2021-03-09 00:00:00+00:00,0.14633560310935367,0.1437412435533032,0.14559267067967818,0.14636642923219356,0.6461696788562002,0.09728044882434957,0.5958010477059078,78.41650654072714,0.8230389866384229,0.5980110965549095,0.22502789008351343,87.10387116146174,0.7337976387620131,0.006589936650418273,0.03849924901100801,0,1,3,2031.0770081322744,0.0,USDJPY=X,1.0,109.11699676513672,0,2021-03-09 00:00:00+00:00
2021-03-10 00:00:00+00:00,0.1404711739104587,0.13872194451518793,0.1420123791789123,0.14050076467012618,0.6539177686297469,0.10396254422323604,0.6094680202328449,80.66041876120002,0.9377728035922246,0.6659634379623726,0.27180936562985203,93.30114026894132,0.7392404901785657,0.006735857852715101,0.04461264978043759,0,2,3,2281.8928911948406,0.0,USDJPY=X,1.0,109.13400268554688,1,2021-03-10 00:00:00+00:00
2021-03-11 00:00:00+00:00,0.1383974638889811,0.13680523927523103,0.14240122155338697,0.13815118574864038,0.5276436568126225,0.09028772372452125,0.5874170080057771,74.82818289886464,0.9880996472383856,0.7303906798175752,0.2577089674208104,84.93893304665058,0.7292951768454986,0.0068084443896217536,0.0468191125929094,0,3,3,2453.42480559317,0.0,USDJPY=X,1.0,109.02899932861328,1,2021-03-11 00:00:00+00:00
2021-03-12 00:00:00+00:00,0.14063308594575097,0.14242560002379445,0.14492844978952335,0.1401442359102838,0.5585536628493293,0.06822115886219422,0.5503733920553718,72.56479961430418,1.0047018232635452,0.7852529085067692,0.21944891475677597,81.58932694171763,0.708560020693867,0.0067258298489574625,0.047426848683842164,0,4,3,2588.669852598245,0.0,USDJPY=X,0.0,108.89099884033203,1,2021-03-12 00:00:00+00:00
2021-03-15 00:00:00+00:00,0.1493811561335059,0.14580431041801045,0.1516030416224492,0.14925055404742338,0.5969662047128871,0.09774757898530792,0.4862636457546556,73.30249399166019,1.0160716861569483,0.831416664036805,0.1846550221201433,84.43065860665128,0.7090916919277872,0.006527198366744269,0.047551494974478706,0,0,3,2743.5187564434445,0.0,USDJPY=X,1.0,108.93099975585938,0,2021-03-15 00:00:00+00:00
2021-03-16 00:00:00+00:00,0.14946223574812567,0.14450477782094673,0.14920534511182115,0.14952610973594238,0.6598404780107536,0.06604556534605571,0.49401807973815326,76.42199204764992,1.0582321603163933,0.8767797632927228,0.18145239702367055,94.15347978716852,0.7156567498216172,0.006498453155323137,0.04887089127981474,0,1,3,2941.9058011286656,0.0,USDJPY=X,0.0,108.87100219726562,0,2021-03-16 00:00:00+00:00
2021-03-17 00:00:00+00:00,0.1479070150305044,0.14450477782094673,0.15294767486844751,0.14782468625407308,0.581747882460031,0.07661290322580645,0.4530659221533152,76.51143000037487,1.0805608427211553,0.9175359791784093,0.16302486354274592,93.6589501027495,0.6997529709211333,0.006557596461330882,0.05015087954928764,0,2,3,3133.773423099161,0.0,USDJPY=X,1.0,108.7760009765625,0,2021-03-17 00:00:00+00:00
2021-03-18 00:00:00+00:00,0.1460764202559124,0.14463465672250342,0.14774737160600315,0.14558859325544993,0.5643601423420472,0.04071501740474813,0.4739730847031931,74.62903698848629,1.0773644048188231,0.9495016643064922,0.12786274051233093,90.65437474515994,0.6684849756837421,0.006418044513204039,0.05171381948292708,0,3,3,3273.8339665192725,0.0,USDJPY=X,0.0,108.5199966430664,0,2021-03-18 00:00:00+00:00
2021-03-19 00:00:00+00:00,0.14643275033052916,0.14166206575615115,0.14643512129138192,0.14623674869506642,0.5596388296366556,0.09184087222923049,0.47459123319450897,72.11779510506477,1.051573830134231,0.96991609747204,0.08165773266219101,84.39585760186382,0.6629500337473476,0.006139028779265294,0.05198838227765839,0,4,3,3360.3386704843297,0.0,USDJPY=X,1.0,108.79000091552734,0,2021-03-19 00:00:00+00:00
2021-03-22 00:00:00+00:00,0.14555793095205627,0.13917676853113536,0.14658096808155352,0.1452645773471466,0.5850372089584209,0.07599045821437718,0.46781235559941436,72.40762539933671,1.0225747482993768,0.9804478276375074,0.042126920661869405,84.07034601086646,0.6505249179858182,0.0060859629970639985,0.05115824247418989,0,0,3,3378.9082886737633,0.0,USDJPY=X,1.0,109.17900085449219,0,2021-03-22 00:00:00+00:00
2021-03-23 00:00:00+00:00,0.14392175421678877,0.13789359472701568,0.1432436721650907,0.14372522363093387,0.5707579183620826,0.05081522512354051,0.41743173280354134,71.21193760332005,0.9834152664235773,0.9810413153947214,0.0023739510288559584,81.7326011431133,0.6274156988160723,0.005975189948257468,0.04913537522318094,0,1,3,3366.7875331955856,0.0,USDJPY=X,0.0,109.79100036621094,1,2021-03-23 00:00:00+00:00
2021-03-24 00:00:00+00:00,0.13980696377483937,0.13906312449227332,0.1438917015895569,0.13957705354199068,0.5657528270284836,0.07055206722880367,0.4083921238093814,69.26161525357575,0.9339493041408673,0.9716229131439507,-0.037673609003083364,75.69147337387845,0.6151718118819444,0.005767960700736359,0.043974807026826976,0,2,3,3307.7060744486375,0.0,USDJPY=X,0.0,109.83599853515625,1,2021-03-24 00:00:00+00:00
2021-03-25 00:00:00+00:00,0.1440350926414935,0.14309160118502096,0.1492215365775098,0.1439520718536491,0.5427211440020852,0.07552451366296441,0.39616174312233127,64.16203381972304,0.8641286255591041,0.9501240556269814,-0.08599543006787735,45.35930308515466,0.605945258250031,0.0056687415306997165,0.038201561096780336,0,3,3,3266.864238137782,0.0,USDJPY=X,1.0,110.30500030517578,1,2021-03-25 00:00:00+00:00
2021-03-26 00:00:00+00:00,0.15048277595836157,0.1535687884145045,0.1549727204702891,0.15025523824688225,0.6180196352746867,0.06293808272709164,0.4291226865087816,66.9277855573707,0.8211169974015178,0.9243226439818888,-0.10320564658037101,45.6811908300812,0.6104496217790467,0.00556986168904008,0.033906838524211315,0,4,3,3217.8118130247967,0.0,USDJPY=X,0.0,110.75,1,2021-03-26 00:00:00+00:00
2021-03-29 00:00:00+01:00,0.16013804793164788,0.15267537524530428,0.15894185434552988,0.1601717815892949,0.6349351164563756,0.10800310155457123,0.45735403244812045,70.46433818705229,0.8090923038347739,0.9012765759524659,-0.09218427211769198,56.187453113756874,0.6414174143849518,0.005591273202734477,0.030787094557872183,0,0,3,3138.917431527794,0.0,USDJPY=X,1.0,110.61299896240234,1,2021-03-29 00:00:00+01:00
2021-03-30 00:00:00+01:00,0.16098048490306227,0.16307138816131506,0.16548679085397255,0.16090091010023477,0.6665032193783722,0.06138256300329125,0.5117486744780209,74.99471993678071,0.8392712963758839,0.8888755200371495,-0.0496042236612656,97.12380009492072,0.6384589186518191,0.0058421675023042526,0.02840100526491157,0,1,3,3055.1339209049793,0.0,USDJPY=X,0.0,110.677001953125,1,2021-03-30 00:00:00+01:00
2021-03-31 00:00:00+01:00,0.16848109083722473,0.17174563811995336,0.17342493500547906,0.16850038737270068,0.5856982652481685,0.09805702307670419,0.5231535091950609,75.2947780008165,0.8569410584664041,0.8824886277230005,-0.025547569256596403,71.64395659853646,0.6379259033268009,0.0058128384788841475,0.026516279194499694,0,2,3,2934.225948091881,0.0,USDJPY=X,1.0,110.19300079345703,0,2021-03-31 00:00:00+01:00
2021-04-01 00:00:00+01:00,0.17569013151088764,0.1699912815069422,0.17804209830518625,0.175710946656795,0.645733593219592,0.10489561893560717,0.5822193517435426,78.22735303936025,0.8984324257073553,0.8856773873198716,0.012755038387483708,74.46800195995323,0.6721457955556901,0.005783290889459957,0.0242384071141649,0,3,4,2879.8498950132425,0.0,USDJPY=X,1.0,109.79299926757812,0,2021-04-01 00:00:00+01:00
2021-04-02 00:00:00+01:00,0.1737785807186496,0.16835069286304272,0.17510983622888654,0.17349104827243633,0.6420670404219798,0.04382250002371219,0.59603229410131,80.58252703160835,0.9561999121561087,0.899781892287119,0.056418019868989644,92.00146695885601,0.6627068755536654,0.00606903652871955,0.023702619361048363,0,4,4,2897.84475380708,0.0,USDJPY=X,0.0,109.85199737548828,0,2021-04-02 00:00:00+01:00
2021-04-05 00:00:00+01:00,0.17458851168603196,0.16783080546606755,0.1682246317430347,0.17452812170042464,0.5600850797660317,0.0562548017186596,0.5530184361815164,77.79256257393476,0.9796336160650725,0.9157522370427098,0.06388137902236268,86.60347921758186,0.6416561141441403,0.0059912205777814705,0.024999456112533933,0,0,4,2891.1260425422656,0.0,USDJPY=X,0.0,109.33000183105469,0,2021-04-05 00:00:00+01:00
2021-04-06 00:00:00+01:00,0.16687729650901573,0.16516680082116175,0.16388297055798273,0.16668560159097856,0.5883230323501275,0.117326735021009,0.508396553568768,78.17276734367152,0.9919350914238834,0.9309888079189446,0.0609462835049388,89.12526566083791,0.6497519098065566,0.005797555976587626,0.026800676539707424,0,1,4,2872.317427014162,0.0,USDJPY=X,1.0,109.69400024414062,0,2021-04-06 00:00:00+01:00
2021-04-07 00:00:00+01:00,0.16021900394929411,0.15520937705840399,0.16231153319336977,0.16020417081782434,0.5113113261784286,0.13348777873680415,0.4659325310513474,68.60702809474924,0.9516591167437412,0.9351228696839039,0.01653624705983725,70.05510113899736,0.6739124135633985,0.005896489841713587,0.027672085657166865,0,2,4,2820.566693166782,0.0,USDJPY=X,1.0,109.3740005493164,0,2021-04-07 00:00:00+01:00
2021-04-08 00:00:00+01:00,0.16175803346338613,0.15454337589717748,0.15273706221552152,0.16116014755147945,0.5228682150690108,0.05330144834062088,0.3963980703249284,61.86895438704028,0.8773497941550801,0.9235682545781392,-0.046218460423059105,54.2946122328737,0.6687042357949192,0.00613802717895516,0.027204100433729082,0,3,4,2767.8351371820695,0.0,USDJPY=X,0.0,108.92400360107422,0,2021-04-08 00:00:00+01:00
2021-04-09 00:00:00+01:00,0.15279935403277767,0.15548561758471102,0.1563173537162874,0.15270198485395614,0.5876812848809007,0.1387720404814523,0.36585393467740623,62.454666540217104,0.8138383529385038,0.9016222742502121,-0.08778392131170831,56.61920092827233,0.6847252005023693,0.006087319773615057,0.026120619064013032,0,4,4,2717.7029218816806,0.0,USDJPY=X,1.0,108.89399719238281,0,2021-04-09 00:00:00+01:00
2021-04-12 00:00:00+01:00,0.15918227253552875,0.15238302378655244,0.15672238755645074,0.15860003864455274,0.5054214065371658,0.11344267814969032,0.33509917330843036,54.48090522442827,0.7131634954158415,0.863930518483338,-0.15076702306749656,36.052016918123854,0.687959354533171,0.006262921330235231,0.025120352581535766,0,0,4,2629.570975756114,0.0,USDJPY=X,1.0,108.68900299072266,0,2021-04-12 00:00:00+01:00
2021-04-13 00:00:00+01:00,0.1536903646147798,0.15215561177857873,0.153417474571365,0.1534149187506313,0.631103899781482,0.07987570069524143,0.3590402299715119,58.46332841196705,0.6551968736665827,0.822183789519987,-0.1669869158534043,49.599594402262554,0.6755336819925761,0.00627162244974213,0.02484036538571913,0,1,4,2527.646538491355,0.0,USDJPY=X,0.0,108.71900177001953,0,2021-04-13 00:00:00+01:00
2021-04-14 00:00:00+01:00,0.14618975868061712,0.14132100970931538,0.14891377513045256,0.1461233863952136,0.5339541366155892,0.10940212081835513,0.3718096435842206,53.991226026098644,0.576787757054646,0.7731045830269189,-0.19631682597227285,27.201578636350845,0.6775671604481845,0.0061763643882439875,0.024719179943235248,0,2,4,2406.9059961414277,0.0,USDJPY=X,1.0,108.0979995727539,0,2021-04-14 00:00:00+01:00
2021-04-15 00:00:00+01:00,0.1456875841772638,0.13922547311921907,0.1466457339443077,0.14563717709824409,0.5153363298288207,0.04895144691788943,0.3675589979342482,48.38600601387891,0.47288584068061823,0.7130608345576588,-0.24017499387704055,7.267091141129622,0.6726695889638835,0.006220549539564503,0.02498636253149471,0,3,4,2209.24181496557,0.0,USDJPY=X,0.0,108.13300323486328,0,2021-04-15 00:00:00+01:00
2021-04-16 00:00:00+01:00,0.1419453150134602,0.13938794567641444,0.1466457339443077,0.1423155504518483,0.575039602775975,0.05065991027306959,0.36045778946348356,48.0279486196665,0.3836985192876341,0.6471883715036538,-0.2634898522160197,11.554847674479577,0.6479072182468762,0.006177288062770618,0.02498788851107776,0,4,4,1970.5029191085596,0.0,USDJPY=X,0.0,108.03900146484375,0,2021-04-16 00:00:00+01:00
2021-04-19 00:00:00+01:00,0.14257714274202105,0.1360417050075875,0.13663396979389386,0.1428016361258082,0.5500462071091841,0.05221424438732441,0.38563761009383535,45.54815303123221,0.29309696627706217,0.5763700904583355,-0.2832731241812734,2.749265901106392,0.6256280265975459,0.005961111063850494,0.025513928254722915,0,0,4,1715.3881513714814,0.0,USDJPY=X,0.0,107.97799682617188,0,2021-04-19 00:00:00+01:00
2021-04-20 00:00:00+01:00,0.13303533279041302,0.1322569991157576,0.13619655302235345,0.1327392176320037,0.5836166011861313,0.11623834545816694,0.3589817957671207,45.98765574590813,0.22116577219530598,0.5053292268057297,-0.2841634546104237,24.168302523968116,0.6343684153575985,0.005754541675437548,0.02580512471583508,0,1,4,1453.5874899030882,0.0,USDJPY=X,1.0,107.8740005493164,0,2021-04-20 00:00:00+01:00
2021-04-21 00:00:00+01:00,0.13347274247964935,0.128163459041982,0.1347708388489377,0.1333064000002966,0.4904880936243751,0.08422688772751846,0.334505075573388,38.97463339887936,0.11275037907650187,0.4268134572598841,-0.31406307818338225,4.118544635319996,0.6418419866239083,0.005868456565938996,0.027819648947608352,0,2,4,1184.1000895765721,0.0,USDJPY=X,1.0,108.2020034790039,0,2021-04-21 00:00:00+01:00
2021-04-22 00:00:00+01:00,0.13177167733329154,0.12679898699413994,0.13366920118724224,0.13178324089834859,0.584360144108209,0.05874102493573996,0.37331160242203115,39.5343621546948,0.0293169543331544,0.3473141566745382,-0.3179972023413838,8.45036889609382,0.6229960127258278,0.005935671510295863,0.028898406086036964,0,3,4,943.044565688758,0.0,USDJPY=X,0.0,108.75,1,2021-04-22 00:00:00+01:00
2021-04-23 00:00:00+01:00,0.1302974126333163,0.12577569492338325,0.1279343323591262,0.13079475131315443,0.5658039535034803,0.0562548017186596,0.36811602863967174,38.51276619437588,-0.04388392652811035,0.2690745400340085,-0.31295846656211884,7.444734450620285,0.6043534055110366,0.005766399210275493,0.030732720212675528,0,4,4,657.3539025202703,0.0,USDJPY=X,0.0,108.50499725341797,1,2021-04-23 00:00:00+01:00
2021-04-26 00:00:00+01:00,0.12940640205131415,0.12681522185683458,0.13088278590111435,0.12910964606855946,0.5705422223328469,0.10147632100615568,0.37965789791133214,37.829567051511674,-0.10560140918778416,0.19413935018964998,-0.29974075937743416,16.50410594910259,0.6078281535409402,0.005597005161004732,0.03291337920885362,0,0,4,394.82620605702346,0.0,USDJPY=X,1.0,108.90399932861328,1,2021-04-26 00:00:00+01:00
2021-04-27 00:00:00+01:00,0.13437994426518074,0.13303664431584616,0.13815670916246625,0.13442444649960827,0.564344994009147,0.08313849816467642,0.3688146470815592,36.63641661509178,-0.1610481266995123,0.12310185481181753,-0.2841499815113298,16.27715394948374,0.602625859196219,0.0056346121442215485,0.034901828761101227,0,1,4,84.24006948172308,0.0,USDJPY=X,1.0,109.28299713134766,1,2021-04-27 00:00:00+01:00
2021-04-28 00:00:00+01:00,0.14328992648822791,0.14115853715212,0.14807132451874883,0.14330391641403262,0.6266132059024418,0.07288297559541311,0.44577182585627284,42.76767778621165,-0.17648850498348168,0.06318378285275769,-0.23967228783623937,29.492409035998293,0.6092953796470472,0.005569451949317701,0.03552135235216119,0,2,4,-175.71358756312296,0.0,USDJPY=X,0.0,109.08699798583984,1,2021-04-28 00:00:00+01:00
2021-04-29 00:00:00+01:00,0.13951527491736604,0.14357889492635745,0.14361632307387695,0.13933401070501095,0.6580908582904237,0.05547822746630497,0.4875680680649112,51.254238247062936,-0.14285958025490686,0.02197511023122478,-0.16483469048613164,51.571217351477465,0.6277740108022805,0.005602716134685491,0.03425470183675007,0,3,4,-351.6949277220591,0.0,USDJPY=X,0.0,109.3290023803711,1,2021-04-29 00:00:00+01:00
2021-04-30 00:00:00+01:00,0.14615737627355863,0.145430660715536,0.14807132451874883,0.14579924686390044,0.5442857486546803,0.12136729235234418,0.47529744823513653,47.83878519824555,-0.13442848134583585,-0.009305608084187346,-0.1251228732616485,45.17659830961151,0.6387185978864368,0.005785669109194003,0.0317712905400389,0,4,4,-533.6590964712448,0.0,USDJPY=X,1.0,109.21900177001953,0,2021-04-30 00:00:00+01:00
2021-05-03 00:00:00+01:00,0.1523782591440439,0.15127843347207315,0.15119800778228587,0.15194034349147723,0.6365148395590587,0.09634855972152402,0.5128543663125172,53.297017745043576,-0.0944617456454182,-0.02633683559643352,-0.06812491004898469,62.97750719548603,0.6522389073007985,0.005864969163888372,0.0286552182445978,0,0,5,-627.4256709834643,0.0,USDJPY=X,1.0,109.05000305175781,0,2021-05-03 00:00:00+01:00
2021-05-04 00:00:00+01:00,0.1489275552407403,0.14783478362707902,0.15348224043411918,0.14876446837346347,0.6334485038264563,0.12230036706471531,0.5523763658949916,57.81278372936496,-0.03183884599653197,-0.027437237676453213,-0.00440160832007876,81.55628695864064,0.6620076614110093,0.005968347541904163,0.024759589678119982,0,1,5,-695.9161661534021,0.0,USDJPY=X,1.0,108.5719985961914,0,2021-05-04 00:00:00+01:00
2021-05-05 00:00:00+01:00,0.15281554523630692,0.14754230823807735,0.15518333312321508,0.15268579023969142,0.5514305478982248,0.06744458460983961,0.5093587111198007,54.858624516622776,0.0019522557505098348,-0.021559338991060606,0.02351159474157044,72.73940962271728,0.6457218096891292,0.006068621133903987,0.02225640576201262,0,2,5,-708.1098590633544,0.0,USDJPY=X,0.0,108.84400177001953,0,2021-05-05 00:00:00+01:00
2021-05-06 00:00:00+01:00,0.15059623798003985,0.14682760248876714,0.15346604896843052,0.15090339368649874,0.6138265663879842,0.048329001906460146,0.4842045982522564,57.73065652886887,0.04770971160323256,-0.007705528872201972,0.055415240475434537,83.62579923328516,0.6264559269030194,0.0059062261214327325,0.02110804161734123,0,3,5,-671.3160325399423,0.0,USDJPY=X,0.0,108.71499633789062,0,2021-05-06 00:00:00+01:00
2021-05-07 00:00:00+01:00,0.14776117060176763,0.144537247546336,0.14214203450339546,0.14816502039965096,0.5636759509453573,0.05796445068338534,0.49527286823686434,55.98701062668823,0.07424089229624542,0.008683755361487508,0.06555713693475791,78.67750271988139,0.6083520105980046,0.005735777811100456,0.019524488242036602,0,4,5,-620.7574427881218,0.0,USDJPY=X,0.0,109.66400146484375,1,2021-05-07 00:00:00+01:00
2021-05-10 00:00:00+01:00,0.14105430443145828,0.14075241772425628,0.14604627891690725,0.14041966797579297,0.5552590007047628,0.14467756162798417,0.44910703147989145,53.322395739029524,0.08070000058702931,0.02308700440659587,0.05761299618043344,71.075219735528,0.6313982781166738,0.005578651935564512,0.01912055151523197,0,0,5,-540.1406678561929,0.0,USDJPY=X,1.0,109.51599884033203,1,2021-05-10 00:00:00+01:00
2021-05-11 00:00:00+01:00,0.14486133840937865,0.13946924392013682,0.14266040860337847,0.14482707551598084,0.5111518335154922,0.07101801178021644,0.3799717911059599,46.57096760196532,0.046709487828508145,0.027811501090978324,0.01889798673752982,49.572541038462724,0.6192988021965097,0.0058154799237417985,0.017443636615619033,0,1,5,-484.42166054302476,0.0,USDJPY=X,0.0,109.41200256347656,1,2021-05-11 00:00:00+01:00
2021-05-12 00:00:00+01:00,0.1429821700241991,0.14872819679627902,0.14727757190308566,0.14273673404573972,0.6182874365315595,0.09122079843689238,0.41766844160082095,50.41808962723244,0.04124470123954893,0.03049814112069245,0.010746560118856482,61.80840366128639,0.6169921459849287,0.005689783471073112,0.016467786460028357,0,2,5,-391.2389385418419,0.0,USDJPY=X,1.0,109.24199676513672,1,2021-05-12 00:00:00+01:00
2021-05-13 00:00:00+01:00,0.15924703734964574,0.15264290551991522,0.16043221078272518,0.15811395297059283,0.560890659144228,0.13550924301201733,0.3878124681755556,48.62963323062076,0.026202116577067613,0.029638936211967483,-0.0034368196348998695,56.00518922480806,0.6352071104109493,0.005675317727715246,0.016340740348199496,0,3,5,-351.19849630008935,1.0,USDJPY=X,1.0,108.86799621582031,0,2021-05-13 00:00:00+01:00
2021-05-14 00:00:00+01:00,0.1559421778750787,0.15048242947904056,0.15644700904077058,0.1557157902063131,0.7150865824009284,0.04677585340175091,0.4731931036170497,59.898856258627184,0.08982212884544083,0.04167557473866215,0.04814655410677868,94.68240176930146,0.6656926089069864,0.005792302869912922,0.01804099291628428,0,4,5,-216.7968410765307,0.0,USDJPY=X,0.0,109.27300262451172,0,2021-05-14 00:00:00+01:00
2021-05-17 00:00:00+01:00,0.15420885391863592,0.14807843049774716,0.15385489134290542,0.15403068496171812,0.5583343145150159,0.06433473077178439,0.4749451258150702,57.77036457670383,0.12683677662917603,0.05870781511676493,0.0681289615124111,84.42713620451845,0.6491430016929272,0.006078496438474963,0.019245536935539334,0,0,5,-119.97015600028624,0.0,USDJPY=X,0.0,108.86000061035156,0,2021-05-17 00:00:00+01:00
2021-05-18 00:00:00+01:00,0.15200561426892456,0.14450477782094673,0.1501936425136967,0.151275993437596,0.5645553538321015,0.06620088019652663,0.5054620937773853,56.25761241470282,0.14609542415641386,0.07618533692469472,0.06991008723171914,74.47567930940656,0.6346327262511332,0.0059330145366484795,0.020027907964468725,0,1,5,-31.162418429313533,0.0,USDJPY=X,0.0,108.91899871826172,0,2021-05-18 00:00:00+01:00
2021-05-19 00:00:00+01:00,0.14521779208096874,0.14526818815834064,0.14598151305415286,0.14521586988134283,0.5551582981148705,0.06713276929935218,0.4695118294637693,53.77846854507958,0.14595748689102095,0.09013976691795997,0.05581771997306098,62.58716448010756,0.629873302480126,0.005809420781785533,0.01960548100528806,0,2,5,47.19935455034581,0.0,USDJPY=X,0.0,108.85099792480469,0,2021-05-19 00:00:00+01:00
2021-05-20 00:00:00+01:00,0.1517626226190123,0.14461842185980878,0.14871935394321523,0.15177839734883025,0.5260784380591881,0.11484051180392864,0.44969456676310915,48.69459879609679,0.11435128154512597,0.09498206984339318,0.019369211701732794,36.43328549401653,0.6376679532376839,0.005785660840413218,0.018812307589564647,0,3,5,44.082852975661325,0.0,USDJPY=X,1.0,108.802001953125,0,2021-05-20 00:00:00+01:00
2021-05-21 00:00:00+01:00,0.14479657359526166,0.1395991228216935,0.14638654689431618,0.1450863129672253,0.6371819074365206,0.0823619239123218,0.4058807164411997,53.789132552767676,0.1205936400837544,0.10010438389146542,0.020489256192288974,64.75540593171961,0.6299772979561976,0.00583554892720267,0.017710651078064774,0,4,5,88.79221396695827,1.0,USDJPY=X,1.0,109.16999816894531,0,2021-05-21 00:00:00+01:00
2021-05-24 00:00:00+01:00,0.14615737627355863,0.13974536051619424,0.14782832893444575,0.1460422897008804,0.5205425750727699,0.05672074627007237,0.3845186161636117,48.5002898816398,0.09116406071424876,0.09831631925602209,-0.007152258541773329,35.87415236377799,0.6324075955910228,0.005787041102554364,0.015951095999354112,0,0,5,91.05644095590795,1.0,USDJPY=X,0.0,109.80899810791016,1,2021-05-24 00:00:00+01:00
2021-05-25 00:00:00+01:00,0.14468311157358338,0.1409311251441463,0.14590055572571026,0.14494043781583366,0.5877529119295736,0.04428963018467054,0.39759408879042474,49.26768909635415,0.0717741930561715,0.09300789401605197,-0.021233700959880475,39.99989329520415,0.6075930289137622,0.005806219328428248,0.013087387874987262,0,1,5,114.64006964964679,1.0,USDJPY=X,0.0,109.90699768066406,1,2021-05-25 00:00:00+01:00
2021-05-26 00:00:00+01:00,0.14414855466317156,0.14224689260390466,0.14824955424029773,0.1441465308478349,0.5696141939271806,0.07412549439918051,0.4057593631012649,48.37298377101903,0.050340197059043135,0.08447435462465021,-0.03413415756560707,35.2445940682804,0.5982647679547993,0.005581878352033973,0.011297666136856831,0,2,5,102.79749520525021,1.0,USDJPY=X,0.0,109.49299621582031,1,2021-05-26 00:00:00+01:00
2021-05-27 00:00:00+01:00,0.15059623798003985,0.1536987912463108,0.15338509163998792,0.1501093630954904,0.5723235187344723,0.06418060153085904,0.43195382528975657,47.700820530580664,0.029064992231468523,0.07339248214601388,-0.044327489914545354,31.818303073631643,0.5850317141123248,0.005498655881465754,0.011218976629391616,0,3,5,67.83912769927518,1.0,USDJPY=X,0.0,109.49299621582031,0,2021-05-27 00:00:00+01:00
2021-05-28 00:00:00+01:00,0.16117490294238657,0.15944903089643092,0.1655839396481038,0.1604634082690688,0.6319266392677358,0.12447596058085382,0.4289894672906863,52.98498275673814,0.04142098296212282,0.06699818230923567,-0.025577199347112847,54.06682346069806,0.6175295142133975,0.005358905596086599,0.010244128084077674,0,4,5,15.089843634507494,1.0,USDJPY=X,1.0,109.59500122070312,0,2021-05-28 00:00:00+01:00
2021-05-31 00:00:00+01:00,0.16242224359900548,0.15509573301954194,0.15865016076518645,0.16205134582807568,0.670356931024785,0.062470952566133296,0.5141033027731765,60.456351212775154,0.10160392259201956,0.07391933036579244,0.027684592226227114,78.70111438624778,0.6467060472383334,0.005623669506633204,0.011590131213779718,0,0,5,30.311756081763974,1.0,USDJPY=X,0.0,110.26599884033203,1,2021-05-31 00:00:00+01:00
2021-06-01 00:00:00+01:00,0.15527796773945957,0.15127843347207315,0.1581155951995148,0.155343066832206,0.5932039433095243,0.08733555595602811,0.5172166297177483,61.467689967344526,0.15541554864604734,0.09021857402184343,0.06519697462420392,82.12727006789561,0.6406559073895572,0.0058841207646973,0.013103840746542481,0,1,6,86.48678896328785,1.0,USDJPY=X,1.0,109.61699676513672,0,2021-06-01 00:00:00+01:00
2021-06-02 00:00:00+01:00,0.15535904735407913,0.1543647924075371,0.1605456746415197,0.155343066832206,0.5207402254565052,0.055944172017717744,0.4892601622900805,55.06109679609062,0.16277877928608575,0.10473061507469189,0.05804816421139386,56.52415979768145,0.6358945924016313,0.005851113126238396,0.013407160694244297,0,2,6,117.97951434551463,1.0,USDJPY=X,0.0,109.27400207519531,0,2021-06-02 00:00:00+01:00
2021-06-03 00:00:00+01:00,0.1571410685180834,0.16130079668560926,0.16216568640319817,0.15699590647128137,0.5793240160875318,0.06216032286519145,0.49325123930918124,55.06109679609062,0.16669266335692612,0.11712302473113874,0.04956963862578738,56.52415979768145,0.619045087650008,0.005807628016208701,0.0135945210292725,0,3,6,196.16609351121124,1.0,USDJPY=X,0.0,109.46900177001953,0,2021-06-03 00:00:00+01:00
2021-06-04 00:00:00+01:00,0.16836775241252022,0.16151197383088856,0.15873124169260389,0.1678684265473489,0.5938129381571066,0.11297554798873197,0.47159535511378436,56.36080527536431,0.1759966166411857,0.12889774311314814,0.04709887352803757,58.69449280472486,0.6331848201588244,0.0056484792258304824,0.013970266792833396,0,4,6,223.82112750731164,1.0,USDJPY=X,1.0,109.61000061035156,0,2021-06-04 00:00:00+01:00
2021-06-07 00:00:00+01:00,0.15777289624664403,0.15028761112670552,0.15571789868888675,0.15735231160811392,0.6745446721471836,0.14794035909741915,0.4739631517690225,63.78140866842209,0.23480725492099452,0.15007964547471742,0.08472760944627711,96.73168875142723,0.6559570365481494,0.005742339676945131,0.016148814583940577,0,0,6,344.88306392226866,1.0,USDJPY=X,1.0,109.40899658203125,0,2021-06-07 00:00:00+01:00
2021-06-08 00:00:00+01:00,0.15220003230824886,0.14900431339233644,0.15604197520060725,0.15179459196309497,0.4877851759479856,0.0694648632755072,0.41404671684837213,54.184199812119125,0.22643585435631053,0.16535088725103606,0.061084967105274474,59.51817454033221,0.6863173397760159,0.005984081446361739,0.01538579877473501,0,1,6,431.8836573519445,1.0,USDJPY=X,0.0,109.70899963378906,1,2021-06-08 00:00:00+01:00
2021-06-09 00:00:00+01:00,0.15544000337172537,0.1503687854401785,0.15651177490352475,0.154954272466844,0.5306597214393853,0.05407920820252108,0.4196726287147749,49.909913127724636,0.18993519939598968,0.17026774968002678,0.019667449715962904,39.85099895445538,0.6667228822264456,0.006280701051872674,0.014926345734105763,0,2,6,483.9100545041919,1.0,USDJPY=X,0.0,110.04100036621094,1,2021-06-09 00:00:00+01:00
2021-06-10 00:00:00+01:00,0.1580968439142023,0.15274031469608262,0.15968703256412753,0.1572389493082611,0.6070775326037303,0.06262626741660422,0.4353639778843316,52.2176673261924,0.17472884766779373,0.17115996927758018,0.0035688783902135535,51.03220189947898,0.6478855247766772,0.006090517602664777,0.013978914002394687,0,3,6,569.3913747954396,1.0,USDJPY=X,0.0,110.08399963378906,1,2021-06-10 00:00:00+01:00
2021-06-11 00:00:00+01:00,0.15390097385763335,0.15360125813989356,0.15796974840934297,0.15398197749591458,0.5993560625396761,0.0548557824548757,0.4385006331866674,53.872536371128774,0.17207159813324324,0.1713422950487128,0.0007293030845304527,59.11701787925053,0.6268220463049056,0.005910824935398193,0.013892937899058459,0,4,6,606.3405127968542,1.0,USDJPY=X,0.0,110.7699966430664,1,2021-06-11 00:00:00+01:00
2021-06-14 00:00:00+01:00,0.1595872998177068,0.15621655819671565,0.16261929464042701,0.1588430814815327,0.5508036223578026,0.07956507099429959,0.36881646507563914,51.15272394325063,0.15199426819732764,0.16747268967843576,-0.015478421481108118,47.59152890121572,0.6186205456829592,0.005729163650952005,0.013870662139318604,0,0,6,592.1565917074723,1.0,USDJPY=X,0.0,110.32499694824219,1,2021-06-14 00:00:00+01:00
2021-06-15 00:00:00+01:00,0.16413949994889254,0.15889679770431608,0.1687591973087066,0.16422266036964017,0.6219695516894659,0.05998472934905293,0.4446897426544286,54.81906092110468,0.15846390535988064,0.16567093281472475,-0.0072070274548441116,61.60107641804718,0.6164337256997455,0.005638740192216933,0.0140958489961334,0,1,6,595.9942120877768,1.0,USDJPY=X,0.0,110.20099639892578,0,2021-06-15 00:00:00+01:00
2021-06-16 00:00:00+01:00,0.1649494309162749,0.15847444341375772,0.16587550962947262,0.1649193996520506,0.6263889791828751,0.02672956720509148,0.49913773326289906,58.528747611743256,0.18821124184442795,0.1701789946206654,0.018032247223762538,78.00326124474809,0.6047600974131565,0.005601854978128924,0.014926642752696131,0,2,6,655.4902352882152,1.0,USDJPY=X,0.0,110.3740005493164,0,2021-06-16 00:00:00+01:00
2021-06-17 00:00:00+01:00,0.17637053285003623,0.16953645749099477,0.17233948880947247,0.17603496256509832,0.5854012711492247,0.05035046618167332,0.48679363096668926,58.99830693543669,0.21280284314943287,0.1787037643264189,0.03409907882301397,78.99839098954143,0.5847061709517257,0.005493623954661729,0.015048571993268114,0,3,6,714.8107083264138,1.0,USDJPY=X,0.0,110.65399932861328,0,2021-06-17 00:00:00+01:00
2021-06-18 00:00:00+01:00,0.168724082487137,0.1639810361932097,0.16806259348717445,0.168824403281004,0.6762407919123196,0.09417296620538551,0.5305383739686487,65.67549293662235,0.2843680717706434,0.19983662581526382,0.08453144595537956,97.1198167453602,0.5952987093826293,0.0052785608799449674,0.01793222394834915,0,4,6,815.036400094629,0.0,USDJPY=X,1.0,111.01200103759766,1,2021-06-18 00:00:00+01:00
2021-06-21 00:00:00+01:00,0.16684491410195723,0.16159327207461094,0.16464434024226882,0.1668151585050961,0.5168443778452386,0.08205129421137995,0.5110606195034864,58.967028784489266,0.3016984823936468,0.22020899713094044,0.08148948526270638,69.85274180730214,0.6115629477749415,0.005395864272372538,0.01799639593379943,0,0,6,808.9770253293173,0.0,USDJPY=X,1.0,110.9209976196289,1,2021-06-21 00:00:00+01:00
2021-06-22 00:00:00+01:00,0.16997154674072923,0.16906539861235292,0.17250152706533273,0.16961843387201236,0.5618436460979338,0.09199737268924699,0.4768071112211595,57.21328860080878,0.30194649837908116,0.2365564973805686,0.06539000099851255,62.2546865504184,0.6101657992661844,0.00554952285150938,0.017528634773585332,0,1,6,826.805810250926,0.0,USDJPY=X,1.0,110.8219985961914,1,2021-06-22 00:00:00+01:00
2021-06-23 00:00:00+01:00,0.174831503335944,0.17398728847430078,0.18001844591098748,0.17415539832631755,0.6037398710515245,0.08811213020838272,0.46395738555121374,59.043480574839,0.31250072804694184,0.25174534351384326,0.06075538453309859,72.85540647936048,0.6085115004067695,0.005528166019438202,0.01679947997097151,0,2,6,881.6873555807115,1.0,USDJPY=X,1.0,110.60299682617188,0,2021-06-23 00:00:00+01:00
2021-06-24 00:00:00+01:00,0.17970777473166155,0.17405222792507913,0.1804234797511508,0.17995628443132605,0.6187779479004633,0.06309339757756258,0.4829156001863472,61.885105539906625,0.3395445345050234,0.2693051817120793,0.07023935279294413,77.07225887024465,0.6162608838528819,0.005499227358241706,0.0160999871236486,0,3,6,940.829101622898,1.0,USDJPY=X,0.0,110.53500366210938,0,2021-06-24 00:00:00+01:00
2021-06-25 00:00:00+01:00,0.17858996370327684,0.17210292902948354,0.17672984799056501,0.178481709172172,0.6296415004665219,0.059829414498582006,0.45654402658469256,65.20883966416056,0.38542178946090644,0.29252850326184476,0.09289328619906168,95.65444900698228,0.6037423844412364,0.005551299662134421,0.017347461150775272,0,4,6,1015.7489832678951,0.0,USDJPY=X,0.0,111.1240005493164,0,2021-06-25 00:00:00+01:00
2021-06-28 00:00:00+01:00,0.17675936892868482,0.1720379895787052,0.17713488183072834,0.1768775769989006,0.5665746465624574,0.07661171761626087,0.48489242790084164,63.68846841897384,0.40971370470848,0.31596554355117185,0.09374816115730816,90.79345728748699,0.598474984073782,0.005442994540236595,0.018884154204810058,0,0,6,1046.0223324193485,0.0,USDJPY=X,0.0,111.5719985961914,1,2021-06-28 00:00:00+01:00
2021-06-29 00:00:00+01:00,0.17351927426823477,0.168383162588432,0.1760818185660986,0.17332897850677975,0.5654431015823468,0.07210521573351292,0.4869448978722577,61.99507353227818,0.4161793719962219,0.3360083092401819,0.08017106275604002,85.33032694475762,0.5888694057261569,0.005400326574640476,0.019915734514637823,0,1,6,1073.5587582937808,0.0,USDJPY=X,0.0,111.13500213623047,1,2021-06-29 00:00:00+01:00
2021-06-30 00:00:00+01:00,0.17222336000102834,0.17356493418374264,0.17587120591317262,0.1722272502447426,0.5485897687109405,0.04724179795316368,0.4555746986977995,58.302045304042984,0.3990320542059038,0.3486130582333263,0.05041899597257754,72.21889552791767,0.573949966275572,0.005324172243286027,0.019821208191426565,0,2,6,1091.3941755620317,0.0,USDJPY=X,0.0,110.91600036621094,1,2021-06-30 00:00:00+01:00
2021-07-01 00:00:00+01:00,0.18202435280607765,0.18261270991460576,0.18554282568515235,0.18177107021304817,0.569763104706956,0.09883478293860438,0.4278198313284455,57.1635096305086,0.3756262160209758,0.3540156897908562,0.02161052623011961,68.37965096993481,0.5783822248926072,0.0051924724952292925,0.019400391519239238,0,3,7,1104.246837288143,0.0,USDJPY=X,1.0,110.60199737548828,0,2021-07-01 00:00:00+01:00
2021-07-02 00:00:00+01:00,0.18939542911200635,0.1831649431067206,0.18763263714974832,0.18903021333993641,0.6621972154504974,0.09261863209113069,0.4461838994856093,63.76476284186153,0.3999931746444929,0.36321118676158354,0.03678198788290937,75.23616580546766,0.6147119221031241,0.005204836237298021,0.02008595038101001,0,4,7,1113.8041076228756,0.0,USDJPY=X,1.0,110.63500213623047,0,2021-07-02 00:00:00+01:00
2021-07-05 00:00:00+01:00,0.1822025796418727,0.17549787428639418,0.18184907032559194,0.18194933459296925,0.642024253948905,0.07785542202957384,0.4890054949660524,67.82605829802174,0.4502635057994553,0.3806216505691579,0.06964185523029737,95.6250149011754,0.608803762000334,0.00550955373962538,0.02255086916387434,0,0,7,1203.9414054207632,0.0,USDJPY=X,0.0,109.8010025024414,0,2021-07-05 00:00:00+01:00
2021-07-06 00:00:00+01:00,0.17842792807101082,0.17107963695872686,0.17744264327778558,0.1784007361008486,0.5184091011834944,0.05998472934905293,0.46217968075360316,60.68148701778867,0.44965776837926796,0.39442887413117994,0.05522889424808802,72.86476090567358,0.6206036415142611,0.005478055970647806,0.022777016569739777,0,1,7,1277.82897487337,0.0,USDJPY=X,0.0,110.21499633789062,0,2021-07-06 00:00:00+01:00
2021-07-07 00:00:00+01:00,0.1729685261542937,0.1693739849337994,0.17543378914163243,0.17331278389251525,0.548676329452781,0.05998472934905293,0.4622289546262615,57.41728778756923,0.4265886560584278,0.4008608305166295,0.025727825541798255,61.45840783921036,0.6197748928109544,0.005595258028284615,0.021230756803317423,0,2,7,1302.8564655925227,0.0,USDJPY=X,0.0,110.32499694824219,0,2021-07-07 00:00:00+01:00
2021-07-08 00:00:00+01:00,0.1738109631257081,0.16636892424205807,0.16138812525322344,0.1738475770322787,0.5352948439449482,0.06293689711754608,0.44263484652447743,53.01395516572585,0.3786044843983092,0.39640956129296545,-0.01780507689465627,45.104069809026534,0.6122195389648037,0.005603650092383499,0.019635839511552504,0,3,7,1285.4516435232285,0.0,USDJPY=X,0.0,110.59500122070312,0,2021-07-08 00:00:00+01:00
2021-07-09 00:00:00+01:00,0.16030008356391368,0.16026126975215793,0.1651465228765634,0.16033385135495148,0.583965047997873,0.1689197200064497,0.39852330609597253,53.418327452996095,0.33932832530045687,0.38499331409446375,-0.04566498879400688,51.86238997420891,0.6461322851701637,0.00553368759563946,0.018125020344785435,0,4,7,1216.3207834087395,0.0,USDJPY=X,1.0,109.98400115966797,0,2021-07-09 00:00:00+01:00
2021-07-12 00:00:00+01:00,0.16710409695539874,0.16258409441997856,0.16862966558319803,0.16704200672781133,0.4620844379436521,0.07443730970966793,0.2974407146655076,43.28175152568053,0.23815953100073273,0.3556265574757176,-0.11746702647498486,12.541231569443495,0.6619802537447838,0.005884575463286842,0.01681365045658801,0,0,7,1120.020822588944,1.0,USDJPY=X,0.0,109.77799987792969,0,2021-07-12 00:00:00+01:00
2021-07-13 00:00:00+01:00,0.1690481537516686,0.16519939447680043,0.17219376561827548,0.168824403281004,0.6379632792810426,0.06324752681848791,0.3643570209975527,48.50541567217722,0.18920731116070044,0.32234270821271416,-0.13313539705201372,32.06008568252861,0.6566957668004019,0.006006262992699503,0.0154195018623309,0,1,7,1038.990462155813,1.0,USDJPY=X,0.0,109.8740005493164,0,2021-07-13 00:00:00+01:00
2021-07-14 00:00:00+01:00,0.173389744640001,0.16753845400731548,0.16867823998026377,0.17319942159266244,0.5948462898980054,0.05407920820252108,0.390347707561256,49.82763325355348,0.15747320115839614,0.28936880680185056,-0.13189560564345443,37.24636065078435,0.6346460386542236,0.005952375118654966,0.014859882118845709,0,2,7,966.2656332946891,1.0,USDJPY=X,0.0,109.53399658203125,0,2021-07-14 00:00:00+01:00
2021-07-15 00:00:00+01:00,0.16363732544553922,0.15759726510725236,0.16432038732952314,0.1632990728645145,0.6173865457086403,0.11017869507070975,0.43673745116045476,53.016572817249795,0.1523545304280276,0.26196595152708596,-0.10961142109905836,49.976439103175146,0.6399570097352836,0.0057384694755572676,0.014120193907223046,0,3,7,906.8223292358333,1.0,USDJPY=X,1.0,109.91999816894531,0,2021-07-15 00:00:00+01:00
2021-07-16 00:00:00+01:00,0.15979790906056035,0.16172315097616763,0.16459576584520308,0.1599611279808444,0.4934015582642261,0.05687606112054329,0.3854503848427401,45.905973557600134,0.09786719629255458,0.2291462004801797,-0.13127900418762511,21.169196015870334,0.6570313520923615,0.005818637283492111,0.015121264579062653,0,4,7,760.7668828048251,1.0,USDJPY=X,0.0,110.25499725341797,1,2021-07-16 00:00:00+01:00
2021-07-19 00:00:00+01:00,0.16217925194909344,0.15667138221266308,0.15411407839289692,0.16151667631132183,0.5501939584974013,0.09370583604442716,0.435448980605307,43.774269962677295,0.037629243127042855,0.19084280900955233,-0.15321356588250948,11.45671089880325,0.653171743098041,0.005985091300834079,0.01642031740234014,0,0,7,576.816385271137,1.0,USDJPY=X,1.0,110.13999938964844,0,2021-07-19 00:00:00+01:00
2021-07-20 00:00:00+01:00,0.15607183110028622,0.15551808731010008,0.15813178666520322,0.1560074168860872,0.5929246732160776,0.14592126604129715,0.4100350802176321,45.054761490805674,-0.002336384491741228,0.15220697030929364,-0.15454335480103487,30.661560612132817,0.6735882607855136,0.005944734330528614,0.017110076993161246,0,1,7,435.329906899535,1.0,USDJPY=X,1.0,110.54399871826172,1,2021-07-20 00:00:00+01:00
2021-07-21 00:00:00+01:00,0.16253570562068353,0.16248668524381094,0.1657945523010298,0.1622619994365262,0.5311968840021187,0.09634855972152402,0.3741241109587546,41.45393827142363,-0.06074468403927824,0.10961663943957928,-0.17036132347885752,17.431832687654925,0.6697607240566935,0.006149581698875159,0.01901734898191821,0,2,7,287.93688111947284,0.0,USDJPY=X,1.0,110.302001953125,1,2021-07-21 00:00:00+01:00
2021-07-22 00:00:00+01:00,0.16760627145875207,0.16191809325875206,0.16931007793904151,0.16769016216742783,0.6341316548040965,0.08951114947216662,0.3835194655835872,46.66540419662448,-0.07502177579375768,0.0726889563929119,-0.14771073218666958,32.45135147170147,0.6825640046835034,0.006093165349468818,0.019522799709524967,0,3,7,180.90594288053862,0.0,USDJPY=X,1.0,109.80599975585938,0,2021-07-22 00:00:00+01:00
2021-07-23 00:00:00+01:00,0.1658242502947478,0.16573539280622085,0.17078424291054817,0.16582679254291155,0.6267228702903331,0.05034928057212774,0.4590040964711136,50.761814673563784,-0.05862900873982824,0.046425363366363874,-0.10505437210619212,55.71968333278786,0.6643809617638671,0.00619077612522768,0.019056671100607582,0,4,7,89.6736387304351,0.0,USDJPY=X,0.0,109.89099884033203,0,2021-07-23 00:00:00+01:00
2021-07-26 00:00:00+01:00,0.17253111646505737,0.16568668821813692,0.17096247263209707,0.17237300177312487,0.563102463238393,0.07272766074494219,0.4663487390646477,49.360282936522104,-0.05429115463941514,0.02628205976520807,-0.08057321440462321,57.721715732562316,0.6503539158761579,0.006032149677189023,0.018824556928321745,0,0,7,6.199032917039249,0.0,USDJPY=X,0.0,109.40899658203125,0,2021-07-26 00:00:00+01:00
2021-07-27 00:00:00+01:00,0.16870789128360775,0.1614470343801102,0.16284609875904166,0.16845180352990652,0.6363715019434328,0.07055206722880367,0.4910216262731136,54.14970874453161,-0.018045981712518255,0.017416451469662808,-0.03546243318218106,84.71816469023607,0.6363288061972247,0.005883213231083527,0.0184902363382007,0,1,7,-51.5489201575885,0.0,USDJPY=X,0.0,109.70600128173828,0,2021-07-27 00:00:00+01:00
2021-07-28 00:00:00+01:00,0.16023519515282336,0.15977397601082144,0.16482256996381772,0.16041482442627486,0.545277292408145,0.1078477867041003,0.499071948190635,51.03597011479163,-0.008747699496225891,0.01218362127648507,-0.02093132077271096,75.62202273633068,0.6565195142018314,0.005768968785060176,0.018471244301047848,0,2,7,-119.59812458713137,1.0,USDJPY=X,1.0,109.26899719238281,0,2021-07-28 00:00:00+01:00
2021-07-29 00:00:00+01:00,0.16177422466691538,0.15446220158370472,0.16035125345428236,0.161792108376831,0.5093879593847291,0.07288297559541311,0.4281571212802082,45.28784270098079,-0.04093015851609039,0.0015608653179699787,-0.042491023834060365,44.77614772921372,0.6492681421285421,0.005978903845523239,0.019070375370394927,0,3,7,-225.16506363890713,0.0,USDJPY=X,0.0,108.99099731445312,0,2021-07-29 00:00:00+01:00
2021-07-30 00:00:00+01:00,0.15386859145057485,0.152902787253278,0.15866635223087489,0.15398197749591458,0.5913629800161654,0.06495717578321367,0.40820677419541257,46.401918116086556,-0.058897341510856904,-0.010530776047795398,-0.048366565463061506,50.06215482720009,0.6327489368035123,0.005908292298552197,0.01824326330018807,0,4,7,-279.6271613331363,0.0,USDJPY=X,0.0,109.52899932861328,0,2021-07-30 00:00:00+01:00
2021-08-02 00:00:00+01:00,0.1587772452533509,0.15210690719049502,0.15589612841043565,0.15879449763873854,0.5111077588184663,0.06620088019652663,0.3788175633821128,41.26994734275122,-0.1107533221089767,-0.03057528526003166,-0.08017803684894505,20.086921865214173,0.624981303831498,0.005783335526060675,0.016201899753419544,0,0,8,-318.67244109520476,1.0,USDJPY=X,0.0,109.75199890136719,0,2021-08-02 00:00:00+01:00
2021-08-03 00:00:00+01:00,0.15194084945480757,0.14539819099014695,0.1507443995450568,0.151713495268762,0.6215433349280713,0.08515996243988959,0.3705034279793448,45.28553688872238,-0.12642639841737946,-0.04974550789150122,-0.07668089052587823,38.55734375889621,0.6194829357285785,0.005696874341691394,0.014463258734299312,0,1,8,-350.1066787407477,1.0,USDJPY=X,1.0,110.25900268554688,1,2021-08-03 00:00:00+01:00
2021-08-04 00:00:00+01:00,0.14730756970900205,0.15051502313467924,0.14833051156874055,0.14720892004298602,0.5173719134029874,0.07039675237833275,0.35478002028427724,40.85882128626867,-0.17212584255725005,-0.074221574824651,-0.09790426773259905,22.932458676021803,0.6343772210113585,0.005669338528273443,0.014352364359906803,0,2,8,-408.5551712964313,1.0,USDJPY=X,0.0,110.30599975585938,1,2021-08-04 00:00:00+01:00
2021-08-05 00:00:00+01:00,0.15620148432549352,0.15265914038260986,0.15933057312102994,0.15592644381476362,0.5397556075066355,0.14250315372139125,0.3718996278384885,38.2943347832729,-0.22814533073464816,-0.10500632600665043,-0.12313900472799773,14.131633526468264,0.6545650942454803,0.00582045523614302,0.01577363487156461,0,3,8,-519.4327699507057,1.0,USDJPY=X,1.0,110.5979995727539,1,2021-08-05 00:00:00+01:00
2021-08-06 00:00:00+01:00,0.15970063824241154,0.16186938867066836,0.1640935832109085,0.15953982076394313,0.6560944880800448,0.05749850613197257,0.4082706904944158,45.43229687859248,-0.22651775674422936,-0.12930861215416622,-0.09720914459006313,43.15001975243614,0.6640249134762719,0.005976180721615359,0.01492070752377123,0,4,8,-569.8386463116814,1.0,USDJPY=X,0.0,110.3740005493164,1,2021-08-06 00:00:00+01:00
2021-08-09 00:00:00+01:00,0.16796272513034216,0.1613170315483039,0.16937484380179568,0.1677550642474961,0.6109887502839885,0.09992198689190086,0.4649168784391238,48.11161431881308,-0.204872053292803,-0.1444213003818936,-0.0604507529109094,55.17801883065578,0.6748804119486699,0.006050230703069228,0.014915651957593706,0,0,8,-547.7711135563201,1.0,USDJPY=X,1.0,110.40299987792969,0,2021-08-09 00:00:00+01:00
2021-08-10 00:00:00+01:00,0.1688861181194028,0.16578409739430455,0.1738299688456424,0.1685165819869654,0.6511695369741418,0.04397781487418311,0.48170761674211826,53.68022426229506,-0.14513369825193934,-0.14456377995590275,-0.0005699182960365867,82.52444363971557,0.6666031045173474,0.006120864469211597,0.014914194720234837,0,1,8,-546.7663973600628,1.0,USDJPY=X,0.0,109.6240005493164,0,2021-08-10 00:00:00+01:00
2021-08-11 00:00:00+01:00,0.17343831825058853,0.16930904548302128,0.17519079355732936,0.17324800543545638,0.5859531632735846,0.04397781487418311,0.5209119667263503,54.171199286212705,-0.0929271444114903,-0.13423645284702027,0.04130930843552996,84.92200114214815,0.6423454434524922,0.006043217105078076,0.01487237184482013,0,2,8,-527.2120031618952,1.0,USDJPY=X,0.0,109.2969970703125,0,2021-08-11 00:00:00+01:00
2021-08-12 00:00:00+01:00,0.1696474754761974,0.16480950991163157,0.17404058149856838,0.16961843387201236,0.6204943490772505,0.06464654608227181,0.5672035722909786,57.2062749377416,-0.027672142255312338,-0.11292359072867869,0.08525144847336635,90.11565456658967,0.6319637437736869,0.005807930034303583,0.01484241320639378,0,3,8,-475.7344230948501,1.0,USDJPY=X,0.0,109.53700256347656,0,2021-08-12 00:00:00+01:00
2021-08-13 00:00:00+01:00,0.17040895642996556,0.16365621500906857,0.16462814877658039,0.17008832493170756,0.5478247968726037,0.03263390274207775,0.5052684771067422,54.23878529274446,0.005900055766673518,-0.08915886142960826,0.09505891719628178,79.31534262297494,0.6069661678372852,0.005725657678696878,0.01534195413061724,0,4,8,-444.6499118135852,1.0,USDJPY=X,0.0,109.84200286865234,0,2021-08-13 00:00:00+01:00
2021-08-16 00:00:00+01:00,0.15715725972161265,0.14967031455356294,0.15455149516443734,0.15746579753097656,0.5834102393796543,0.11188834403543549,0.4895562800423568,54.56736442331287,0.03444915956767147,-0.06443725723015231,0.09888641679782378,80.71357101867247,0.6150401001848451,0.005497732566220077,0.015767908395627854,0,0,8,-390.8046474538095,1.0,USDJPY=X,1.0,109.76799774169922,0,2021-08-16 00:00:00+01:00
2021-08-17 00:00:00+01:00,0.15242683275463165,0.15054749286006852,0.15495652900460066,0.15216719171419246,0.4695859898001464,0.07474793941060978,0.3865520478089103,45.18216880279881,-0.005718288563855367,-0.052693463496892926,0.04697517493303756,43.153426229749414,0.6632515869950236,0.005610451152146722,0.01607562040631458,0,1,8,-422.235217638849,1.0,USDJPY=X,0.0,109.83999633789062,1,2021-08-17 00:00:00+01:00
2021-08-18 00:00:00+01:00,0.156298631546669,0.1553556147529047,0.1605456746415197,0.15605612435189076,0.5329315283124463,0.07925444129335774,0.3567001884787792,41.92261127350725,-0.06320909339012815,-0.054796589475539975,-0.00841250391458817,27.386662939038565,0.6523051976546983,0.00606834226715619,0.016617375581192115,0,2,8,-425.8321810927631,1.0,USDJPY=X,1.0,109.6780014038086,0,2021-08-18 00:00:00+01:00
2021-08-19 00:00:00+01:00,0.16133681497767904,0.15967644290440441,0.16070758929840534,0.16099820140883248,0.613475838824895,0.07163927118210014,0.35277086615059516,45.05566600865868,-0.08838567784903262,-0.06151440715023851,-0.02687127069879411,38.95874104265682,0.651926481667086,0.005955112723453321,0.0168569270891752,0,3,8,-373.9626238620589,1.0,USDJPY=X,0.0,109.7300033569336,0,2021-08-19 00:00:00+01:00
2021-08-20 00:00:00+01:00,0.16020281274576487,0.15439726213292637,0.16208472907475535,0.1597990582151878,0.6226292468456335,0.11142239948402272,0.3948273791761847,48.833236872477954,-0.08277316921619615,-0.06576615956343004,-0.01700700965276611,53.66460175688998,0.6565747950231758,0.005935129227811435,0.01654870605250514,0,4,8,-336.3377609967335,1.0,USDJPY=X,1.0,109.97599792480469,0,2021-08-20 00:00:00+01:00
2021-08-23 00:00:00+01:00,0.16153123301700334,0.15853938286453606,0.16454719144813756,0.16096568855729343,0.5688456323170522,0.047707742504576454,0.3866182308885122,47.971413165627865,-0.08333616352899753,-0.06928016035654354,-0.014056003172453993,50.09637880549138,0.6316051101317325,0.005981477375292898,0.0164335742554501,0,0,8,-313.08757134027394,1.0,USDJPY=X,0.0,110.0479965209961,0,2021-08-23 00:00:00+01:00
2021-08-24 00:00:00+01:00,0.1584207915817606,0.15426725930112006,0.15955737723964436,0.15834080119330807,0.5895251681664251,0.06371347136990069,0.45465488130466053,48.915984702580225,-0.0770840783111737,-0.07084094394746958,-0.00624313436370412,53.56785509336237,0.6157758903162405,0.005750228798158223,0.015398107937525952,0,1,8,-336.27350442462784,1.0,USDJPY=X,0.0,109.86499786376953,0,2021-08-24 00:00:00+01:00
2021-08-25 00:00:00+01:00,0.15955479381367477,0.1578896165660042,0.16381808109625373,0.15918341562711036,0.5563867390826448,0.0707073820792746,0.4680086355388514,46.854835956510726,-0.08422994271616346,-0.07351874370120837,-0.010711199014955097,33.43204882805446,0.6042920289404152,0.005614397440094651,0.014927341948446088,0,2,8,-354.0093048622037,1.0,USDJPY=X,0.0,109.94400024414062,0,2021-08-25 00:00:00+01:00
2021-08-26 00:00:00+01:00,0.16368589905612696,0.15987138518698907,0.16772244910874012,0.16316939232738736,0.5866979809396083,0.0644912312318009,0.45281903799322004,47.61787117501982,-0.08472036508941017,-0.07575906797884872,-0.008961297110561442,36.50908302936184,0.5912709604669928,0.00550708111230757,0.014928403870271362,0,3,8,-350.78316678482497,1.0,USDJPY=X,0.0,110.05599975585938,0,2021-08-26 00:00:00+01:00
2021-08-27 00:00:00+01:00,0.1643501091917463,0.16043997717204794,0.1662643520039473,0.164336022669493,0.6141899305380345,0.04599809353985071,0.4480429098186382,51.18810794711229,-0.06451562660478771,-0.07351037970403652,0.008994753099248812,51.06495359167901,0.5841799465148304,0.005376363675929271,0.014948222825940168,0,4,8,-325.66855491774453,1.0,USDJPY=X,0.0,110.09600067138672,0,2021-08-27 00:00:00+01:00
2021-08-30 00:00:00+01:00,0.16115871173885732,0.15555055703548915,0.16415834907366267,0.16137080115992997,0.5895058744883459,0.06542430594417202,0.459769434885914,52.214684931910796,-0.04220700471574901,-0.06724970470637902,0.02504269999063001,55.325219401206255,0.572524610979731,0.005308410557055207,0.01470526276209585,0,0,8,-302.2469469854727,1.0,USDJPY=X,0.0,109.94499969482422,0,2021-08-30 00:00:00+01:00
2021-08-31 00:00:00+01:00,0.16274631486353708,0.157353618236584,0.16248963931594407,0.162650917424898,0.5534617426955494,0.03885005358955146,0.43930025862907507,49.37245529186788,-0.038845931678693546,-0.06156895010084193,0.022723018422148383,44.49691213117122,0.5560582272853082,0.005211164812378647,0.014697653001419644,0,1,8,-265.30051582016927,1.0,USDJPY=X,0.0,109.76399993896484,0,2021-08-31 00:00:00+01:00
2021-09-01 00:00:00+01:00,0.16473882167342135,0.16292527439706372,0.1670258452872082,0.16446570320662013,0.59050761958016,0.07210640134305848,0.45866322150079214,50.62207059224472,-0.029467739478434396,-0.05514870797636043,0.025680968497926032,58.81104721794768,0.5494829622364692,0.005057649585702998,0.01392298378209544,0,2,9,-205.811951074999,1.0,USDJPY=X,0.0,109.81999969482422,0,2021-09-01 00:00:00+01:00
2021-09-02 00:00:00+01:00,0.16545172901660177,0.15798714967242122,0.1677548320401172,0.1651138586462364,0.5951673118814768,0.08189597936090903,0.4634705854763276,52.415226734895505,-0.012849904318557037,-0.04668894724479975,0.033839042926242714,70.26816525392412,0.5478770668800138,0.00499275790011816,0.011884307980295354,0,3,9,-169.4382700977841,1.0,USDJPY=X,1.0,110.2959976196289,0,2021-09-02 00:00:00+01:00
2021-09-03 00:00:00+01:00,0.16284346208471256,0.15733738337388936,0.1625058307816325,0.16266711203916273,0.5849767317927955,0.027661456307917026,0.4469088179396941,53.07071907212553,0.003507160983446056,-0.03664972559915059,0.04015688658259665,75.79014241092699,0.5214573766606266,0.0049763575746526074,0.011486085299785025,0,4,9,-133.2093296316799,1.0,USDJPY=X,0.0,110.21800231933594,0,2021-09-03 00:00:00+01:00
2021-09-06 00:00:00+01:00,0.16013804793164788,0.15514443760762564,0.1648549528951948,0.15973427975812915,0.5579931176183377,0.07179577164211665,0.4290485668213815,50.25632535003091,0.0042368959417444785,-0.028472401290971578,0.03270929723271605,63.443175547611624,0.519353592222814,0.004742893065696873,0.011383563271658311,0,0,9,-107.97505158634462,1.0,USDJPY=X,0.0,109.78099822998047,0,2021-09-06 00:00:00+01:00
2021-09-07 00:00:00+01:00,0.16080225806726722,0.16034244406563092,0.16385046402763082,0.1606416726489901,0.5537202740836288,0.02828271570980072,0.42919513549851457,47.03639257872265,-0.009678385067630302,-0.024713598046303326,0.015035212978673024,34.61544401544401,0.4962568460288853,0.004731547615899609,0.011214641729498596,0,1,9,-81.67791102526482,1.0,USDJPY=X,0.0,109.91500091552734,0,2021-09-07 00:00:00+01:00
2021-09-08 00:00:00+01:00,0.16841632602310797,0.16341256813840022,0.1711892767507115,0.16835451222130882,0.5872586545737669,0.08764618565696995,0.42735756003390174,48.14340600922003,-0.016003158780577564,-0.022971510193158174,0.00696835141258061,40.28339768339768,0.5010958563641547,0.004518820318775449,0.010796977740235532,0,2,9,-41.580533101962324,1.0,USDJPY=X,1.0,109.99400329589844,0,2021-09-08 00:00:00+01:00
2021-09-09 00:00:00+01:00,0.16729851499472304,0.16061856066168834,0.16491971875794897,0.1670907141936151,0.6467340517484372,0.04662053855127998,0.45650827088648094,56.47161307367547,0.017195250788049066,-0.014938157996916727,0.03213340878496579,85.85421787876972,0.5095892056654315,0.004543191658615333,0.009692837936934767,0,3,9,3.1847767245984704,1.0,USDJPY=X,0.0,109.71900177001953,0,2021-09-09 00:00:00+01:00
2021-09-10 00:00:00+01:00,0.16007328311753088,0.15600538105143658,0.16407726814624524,0.16000971182363832,0.5683261198726272,0.08003101554571236,0.44705830658009615,54.91532794958216,0.036787596144236545,-0.0045930071686860734,0.04138060331292262,78.19263744828827,0.5119756386591954,0.004623466175597999,0.009261098894372873,0,4,9,28.163801229493497,1.0,USDJPY=X,1.0,109.38300323486328,0,2021-09-10 00:00:00+01:00
2021-09-13 00:00:00+01:00,0.16226020796673946,0.15879926459789906,0.1672850323371997,0.16218102636520282,0.5176597025135533,0.04397900048372869,0.4241520664981301,47.085566620673035,0.016857767330606066,-0.00030285226882764547,0.017160619599433713,35.26515378619821,0.5123349444985498,0.004663608884177355,0.008262494696524321,0,0,9,-0.7586053797168202,1.0,USDJPY=X,0.0,109.6989974975586,0,2021-09-13 00:00:00+01:00
2021-09-14 00:00:00+01:00,0.16358862823797793,0.1586043223153144,0.16274894996491018,0.16346114263017086,0.5983079958565023,0.03993725754284793,0.4494156115777058,49.46492856313256,0.011740790698823389,0.0021058763247025617,0.009634914374120828,37.27622415867576,0.5025253056057962,0.004661192196070607,0.008029874265540476,0,1,9,23.779844266668277,1.0,USDJPY=X,0.0,109.97100067138672,0,2021-09-14 00:00:00+01:00
2021-09-15 00:00:00+01:00,0.1590688105138507,0.15166831803724223,0.154567686630126,0.15900515124718928,0.5905025318823994,0.0815841640504216,0.4512549079268712,50.867630599458174,0.013900149427755082,0.004464730945313066,0.009435418482442016,46.7149159587268,0.5041302049542662,0.004568660931941322,0.006481733413675658,0,2,9,64.57209934824904,1.0,USDJPY=X,1.0,109.43699645996094,0,2021-09-15 00:00:00+01:00
2021-09-16 00:00:00+01:00,0.15386859145057485,0.15340631585730913,0.1562038898574929,0.15356079390202293,0.5404403656176352,0.09370702165397274,0.391202768677261,46.073565012558504,-0.006503895221428024,0.0022710057119648477,-0.008774900933392872,45.62605723754617,0.5309783962298543,0.004594739259576627,0.0059495823520748685,0,3,9,80.71166522494133,1.0,USDJPY=X,1.0,109.14900207519531,0,2021-09-16 00:00:00+01:00
2021-09-17 00:00:00+01:00,0.15864759202814338,0.157434792550057,0.16354270258057357,0.15868101171587612,0.5316966601545511,0.09463891075679828,0.37054556247489145,40.99042734067115,-0.049219153574739494,-0.008027026145376022,-0.04119212742936347,20.28687817171264,0.5365514507611482,0.004854304421407743,0.007311849506219637,0,4,9,34.74964976102153,1.0,USDJPY=X,1.0,109.8219985961914,0,2021-09-17 00:00:00+01:00
2021-09-20 00:00:00+01:00,0.16341052499915643,0.15680126111421955,0.15968703256412753,0.16308841925606377,0.6242533820516565,0.06278158226707514,0.4307136047950072,46.92140109057684,-0.05691710251318227,-0.017805041418937274,-0.039112061094245,44.11744398798633,0.5474403015159323,0.004891124467870269,0.007388642727551814,0,0,9,17.84609802595869,1.0,USDJPY=X,0.0,110.32599639892578,1,2021-09-20 00:00:00+01:00
2021-09-21 00:00:00+01:00,0.15456518399325248,0.15131090319746243,0.1557989796163044,0.15443567394134505,0.6178871436115164,0.09370583604442716,0.4417836968933903,51.44531308564289,-0.04060137225914673,-0.022364307586979167,-0.018237064672167562,64.63044153692132,0.5514086247056424,0.004978042376387781,0.007386661902032373,0,1,9,30.098813260664926,1.0,USDJPY=X,1.0,110.76399993896484,1,2021-09-21 00:00:00+01:00
2021-09-22 00:00:00+01:00,0.150029175065596,0.1504174900282622,0.1548268736801175,0.14976915257292234,0.5038030666995946,0.07847668143145754,0.39267738182043493,43.59040671793489,-0.06995432556691128,-0.03188231118296559,-0.03807201438394569,24.358753063831255,0.5678078822252729,0.005038594282943273,0.008109619420646952,0,2,9,-17.841128541078923,1.0,USDJPY=X,1.0,110.96399688720703,1,2021-09-22 00:00:00+01:00
2021-09-23 00:00:00+01:00,0.1606402224350012,0.15943279603373628,0.16555155671672672,0.16067406187751954,0.5383959908463251,0.07925444129335774,0.39152218871110933,40.039735804579195,-0.11512836440111585,-0.04853152182659564,-0.0665968425745202,2.639785503043693,0.5636789003685012,0.0052021353510323136,0.009978683029587649,0,3,9,-109.66844028537324,1.0,USDJPY=X,1.0,111.52799987792969,1,2021-09-23 00:00:00+01:00
2021-09-24 00:00:00+01:00,0.16896707413704903,0.16826939461932033,0.17395950057115095,0.16884059789526873,0.6752185793318508,0.06262626741660422,0.47265563403384664,50.24003771442924,-0.09552279355756355,-0.05792977617278922,-0.03759301738477432,53.39351676045155,0.5981302374585302,0.005132659281143782,0.009866885042206048,0,4,9,-136.73736334046146,1.0,USDJPY=X,0.0,111.93599700927734,1,2021-09-24 00:00:00+01:00
2021-09-27 00:00:00+01:00,0.17588454955021193,0.17340246162654727,0.17757217500329392,0.17593779487951022,0.6506980488411092,0.06651150989746848,0.4876537443181867,56.2433879908029,-0.03886877181177795,-0.05411757530058697,0.015248803488809026,74.58449143629808,0.6209066359896731,0.0054214804940058,0.010424562567435888,0,0,9,-95.31135899808581,1.0,USDJPY=X,0.0,111.46099853515625,1,2021-09-27 00:00:00+01:00
2021-09-28 00:00:00+01:00,0.17931893865301296,0.1827263539534678,0.18410092004604794,0.17917844845458242,0.6410688601097476,0.08096409025808349,0.500828938695047,60.68284070197435,0.0409016845655259,-0.0351137233273644,0.0760154078928903,85.00772372263778,0.6286278695796964,0.005605671845832727,0.01258829325452296,0,1,9,-8.055226605050162,1.0,USDJPY=X,1.0,110.9469985961914,0,2021-09-28 00:00:00+01:00
2021-09-29 00:00:00+01:00,0.18824523567656293,0.18740459694474754,0.1886695089486894,0.18831727944326127,0.6074058634093167,0.10753715700315845,0.5602332142627495,62.55117412776189,0.1188879618198797,-0.004313386297915577,0.12320134811779529,73.5586052917372,0.645511440593256,0.005665151645706181,0.015076033123218287,0,2,9,76.40594718053573,1.0,USDJPY=X,1.0,110.96800231933594,0,2021-09-29 00:00:00+01:00
2021-09-30 00:00:00+01:00,0.19487102223225272,0.18985742444437426,0.19182857514360352,0.19492826713053302,0.6583737206451334,0.108469046105984,0.6293326850830151,67.27405669127783,0.22362516449196335,0.041274323860060205,0.18235084063190315,86.12202125777434,0.6674751183857021,0.005787886820348121,0.01939922494303856,0,3,9,190.2073397492582,0.0,USDJPY=X,1.0,111.48699951171875,0,2021-09-30 00:00:00+01:00
2021-10-01 00:00:00+01:00,0.18745137231573628,0.18030612010948,0.18369600980485945,0.18723162217247902,0.6362190199898341,0.1016316358566266,0.6068956209118883,70.20171627852628,0.33568257120019496,0.10015597332808716,0.23552659787210778,95.53135823258529,0.6665125619733863,0.005963006863023529,0.024383626480366002,0,4,10,367.5574229326563,0.0,USDJPY=X,1.0,111.41300201416016,0,2021-10-01 00:00:00+01:00
2021-10-04 00:00:00+01:00,0.1793351298565422,0.17734964007557252,0.18256198921178712,0.17890301638907324,0.5133271401016385,0.08826744505885366,0.5279372018736443,63.121808132047384,0.38175977713913767,0.15647673409029728,0.2252830430488404,79.45153117227593,0.6920469822467716,0.005979782800556551,0.026566204083168215,0,0,10,498.1202947895164,0.0,USDJPY=X,1.0,111.66200256347656,1,2021-10-04 00:00:00+01:00
2021-10-05 00:00:00+01:00,0.17943240067469102,0.18149188473743205,0.18311274624314744,0.1792433505346509,0.5076038851575584,0.07086151132019994,0.45185144462189314,56.48350516499359,0.37250676925776816,0.19968274112379147,0.17282402813397668,62.051411850087945,0.6868290311222812,0.006237635907263996,0.02705713833071648,0,1,10,572.5080781329821,0.0,USDJPY=X,0.0,112.2699966430664,1,2021-10-05 00:00:00+01:00
2021-10-06 00:00:00+01:00,0.18835857410126766,0.18506553741423248,0.18844270483007497,0.18765292938938005,0.5822683134022972,0.10520624863654902,0.4376128156510391,56.68397274970261,0.3626876809490511,0.2322837290888434,0.13040395186020773,62.55966137785972,0.6861270969796183,0.006189433140787493,0.027350338387815486,0,2,10,668.542168480775,0.0,USDJPY=X,1.0,113.38800048828125,1,2021-10-06 00:00:00+01:00
2021-10-07 00:00:00+01:00,0.18652797932667586,0.18137811676832039,0.18905822772418945,0.1864539098187452,0.6520631584841808,0.08826744505885366,0.43405573540755227,61.41409484017596,0.3922629555303274,0.2642795743771402,0.1279833811531872,80.22462281544574,0.6946180404222014,0.006154323822370853,0.028724242613227074,0,3,10,822.2377204791705,0.0,USDJPY=X,1.0,113.51899719238281,1,2021-10-07 00:00:00+01:00
2021-10-08 00:00:00+01:00,0.19083718780794956,0.19162801592007983,0.19357824222976516,0.19048859398482576,0.5690013057369112,0.047086483102692755,0.39612860761953256,60.40133383882946,0.405061299564764,0.292435919414665,0.11262538015009899,77.70599080734374,0.6666454235212295,0.006234622780686927,0.02982729845005543,0,4,10,957.5384395018517,0.0,USDJPY=X,0.0,113.3010025024414,1,2021-10-08 00:00:00+01:00
2021-10-11 00:00:00+01:00,0.20054115698879693,0.21123427712414888,0.20428661020171113,0.20034023524716993,0.6140828632977634,0.10178695070709753,0.45318370237437533,62.63428957185516,0.4303357006817805,0.32001587566808815,0.11031982501369236,83.09817540819827,0.6735993174814876,0.005970208380798662,0.030723657351914485,0,0,10,1077.7639933120518,0.0,USDJPY=X,1.0,113.83399963378906,1,2021-10-11 00:00:00+01:00
2021-10-12 00:00:00+01:00,0.2189930727604259,0.21761804821010644,0.21779770852444824,0.21845582745887082,0.664006750645617,0.18663628344604527,0.5423593597062485,67.45941532506058,0.4937344235677301,0.35475958524801654,0.13897483831971358,73.81277339077192,0.7484850892378322,0.005999815958158647,0.03294118992672762,0,1,10,1212.2949039626228,0.0,USDJPY=X,1.0,114.3239974975586,1,2021-10-12 00:00:00+01:00
2021-10-13 00:00:00+01:00,0.22101808557434222,0.21779675562999623,0.22154003828107438,0.22057843453463155,0.7341987321931146,0.1181044948829092,0.6294401649143162,74.0861060260431,0.6269646764605454,0.40920060349052234,0.2177640729700231,90.23839700414686,0.8026649960193932,0.00660109611259252,0.03833790201535248,0,2,10,1445.9713101016366,0.0,USDJPY=X,1.0,114.28500366210938,1,2021-10-13 00:00:00+01:00
2021-10-14 00:00:00+01:00,0.21712997198180206,0.2164809881702381,0.22202602944968053,0.21704615427978524,0.5972917872458102,0.08391625802657662,0.5978822542161845,74.73531861003553,0.7346523361600532,0.47429095002442856,0.26036138613562465,92.26331795900276,0.7839032759842468,0.007070754815241202,0.042438879065765815,0,3,10,1687.692403808856,0.0,USDJPY=X,1.0,114.54299926757812,1,2021-10-14 00:00:00+01:00
2021-10-15 00:00:00+01:00,0.22587804216955698,0.2285013548674535,0.2307418583501366,0.22568258135722985,0.5494579305477606,0.0666668247479394,0.5866013477461424,71.52405038756677,0.7932610135229083,0.5380849627241245,0.2551760507987838,85.03384453786438,0.7585531030205283,0.006918767342480975,0.0438734561619987,0,4,10,1857.014712689552,0.0,USDJPY=X,0.0,114.38899993896484,1,2021-10-15 00:00:00+01:00
2021-10-18 00:00:00+01:00,0.23354068373598547,0.22832264744756348,0.23404664773624773,0.2336222691522638,0.652487108678695,0.09805702307670419,0.6086772943811184,74.41834639434198,0.8726577710682903,0.6049995243929577,0.26765824667533267,82.99584774207749,0.7862276023583477,0.006663677859522111,0.046293044207362424,0,0,10,2063.131556075397,0.0,USDJPY=X,1.0,113.8499984741211,0,2021-10-18 00:00:00+01:00
2021-10-19 00:00:00+01:00,0.23324911847548568,0.226860766223554,0.23182730454614342,0.23299043194992164,0.64626978391441,0.06464654608227181,0.598489048995699,76.75722022836696,0.9640065386644636,0.6768009272472589,0.2872056114172047,96.58803760311864,0.7730683004390572,0.006877187813303482,0.04960986243056801,0,1,10,2299.6654893219293,0.0,USDJPY=X,0.0,113.66400146484375,0,2021-10-19 00:00:00+01:00
2021-10-20 00:00:00+01:00,0.2370723436569353,0.23236735900300598,0.23600692747533514,0.23717086764438444,0.5740193324474705,0.07194990088304198,0.5069958682442945,76.16046774453805,1.021479637073881,0.7457366692125834,0.2757429678612976,95.50637653064248,0.7509203815879415,0.00676438968952288,0.05030901474272114,0,2,10,2527.0004869770046,0.0,USDJPY=X,0.0,113.76499938964844,0,2021-10-20 00:00:00+01:00
2021-10-21 00:00:00+01:00,0.23473957437898996,0.2275754719728642,0.22840892770226295,0.23467553719451661,0.6144334637861859,0.08453751742846032,0.5167724211707282,77.4117591020518,1.0754484703143987,0.8116790294329466,0.26376944088145216,96.30500943997427,0.7361402627789256,0.0065557946482067775,0.0491612426924138,0,3,10,2724.9028736692017,0.0,USDJPY=X,1.0,114.18800354003906,0,2021-10-21 00:00:00+01:00
2021-10-22 00:00:00+01:00,0.22607246020888128,0.2242454661667319,0.22586550800043814,0.2259418188084743,0.5584141518820264,0.11157771433449365,0.521901877955394,74.8850961695615,1.093191074470269,0.8679814384404111,0.225209636029858,92.29773539881161,0.7457732580994041,0.006435411299790294,0.048393509381743624,0,4,10,2886.1471846795016,0.0,USDJPY=X,1.0,113.7760009765625,0,2021-10-22 00:00:00+01:00
2021-10-25 00:00:00+01:00,0.22267045351313897,0.21955111224300738,0.22546047416027482,0.22292801345611735,0.5060404460417364,0.10411785907370696,0.43853308644051003,66.68154606903963,1.0516366893687348,0.9047124886260759,0.14692420074265888,78.07824890386237,0.7549323503291899,0.00655048983833692,0.046958956898988685,0,0,10,3002.84317677771,0.0,USDJPY=X,1.0,113.61599731445312,0,2021-10-25 00:00:00+01:00
2021-10-26 00:00:00+01:00,0.224582004305377,0.22608099709321605,0.22926756977965512,0.22456453485791816,0.5539158179388591,0.06309339757756258,0.38643006161150095,64.07309413288075,0.9922580029865031,0.9222215914981614,0.07003641148834172,70.66099576875014,0.7300090295467478,0.006641789314118862,0.045482459222956774,0,1,10,3087.178940990641,0.0,USDJPY=X,0.0,114.23600006103516,1,2021-10-26 00:00:00+01:00
2021-10-27 00:00:00+01:00,0.23141852370089389,0.2247327599080684,0.22427787917013675,0.2314186890051797,0.5931434561037645,0.08904401931120827,0.39720530272544574,64.87655631612272,0.9424852711559453,0.9262743274297183,0.016210943726227,73.27141748864014,0.7231508885900046,0.006416815659150541,0.04392246943842283,0,2,10,3090.080951004042,0.0,USDJPY=X,1.0,114.09400177001953,0,2021-10-27 00:00:00+01:00
2021-10-28 00:00:00+01:00,0.2248251195522626,0.21890134594447552,0.22165337854089429,0.22474279923783924,0.6371518460636467,0.12400883041989547,0.4099881994579038,68.09483387021038,0.9264928890274717,0.926318039749269,0.00017484927820277107,84.28723045009407,0.7284970051904397,0.006332984780983914,0.043628289741052505,0,3,10,3080.070744405667,0.0,USDJPY=X,1.0,113.96199798583984,0,2021-10-28 00:00:00+01:00
2021-10-29 00:00:00+01:00,0.22276760073431423,0.2226373472482217,0.22392141972703916,0.2221501774793737,0.5232088343092496,0.09339639195303089,0.3900788879252166,62.124115358213544,0.8705386200280856,0.9151621558050324,-0.04462353577694678,63.669185404736204,0.743104811006915,0.006402905700126583,0.043395762367276935,0,4,10,3065.240481741097,0.0,USDJPY=X,1.0,114.06999969482422,1,2021-10-29 00:00:00+01:00
2021-11-01 00:00:00+00:00,0.23206654263298376,0.22829017772217441,0.23420868599210798,0.2321964013589135,0.5574524342798101,0.10738184215268753,0.4191856432226109,59.92652756790431,0.8040153123528597,0.8929327871145979,-0.08891747476173817,35.91122820498747,0.7393831739414098,0.006540494548054144,0.04167767743638607,0,0,11,3014.4682624902425,0.0,USDJPY=X,1.0,113.83699798583984,0,2021-11-01 00:00:00+00:00
2021-11-02 00:00:00+00:00,0.2298956853903309,0.22341711637855988,0.22507175538477475,0.22989552990323148,0.6641941845207259,0.06278158226707514,0.4816336567734087,65.08112376256429,0.7921922526497269,0.8727846802216238,-0.08059242757189689,68.75444650915848,0.7449987181925256,0.0064724182704783495,0.03815808261286296,0,1,11,2969.2341429242942,0.0,USDJPY=X,0.0,113.4749984741211,0,2021-11-02 00:00:00+00:00
2021-11-03 00:00:00+00:00,0.2280003258016221,0.22354699528011635,0.2292189953825896,0.22775660459019642,0.5599918256215031,0.10380722937276513,0.46277499066086547,63.07986781981676,0.7625738407483027,0.8507425123269596,-0.08816867157865693,58.67163199650008,0.7467842842549457,0.006529692241790478,0.03354085806157625,0,2,11,2871.8235323023887,0.0,USDJPY=X,1.0,113.25399780273438,0,2021-11-03 00:00:00+00:00
2021-11-04 00:00:00+00:00,0.2296041201298311,0.22567500159560194,0.22605992918767548,0.22950661191485988,0.561330149169854,0.0652678054841555,0.4198561885310625,61.19596571615324,0.7201480156972622,0.8246236130010202,-0.104475597303758,49.44060010777184,0.7234424188756863,0.0065529237592669804,0.029636258618138022,0,3,11,2745.101006261666,0.0,USDJPY=X,0.0,112.91200256347656,0,2021-11-04 00:00:00+00:00
2021-11-05 00:00:00+00:00,0.22569981533376193,0.22124040547499058,0.22445610889168544,0.2257311652000238,0.5940631345252873,0.11592890136677068,0.46006186394031157,62.190896494420954,0.6873171151267172,0.7971623134261596,-0.10984519829944239,56.993165557825996,0.7250538316178247,0.0063420918805219524,0.02394094537384437,0,4,11,2657.654192087335,0.0,USDJPY=X,1.0,113.90499877929688,0,2021-11-05 00:00:00+00:00
2021-11-08 00:00:00+00:00,0.21983538613486675,0.21575004755823324,0.21885077178907797,0.2198655006379564,0.5475561091540859,0.08888870446073735,0.4544330399403989,58.6944553246578,0.6351751949871982,0.7647648897383674,-0.12958969475116922,40.69934323198156,0.7191212930033818,0.006369228321604316,0.01719839225363622,0,0,11,2548.2785907935727,1.0,USDJPY=X,1.0,114.04299926757812,1,2021-11-08 00:00:00+00:00
2021-11-09 00:00:00+00:00,0.21627134380685842,0.2091062708086635,0.21316447735802746,0.21628451291730633,0.5298672760713268,0.09013240887405033,0.3786005658770024,53.647999225842405,0.5582073455671406,0.7234533809041221,-0.16524603533698157,24.5164391646201,0.7216838616044238,0.006337266381787027,0.012143709343705135,0,1,11,2378.506910345518,1.0,USDJPY=X,1.0,113.98100280761719,1,2021-11-09 00:00:00+00:00
2021-11-10 00:00:00+00:00,0.21092540391181935,0.22020075461128963,0.21386108117955938,0.2107429878865521,0.5490343599403411,0.08111821949900883,0.3724266707073454,50.777665182050015,0.4739138789813495,0.6735454805195676,-0.19963160153821813,30.710301727034473,0.7232775619543867,0.006372259484044453,0.012560460591320183,0,2,11,2169.576933189117,1.0,USDJPY=X,0.0,114.13200378417969,1,2021-11-10 00:00:00+00:00
2021-11-11 00:00:00+00:00,0.2273846892765905,0.2233033484094482,0.23070947541875952,0.22683301708507075,0.5323597592004798,0.1805742618394969,0.35611645941377923,46.62076620832707,0.3751895897328126,0.6138743023622166,-0.23868471262940405,10.628317989382435,0.7546145171063614,0.006405674733718203,0.014478985261508695,0,3,11,1918.3942737246177,1.0,USDJPY=X,1.0,114.90399932861328,1,2021-11-11 00:00:00+00:00
2021-11-12 00:00:00+00:00,0.2293124312723578,0.22608099709321605,0.2300128715972276,0.2290691100836939,0.7160995501477316,0.04863963160740199,0.42455013587935647,57.49999160107177,0.3727792083672483,0.565655283563223,-0.19287607519597472,68.93712340120511,0.787498932876666,0.006624946448298619,0.013604510168729055,0,4,11,1777.1260025506901,1.0,USDJPY=X,0.0,114.19000244140625,0,2021-11-12 00:00:00+00:00
2021-11-15 00:00:00+00:00,0.22838903828329737,0.22190640663621686,0.2298346418756787,0.22806454950724486,0.5981665269811471,0.08189479375136345,0.45323884660659336,58.757998676254566,0.37765112279140567,0.5280544514088595,-0.15040332861745387,77.0405214703313,0.7688913518034443,0.006905280797017306,0.013620483845595338,0,0,11,1661.6314145969252,1.0,USDJPY=X,0.0,114.28199768066406,0,2021-11-15 00:00:00+00:00
2021-11-16 00:00:00+00:00,0.23065704274712573,0.2314901806965004,0.23550474484104056,0.23051129611431853,0.570869296719466,0.043667185173241266,0.47658339432637253,57.928421652014904,0.37221884671325256,0.49688733046973815,-0.12466848375648559,73.40008511972762,0.734184621770888,0.006745785112113966,0.013232091042267939,0,1,11,1514.75770285235,1.0,USDJPY=X,0.0,114.13800048828125,0,2021-11-16 00:00:00+00:00
2021-11-17 00:00:00+00:00,0.24337418254506682,0.23654207339025435,0.23906884487611801,0.2430203375921871,0.5999278584326432,0.0809629046485379,0.5056004269202634,59.43081466356666,0.3757666416859138,0.4726631927129733,-0.09689655102705952,73.73713037472494,0.728170998536137,0.0064327672995140766,0.012984991485089652,0,2,11,1406.8449795627175,1.0,USDJPY=X,0.0,114.79000091552734,0,2021-11-17 00:00:00+00:00
2021-11-18 00:00:00+00:00,0.23193688940777646,0.2289561788834007,0.23184349601183185,0.23145107823370892,0.684522210890509,0.09510485530821106,0.5927342137106411,66.09668210028285,0.4358477023550904,0.46530009464139677,-0.02945239228630636,98.28122843340235,0.7340157528259664,0.006337211957728686,0.01423577179355763,0,3,11,1340.8889300533772,1.0,USDJPY=X,1.0,115.14099884033203,1,2021-11-18 00:00:00+00:00
2021-11-19 00:00:00+00:00,0.2337189105717805,0.2297034782883498,0.2273072900405677,0.2329417244841181,0.4826828616590813,0.09184087222923049,0.4593402971733885,56.80097585860552,0.4209958164086771,0.4564392389948529,-0.03544342258617578,65.98826777087646,0.7544429592717121,0.006428021167637756,0.013986843694457995,0,4,11,1221.0390113463984,1.0,USDJPY=X,1.0,115.40799713134766,1,2021-11-19 00:00:00+00:00
2021-11-22 00:00:00+00:00,0.23078669597233303,0.23434912762399063,0.23403045627055907,0.23060846379990663,0.5918536449405829,0.14250315372139125,0.4557593419920319,57.62784540619262,0.4119007018739751,0.4475315315706774,-0.03563082969670228,70.14906832298136,0.76605470834438,0.006601590579295238,0.014279947292503906,0,0,11,1157.0330856678252,1.0,USDJPY=X,1.0,115.06900024414062,1,2021-11-22 00:00:00+00:00
2021-11-23 00:00:00+00:00,0.24152739656694577,0.239855844333692,0.24263294491119547,0.24117316258193577,0.5597275781343258,0.12245568191518623,0.4494307179890464,55.82658108086003,0.3885939192777954,0.435744009112101,-0.047150089834305575,63.636300897170464,0.767622373045507,0.006711653481462839,0.014246672594412532,0,1,11,1098.9348417219937,1.0,USDJPY=X,1.0,113.71900177001953,0,2021-11-23 00:00:00+00:00
2021-11-24 00:00:00+00:00,0.24727836374416268,0.24521619941864325,0.24715283581779635,0.24686056276408186,0.6681660629560889,0.09261863209113069,0.4880907463753374,61.66877891033473,0.41791662888414294,0.4321785330665094,-0.014261904182366447,85.25868850283851,0.7847924346039195,0.006687188491359901,0.015483346359272291,0,2,11,1097.301500679612,1.0,USDJPY=X,1.0,113.80400085449219,0,2021-11-24 00:00:00+00:00
2021-11-25 00:00:00+00:00,0.25144185139367337,0.2445664331201114,0.25374634672330476,0.2511868736099365,0.6268795897758633,0.10054324629378456,0.455467708936526,64.39853863705557,0.4641275135586227,0.43856832916493205,0.025559184393690648,87.79600435807356,0.777735618509164,0.00681592519179206,0.017697394041681077,0,3,11,1138.979211421969,1.0,USDJPY=X,1.0,113.29900360107422,0,2021-11-25 00:00:00+00:00
2021-11-26 00:00:00+00:00,0.24638735316216054,0.2391410146541324,0.218429546483226,0.24569393242197624,0.6153884753293908,0.031079568627822934,0.531273601276988,66.36101001489398,0.5163424291702654,0.4541231491659987,0.062219280004266686,97.52273535820696,0.743254372111746,0.006739009755311938,0.020312033897857903,0,4,11,1156.4430761238063,0.0,USDJPY=X,0.0,112.88200378417969,0,2021-11-26 00:00:00+00:00
2021-11-29 00:00:00+00:00,0.2237558821344654,0.22016828488590057,0.21808940210479166,0.22381921173271357,0.53364037172013,0.3179484686667109,0.4979699492980287,61.70984374337286,0.5243248201523869,0.4681634833632764,0.056161336789110505,85.17310001334104,0.8581645866386414,0.006459205959335629,0.021165175059928446,0,0,11,1156.8614701135814,1.0,USDJPY=X,1.0,113.02200317382812,0,2021-11-29 00:00:00+00:00
2021-11-30 00:00:00+00:00,0.22540825007326215,0.21937240482311737,0.21011875142293324,0.22519649568326994,0.39686056973934614,0.13970392958427785,0.40495067260152945,47.44766252369582,0.416911432585664,0.45791307320775393,-0.04100164062208994,34.97413569161613,0.942152586309542,0.00754636053149813,0.021714119604395805,0,1,11,1071.561510099232,1.0,USDJPY=X,1.0,113.04199981689453,0,2021-11-30 00:00:00+00:00
2021-12-01 00:00:00+00:00,0.21659541507139024,0.21495404356520065,0.21386108117955938,0.2170137650512558,0.5909487265548445,0.20854753345790136,0.36161400076139705,48.25850433638824,0.33478507091628273,0.4332874727494597,-0.09850240183317699,42.99359577976974,0.9707133207625993,0.008278729914901339,0.0218698059282664,0,2,12,1001.7499050876932,1.0,USDJPY=X,1.0,113.45800018310547,0,2021-12-01 00:00:00+00:00
2021-12-02 00:00:00+00:00,0.21011534934746345,0.21001591884055815,0.21288897524337247,0.2102569022125922,0.5103107753523461,0.1303802961178401,0.2963427888542488,43.92249188316892,0.22634115969562174,0.39189821013869214,-0.1655570504430704,25.77581587476654,0.9749479963721904,0.008567712776896793,0.022895155329233984,0,3,12,884.8688258941369,1.0,USDJPY=X,1.0,113.5250015258789,1,2021-12-02 00:00:00+00:00
2021-12-03 00:00:00+00:00,0.21275599868641137,0.2148403995263386,0.21525428882262343,0.21252538443974478,0.5220825551472875,0.09246331724065976,0.24444950596341677,40.67273015349552,0.10553365229530698,0.3346252985700151,-0.22909164627470813,11.558290889983716,0.9478089409672572,0.00863687712557091,0.02488681046690857,0,4,12,739.0583108360131,1.0,USDJPY=X,0.0,113.68399810791016,1,2021-12-03 00:00:00+00:00
2021-12-06 00:00:00+00:00,0.21251300703649934,0.21282616117996467,0.21518952295986926,0.2128494003480481,0.5986126898601875,0.11592890136677068,0.2805577602086555,42.218442771326224,0.02084927555993943,0.271870093968,-0.25102081840806056,16.331541955186065,0.9333941735599977,0.008386056823904675,0.026075352257742414,0,0,12,580.4660951336175,0.0,USDJPY=X,1.0,113.447998046875,1,2021-12-06 00:00:00+00:00
2021-12-07 00:00:00+00:00,0.22020803100998632,0.2175531087593281,0.22416453891031685,0.21959006857244723,0.5820756777306438,0.09728044882434957,0.38484186805903947,42.44908681514684,-0.04414130762695834,0.20866781364900833,-0.25280912127596666,17.01332348335475,0.9114374076402545,0.008257056448681993,0.026837409526876993,0,1,12,438.7857020403195,0.0,USDJPY=X,0.0,113.5009994506836,0,2021-12-07 00:00:00+00:00
2021-12-08 00:00:00+00:00,0.2206940143098104,0.22010334543512222,0.22277120766827818,0.22067572584322948,0.6365581106448567,0.05641011656913052,0.4105072817365273,47.17328300504211,-0.06137160646451889,0.1546599296263029,-0.2160315360908218,31.196772397862834,0.8985492219243211,0.008033258176323582,0.02643144005766147,0,2,12,284.75237070902983,0.0,USDJPY=X,0.0,113.5770034790039,0,2021-12-08 00:00:00+00:00
2021-12-09 00:00:00+00:00,0.2239016029662284,0.2180891070887483,0.22212317824381178,0.22325202936442068,0.5885083849555365,0.09417296620538551,0.45486960382892,47.9148730812416,-0.0688269003585873,0.10996256362932487,-0.17878946398791218,33.48116971963978,0.8776530494738115,0.00791498973659551,0.025232840489234163,0,3,12,100.3173697779251,0.0,USDJPY=X,0.0,113.74299621582031,0,2021-12-09 00:00:00+00:00
2021-12-10 00:00:00+00:00,0.21943048244966223,0.21776428590460717,0.2213618085595257,0.21942799880679065,0.6011059886996498,0.08111940510855441,0.4998926071135934,49.71874365394801,-0.06120010241716045,0.07573003042002781,-0.13693013283718825,38.902126242736074,0.852249486927691,0.007720110693509681,0.025325718418518953,0,4,12,-77.61409902242433,0.0,USDJPY=X,0.0,114.13600158691406,1,2021-12-10 00:00:00+00:00
2021-12-13 00:00:00+00:00,0.2205968670886349,0.21670840017821158,0.22377569653584217,0.22028680785485766,0.5470380554995697,0.08531527729036052,0.47050364456549015,47.11066951029878,-0.07335346955511568,0.045913330424999114,-0.1192667999801148,30.855751572441562,0.8305890665095859,0.007512247916226378,0.025762090919340612,0,0,12,-257.46935211205147,0.0,USDJPY=X,0.0,113.66300201416016,0,2021-12-13 00:00:00+00:00
2021-12-14 00:00:00+00:00,0.22163359850240005,0.217163224194159,0.22463433861323434,0.22151834027703177,0.5865899504743808,0.05205892953685348,0.47307023492517314,47.773271221305386,-0.07781136920776532,0.021168390498446227,-0.09897975970621155,32.66282378769828,0.7951897820783767,0.007317900904216077,0.02602972144777611,0,1,12,-333.13371122373485,0.0,USDJPY=X,0.0,113.51799774169922,0,2021-12-14 00:00:00+00:00
2021-12-15 00:00:00+00:00,0.22430663024840647,0.21956734710570203,0.22774470681210812,0.22420800609807578,0.5897385025797841,0.04817368705598922,0.44653615123673907,48.76453466511309,-0.07435428697037594,0.0020638550046817943,-0.07641814197505774,35.74161834009774,0.7605331946866176,0.007001327361356008,0.026148923576479636,0,2,12,-415.12035819022043,0.0,USDJPY=X,0.0,113.66200256347656,0,2021-12-15 00:00:00+00:00
2021-12-16 00:00:00+00:00,0.23106207002930357,0.2252201775796545,0.22665938421507614,0.2305760745713774,0.6020540254561635,0.0413374624161774,0.4542134809909386,50.953994902420554,-0.05755681861133155,-0.009860279718520876,-0.047696538892810676,46.89323311857322,0.7290665161250177,0.0066864178014403,0.02496270160190964,0,3,12,-484.4578594152166,0.0,USDJPY=X,0.0,113.99400329589844,0,2021-12-16 00:00:00+00:00
2021-12-17 00:00:00+00:00,0.22335085485228734,0.2187226385245855,0.21996860091646164,0.22291181884185263,0.6330611818970223,0.10582750803843272,0.47232598657868957,55.772905513231976,-0.012389634953763107,-0.010366150765569323,-0.002023484188193784,93.59571463791828,0.7256331761060432,0.006387699814154053,0.024839626858026296,0,4,12,-484.1979384481653,0.0,USDJPY=X,1.0,114.12100219726562,1,2021-12-17 00:00:00+00:00
2021-12-20 00:00:00+00:00,0.22126107722425425,0.21612357333045806,0.2228846715270727,0.22056223992036683,0.5148716255601107,0.1078477867041003,0.45399269525765884,49.472660444623855,-0.014593207579011391,-0.011211562128257737,-0.003381645450753654,65.80496223412601,0.7441594214092946,0.006384075409301996,0.02478177387716383,0,0,12,-501.81136103695474,0.0,USDJPY=X,1.0,114.45800018310547,1,2021-12-20 00:00:00+00:00
2021-12-21 00:00:00+00:00,0.22301059238422627,0.22388817525720173,0.22670795861214166,0.2228956242275879,0.5594830592604056,0.055011097305346625,0.43861430390752715,47.69396206769693,-0.027720641398190082,-0.014513377982244207,-0.013207263415945875,52.514551108276194,0.7162906253697355,0.0065554311757908875,0.024827310806021147,0,1,12,-464.7831464418501,0.0,USDJPY=X,0.0,114.33300018310547,1,2021-12-21 00:00:00+00:00
2021-12-22 00:00:00+00:00,0.22877787436194597,0.22712064795691678,0.23373888628919048,0.22827520311569538,0.5990533874438725,0.09261863209113069,0.44388858857862934,49.630755907811135,-0.026202199019039085,-0.016851142189603183,-0.009351056829435902,61.92044729708181,0.7111987430191071,0.006301935644409488,0.023545252307802567,0,2,12,-456.1192557013305,0.0,USDJPY=X,0.0,114.79199981689453,1,2021-12-22 00:00:00+00:00
2021-12-23 00:00:00+00:00,0.230543704322421,0.22840394569128608,0.23545617044397504,0.23033303173439745,0.6247521266481182,0.05609948686818867,0.4567382571566131,53.87154944087828,0.001770453283398865,-0.013126823095002774,0.014897276378401639,75.56460682695523,0.7103986148207557,0.006238913648580464,0.020827315532267555,0,3,12,-393.3387914525398,0.0,USDJPY=X,0.0,114.77300262451172,1,2021-12-23 00:00:00+00:00
2021-12-24 00:00:00+00:00,0.23593834142502113,0.2294434726247374,0.23856666224182344,0.2357935836938283,0.596650837296013,0.05190361468638256,0.43613689674149353,55.41783071963462,0.033797139346972926,-0.003742030606607634,0.03753916995358056,79.8107331443232,0.6915843277758021,0.0062249594828547436,0.01614410107148563,0,4,12,-331.18788483547803,1.0,USDJPY=X,0.0,114.947998046875,1,2021-12-24 00:00:00+00:00
2021-12-27 00:00:00+00:00,0.2340104758322803,0.23587607222902807,0.2388906151545691,0.23376814430365567,0.6252504435787875,0.03201145773064848,0.49892016984435067,59.31513680264402,0.0853871499270582,0.014083805500125536,0.07130334442693267,96.52901037352582,0.6696136655169836,0.006042254160211015,0.013204979306849147,0,0,12,-239.37125118194783,1.0,USDJPY=X,0.0,115.06300354003906,1,2021-12-27 00:00:00+00:00
2021-12-28 00:00:00+00:00,0.24130059612056298,0.23641207055844826,0.24520874754439737,0.241205551810465,0.5623390456584073,0.09044303857499217,0.5005515280259776,57.31375666475156,0.11486209098066524,0.03423946259623348,0.08062262838443177,67.54281180245536,0.663355598867333,0.0058566963557729656,0.014305678345175514,0,1,12,-144.46133042361885,1.0,USDJPY=X,0.0,115.14199829101562,1,2021-12-28 00:00:00+00:00
2021-12-29 00:00:00+00:00,0.2409603336525019,0.23800395461426405,0.24462548398268535,0.24089773051642638,0.6417609653629447,0.0349648111086872,0.5248888617676032,62.3388551353102,0.1732613792197384,0.06204384592093446,0.11121753329880393,92.03597759530341,0.6589014792914297,0.0057787615855238676,0.01669049869389762,0,2,12,-23.869756841746558,0.0,USDJPY=X,0.0,115.3280029296875,1,2021-12-29 00:00:00+00:00
2021-12-30 00:00:00+00:00,0.24403839268068617,0.24073289870994796,0.2490644175608434,0.24373327148886226,0.5767501927487791,0.055788857167246825,0.4975046584817446,62.013464983920755,0.21552587312899618,0.09274025136254681,0.12278562176644937,86.23096704063339,0.6374800278897539,0.005740910006921002,0.018261840539671413,0,3,12,109.32164261128474,0.0,USDJPY=X,0.0,116.17400360107422,1,2021-12-30 00:00:00+00:00
2021-12-31 00:00:00+00:00,0.24569076061948292,0.2406030198083915,0.2500040169666784,0.24559676473638814,0.6030370913912388,0.03931599814096423,0.5011432400915004,63.883596008569945,0.2601426940939575,0.12622073990882896,0.13392195418512856,87.7013471548893,0.6224453347355192,0.005545812356208187,0.018886100808178475,0,4,12,225.79072857397637,0.0,USDJPY=X,0.0,116.12799835205078,1,2021-12-31 00:00:00+00:00
2022-01-03 00:00:00+00:00,0.24693822487307515,0.2433319639040754,0.24950183433238382,0.24687675737834658,0.5948843211957182,0.02906047557170092,0.48386671657419433,65.0996387949015,0.30130853112410705,0.1612382981518846,0.14007023297222246,93.3141201790249,0.5954137605328705,0.005409604439179478,0.01964586590870988,0,0,1,377.9367930363747,0.0,USDJPY=X,0.0,115.86499786376953,1,2022-01-03 00:00:00+00:00
2022-01-04 00:00:00+00:00,0.24985424826899338,0.2592508044622326,0.2547670270565572,0.24989068635371336,0.5900013657105376,0.05998472934905293,0.499637906714552,65.94775323665291,0.33642882766581295,0.19627640405467028,0.14015242361114266,90.13117449177655,0.5804557481315271,0.005171125821770021,0.0200636487994731,0,1,1,533.1252215905536,0.0,USDJPY=X,0.0,115.61799621582031,0,2022-01-04 00:00:00+00:00
2022-01-05 00:00:00+00:00,0.26360811948069984,0.25754527636755475,0.26008067057882145,0.2635988710252266,0.6044481412525438,0.16177049444660488,0.4784351651074563,67.92431633272221,0.3749487596348047,0.23201087517069716,0.14293788446410752,68.26607462415188,0.6245659123274895,0.005033085923506505,0.021490294545316327,0,2,1,682.8212142213803,0.0,USDJPY=X,1.0,115.27799987792969,0,2022-01-05 00:00:00+00:00
2022-01-06 00:00:00+00:00,0.26302486536272673,0.2566356283356601,0.26051808735036186,0.2628534242770124,0.6934112030089948,0.09448359590632736,0.5448450183450484,75.02502365514906,0.46834250622102047,0.27927720138076184,0.18906530484025863,94.79482664574103,0.6447396100658161,0.005376124545661387,0.02544764913984516,0,3,1,857.227162715105,0.0,USDJPY=X,1.0,115.33100128173828,0,2022-01-06 00:00:00+00:00
2022-01-07 00:00:00+00:00,0.2588291189031313,0.2542152705614227,0.25949753061608405,0.25859189188821663,0.5731651697980176,0.08158534965996718,0.5277416178855232,74.06482945336901,0.5325070740662312,0.32992317591785575,0.20258389814837546,92.95452528556396,0.6361868897667512,0.005551973849676108,0.028377050475272784,0,4,1,996.9666326417173,0.0,USDJPY=X,0.0,114.67500305175781,0,2022-01-07 00:00:00+00:00
2022-01-10 00:00:00+00:00,0.2548114756823572,0.2511615052815974,0.2506520463911448,0.2545895969506653,0.544101485889234,0.06821997325264866,0.4987060758383854,68.65528418343487,0.5557299065143582,0.37508452203715625,0.1806453844772019,82.8705614342077,0.6291017500749855,0.005490759949046562,0.029294506822183167,0,0,1,1116.05874316258,0.0,USDJPY=X,0.0,114.11799621582031,0,2022-01-10 00:00:00+00:00
2022-01-11 00:00:00+00:00,0.24931956776160802,0.24846503091130256,0.2521425264273147,0.2490804611484403,0.5461690545408208,0.12385470117897013,0.4737184712179256,63.93249697239384,0.5478874938494016,0.4096451163996053,0.13824237744979628,69.13206143970356,0.6427373175570735,0.005441209592498575,0.02918665492376775,0,1,1,1217.4026989287458,0.0,USDJPY=X,1.0,114.30599975585938,0,2022-01-11 00:00:00+00:00
2022-01-12 00:00:00+00:00,0.2500972399189054,0.24494008282258584,0.24530589633852862,0.2499392701965073,0.533588905171388,0.08376094317610569,0.4334746795603495,58.01641268429318,0.5083772063303087,0.429391534385746,0.07898567194456269,52.44069522315953,0.6353276137918361,0.005575541892101543,0.02832397476163035,0,2,1,1259.6758005227866,0.0,USDJPY=X,0.0,114.57099914550781,0,2022-01-12 00:00:00+00:00
2022-01-13 00:00:00+00:00,0.2393889217313514,0.23248112697211742,0.2338198436176333,0.2393097929574195,0.5864746060613415,0.11561827166582883,0.37336068397377487,58.65864944896185,0.47585641263677303,0.43868451003595144,0.037171902600821594,50.56351558966346,0.6430901625137363,0.005508732315952199,0.027490927380278488,0,3,1,1282.079917990362,0.0,USDJPY=X,1.0,114.55400085449219,0,2022-01-13 00:00:00+00:00
2022-01-14 00:00:00+00:00,0.23017105944730143,0.22401805415875842,0.2257034697445779,0.2302843242685937,0.4908618558149364,0.10660526790033291,0.3270545840985283,48.72388629428676,0.39262395008486806,0.4294723980457348,-0.036848447960866726,28.66351553664006,0.6917983350225209,0.005607936737734219,0.02714040781733155,0,4,1,1256.6231951993384,0.0,USDJPY=X,1.0,114.34700012207031,0,2022-01-14 00:00:00+00:00
2022-01-17 00:00:00+00:00,0.23349211012539772,0.23157147894022279,0.23832354305854553,0.2333306424724897,0.5037812817442592,0.10349659967182327,0.3044471650681901,42.18992245739112,0.2785053905168695,0.39927899653996174,-0.12077360602309223,21.622545339070854,0.7259560109737582,0.006062131810605837,0.026266278079904493,0,0,1,1175.6695833636895,0.0,USDJPY=X,1.0,113.99299621582031,0,2022-01-17 00:00:00+00:00
2022-01-18 00:00:00+00:00,0.23778512740314217,0.2379877197515694,0.24101280955054216,0.23762456408981492,0.6049460041983633,0.05470165321395035,0.33731321435097705,44.87686806839267,0.20091984543945784,0.359607166319861,-0.15868732088040316,28.254065647799045,0.7111023938394718,0.006350987809251416,0.024365883528770838,0,1,1,1111.390635696625,0.0,USDJPY=X,0.0,113.78500366210938,0,2022-01-18 00:00:00+00:00
2022-01-19 00:00:00+00:00,0.23754213575323013,0.2337155961881534,0.23730298632426794,0.23734913202430574,0.615379952810767,0.09028772372452125,0.38325841200062516,48.5096919494357,0.15898331732581994,0.3194823965210528,-0.16049907919523287,37.60148981805167,0.7120949710024449,0.006206652635859057,0.02238374467729134,0,2,1,1040.7702703908153,0.0,USDJPY=X,0.0,114.01100158691406,0,2022-01-19 00:00:00+00:00
2022-01-20 00:00:00+00:00,0.23415632026101707,0.22986582691529556,0.23336623538040424,0.2339949925263709,0.5770165703574426,0.08500346197987309,0.37793559731452886,48.289849587434745,0.12295929838282404,0.28017777689340706,-0.15721847851058302,37.00190263974445,0.7003022638103059,0.00621623833031337,0.021307601688001367,0,3,1,933.0862639738904,0.0,USDJPY=X,0.0,113.875,0,2022-01-20 00:00:00+00:00
2022-01-21 00:00:00+00:00,0.22766006333356104,0.22153275693374241,0.2275504092238454,0.22825888487842105,0.551220377222979,0.08593653669224421,0.4120935516124283,45.58080495318539,0.07682122741225328,0.23950646699717631,-0.16268523958492304,29.70028714520613,0.6914238184181636,0.006124360613419708,0.02085438663879727,0,4,1,794.0976314690121,0.0,USDJPY=X,0.0,114.72100067138672,1,2022-01-21 00:00:00+00:00
2022-01-24 00:00:00+00:00,0.22506811120217463,0.2210779329177952,0.22544428269458616,0.2248886743892311,0.5311753550304714,0.06200382240517495,0.4276438601622029,41.31243586537394,0.011558082678476467,0.19391679013343635,-0.18235870745495988,17.213372839346697,0.6940361761148572,0.006065493858141134,0.021925400652741255,0,0,1,626.7872470673972,0.0,USDJPY=X,0.0,115.35199737548828,1,2022-01-24 00:00:00+00:00
2022-01-25 00:00:00+00:00,0.22877787436194597,0.22357946500550563,0.2284576256983033,0.22855063518120478,0.5509467499022178,0.07785542202957384,0.39713621655859366,39.001511004896436,-0.0562977254024446,0.14387388702626017,-0.20017161242870476,10.779497893999844,0.68046200658768,0.0060995399549824214,0.023303121667374894,0,1,1,452.0063183403746,0.0,USDJPY=X,0.0,115.26200103759766,1,2022-01-25 00:00:00+00:00
2022-01-26 00:00:00+00:00,0.22676905275155912,0.22736429482758513,0.23028825011290777,0.22634693141111084,0.610214190412898,0.07288178998586753,0.3942298090063073,42.748911564313275,-0.09079121379593857,0.09694086686182042,-0.18773208065775898,19.40530483515985,0.6653571590189171,0.005968388989802384,0.02430479186830906,0,2,1,317.85842097524034,0.0,USDJPY=X,0.0,115.12100219726562,1,2022-01-26 00:00:00+00:00
2022-01-27 00:00:00+00:00,0.24015040268511956,0.24529749766236564,0.2415960731122544,0.2400551160826241,0.5607716993335783,0.09153024252828865,0.38507046171723625,41.112077438954245,-0.1276304983732075,0.05202659381481484,-0.17965709218802234,15.190929999339447,0.6599028538894967,0.005842872966137582,0.025563889208850676,0,3,1,151.15002106498724,0.0,USDJPY=X,1.0,114.73600006103516,0,2022-01-27 00:00:00+00:00
2022-01-28 00:00:00+00:00,0.25069656164343423,0.24836749780488532,0.2521425264273147,0.25027948071907535,0.6948669133654093,0.15462364010585122,0.4661125329318983,53.1334489521085,-0.08755147406104413,0.024110980239643046,-0.11166245430068718,52.35868786335207,0.7274814220129031,0.005752241089491186,0.02538370264785829,0,4,1,96.92475641378326,0.0,USDJPY=X,1.0,114.38200378417969,0,2022-01-28 00:00:00+00:00
2022-01-31 00:00:00+00:00,0.24860678401540115,0.24685691199279214,0.25277436438609246,0.24882122369719584,0.6648671388059769,0.08282786846373458,0.5423346899713805,59.735660437635715,-0.004816872075480205,0.018325409776618395,-0.0231422818520986,85.18497845842563,0.7433039988375952,0.006306621805991278,0.025488779222072544,0,0,1,129.74182678848774,0.0,USDJPY=X,0.0,114.95700073242188,0,2022-01-31 00:00:00+00:00
2022-02-01 00:00:00+00:00,0.24706775450130913,0.2406030198083915,0.24292451489256406,0.24653654685577853,0.5671901093004383,0.06231563771566238,0.5516635312497673,58.47049979406643,0.052879383119389445,0.02523620444517261,0.027643178674216836,81.29311430450417,0.7188537829608027,0.006448820878922054,0.025604928768706348,0,1,2,118.41975782604788,0.0,USDJPY=X,0.0,115.2239990234375,0,2022-02-01 00:00:00+00:00
2022-02-02 00:00:00+00:00,0.24027993231335332,0.23417042020410062,0.23684937808703888,0.24029815891960404,0.56029876831475,0.09696981912340773,0.5230753911758165,56.453175285480256,0.08623261707042218,0.037435486970222524,0.048797130100199655,74.8282424055858,0.7170785301879329,0.006244332217756501,0.02545772373919527,0,2,2,101.22535118749596,0.0,USDJPY=X,1.0,115.06300354003906,0,2022-02-02 00:00:00+00:00
2022-02-03 00:00:00+00:00,0.2344964591321046,0.23698066254350714,0.239003955414389,0.2345621748946638,0.5273113023790554,0.09370583604442716,0.503912147590584,51.253298411208135,0.08066893916102913,0.04608217740838385,0.03458676175264528,57.17568947906027,0.7321444497322658,0.006249812873086691,0.023263115224294688,0,3,2,27.91661639093732,0.0,USDJPY=X,1.0,115.53099822998047,1,2022-02-03 00:00:00+00:00
2022-02-04 00:00:00+00:00,0.24423281072001046,0.24440408449316542,0.24637515106884678,0.24387914664025412,0.5313396320015962,0.09992317250144644,0.41125930353796275,46.96939300894965,0.04715160886564718,0.04629606369983652,0.0008555451658106561,40.9447717128185,0.7257773726866575,0.006400870989405848,0.020839494608208428,0,4,2,-38.398309092385134,0.0,USDJPY=X,1.0,115.60199737548828,1,2022-02-04 00:00:00+00:00
2022-02-07 00:00:00+00:00,0.2487202460370792,0.24354314104935448,0.24861080932361457,0.24820545748610878,0.6575063759399611,0.10023380220238828,0.4071243830042002,53.7338500384522,0.06622295440435266,0.05028144184073975,0.01594151256361291,67.30868792589587,0.748507468799162,0.006313468236493083,0.018674795843646574,0,0,2,-6.037421485190286,1.0,USDJPY=X,1.0,116.0469970703125,1,2022-02-07 00:00:00+00:00
2022-02-08 00:00:00+00:00,0.24580422264116097,0.24752278922376902,0.25099231436855396,0.24559676473638814,0.6154461994542444,0.07055206722880367,0.43438986377311906,56.508080553508584,0.10170922321906062,0.06056699811640393,0.041142225102656686,79.5507017224733,0.7274713910542999,0.006496107366026321,0.017607980191823573,0,1,2,57.21526314573025,1.0,USDJPY=X,0.0,115.58399963378906,1,2022-02-08 00:00:00+00:00
2022-02-09 00:00:00+00:00,0.2535154378181772,0.24695432116895955,0.2550909799693031,0.2531799237715797,0.5575934177685262,0.08578003623222771,0.43285586967583833,54.39025505519949,0.11550983146980798,0.07155556478708475,0.04395426668272323,72.16897309247625,0.7149373148168834,0.0063223744268170266,0.017225698863157526,0,2,2,103.81293879320785,1.0,USDJPY=X,1.0,115.53600311279297,0,2022-02-09 00:00:00+00:00
2022-02-10 00:00:00+00:00,0.2544550220107671,0.2589909227288696,0.2577802464612995,0.2543303594994206,0.6425806611739576,0.041025647105689976,0.4983438561661165,59.17952767576604,0.16233883221462975,0.08971221827259375,0.072626613942036,93.62677879300936,0.7010129811204208,0.006188272634792799,0.017710677053649516,0,3,2,209.73119088458154,1.0,USDJPY=X,0.0,115.63500213623047,0,2022-02-10 00:00:00+00:00
2022-02-11 00:00:00+00:00,0.2617289510955203,0.25642445119038104,0.2624945585551379,0.26154091878351493,0.5888817631211939,0.1303802961178401,0.5312698222936635,59.8680204359748,0.20284195457983856,0.11233816553404272,0.09050378904579584,74.53261533576075,0.7108689744123214,0.006064021358069202,0.019163396156893716,0,4,2,292.98755259497824,0.0,USDJPY=X,1.0,115.38700103759766,0,2022-02-11 00:00:00+00:00
2022-02-14 00:00:00+00:00,0.25379081187514774,0.2492446761113909,0.2502470125509815,0.25403873281964673,0.6391920934173653,0.06060598875093663,0.5208362847687203,63.96985920983376,0.2677621320362249,0.14342295883447917,0.12433917320174573,89.54318580451543,0.7003785470059167,0.0061256990043577625,0.021133811873452823,0,0,2,386.2617384798439,0.0,USDJPY=X,0.0,114.86599731445312,0,2022-02-14 00:00:00+00:00
2022-02-15 00:00:00+00:00,0.2535154378181772,0.2516000944348502,0.25407029963605043,0.2532610204659127,0.5172734689329478,0.10940212081835513,0.46482267099585667,57.39664116660597,0.2786398301835362,0.17046633310429057,0.10817349707924565,70.82022154164586,0.7237086813087865,0.006059476650963484,0.021721236594623446,0,1,2,452.4499137605667,0.0,USDJPY=X,1.0,114.96099853515625,0,2022-02-15 00:00:00+00:00
2022-02-16 00:00:00+00:00,0.25510304094285696,0.2500569149671181,0.2562573834937525,0.2548651526391843,0.57286579399377,0.09526135576822756,0.4735138838372195,56.74568559713161,0.2801580782800812,0.19240468213944872,0.08775339614063249,63.022261683982904,0.7158013892007927,0.0062639234681007615,0.022239227463569697,0,2,2,506.00252457183785,0.0,USDJPY=X,1.0,114.60900115966797,0,2022-02-16 00:00:00+00:00
2022-02-17 00:00:00+00:00,0.25111778012914154,0.24606090799975955,0.24767120991777958,0.25084666308736847,0.5926504670924617,0.05951878479764016,0.44522643202989304,57.80859128227887,0.2860522622392665,0.21113419815941228,0.07491806407985421,67.66792928388838,0.6920300924623991,0.006190179236192703,0.022747528242824624,0,3,2,603.4552373482418,0.0,USDJPY=X,0.0,115.09600067138672,0,2022-02-17 00:00:00+00:00
2022-02-18 00:00:00+00:00,0.24240221594541844,0.2417725495736489,0.24647242346195286,0.24240457138110005,0.5459686871623914,0.10365191452229419,0.42090857059090586,54.214507539709466,0.26762679437061365,0.22243271740165257,0.04519407696896108,56.03013096371825,0.6978852340861786,0.005997470133025715,0.022528398153861994,0,4,2,670.3634319645332,0.0,USDJPY=X,1.0,114.89800262451172,0,2022-02-18 00:00:00+00:00
2022-02-21 00:00:00+00:00,0.24402220147715692,0.23920607803516014,0.2466668446491902,0.24394392509731277,0.5091001271647684,0.07412549439918051,0.3476286118106715,47.529107895030116,0.2085794579335527,0.2196620655080326,-0.011082607574479902,31.58130276319841,0.6908933226601012,0.006075646844171583,0.021224370437094516,0,0,2,621.8516410073757,0.0,USDJPY=X,0.0,115.57099914550781,1,2022-02-21 00:00:00+00:00
2022-02-22 00:00:00+00:00,0.2379795454424667,0.24125278610692336,0.24224410253672057,0.23824033030090197,0.5921869084004103,0.047707742504576454,0.389804599860338,48.76965198797407,0.16751877083316913,0.20923340657305992,-0.04171463573989079,36.039367879877126,0.6634723143660203,0.00600980620787509,0.018747201663161257,0,1,2,570.7444888170838,0.0,USDJPY=X,0.0,115.58499908447266,1,2022-02-22 00:00:00+00:00
2022-02-23 00:00:00+00:00,0.24638735316216054,0.24048925183927983,0.24938849407256392,0.246131434253142,0.5317039675518707,0.10971275051929698,0.36660184324713363,44.56541989714859,0.10536010829865461,0.18845874691817888,-0.08309863861952427,14.164394651026035,0.6665100977497531,0.00578900703830148,0.017190719602657487,0,2,2,511.7126114728851,1.0,USDJPY=X,1.0,115.0780029296875,0,2022-02-23 00:00:00+00:00
2022-02-24 00:00:00+00:00,0.24337418254506682,0.24765279205557533,0.24042966958780476,0.242923169906599,0.6454102090170534,0.03387642154584515,0.3962258526372248,50.87516628137961,0.09430858037255518,0.16962871360905415,-0.07532013323649897,31.7019353579415,0.6600448335480408,0.00579090579917474,0.013949027187624181,0,3,2,486.79635486377066,1.0,USDJPY=X,0.0,114.83300018310547,0,2022-02-24 00:00:00+00:00
2022-02-25 00:00:00+00:00,0.25359639383582344,0.2477339663690481,0.2523855220116178,0.2538280792111962,0.5525692222492327,0.18834474680122543,0.3999557274057015,48.46008169075382,0.0687805182253527,0.14945907453231386,-0.08067855630696116,25.340427486648533,0.699470058711741,0.005744615384699737,0.013679413490566875,0,4,2,439.5632744815266,1.0,USDJPY=X,1.0,115.51899719238281,0,2022-02-25 00:00:00+00:00
2022-02-28 00:00:00+00:00,0.25426060397144257,0.2479939720326605,0.25142973114009437,0.25405492743391145,0.6704204289360649,0.07443612410012235,0.49137163522705896,56.090099543284325,0.10168240832366848,0.1399037412905848,-0.03822133296691632,60.57592062217642,0.7018646316316054,0.006052297409240915,0.01385164234317081,0,0,2,381.393755760981,1.0,USDJPY=X,0.0,115.4739990234375,0,2022-02-28 00:00:00+00:00
2022-03-01 00:00:00+00:00,0.24606340549460226,0.24178878443634355,0.24537078580025762,0.2458398075733681,0.5812080044253446,0.08609185154271513,0.48511891371073157,56.23524529648168,0.12741827281016072,0.1374066475945,-0.009988374784339282,61.308903242299685,0.6913029332645041,0.0060722813270834885,0.014142956185277045,0,1,3,337.1758549808406,1.0,USDJPY=X,1.0,114.94999694824219,0,2022-03-01 00:00:00+00:00
2022-03-02 00:00:00+00:00,0.24173800580979932,0.2485299703620807,0.24660195518746142,0.2418699018643462,0.5111052079764897,0.08484814712940217,0.4733500217965053,49.81351220277918,0.10568550160947154,0.1310624183974943,-0.025376916788022758,34.76454680902907,0.7037811033494056,0.006007255215289835,0.014227004083992752,0,2,3,282.2319762870934,1.0,USDJPY=X,1.0,115.37300109863281,1,2022-03-02 00:00:00+00:00
2022-03-03 00:00:00+00:00,0.2527864628684411,0.2504792692576763,0.25794228471715974,0.2529854647773939,0.546212461434895,0.13752952167768492,0.4171617526889849,47.019230752545056,0.06790962984045734,0.11843186068608692,-0.05052223084562958,23.915466952333674,0.7167254628409101,0.006128735661588573,0.014076529859159156,0,3,3,187.5762182070493,1.0,USDJPY=X,1.0,115.72200012207031,0,2022-03-03 00:00:00+00:00
2022-03-04 00:00:00+00:00,0.25251108881147055,0.2461420823132323,0.24426914813856238,0.25225633626645405,0.6722327295879329,0.0473971128036346,0.4849146263058485,54.6841723955749,0.09226265834166725,0.11319802021720299,-0.02093536187553574,75.94462796916784,0.7346024203988696,0.006204394777140345,0.012445135921041003,0,4,3,181.58252839419978,1.0,USDJPY=X,0.0,115.90899658203125,1,2022-03-04 00:00:00+00:00
2022-03-07 00:00:00+00:00,0.24371432141615434,0.24513502510517027,0.24736344847072234,0.2437656607173917,0.5732658333735304,0.13706239151672658,0.42989981219616985,54.13095782781966,0.10670164259808246,0.11189874469337889,-0.0051971020952964325,72.85197420166746,0.7451305442836044,0.006361626224183757,0.012257849019512632,0,0,3,188.57595852274085,1.0,USDJPY=X,1.0,116.17900085449219,1,2022-03-07 00:00:00+00:00
2022-03-08 00:00:00+00:00,0.250712876443937,0.2500893846925074,0.25530159262222885,0.25061981486465323,0.5087492030464457,0.09774639337576234,0.3888902023685857,48.03661092018129,0.07499752862273112,0.10451850147924935,-0.029520972856518224,38.67206852135237,0.7370495164622867,0.006482214563425431,0.01259491549492044,0,1,3,163.94171568401225,1.0,USDJPY=X,1.0,117.52899932861328,1,2022-03-08 00:00:00+00:00
2022-03-09 00:00:00+00:00,0.2567554088816537,0.2527696242001076,0.2593031094288467,0.2562748258182699,0.6365557100118,0.06899773311454885,0.45988079644854585,52.669178926734475,0.08304737122450945,0.10022427542830137,-0.01717690420379192,69.19181354793963,0.7434034101664314,0.006388405514667858,0.012427898363731918,0,2,3,200.02112459528075,1.0,USDJPY=X,0.0,118.21800231933594,1,2022-03-09 00:00:00+00:00
2022-03-10 00:00:00+00:00,0.25949332903875044,0.2568143357555501,0.2632073538423585,0.2593048257848918,0.6263698268931404,0.0562548017186596,0.5055047243469457,56.14314880943407,0.11624819711295231,0.10342905976523156,0.01281913734772075,85.65804133961538,0.7308746518300457,0.006424045638532398,0.012677158097253796,0,3,3,232.87194957546635,1.0,USDJPY=X,0.0,118.29199981689453,1,2022-03-10 00:00:00+00:00
2022-03-11 00:00:00+00:00,0.26351084866255103,0.2726357671375397,0.26855350389497445,0.26367984409655,0.6044555148528411,0.05749850613197257,0.46704040973059996,57.92511242143476,0.15585257092998006,0.11391376199818126,0.0419388089317988,84.17760670836483,0.7120980566518951,0.006305590362977479,0.013265340778836758,0,4,3,295.75484817663863,1.0,USDJPY=X,0.0,118.87000274658203,1,2022-03-11 00:00:00+00:00
2022-03-14 00:00:00+00:00,0.2853000063158053,0.28717390078516014,0.2898894061093984,0.28555456478581265,0.6155528558507969,0.15757580787434436,0.491086906002027,60.42545355263045,0.20664434342248228,0.13245987828304148,0.0741844651394408,64.1817959872159,0.7508771156633669,0.00612931813334975,0.01368674516608269,0,0,3,357.1242374730141,1.0,USDJPY=X,1.0,118.48600006103516,1,2022-03-14 00:00:00+00:00
2022-03-15 00:00:00+00:00,0.2968669526783032,0.2932653204123654,0.29439310555031084,0.2967188351646639,0.7600441651502898,0.09199618707970142,0.6349714731170184,70.01884198016987,0.35177573184736843,0.1763230489959069,0.17545268285146154,85.4595537061728,0.83152855407441,0.006388866747379517,0.021131907548889894,0,1,3,522.0221185330097,0.0,USDJPY=X,1.0,119.26300048828125,1,2022-03-15 00:00:00+00:00
2022-03-16 00:00:00+00:00,0.29838966739189243,0.29435367586415007,0.30131056936856493,0.29791785473529897,0.6704992747910447,0.10707002684220011,0.654560373533739,73.54381512260352,0.5164370213906437,0.24434584347485427,0.27209117791578946,94.6269659466815,0.836776427304586,0.00703385726167362,0.02938358982966931,0,2,3,773.9665034598444,0.0,USDJPY=X,1.0,119.59400177001953,1,2022-03-16 00:00:00+00:00
2022-03-17 00:00:00+00:00,0.3077695653082082,0.3024268641123402,0.30536066057224853,0.30728353394669283,0.5890589801474917,0.05112704043402794,0.6329672957370793,73.89875052219668,0.6454627663207901,0.3245692280440415,0.32089353827674866,94.57143593188633,0.8005068525236222,0.0070738209566144905,0.035575475817260206,0,3,3,1033.1211133014663,0.0,USDJPY=X,0.0,121.33999633789062,1,2022-03-17 00:00:00+00:00
2022-03-18 00:00:00+00:00,0.30119235236310615,0.3087781654729085,0.30638134090550095,0.3010613406247833,0.6553173681228243,0.08951114947216662,0.662373716547543,76.54568145067032,0.7853041076933209,0.41671620397389736,0.36858790371942357,97.05547852642295,0.7937564546103835,0.006734304988872728,0.042206864864702535,0,4,3,1291.7423646420175,0.0,USDJPY=X,1.0,121.12699890136719,1,2022-03-18 00:00:00+00:00
2022-03-21 00:00:00+00:00,0.3137636477323107,0.307218751142482,0.31634453065884927,0.31365147879698485,0.5290824782024761,0.14048168944617806,0.6122522522287881,71.36757297756337,0.8552843847627116,0.5044298401316603,0.35085454463105137,80.94132385643596,0.8016309456105905,0.006699158163846356,0.04566676514410338,0,0,3,1501.8158148037867,0.0,USDJPY=X,1.0,122.34600067138672,1,2022-03-21 00:00:00+00:00
2022-03-22 00:00:00+00:00,0.3191582848349108,0.334557020617656,0.3243475642720848,0.3190148630708276,0.6813134437931249,0.029992364674526466,0.5672869010111812,75.04600115137467,0.9623483466371425,0.5960135414327568,0.36633480520438577,97.34066107478193,0.8020143928200459,0.006721539306646561,0.050165462902029445,0,1,3,1797.08023547994,0.0,USDJPY=X,0.0,122.2699966430664,1,2022-03-22 00:00:00+00:00
2022-03-23 00:00:00+00:00,0.3462286175690872,0.3398038555939946,0.34109868611817884,0.3473061124531762,0.6224883337316007,0.2147624986958295,0.5398475337125763,76.43488758231287,1.0616680959750084,0.6891444523412071,0.3725236436338013,78.15024788005259,0.8670846102274311,0.006706142289329257,0.053808464386961866,0,2,3,2123.920470858344,0.0,USDJPY=X,1.0,123.66000366210938,1,2022-03-23 00:00:00+00:00
2022-03-24 00:00:00+00:00,0.3441712223481126,0.35286374922466135,0.3468012956138926,0.3438548052696533,0.8063807705203863,0.10427435953372348,0.664318785684834,82.09573033017617,1.26666555063143,0.8046486719992517,0.4620168786321782,100.6166173380447,0.9269358402865209,0.007145909315943074,0.0621091052207478,0,3,3,2564.2326937059684,0.0,USDJPY=X,1.0,123.125,1,2022-03-24 00:00:00+00:00
2022-03-25 00:00:00+00:00,0.36380571396224326,0.35687599105471457,0.3506407741646502,0.363606918883155,0.5520234699620729,0.17451342584249413,0.6045852624239638,79.58410932273398,1.395849908481381,0.9228889192956776,0.4729609891857033,86.55834269364819,0.940939956640218,0.007652594786413538,0.06757056018681963,0,4,3,2943.285991007792,0.0,USDJPY=X,1.0,122.02100372314453,0,2022-03-25 00:00:00+00:00
2022-03-28 00:00:00+01:00,0.3625096760980633,0.4008154610422161,0.36590141597457415,0.3623753864609809,0.7358420251150315,0.17606775995674895,0.7243285698841568,82.82299501360946,1.5783979094368306,1.0539907173239083,0.5244071921129223,99.94303499542866,0.96108707207691,0.007690810909034294,0.07526930359002319,0,0,3,3369.8220497602547,0.0,USDJPY=X,1.0,121.75599670410156,0,2022-03-28 00:00:00+01:00
2022-03-29 00:00:00+01:00,0.38502793229802723,0.38707320745737883,0.36426521274720725,0.38489838621286965,0.5696624446495635,0.4500395993588223,0.6594414617328295,81.95003690948376,1.6973694075337846,1.1826664553658837,0.514702952167901,70.60991692685731,1.099295404296026,0.007860367207521392,0.08115077877637901,0,1,3,3726.0032244133927,0.0,USDJPY=X,1.0,122.61000061035156,0,2022-03-29 00:00:00+01:00
2022-03-30 00:00:00+01:00,0.37636081812791855,0.36780812623039494,0.35224459446064005,0.376229446283886,0.7561304353281377,0.3342660128425226,0.7368458455912947,85.05291101714761,1.8821212049119254,1.3225574052750921,0.5595637996368332,84.89446073774216,1.1744172308864884,0.008889660130528209,0.08739425950869029,0,2,3,4135.165489758662,0.0,USDJPY=X,1.0,122.80899810791016,0,2022-03-30 00:00:00+01:00
2022-03-31 00:00:00+01:00,0.35847596527073367,0.3579481116438046,0.3518395606204767,0.35834082591790994,0.5120374390847506,0.26526827972797373,0.5669075579344931,79.39561627112164,1.9627427345993311,1.4505944711399401,0.512148263459391,78.32677630834924,1.2579589836817056,0.009538414057961327,0.0903485445978752,0,3,3,4495.478846242858,0.0,USDJPY=X,1.0,123.65599822998047,1,2022-03-31 00:00:00+01:00
2022-04-01 00:00:00+01:00,0.35418282439601545,0.3673857719398368,0.35916205827889414,0.3540467806775751,0.4398728015792405,0.17482524115298156,0.5023244542798323,69.17116003747681,1.9154722330998624,1.5435700235319247,0.3719022095679376,60.01584598028905,1.2991047444036596,0.010309364333175863,0.0909555507048645,0,4,4,4733.301742265282,0.0,USDJPY=X,1.0,123.7229995727539,1,2022-04-01 00:00:00+01:00
2022-04-04 00:00:00+01:00,0.3680177752223417,0.3662649467626631,0.36799135103814495,0.3678846458862155,0.5455468103206326,0.19487271295918657,0.3948056458735525,66.94261795128645,1.8354680354418633,1.6019496259139125,0.23351840952795078,54.869976704768426,1.295883364955463,0.010669739311163612,0.08916271340113927,0,0,4,4989.87446526227,0.0,USDJPY=X,1.0,124.09600067138672,1,2022-04-04 00:00:00+01:00
2022-04-05 00:00:00+01:00,0.37124155508228895,0.3755401345014997,0.37012973689980644,0.3711091048470232,0.6884103716285662,0.09945604234048809,0.4617953802901355,70.2670739931083,1.8199953370865387,1.6455587681484378,0.1744365689381009,64.47771980637773,1.2870348888662895,0.010569148996856426,0.0851959255646959,0,1,4,5215.868736092145,0.0,USDJPY=X,0.0,124.38500213623047,1,2022-04-05 00:00:00+01:00
2022-04-06 00:00:00+01:00,0.38496304388693714,0.3843929679497786,0.3890517511379139,0.38483348413280116,0.6045659517934242,0.1676772012026823,0.37666083066636535,70.99895130055981,1.8030066092676833,1.677048336372287,0.1259582728953963,66.13898534738286,1.2721754239737755,0.010479972222681875,0.0813634190501786,0,2,4,5387.272532493224,0.0,USDJPY=X,1.0,125.47200012207031,1,2022-04-06 00:00:00+01:00
2022-04-07 00:00:00+01:00,0.38604847250826335,0.3835970878869954,0.38775581588795616,0.38591914140358363,0.6865880733895341,0.07086269692974552,0.4752926707747332,73.93935118277253,1.8367162298680029,1.7089819150714303,0.1277343147965726,78.70620791204249,1.2695200801436175,0.01028802033208071,0.07784616232086579,0,3,4,5493.784139496579,0.0,USDJPY=X,0.0,125.41600036621094,1,2022-04-07 00:00:00+01:00
2022-04-08 00:00:00+01:00,0.39209112854295336,0.39423674767367434,0.3905908055711498,0.3919630703455719,0.5877509435283654,0.07567982851343533,0.5601904517721158,74.16251697011246,1.8475404986522506,1.7366936317875945,0.11084686686465606,77.63223639200855,1.2136257538275554,0.010260986918580895,0.0733050769947861,0,4,4,5594.550578288429,0.0,USDJPY=X,0.0,125.37699890136719,1,2022-04-08 00:00:00+01:00
2022-04-11 00:00:00+01:00,0.3967729818993466,0.41228359454731667,0.4006188847862271,0.39664590995126914,0.6262118970800108,0.15027245307357417,0.6066267343140495,75.42423062221027,1.8647215319365245,1.7622992118173806,0.10242232011914387,82.43911571088485,1.1960098334578977,0.009779733007200656,0.06780624747076808,0,0,4,5674.855252091212,0.0,USDJPY=X,1.0,126.17900085449219,1,2022-04-11 00:00:00+01:00
2022-04-12 00:00:00+01:00,0.4143824606995614,0.4119911191583152,0.4098692792523546,0.4142590982517358,0.6155435781056858,0.2267288558393641,0.5648462654711999,76.38639124191478,1.8799863155292655,1.7858366325597577,0.09414968296950788,73.19309208032783,1.2295091964628582,0.00961538620345875,0.06522645589014674,0,1,4,5721.393040655754,0.0,USDJPY=X,1.0,126.61799621582031,1,2022-04-12 00:00:00+01:00
2022-04-13 00:00:00+01:00,0.4134752589140298,0.42099019030109464,0.4179370787283445,0.41335170536087484,0.7152372221270161,0.1351974277015299,0.6283478385600709,79.6185257629309,1.9572336483765724,1.8201160357231208,0.13711761265345168,93.95520661288907,1.2386866881147858,0.009799072265259837,0.06512320609669403,0,2,4,5740.860674792072,0.0,USDJPY=X,1.0,127.0979995727539,1,2022-04-13 00:00:00+01:00
2022-04-14 00:00:00+01:00,0.4128434311854692,0.41597089126297915,0.41404890218154655,0.41271974453552285,0.5723827251423691,0.14389980176608397,0.5626985785519357,79.01846157028587,1.990983189047327,1.854289466387962,0.13669372265936497,82.65752540005556,1.2163515584670779,0.00987662407107433,0.06363785243222359,0,3,4,5733.571338634571,0.0,USDJPY=X,1.0,129.33299255371094,1,2022-04-14 00:00:00+01:00
2022-04-15 00:00:00+01:00,0.4258359450403808,0.4270653750656055,0.42924490172769136,0.42571499531036117,0.5744875415246599,0.1331783346454079,0.5550818373724843,78.57429736633055,1.9916246417899117,1.8817565014683522,0.10986814032155956,81.62207801312513,1.1906837513123425,0.009701552670151001,0.061861361775826365,0,4,4,5794.760246302627,0.0,USDJPY=X,1.0,128.01300048828125,1,2022-04-15 00:00:00+01:00
2022-04-18 00:00:00+01:00,0.4329477148958949,0.42899843909850643,0.43238777645691684,0.43282826328585755,0.6788092193354683,0.09355052119395624,0.5851866188199951,80.94609762027737,2.033407991147598,1.9120867994042015,0.12132119174339673,90.85507404628974,1.1980633918087267,0.009436465206167085,0.05832902949262474,0,0,4,5904.184236727284,0.0,USDJPY=X,0.0,128.4080047607422,1,2022-04-18 00:00:00+01:00
2022-04-19 00:00:00+01:00,0.44072381848400166,0.4626391814159154,0.44495927537381874,0.44060600493824453,0.6334335487307168,0.08189597936090903,0.5954677394065669,82.1132906285333,2.0779910658654472,1.9452676526964507,0.1327234131689965,96.87207342198914,1.156130296753472,0.009462030893038523,0.05649621346712209,0,1,4,5994.990472360158,0.0,USDJPY=X,0.0,128.60499572753906,1,2022-04-19 00:00:00+01:00
2022-04-20 00:00:00+01:00,0.476930933887608,0.47097225139746834,0.45260584954395666,0.4768207475013624,0.63828297062873,0.2831377867989491,0.551473785749919,83.31669053670305,2.1275308814725378,1.9817202984516682,0.14581058302086958,76.71077005565331,1.2337635766868176,0.009096368948684165,0.05480692124291889,0,2,4,6059.343843831177,0.0,USDJPY=X,1.0,127.74400329589844,0,2022-04-20 00:00:00+01:00
2022-04-21 00:00:00+01:00,0.4555469271135051,0.45995906583856483,0.45772519547795865,0.45543223610906947,0.8528120846326118,0.2895092524968937,0.7124719810745979,87.52520999450601,2.320388799514859,2.0494539986643066,0.27093480085055255,99.46271283030563,1.3082085602926141,0.009539434233491857,0.06291151332322034,0,3,4,6229.17256147723,0.0,USDJPY=X,1.0,127.26599884033203,0,2022-04-21 00:00:00+01:00
2022-04-22 00:00:00+01:00,0.46194603681978563,0.46585566711343507,0.45740111896623814,0.4618326938109003,0.4205925857227383,0.135042112851059,0.62253721672311,75.42381420610981,2.3397466184081566,2.1075125226130766,0.23223409579507992,80.79319533794514,1.322335739893644,0.010219341436437716,0.06483786489180522,0,4,4,6352.433906281156,0.0,USDJPY=X,1.0,128.3939971923828,0,2022-04-22 00:00:00+01:00
2022-04-25 00:00:00+01:00,0.4651373106757011,0.46200589784057744,0.4528326536625715,0.4650246399201692,0.6273137842309668,0.19456208325824473,0.5929402309094036,76.47214835442642,2.3597595339378756,2.1579619248780366,0.201797609059839,86.10887419717952,1.3173122249556495,0.010297922955484765,0.06786715484749214,0,0,4,6452.399121652358,0.0,USDJPY=X,1.0,130.81100463867188,1,2022-04-25 00:00:00+01:00
2022-04-26 00:00:00+01:00,0.45118914502164387,0.4517072941007343,0.44504023270226156,0.45107353603468536,0.6031831760845844,0.20155480835807305,0.5755606559968937,76.99908638022569,2.3642617011892497,2.1992218801402794,0.1650398210489703,86.89058055554472,1.315861687437891,0.010243087506075508,0.06989071809889903,0,1,4,6535.234349738154,0.0,USDJPY=X,1.0,130.01100158691406,1,2022-04-26 00:00:00+01:00
2022-04-27 00:00:00+01:00,0.4434454238405956,0.4580423605986077,0.4485233754088962,0.4433281836108278,0.47520203316829535,0.17777859453102027,0.48207734565318366,69.65607851265972,2.2721627299739566,2.213810050107015,0.05835267986694159,72.2128794707017,1.333371353283566,0.010300770709290431,0.0717199275851333,0,2,4,6459.839362736857,0.0,USDJPY=X,1.0,130.11199951171875,1,2022-04-27 00:00:00+01:00
2022-04-28 00:00:00+01:00,0.4617191127764291,0.5009745255175484,0.4664894751765054,0.46160572196517546,0.5211281201885611,0.20497292067797895,0.2964818505138548,65.89871951778554,2.135980414418526,2.1982441229693173,-0.06226370855079111,62.95912485085732,1.3323448454876416,0.010477043086397445,0.07133218823831798,0,3,4,6371.388108336335,0.0,USDJPY=X,1.0,130.11599731445312,1,2022-04-28 00:00:00+01:00
2022-04-29 00:00:00+01:00,0.5008748811769594,0.4942984029728388,0.4841804436263839,0.500769738669611,0.7171709182014403,0.4433563183503903,0.4635176236812486,70.00986874183914,2.0949259854213835,2.1775804954597304,-0.0826545100383469,59.14150179846199,1.5196769423571068,0.010377002621791458,0.0685689466240802,0,4,4,6374.582797742242,0.0,USDJPY=X,1.0,129.22300720214844,0,2022-04-29 00:00:00+01:00
2022-05-02 00:00:00+01:00,0.4879147497291063,0.4887916862631374,0.4867075482635457,0.4878068771233022,0.8720991609022846,0.20978886665212318,0.6021771942674696,76.537093536876,2.231696744909115,2.1884037453496075,0.04329299955950772,93.54144732730481,1.5837000440609519,0.011617347841298073,0.06860543804612697,0,0,5,6529.542184968014,0.0,USDJPY=X,1.0,130.3300018310547,0,2022-05-02 00:00:00+01:00
2022-05-03 00:00:00+01:00,0.48955092646437404,0.4856892163952282,0.4883761344222899,0.48944339852510343,0.48420917244554695,0.13286651933492047,0.5336204353766472,71.02684643743888,2.2496029740551933,2.2006435910907247,0.048959382964468556,80.13149125312567,1.5559362783579374,0.012181277159088937,0.06813286558567198,0,1,5,6576.3605604758595,0.0,USDJPY=X,0.0,130.74899291992188,1,2022-05-03 00:00:00+01:00
2022-05-04 00:00:00+01:00,0.4896156912784906,0.48435721407277565,0.4897369591339764,0.48950817698216187,0.5914058617088666,0.08718024110555718,0.6006199687707067,71.30769361163041,2.2460523843500084,2.2097253497425817,0.0363270346074267,81.78991466097406,1.4848697326660756,0.011958437993398137,0.06605892967572366,0,2,5,6567.3391993958485,0.0,USDJPY=X,0.0,130.3769989013672,0,2022-05-04 00:00:00+01:00
2022-05-05 00:00:00+01:00,0.4751491599175508,0.4881584026877994,0.47308298608201405,0.47503859819418914,0.5798018807822122,0.06138374861283683,0.6346028849602093,71.3195445824031,2.217993457769495,2.2113789713479646,0.006614486421530508,78.55207157898478,1.40702219979428,0.01141189218323071,0.06460209988382218,0,3,5,6407.809504224053,0.0,USDJPY=X,0.0,130.3509979248047,1,2022-05-05 00:00:00+01:00
2022-05-06 00:00:00+01:00,0.49308258638532365,0.4942171047291164,0.49650869976103396,0.49297580240295935,0.4725865494024214,0.25750016598533637,0.4941837049075595,64.87387174872325,2.099498011087846,2.189002779295941,-0.08950476820809516,59.70171761657234,1.4248786811984833,0.010888325773081738,0.06076196475080428,0,4,5,6259.213351208618,0.0,USDJPY=X,1.0,129.8350067138672,0,2022-05-06 00:00:00+01:00
2022-05-09 00:00:00+01:00,0.4998702849763057,0.502663942679781,0.49535848770227275,0.4997649308471426,0.7125554205199588,0.09075366827593402,0.4048969392511913,68.65570013362395,2.0710410587447683,2.1654104351857066,-0.09436937644093835,78.69457184452205,1.4361005949437924,0.010932852460522002,0.05736651817982093,0,0,5,6124.830494106575,0.0,USDJPY=X,0.0,128.58799743652344,0,2022-05-09 00:00:00+01:00
2022-05-10 00:00:00+01:00,0.49384394374211826,0.4897176930879761,0.4899315039201886,0.49373732014242866,0.6293230163695259,0.1825957261147101,0.48730788591520974,69.97341496091792,2.0585679087702715,2.14404192990262,-0.08547402113234837,86.54510005898926,1.417450770430508,0.010983645555291903,0.05431040671436787,0,1,5,5987.336762432183,0.0,USDJPY=X,1.0,129.4320068359375,0,2022-05-10 00:00:00+01:00
2022-05-11 00:00:00+01:00,0.4934227252564112,0.4938599377498356,0.4866427824007915,0.4933160129255272,0.535075517405356,0.11079995447259344,0.4552396428629557,67.26947675364214,1.995661297950889,2.114365803512274,-0.1187045055613849,77.85567767265054,1.3829178924365877,0.010871938933820971,0.052471228304152885,0,2,5,5853.112470351078,0.0,USDJPY=X,0.0,128.92300415039062,0,2022-05-11 00:00:00+01:00
2022-05-12 00:00:00+01:00,0.4850636147442784,0.4794840287989115,0.4538046359997834,0.4849551415366016,0.576222388752139,0.18197446671282638,0.4532077376514227,67.07437610149337,1.92155876088286,2.0758043949863914,-0.15424563410353143,77.2483198751067,1.367781275049934,0.010609185310835509,0.0490542702869084,0,3,5,5679.960480250041,0.0,USDJPY=X,1.0,129.45399475097656,0,2022-05-12 00:00:00+01:00
2022-05-13 00:00:00+01:00,0.46486193661873054,0.47199566739847487,0.46645709224512855,0.4647492078546598,0.517759725476885,0.35944006032381365,0.4790224269668596,63.15951136979379,1.8004414200182168,2.0207317999927565,-0.2202903799745397,65.1952616111734,1.4676539582843695,0.0105347649271839,0.043495189175353964,0,4,5,5462.360563777352,0.0,USDJPY=X,1.0,127.91400146484375,0,2022-05-13 00:00:00+01:00
2022-05-16 00:00:00+01:00,0.4785349754097643,0.474708500561714,0.47196515695463015,0.4784251269206534,0.42994870750241854,0.16643349678936933,0.31952942346721347,54.83048445054502,1.585554542002626,1.9336963483947305,-0.34814180639210446,36.06632461206981,1.467750775507919,0.01141361548156053,0.03927878087755782,0,0,5,5006.3420320738915,0.0,USDJPY=X,1.0,127.83200073242188,0,2022-05-16 00:00:00+01:00
2022-05-17 00:00:00+01:00,0.4702890797253625,0.4770800298176181,0.47413604934664333,0.4701774942085708,0.681405690739121,0.1395509859528981,0.3485473994101281,58.791483736746464,1.466455264399471,1.8402481315956787,-0.37379286719620763,53.44336489422785,1.4354833250949652,0.011339936785252643,0.03485952933678541,0,1,5,4680.143384397352,1.0,USDJPY=X,0.0,127.90299987792969,0,2022-05-17 00:00:00+01:00
2022-05-18 00:00:00+01:00,0.4788911818874073,0.4719307279476963,0.4624717669041991,0.47878140843447636,0.5181623475914989,0.1414147641585492,0.33903527605469325,55.62355400778594,1.315827920827445,1.7353640894420321,-0.4195361686145871,35.77555695631863,1.3979490634531373,0.011134423484426816,0.03163577328079346,0,2,5,4374.346596086324,1.0,USDJPY=X,0.0,127.84600067138672,0,2022-05-18 00:00:00+01:00
2022-05-19 00:00:00+01:00,0.4539431327852963,0.46389013335514484,0.4447972371179585,0.4538281039357981,0.6433796527783038,0.2040410315751534,0.3766641143447314,58.156580490575124,1.2251780793767182,1.6333268874289695,-0.4081488080522513,49.97317470711472,1.3918815260664175,0.0107988097713191,0.031516902468611434,0,3,5,4091.4537408894844,1.0,USDJPY=X,1.0,126.76899719238281,0,2022-05-19 00:00:00+01:00
2022-05-20 00:00:00+01:00,0.4526147125140576,0.45326658450091095,0.45302707484980864,0.45249940382803566,0.3943101379925664,0.2966596636662841,0.3069332490710771,49.35716032314974,1.0173455131995581,1.5101306125830873,-0.4927850993835292,20.6006197998526,1.4656753758019077,0.010881385228566758,0.03210374459740007,0,4,5,3744.0356319675298,1.0,USDJPY=X,1.0,127.1520004272461,0,2022-05-20 00:00:00+01:00
2022-05-23 00:00:00+01:00,0.4537649059495008,0.44756504943887476,0.4470328953727263,0.453649839555877,0.5693538915709591,0.11608303060769602,0.3854944901425255,48.93260226087288,0.8363786805518885,1.3753802261768477,-0.5390015456249593,18.69184936554872,1.414340993141392,0.011465637457007823,0.0331590726450548,0,0,5,3237.2889730412367,1.0,USDJPY=X,0.0,127.04499816894531,0,2022-05-23 00:00:00+01:00
2022-05-24 00:00:00+01:00,0.4528415129604406,0.4494656437463864,0.4344775879215126,0.4527262520507509,0.5879620413808996,0.11903638398573474,0.3332116162740098,49.338934536291006,0.6907279180843773,1.2384497645583536,-0.5477218464739764,20.344530577088715,1.3680308393692948,0.011057918848590226,0.034192770705438115,0,1,5,2766.4062363178587,1.0,USDJPY=X,0.0,127.28500366210938,0,2022-05-24 00:00:00+01:00
2022-05-25 00:00:00+01:00,0.4353939461955183,0.4391508051438491,0.43906236828984246,0.43527500989293144,0.5723931259450422,0.2576542952262617,0.3636911213673517,49.00184104967407,0.5641955843690027,1.1035989285204835,-0.5394033441514807,29.47502080182128,1.3887432623245015,0.01070061505393242,0.03399195369429806,0,2,5,2340.998622315123,1.0,USDJPY=X,1.0,127.78399658203125,1,2022-05-25 00:00:00+01:00
2022-05-26 00:00:00+01:00,0.44159863786247433,0.44150609953705855,0.4373450841350581,0.4414810086005765,0.4483060373608041,0.11499582665439956,0.2545516156415203,43.02085715631851,0.3727161783253621,0.9574223784814593,-0.5847062001560972,7.6423880800150945,1.3731900021319592,0.01095491242402876,0.03586334779992899,0,3,5,1928.2265100360173,0.0,USDJPY=X,0.0,128.73599243164062,1,2022-05-26 00:00:00+01:00
2022-05-27 00:00:00+01:00,0.439865190309058,0.4358370342004112,0.43909475122121977,0.43974719589017774,0.6263123799271485,0.15400119509442195,0.3848079676146718,45.56537494147812,0.24900218744463132,0.8157383402740938,-0.5667361528294624,15.406493880088712,1.3458905244406139,0.010799594166964537,0.038157350005059605,0,4,5,1559.6442985228048,0.0,USDJPY=X,0.0,130.1219940185547,1,2022-05-27 00:00:00+01:00
2022-05-30 00:00:00+01:00,0.4437533039015982,0.44550210650441713,0.4422214344847566,0.44363612852787626,0.5662360945653026,0.0829831833142055,0.38305108313672753,44.961282427245344,0.1407018470617345,0.6807310416316219,-0.5400291945698874,14.871303024300742,1.2878980999828022,0.010593809625238763,0.0389840361072589,0,0,5,1212.0618862376054,0.0,USDJPY=X,0.0,129.91799926757812,1,2022-05-30 00:00:00+01:00
2022-05-31 00:00:00+01:00,0.45183704035676,0.46291554587247186,0.4549062736614786,0.45172156785129247,0.6087048789587147,0.1454541358803388,0.3947233918846329,46.66917187349255,0.07339345052342594,0.5592635234099828,-0.4858700728865568,20.337145418721267,1.2627623077895553,0.010118223380042908,0.039873955941768735,0,1,5,833.62741278886,0.0,USDJPY=X,0.0,130.70700073242188,1,2022-05-31 00:00:00+01:00
2022-06-01 00:00:00+01:00,0.46725947071079243,0.48302521175032265,0.473488143521152,0.4671472469959299,0.6402942807030066,0.1903662110764386,0.43302164914387214,50.13379240414667,0.059628262226212314,0.4593364711732287,-0.39970820894701636,39.70335423838725,1.2863508800428682,0.009882006679756037,0.03930140307017389,0,2,6,548.4854273020912,0.0,USDJPY=X,1.0,132.17599487304688,1,2022-06-01 00:00:00+01:00
2022-06-02 00:00:00+01:00,0.48971283849966607,0.484081097476718,0.4852656426244413,0.4896053446677502,0.6951909523819579,0.2045057905170206,0.5740056160719651,56.00593739561523,0.1241067350422469,0.39229052394703234,-0.26818378890478545,62.9429311305602,1.361040155212797,0.00999216191016608,0.03776994183917915,0,3,6,285.42677664533136,0.0,USDJPY=X,1.0,132.8470001220703,1,2022-06-02 00:00:00+01:00
2022-06-03 00:00:00+01:00,0.48640810262207257,0.49691357909941125,0.48798753924576443,0.4862999126356191,0.7467661221573636,0.10163282146617218,0.6430946062042836,62.86263333580511,0.2837739644377848,0.37058721204518286,-0.08681324760739806,98.44271009520128,1.3670378101417937,0.010459724087987156,0.038458434134892916,0,4,6,221.07092162737166,0.0,USDJPY=X,0.0,134.42999267578125,1,2022-06-03 00:00:00+01:00
2022-06-06 00:00:00+01:00,0.49919000723413065,0.5083654777418172,0.5005914210940436,0.49908450980200647,0.5549420221756899,0.1982884540600013,0.6365413753862439,61.34713638698816,0.38936239520322147,0.3743422486767906,0.015020146526430855,77.00382219941417,1.3605340892583395,0.010522312672982695,0.03779571616061287,0,0,6,208.48804595766933,0.0,USDJPY=X,1.0,134.41799926757812,1,2022-06-06 00:00:00+01:00
2022-06-07 00:00:00+01:00,0.5229878629007989,0.5296775149010635,0.5269006988533227,0.5228873785728438,0.6737756383080697,0.18694454192789597,0.6741675198479424,64.87433969974728,0.5305914832240717,0.40559209558624687,0.12499938763782481,81.66171901170111,1.3889241975590831,0.01040903763099553,0.03746125065341709,0,1,6,214.9320474433969,0.0,USDJPY=X,1.0,134.81399536132812,1,2022-06-07 00:00:00+01:00
2022-06-08 00:00:00+01:00,0.5338582167206187,0.5531984848287688,0.5372041565840804,0.5337600222719214,0.7541162569018222,0.13846259639005606,0.7401244240618816,70.30718278442231,0.7523791447919734,0.4749495054273922,0.2774296393645812,87.6893466211402,1.4526443162602203,0.010508142563202379,0.04230407575752289,0,2,6,352.26834287232276,0.0,USDJPY=X,0.0,134.22500610351562,1,2022-06-08 00:00:00+01:00
2022-06-09 00:00:00+01:00,0.5595028583654078,0.5551151900687255,0.5446238030366293,0.5594100660530101,0.6582780393462483,0.26464702032609005,0.7186538981968884,72.40659849260933,0.9710977696485656,0.5741791582716269,0.39691861137693873,80.24610563535241,1.5103132769291332,0.010934716741254345,0.048922805886732645,0,3,6,592.6272396879252,0.0,USDJPY=X,1.0,135.29400634765625,1,2022-06-09 00:00:00+01:00
2022-06-10 00:00:00+01:00,0.5593085639230568,0.5523049477293189,0.5477990606972316,0.559215730681834,0.7646464758164719,0.21181151653688193,0.7289955260589752,76.60847440381579,1.25767048264251,0.7108774231458036,0.5467930594967064,98.48066479094419,1.5243623808929005,0.011234942789677243,0.06000244324472364,0,4,6,974.6905539939888,0.0,USDJPY=X,1.0,134.11500549316406,0,2022-06-10 00:00:00+01:00
2022-06-13 00:00:00+01:00,0.5657237412358933,0.5649265000672323,0.5513955436636864,0.5656322593749199,0.577936470131085,0.1544683252553803,0.7424746478713642,76.5134086799331,1.4669040972096923,0.8620827579585814,0.6048213392511109,98.33372281059253,1.4899793013704166,0.011340463250449373,0.06887670699218484,0,0,6,1413.810551965028,0.0,USDJPY=X,0.0,132.42100524902344,0,2022-06-13 00:00:00+01:00
2022-06-14 00:00:00+01:00,0.5561820548812584,0.5618401411317682,0.5561098557575246,0.556088563029624,0.6251418349265988,0.24071667725811194,0.7141406033690318,77.50594819637722,1.6457061434835794,1.018807435063581,0.6268987084199984,95.994769839169,1.4941958677345835,0.011052111447160793,0.07698153940705156,0,1,6,1861.3421608883873,0.0,USDJPY=X,1.0,135.2760009765625,1,2022-06-14 00:00:00+01:00
2022-06-15 00:00:00+01:00,0.5734999684209732,0.56698944300169,0.5625414520061471,0.5734101246503169,0.5113765399062323,0.16596873784750216,0.573880229454908,72.59213607609809,1.7200538327503523,1.1590567146009352,0.5609971181494171,89.13728994526451,1.4637539073857961,0.011132023093984776,0.08244088320117593,0,2,6,2271.0462335503894,0.0,USDJPY=X,0.0,135.08700561523438,0,2022-06-15 00:00:00+01:00
2022-06-16 00:00:00+01:00,0.5544000337172545,0.5570318953086821,0.5179904487656293,0.5543061664764315,0.7031880751082525,0.15353643615255474,0.5995863678162663,75.61402657602358,1.8439780665204069,1.2960409849848296,0.5479370815355773,100.10458508084959,1.4349141681863642,0.010819059520083118,0.08855939878923948,0,3,6,2731.3187690270724,0.0,USDJPY=X,0.0,136.2689971923828,1,2022-06-16 00:00:00+01:00
2022-06-17 00:00:00+01:00,0.5269570561079586,0.5690523859361476,0.5283586723591411,0.5268574079048756,0.44379368533421315,0.48562566986939326,0.41665003768945574,66.85851976983264,1.8260043573891096,1.4020336594656857,0.4239706979234239,86.09627995658997,1.600063818840463,0.010699132158328866,0.09116726660254885,0,4,6,3037.60802254354,0.0,USDJPY=X,1.0,136.0240020751953,1,2022-06-17 00:00:00+01:00
2022-06-20 00:00:00+01:00,0.5732082795635001,0.5690523859361476,0.566623926141208,0.5731183743475332,0.38288080137328084,0.5011666397928503,0.30639707194354804,56.699690834389834,1.6559793024700014,1.452822788066549,0.2031565144034524,61.451265894976146,1.7161311248886888,0.012083157168543418,0.09105692936199689,0,0,6,3246.1626855931286,0.0,USDJPY=X,1.0,134.83999633789062,0,2022-06-20 00:00:00+01:00
2022-06-21 00:00:00+01:00,0.5701465353358186,0.583947810493298,0.573039454523117,0.5700559851523821,0.9146363418350845,0.13411140935777902,0.467489077197859,66.05975017837608,1.7316461772804246,1.5085874659093241,0.22305871137110045,97.94310954389786,1.8071929955718626,0.01268614619370675,0.09129610903633183,0,1,6,3617.2365513070245,0.0,USDJPY=X,0.0,135.06199645996094,0,2022-06-21 00:00:00+01:00
2022-06-22 00:00:00+01:00,0.5892949200531516,0.5882687625750473,0.586096944608625,0.5892084035460516,0.5575954371272742,0.21507194278722577,0.49387781768448796,65.05718358603872,1.7561189286951162,1.5580937584664827,0.19802517022863353,81.74082947489322,1.776964026370859,0.013377992852393623,0.09182738196507366,0,2,6,3879.693144633876,0.0,USDJPY=X,1.0,135.43499755859375,0,2022-06-22 00:00:00+01:00
2022-06-23 00:00:00+01:00,0.585325974039939,0.5815438115120046,0.5624930012080562,0.5852386214600396,0.7154063478954726,0.13115687037019472,0.5007890675435096,68.29770519796776,1.849569911841627,1.6163889891415115,0.23318092270011537,95.27529975807057,1.7577519963064228,0.013040119638234104,0.08990187423683327,0,3,6,4222.867324548167,0.0,USDJPY=X,0.0,136.0469970703125,0,2022-06-23 00:00:00+01:00
2022-06-24 00:00:00+01:00,0.5661449597216004,0.5667782658564109,0.5637240469962852,0.5660535665918209,0.5513624620622496,0.293239180127287,0.5627071755527766,66.91256908896156,1.8821650042537783,1.669544192163965,0.2126208120898132,90.67298753025216,1.7732690569078613,0.012922366416882231,0.08729601236986007,0,4,6,4352.6541320657725,0.0,USDJPY=X,1.0,136.58900451660156,1,2022-06-24 00:00:00+01:00
2022-06-27 00:00:00+01:00,0.569741384456667,0.5711153288706052,0.5663972456215682,0.5696507489267357,0.44394879025740513,0.1401722453547818,0.5982444441874029,60.52411406248897,1.7918026958543294,1.693995892902038,0.09780680295229138,65.23368779962881,1.7647503355578578,0.013150912971432387,0.08116334988573948,0,0,6,4416.837229653662,0.0,USDJPY=X,0.0,135.78599548339844,1,2022-06-27 00:00:00+01:00
2022-06-28 00:00:00+01:00,0.5757840404913575,0.5835254562027399,0.5759390864700897,0.5756946778687244,0.6049296432129032,0.15602147376008954,0.423356314212223,61.270754088210914,1.7182960229902449,1.6988559189196795,0.0194401040705654,69.6314679015555,1.710410868927609,0.013066224265987489,0.07277962421316651,0,1,6,4449.057866468936,0.0,USDJPY=X,0.0,135.04299926757812,0,2022-06-28 00:00:00+01:00
2022-06-29 00:00:00+01:00,0.585698495318085,0.594798647425256,0.5870689269458373,0.5856112212111368,0.6222754712122155,0.1832169855165938,0.45999176919256024,62.552334075987254,1.670878677212869,1.6932604705783174,-0.022381793365448432,77.02054856631582,1.6768813293222886,0.012629016869791189,0.06371618805419786,0,2,6,4455.612625951352,0.0,USDJPY=X,0.0,135.83999633789062,0,2022-06-29 00:00:00+01:00
2022-06-30 00:00:00+01:00,0.5944790715098716,0.5915824095882356,0.5850599492107094,0.5943936470629831,0.6496022933582689,0.18430300386034468,0.4229409122386355,64.6209438245936,1.6635074565020034,1.6873098677630547,-0.023802411261051315,82.56885357433835,1.6686752672250493,0.012325750405616336,0.05601063349618348,0,3,6,4377.819723582857,0.0,USDJPY=X,0.0,135.52099609375,0,2022-06-30 00:00:00+01:00
2022-07-01 00:00:00+01:00,0.5814702428544574,0.5782301644988168,0.5706255665468003,0.5813820780508705,0.6412848463562527,0.17280496248731397,0.47389194421727643,66.39162429611827,1.6820119948911838,1.6862502931886807,-0.00423829829749689,92.51394990074782,1.6289127132603138,0.012216761320800401,0.05175269828663391,0,4,7,4347.330096868716,0.0,USDJPY=X,0.0,135.96600341796875,0,2022-07-01 00:00:00+01:00
2022-07-04 00:00:00+01:00,0.569433627992638,0.5748837998997405,0.5706579494781776,0.5693429276326973,0.48789045669082665,0.18352761521753563,0.49910847225559357,61.48206759764485,1.613283924087085,1.6716570193683618,-0.058373095281276655,77.7798309493212,1.6406331814258717,0.01199617609652145,0.043568594859154264,0,0,7,4409.397886614136,0.0,USDJPY=X,0.0,135.91299438476562,1,2022-07-04 00:00:00+01:00
2022-07-05 00:00:00+01:00,0.58234506223293,0.5842078161569106,0.582921439750073,0.582257081713202,0.4942234288412915,0.15120315656685415,0.43605549834158236,57.262661103116024,1.481781789584403,1.63368197341157,-0.15190018382716697,64.14686522702011,1.5940159065388675,0.012148968775308917,0.03499039828160545,0,1,7,4227.488734687164,1.0,USDJPY=X,0.0,136.30099487304688,1,2022-07-05 00:00:00+01:00
2022-07-06 00:00:00+01:00,0.5771772255767127,0.5779865176281485,0.5735254456917227,0.5770881564335453,0.6711119481946256,0.12276749722567366,0.463642039846279,60.401951507554564,1.425444763436758,1.5920345314166076,-0.1665897679798496,78.77067287097776,1.5731577670093055,0.01173451081796179,0.030432467557167046,0,2,7,4116.492469203574,1.0,USDJPY=X,0.0,137.38800048828125,1,2022-07-06 00:00:00+01:00
2022-07-07 00:00:00+01:00,0.5843863898473489,0.5819173372842297,0.5831646825323253,0.5842988393406492,0.5428011971763694,0.15337993569253824,0.4032296285317433,58.54817922917647,1.3396143700456093,1.541550499142408,-0.2019361290967987,69.31395688200287,1.5312893202028373,0.011608221695190572,0.026952643557640297,0,3,7,3885.1193908305463,1.0,USDJPY=X,0.0,136.7259979248047,1,2022-07-07 00:00:00+01:00
2022-07-08 00:00:00+01:00,0.5835276380754322,0.5874404127868753,0.5797137991580934,0.5834399066695724,0.6303935047587031,0.09852178201857138,0.3971077602064834,60.37515913592154,1.292601234476905,1.4917606462093076,-0.1991594117324027,61.85736946986333,1.470697129990246,0.011262295586460313,0.026945458125641857,0,4,7,3718.5752351569463,1.0,USDJPY=X,0.0,137.6280059814453,1,2022-07-08 00:00:00+01:00
2022-07-11 00:00:00+01:00,0.5898132857600342,0.6069490169542777,0.594504888463049,0.589726878448541,0.5732605565038118,0.18446187553945234,0.4455353550191421,60.03571582067418,1.2368084420296555,1.4407702053733773,-0.20396176334372185,59.896242019159665,1.4504338863302286,0.010820872107539228,0.026774063051941455,0,0,7,3693.015531114198,1.0,USDJPY=X,1.0,138.9669952392578,1,2022-07-11 00:00:00+01:00
2022-07-12 00:00:00+01:00,0.6074228881572221,0.6030018385052522,0.598166137292258,0.6073401903720173,0.6237229177865616,0.2292138934468989,0.5193714499865636,61.73167538416298,1.209953063057469,1.3946067769101957,-0.18465371385272666,58.15691268283193,1.4776886610510604,0.010641403517862713,0.027272020179527443,0,1,7,3595.2174802636664,1.0,USDJPY=X,1.0,138.31399536132812,1,2022-07-12 00:00:00+01:00
2022-07-13 00:00:00+01:00,0.5966983787661388,0.6087846718110113,0.6019732329116385,0.5966134218243317,0.7033560020291307,0.15633210346103138,0.5377001963551961,66.07522360543499,1.2618365837326166,1.36805273827468,-0.10621615454206346,89.65529438814312,1.4579254729988642,0.010755587502542498,0.028853260753852986,0,2,7,3580.5334600744914,1.0,USDJPY=X,0.0,138.22900390625,1,2022-07-13 00:00:00+01:00
2022-07-14 00:00:00+01:00,0.6113110017497623,0.6334589366412797,0.6161322370598672,0.6112291230097158,0.5043843413275072,0.1751358708539234,0.5156366258305679,61.497248270199144,1.235296840351964,1.3415015586901369,-0.10620471833817291,67.54582440176736,1.434287860739459,0.010663118171576124,0.029956328860192238,0,3,7,3444.3101171271414,1.0,USDJPY=X,0.0,138.1909942626953,1,2022-07-14 00:00:00+01:00
2022-07-15 00:00:00+01:00,0.6330027649878942,0.6285371707095813,0.6290765104845302,0.6329254556960475,0.6819270612663193,0.2753696730563117,0.5449943675086999,65.05039028556882,1.272381195892848,1.3276774861306793,-0.055296290237831336,63.87867328448751,1.5211959404411048,0.010421482535559124,0.030746901445099284,0,4,7,3381.1262645106526,1.0,USDJPY=X,1.0,138.39500427246094,0,2022-07-15 00:00:00+01:00
2022-07-18 00:00:00+01:00,0.6224241000255475,0.6181897384514046,0.6208465491537054,0.6223445622997537,0.7306352632507582,0.10411785907370696,0.6352745711585609,69.54354622293401,1.3937497776846612,1.3408919444414757,0.05285783324318549,91.04989674238891,1.5158247408030125,0.010946454860177987,0.028350033542706047,0,0,7,3488.882393190871,1.0,USDJPY=X,0.0,137.09800720214844,0,2022-07-18 00:00:00+01:00
2022-07-19 00:00:00+01:00,0.6210472297406948,0.6173774995956776,0.612584452089453,0.6209674019722071,0.5062433716214962,0.08407157287704754,0.5674188202399355,65.14498311415801,1.4208647756902906,1.356886510691239,0.06397826499905168,76.79535007661049,1.4840514839962127,0.010959301239495749,0.031182214840133376,0,1,7,3566.641107850909,0.0,USDJPY=X,0.0,136.31199645996094,0,2022-07-19 00:00:00+01:00
2022-07-20 00:00:00+01:00,0.6204314696186897,0.6170203326163968,0.621138242734049,0.6203515121381107,0.5697672694228256,0.15555434359913117,0.49122865550372863,64.57251860310495,1.4191365836862815,1.3693365252902474,0.049800058396034075,74.94004396775698,1.4495472223742734,0.010736180121812421,0.03261210325210381,0,2,7,3569.890003884503,0.0,USDJPY=X,0.0,136.43099975585938,0,2022-07-20 00:00:00+01:00
2022-07-21 00:00:00+01:00,0.6237364526902303,0.6251746951780599,0.6180277509362004,0.623657191416261,0.5750474463918129,0.0700861226773909,0.5317004585704707,64.30038362112957,1.3985779821040296,1.3751848166530038,0.023393165451025766,74.11031909932716,1.378222708513276,0.010489447811763657,0.03451021645590534,0,3,7,3576.6316659001122,0.0,USDJPY=X,0.0,136.97000122070312,0,2022-07-21 00:00:00+01:00
2022-07-22 00:00:00+01:00,0.6027249671942734,0.61010031534052,0.5835856606402281,0.6026412797750653,0.6022840576994997,0.1779339093814912,0.48639690037378785,65.14934885589258,1.3828069077732437,1.376709234877052,0.006097672896191675,78.55436220587892,1.361564248795252,0.009958616033566806,0.03630587848118452,0,4,7,3509.5805263225293,0.0,USDJPY=X,0.0,136.11099243164062,0,2022-07-22 00:00:00+01:00
2022-07-25 00:00:00+01:00,0.5899915125958293,0.5913226517851222,0.5890939725476789,0.5899051428284621,0.4335703398742925,0.3641030626665781,0.3187977240139633,56.02719417020867,1.2512280159191107,1.3516129910854637,-0.10038497516635303,48.228182010405945,1.4642390332005017,0.009931320495327486,0.03477496861814332,0,0,7,3381.0390964454073,0.0,USDJPY=X,1.0,134.39700317382812,0,2022-07-25 00:00:00+01:00
2022-07-26 00:00:00+01:00,0.5919193781885701,0.5921510015732947,0.5948613479061469,0.5918334145330466,0.49015822335204395,0.13162400053115308,0.3097653514407366,51.33599861428671,1.07117842017891,1.295526076904153,-0.22434765672524293,30.37238854861017,1.4426507139345062,0.010741820758458294,0.03329447409501261,0,1,7,3251.0292932541893,0.0,USDJPY=X,0.0,133.40699768066406,0,2022-07-26 00:00:00+01:00
2022-07-27 00:00:00+01:00,0.600651257172796,0.600419132104069,0.5990570387020524,0.6005671329190891,0.5929017047735688,0.0842257021179729,0.3226896077894586,51.9914171830115,0.9273999010218859,1.2219008417276995,-0.2945009407058137,26.71651705224801,1.3783179620463273,0.010574214925611494,0.032117900433510954,0,2,7,3032.7302822073707,0.0,USDJPY=X,0.0,131.57200622558594,0,2022-07-27 00:00:00+01:00
2022-07-28 00:00:00+01:00,0.5867352267318502,0.585279812815751,0.5634810514119826,0.5866481710161155,0.6407677811005889,0.1230781269266155,0.3594470130078187,54.9508799266557,0.8471815210884017,1.14695697759984,-0.29977545651143833,40.12449944013209,1.3450097192913442,0.010062918520570134,0.0315594364996084,0,3,7,2881.7315747886487,0.0,USDJPY=X,0.0,133.37899780273438,0,2022-07-28 00:00:00+01:00
2022-07-29 00:00:00+01:00,0.5589684250519693,0.5566744804689026,0.5342718945077807,0.5588755201592657,0.4817861873903014,0.3195028027809657,0.29188599626067024,49.69331871285381,0.706152955106063,1.0587961731010846,-0.35264321799502163,34.966061217420894,1.4357237031393955,0.009881712676269345,0.032093809737961804,0,4,7,2607.407476774381,0.0,USDJPY=X,1.0,133.96200561523438,0,2022-07-29 00:00:00+01:00
2022-08-01 00:00:00+01:00,0.5429302345759321,0.5358014042536579,0.5192054266871446,0.5428339511805318,0.3834775087711678,0.3260283977198357,0.26371193884699895,41.21904020011115,0.45088467395413545,0.9372138732716948,-0.48632919931755936,27.03299700636957,1.5873856156662691,0.010682706230305155,0.03562782941123423,0,0,8,2142.2401335962804,0.0,USDJPY=X,1.0,132.62100219726562,0,2022-08-01 00:00:00+01:00
2022-08-02 00:00:00+01:00,0.5132031848962519,0.5195737295135552,0.4998945700745625,0.5131006393905679,0.46475980857556864,0.27086435678310933,0.24952548410805445,37.26599611228777,0.16677507332397568,0.783126113282151,-0.6163510399581753,23.017440853783313,1.6722158684953528,0.011898818227406552,0.040731514742460354,0,1,8,1662.471787984877,0.0,USDJPY=X,1.0,135.0570068359375,1,2022-08-02 00:00:00+01:00
2022-08-03 00:00:00+01:00,0.5424766336831661,0.5547253055035566,0.5308536412628748,0.5423802547351013,0.3654015623270489,0.3008555358480902,0.12349982392785719,31.278319692058062,-0.2040995739944833,0.5856809758268242,-0.7897805498213075,12.764197554024808,1.7654150925230285,0.012709511061405158,0.05335433783023797,0,2,8,1036.9567384767577,0.0,USDJPY=X,1.0,134.83999633789062,1,2022-08-03 00:00:00+01:00
2022-08-04 00:00:00+01:00,0.5519214200105726,0.5524187156984306,0.5426637704954911,0.5518270306408282,0.792920238184526,0.3401703483795089,0.2062995245913523,41.283255806961115,-0.3481974815626927,0.39890528434892086,-0.7471027659116136,34.116160100548285,1.8505991968935935,0.013236080054627881,0.056152626643193114,0,3,8,590.1640897501627,0.0,USDJPY=X,1.0,135.18699645996094,1,2022-08-04 00:00:00+01:00
2022-08-05 00:00:00+01:00,0.5301970271714351,0.569766967755208,0.5348874174018952,0.5300980614799478,0.6473050648615063,0.20481642021796245,0.2981864121127479,44.11044041037996,-0.4106188943974871,0.23700044859963929,-0.6476193429971264,41.86331674286706,1.8125559088342296,0.013814358693679788,0.0580570985232172,0,4,8,169.79102192524093,0.0,USDJPY=X,1.0,132.8300018310547,0,2022-08-05 00:00:00+01:00
2022-08-08 00:00:00+01:00,0.5696605520359945,0.5707742728237695,0.5639185917824974,0.5695698994784222,0.4236381526814794,0.44537659701605786,0.32086439811626644,39.40999731123444,-0.5618197737567527,0.07723640412836089,-0.6390561778851136,25.969023091614098,1.8878017235212936,0.013667186032406568,0.06339311270931527,0,0,8,-334.76213638555316,0.0,USDJPY=X,1.0,132.99400329589844,0,2022-08-08 00:00:00+01:00
2022-08-09 00:00:00+01:00,0.5661449597216004,0.5651213184195671,0.5688435165292618,0.5660535665918209,0.8649954016288864,0.17653489011770732,0.5462681612109781,49.8619563578332,-0.4795543402694591,-0.03412174475120311,-0.445432595518256,54.84186006134614,1.959887541400353,0.013977814019042557,0.06260788821999728,0,1,8,-620.3798814011066,0.0,USDJPY=X,0.0,133.28799438476562,0,2022-08-09 00:00:00+01:00
2022-08-10 00:00:00+01:00,0.5717663972705833,0.5671517916286355,0.5263499418219628,0.5716761883169086,0.5543341137522918,0.07521269835247697,0.6561364024693204,49.05020160434162,-0.42694773734987734,-0.11268694327093796,-0.31426079407893937,52.269734938364486,1.8544665406055731,0.014534912449041768,0.06249383516028825,0,2,8,-894.347925209726,0.0,USDJPY=X,0.0,133.14300537109375,0,2022-08-10 00:00:00+01:00
2022-08-11 00:00:00+01:00,0.5335828426636482,0.5348265689104856,0.521862310247764,0.533484590206412,0.6193472181260246,0.5022526581366011,0.5567275039907409,50.439590985587174,-0.35318531521238583,-0.16078661765922755,-0.19239869755315828,63.3506736298795,1.9528614040556214,0.013717787872850778,0.062263543801881885,0,3,8,-1152.260006114898,0.0,USDJPY=X,1.0,134.27699279785156,1,2022-08-11 00:00:00+01:00
2022-08-12 00:00:00+01:00,0.5362396832061251,0.5439882365407103,0.5402335674545111,0.5361419904219364,0.3081646503252412,0.2360524893058019,0.36284233737601446,42.05128239962524,-0.47939170341956583,-0.2245076348112952,-0.2548840686082706,34.7172834846408,2.05629994494897,0.01470196022837859,0.06507714854768741,0,4,8,-1494.0262955051062,0.0,USDJPY=X,1.0,134.94400024414062,1,2022-08-12 00:00:00+01:00
2022-08-15 00:00:00+01:00,0.5410023689831913,0.5385789290071763,0.5347902686077637,0.5409056794759473,0.5985262822087009,0.14747560015555197,0.4620753017975817,42.76453258633079,-0.5597254610482594,-0.29155120005868806,-0.2681742609895713,37.089643329338195,1.983635767798597,0.015461598974307938,0.06281416102277139,0,0,8,-1715.3965946037772,0.0,USDJPY=X,0.0,135.7949981689453,1,2022-08-15 00:00:00+01:00
2022-08-16 00:00:00+01:00,0.53865353209869,0.5567396677801799,0.5411084009975919,0.5385563478004809,0.6137037921413697,0.14794035909741915,0.321889288299444,44.09295359839084,-0.5928340964198071,-0.3518077793309119,-0.24102631708889521,41.34236542905766,1.9099472022136526,0.014882328877065915,0.06042602973529563,0,1,8,-1819.6709598194066,0.0,USDJPY=X,0.0,137.04100036621094,1,2022-08-16 00:00:00+01:00
2022-08-17 00:00:00+01:00,0.5570242446587259,0.5703030900148778,0.5564826302652857,0.5569309302174072,0.5624061727851446,0.2610735931557132,0.32640960007137554,43.55603987897421,-0.6235840415033351,-0.4061630317653966,-0.21742100973793854,45.36049860831541,1.8935229688105568,0.014345081041923927,0.05757739481948029,0,2,8,-1836.001925692406,0.0,USDJPY=X,1.0,137.54600524902344,1,2022-08-17 00:00:00+01:00
2022-08-18 00:00:00+01:00,0.5678298336644292,0.5689710876924248,0.5683251424292783,0.5677387954594255,0.7117858669781655,0.24335584410657207,0.37798573400092605,48.806616180596535,-0.5501089725082409,-0.4349522199139655,-0.11515675259427538,75.60909047287733,1.9258422597521019,0.014101618820591083,0.05225478228391535,0,3,8,-1879.8762759795566,0.0,USDJPY=X,1.0,136.73300170898438,1,2022-08-18 00:00:00+01:00
2022-08-19 00:00:00+01:00,0.5816160872831939,0.5980961835059992,0.5874414542556488,0.5815279532022621,0.656579623517964,0.11701491971052157,0.5775183965432782,51.655307711246884,-0.4330654159277003,-0.43457485911671245,0.0015094431890121385,88.71848084259015,1.8689967328278445,0.014271418190270549,0.04532183592122921,0,4,8,-1894.7101692969352,1.0,USDJPY=X,0.0,137.08099365234375,1,2022-08-19 00:00:00+01:00
2022-08-22 00:00:00+01:00,0.6018014506082392,0.6053572568287118,0.6020703817057695,0.60171756864693,0.6774029771174692,0.21227627547874914,0.622858445520294,55.089039969376216,-0.26854353097644434,-0.40136859348865883,0.1328250625122145,79.24670764223684,1.8966395879188245,0.013763369476264418,0.04240264684770128,0,0,8,-1723.9429855064423,1.0,USDJPY=X,1.0,136.56300354003906,0,2022-08-22 00:00:00+01:00
2022-08-23 00:00:00+01:00,0.609982581478524,0.6061043083731614,0.5882191390045981,0.6099004229019538,0.7220279581711586,0.1414147641585492,0.6853800124681468,59.61220807498686,-0.037188106449548286,-0.32853249608083673,0.29134438963128845,89.66043316055162,1.8934514034162522,0.013839942665702133,0.04367144422116497,0,1,8,-1503.7250762845356,1.0,USDJPY=X,0.0,137.52000427246094,0,2022-08-23 00:00:00+01:00
2022-08-24 00:00:00+01:00,0.5968118407878169,0.5985024268641124,0.5932572804122076,0.5967269077471944,0.6366360726470041,0.2814281378342233,0.728663555011352,61.31287137520377,0.18478235192495163,-0.22586952647967906,0.4106518784046307,97.51163073044346,1.8875612588781492,0.013765949799764872,0.04619001454476877,0,2,8,-1179.5405795075487,1.0,USDJPY=X,1.0,138.5959930419922,1,2022-08-24 00:00:00+01:00
2022-08-25 00:00:00+01:00,0.6024493459433558,0.5977712383916085,0.5954121049375072,0.6023656004635367,0.4873965285402524,0.16037503201145772,0.598448753658105,57.14129811669751,0.29173006566907134,-0.12234960804992899,0.41407967371900034,83.74823375637075,1.8493791750269197,0.013804723331500755,0.04594019900736437,0,3,8,-976.049397325364,1.0,USDJPY=X,0.0,138.73399353027344,1,2022-08-25 00:00:00+01:00
2022-08-26 00:00:00+01:00,0.5940578530241645,0.6018810133280788,0.5959628619688675,0.5939723398460817,0.6189059288301014,0.13271001887490397,0.5768230752135578,58.444577013065064,0.3999564913984557,-0.01788838816025205,0.41784487955870775,89.63941506660709,1.7782798516293497,0.013491142176261135,0.04769200052895694,0,4,8,-637.1623007361387,0.0,USDJPY=X,0.0,139.29600524902344,1,2022-08-26 00:00:00+01:00
2022-08-29 00:00:00+01:00,0.6113433841568208,0.6272537490449626,0.6241192028063889,0.6094791156850523,0.520555440893787,0.1667441264903112,0.487125039879969,55.728079030645944,0.43887021779579527,0.07346333303095742,0.36540688476483785,80.87032219900237,1.7279025798611818,0.013021680876460613,0.04962852914314454,0,0,8,-305.52331891375457,0.0,USDJPY=X,0.0,140.08099365234375,1,2022-08-29 00:00:00+01:00
2022-08-30 00:00:00+01:00,0.6269924913602627,0.6282446953205798,0.6233899688555304,0.6269139159825883,0.6883123831825875,0.13939211427379045,0.4680912675735776,59.47570404574265,0.5406987488382242,0.1669104161924108,0.37378833264581346,79.53959051664836,1.7781946510959856,0.012564736228758267,0.051855591641375466,0,1,8,-5.7432124416815,0.0,USDJPY=X,0.0,140.48699951171875,1,2022-08-30 00:00:00+01:00
2022-08-31 00:00:00+01:00,0.6292281134170326,0.6253209328725609,0.627002766886648,0.6291500089812117,0.7010106273507387,0.15586734451916417,0.5045535535343536,63.24314346493876,0.7001509898302345,0.27355853091997556,0.42659245891025893,93.67253860345431,1.7608947105461608,0.01283005815728903,0.05196076625143199,0,2,8,416.5155161817552,0.0,USDJPY=X,0.0,140.42999267578125,1,2022-08-31 00:00:00+01:00
2022-09-01 00:00:00+01:00,0.6383327608733511,0.6471200159126442,0.6401250228349107,0.6382565743643707,0.5948097176091182,0.09324107710255997,0.5662338846925874,63.70914311419049,0.8281076165691275,0.38446834804980595,0.4436392685193215,95.02462578009143,1.6779740957582654,0.012692597291679002,0.05504229115773415,0,3,9,767.5241779328812,0.0,USDJPY=X,0.0,143.1510009765625,1,2022-09-01 00:00:00+01:00
2022-09-02 00:00:00+01:00,0.6510496534773451,0.6564926128276483,0.6529558324007789,0.6509761458276799,0.642327333723979,0.1759136307158236,0.5796624725628732,65.62072694172568,0.9637542547797295,0.5003255293957907,0.46342872538393887,87.92249481313287,1.6641194309942822,0.012046103495635093,0.05891207019078283,0,4,9,1191.9579870434811,0.0,USDJPY=X,0.0,144.1280059814453,1,2022-09-02 00:00:00+01:00
2022-09-05 00:00:00+01:00,0.6576269900194207,0.6540886138463549,0.6570219914711766,0.6575548679094323,0.6669686870241405,0.14250078250230008,0.6642678039121848,68.14467664289303,1.1216673139870466,0.6245938863140419,0.49707342767300466,90.87067389578135,1.652324680203396,0.011879694650969797,0.060924300858624776,0,0,9,1595.476253626392,0.0,USDJPY=X,0.0,143.8560028076172,1,2022-09-05 00:00:00+01:00
2022-09-06 00:00:00+01:00,0.6567034734333865,0.6917904265121506,0.6590146541416408,0.656631156781297,0.6244009142057619,0.08049814570667072,0.6273867013672815,69.39612842448415,1.2649937700797977,0.7526738630671931,0.5123199070126047,95.51805987614435,1.5747307402948945,0.011761406293438326,0.06615583192504336,0,1,9,1880.3763975663205,0.0,USDJPY=X,0.0,142.5959930419922,1,2022-09-06 00:00:00+01:00
2022-09-07 00:00:00+01:00,0.7007840868402222,0.7245052859349701,0.7032091979390613,0.7007210559284094,0.5730131097368585,0.42206751334996345,0.5538847669655309,68.98632607973308,1.3583231402762124,0.873803718508997,0.4845194217672154,69.47304474861708,1.6562502172715985,0.011213635422815732,0.07000073152699157,0,2,9,2130.8869421829913,0.0,USDJPY=X,1.0,142.5850067138672,0,2022-09-07 00:00:00+01:00
2022-09-08 00:00:00+01:00,0.7166116680734063,0.7167408079384763,0.7090089562289061,0.7165519712986932,0.8806738310724271,0.31111105841735354,0.7178109714516464,76.20825368259617,1.633025466956525,1.0256480681985025,0.6073773987580224,79.98475454653116,1.863089626975413,0.011569952050441961,0.07855977208638591,0,3,9,2575.011108623665,0.0,USDJPY=X,1.0,144.4040069580078,0,2022-09-08 00:00:00+01:00
2022-09-09 00:00:00+01:00,0.7122051887739835,0.7076931561378625,0.6793298760228126,0.7121445637585053,0.6854699432908671,0.1811967068509262,0.7429283260808988,78.17357733259598,1.9075758319308136,1.2020336209449647,0.7055422109858489,90.61549992705956,1.8266544269180174,0.012926631533466595,0.08429973281471763,0,4,9,3094.867214916226,0.0,USDJPY=X,0.0,142.92300415039062,0,2022-09-09 00:00:00+01:00
2022-09-12 00:00:00+01:00,0.6917929014055817,0.7002045468769267,0.6914964646985262,0.6917279764681126,0.5499727709846455,0.37933340288909334,0.6747334686191886,76.2842614637883,2.079242379432287,1.3774753726424294,0.7017670067898578,87.62645105361206,1.8834654876627126,0.01269779773709447,0.08720868379202777,0,0,9,3567.3779965436943,0.0,USDJPY=X,1.0,143.36500549316406,1,2022-09-12 00:00:00+01:00
2022-09-13 00:00:00+01:00,0.6916149217637337,0.7195510502778828,0.6856480084126408,0.6915499593342107,0.4431021397499111,0.19098509925923116,0.5695618689887871,68.07647129612954,2.089530292844472,1.519886356682838,0.5696439361616341,72.8524156417753,1.8631464545037688,0.013208404019515911,0.0861912025692328,0,1,9,3903.34532945548,0.0,USDJPY=X,0.0,142.76499938964844,0,2022-09-13 00:00:00+01:00
2022-09-14 00:00:00+01:00,0.721082912186946,0.72197140805212,0.696356623582536,0.7210241572959395,0.578125769558787,0.43216890667830143,0.5725029440286274,68.00776237600485,2.0729019105922646,1.6304894674647235,0.44241244312754113,72.30833505206432,1.9287078405659996,0.013066917044389123,0.08190137605693928,0,2,9,4181.465805411242,0.0,USDJPY=X,1.0,143.22300720214844,0,2022-09-14 00:00:00+01:00
2022-09-15 00:00:00+01:00,0.6970905148839801,0.7052078589128468,0.7027232067704552,0.6970267059079063,0.7777323145543877,0.3526026500744563,0.5144155634628531,72.88706252191984,2.1813565945643916,1.7406628928846573,0.4406937016797343,93.29635731995873,1.9530142228386291,0.013356331871918632,0.08094328946158338,0,3,9,4574.97006786392,0.0,USDJPY=X,1.0,143.6020050048828,1,2022-09-15 00:00:00+01:00
2022-09-16 00:00:00+01:00,0.7042509819470553,0.7032259663616123,0.7014434629861857,0.7041886813492064,0.41981781443269134,0.13115924158928588,0.36363133225161304,64.2897544003749,2.1233267743387216,1.8171956691754703,0.30613110516325137,70.28445339011978,1.917371064761986,0.01366479969021342,0.07848961565626186,0,4,9,4803.545315420615,0.0,USDJPY=X,0.0,144.3159942626953,1,2022-09-16 00:00:00+01:00
2022-09-19 00:00:00+01:00,0.6945308215626786,0.7026087937187193,0.6986083497040174,0.6944664733779702,0.6274215033397232,0.12447477497130824,0.4072226723658233,65.5941135415292,2.088923725729728,1.8715412804863218,0.21738244524340633,76.66345884928177,1.8376299082109067,0.013374052183560305,0.07600686409120994,0,0,9,5049.1188036253225,0.0,USDJPY=X,0.0,142.27999877929688,0,2022-09-19 00:00:00+01:00
2022-09-20 00:00:00+01:00,0.7019505950761684,0.7069458567329137,0.7029177515566674,0.7018878098935246,0.5142341394769735,0.14576595119082622,0.4477373708523386,62.269097948115686,1.9903006369296463,1.895293151774987,0.0950074851546594,66.94009338223917,1.7733708819129177,0.01287171166649512,0.07455160485271785,0,1,9,5180.636346001516,0.0,USDJPY=X,0.0,143.51100158691406,0,2022-09-20 00:00:00+01:00
2022-09-21 00:00:00+01:00,0.7080903983320339,0.7115915060685545,0.7096571092523472,0.7080289065211012,0.629218447054631,0.14592008043175156,0.4767187006539615,63.778474027588906,1.9268865821782413,1.901611837855638,0.02527474432260335,70.16640786749483,1.7278445036987138,0.012381885540288502,0.07311351613578443,0,2,9,5295.024564169453,0.0,USDJPY=X,0.0,144.45899963378906,1,2022-09-21 00:00:00+01:00
2022-09-22 00:00:00+01:00,0.7196570975005847,0.7391409526890076,0.6613637762552034,0.71959804225657,0.6204792277502903,0.12571729377507565,0.3883609843721647,65.0252914668894,1.8854778274523483,1.89838503577498,-0.012907208322631814,72.96252559828996,1.6732834147068414,0.012032175342119792,0.06943859070927526,0,3,9,5318.730891936315,0.0,USDJPY=X,0.0,144.6909942626953,0,2022-09-22 00:00:00+01:00
2022-09-23 00:00:00+01:00,0.6866737619569259,0.6974594918487975,0.6838011925323477,0.6866077586542596,0.6566511849305342,0.8525243998444479,0.5231681639405882,67.30832832546636,1.8885045521227823,1.8964089390445407,-0.007904386921758322,72.76673720610776,1.9456197730592546,0.01159458051240668,0.06600250363075344,0,4,9,5320.9863958277465,0.0,USDJPY=X,1.0,144.3979949951172,1,2022-09-23 00:00:00+01:00
2022-09-26 00:00:00+01:00,0.7066161336320591,0.7164483325494744,0.7106290915895594,0.7065543312619471,0.3599105489346738,0.23853989813242785,0.37061379833069746,56.06876097614713,1.7069389040906628,1.8585149320537653,-0.15157602796310243,36.01493633360702,1.9876466879858259,0.013674583847004932,0.05847152212419714,0,0,9,5178.044104690154,0.0,USDJPY=X,1.0,144.43099975585938,1,2022-09-26 00:00:00+01:00
2022-09-27 00:00:00+01:00,0.7219737991719746,0.7221986961298441,0.7210620810458255,0.7219152319495261,0.7138840619189588,0.16285769839990136,0.4833343252250641,60.37695768245071,1.643433974711968,1.815498740585406,-0.172064765873438,56.76271799293522,2.0032428997256777,0.013850134596002065,0.05136695681869146,0,1,9,5153.576442054384,0.0,USDJPY=X,0.0,144.8159942626953,0,2022-09-27 00:00:00+01:00
2022-09-28 00:00:00+01:00,0.7257321359423337,0.7218412812900645,0.7221312121771688,0.7256743604270877,0.6820601415236525,0.11779267957242177,0.5133301565132765,63.35715068946022,1.6505745839271242,1.7825139092537496,-0.13193932532662545,74.04305621227714,1.9550823176721697,0.013867207337749815,0.04720654880100649,0,2,9,5184.688133878164,0.0,USDJPY=X,0.0,144.5189971923828,0,2022-09-28 00:00:00+01:00
2022-09-29 00:00:00+01:00,0.7209855177718234,0.7213054068908935,0.7231358246437076,0.720926742364332,0.6043006703926488,0.10411785907370696,0.5041100560815545,64.0693745534723,1.6558658056018487,1.7571842885233695,-0.10131848292152079,78.27191054988457,1.8632905927631085,0.01351212166061005,0.04231574464040197,0,3,9,5044.154238037181,0.0,USDJPY=X,0.0,143.78700256347656,0,2022-09-29 00:00:00+01:00
2022-09-30 00:00:00+01:00,0.721520198279209,0.7212241086471711,0.7232005905064618,0.7214615355040956,0.547830150511009,0.08935464901215012,0.44230106645095507,62.41924114577671,1.6177679231116997,1.7293010154410355,-0.11153309232933584,72.93104886935721,1.7712696181544714,0.012903853636098726,0.037039692148778,0,4,9,4909.199456602546,1.0,USDJPY=X,0.0,144.44900512695312,0,2022-09-30 00:00:00+01:00
2022-10-03 00:00:00+01:00,0.72775714875625,0.7293135317580561,0.7223418248300946,0.7276997998172605,0.5828788258283777,0.08795562974836622,0.5704963794820911,62.536291860886976,1.5721159114978605,1.6978639946524006,-0.1257480831545401,73.5326676494312,1.68517852133596,0.012263777313378414,0.03264846428942344,0,0,10,4709.397553138152,1.0,USDJPY=X,0.0,145.03900146484375,0,2022-10-03 00:00:00+01:00
2022-10-04 00:00:00+01:00,0.7229457657716227,0.7235145875198521,0.7249015595965829,0.7228874032974459,0.6207807468647457,0.17358272234921418,0.517413786864632,63.94692307208451,1.5491446275993042,1.6681201212417813,-0.11897549364247717,80.5504408533363,1.6445946551356236,0.011636687852855926,0.02858187583623945,0,1,10,4597.157393736622,1.0,USDJPY=X,0.0,145.48199462890625,1,2022-10-04 00:00:00+01:00
2022-10-05 00:00:00+01:00,0.7110873777455988,0.7222636355806227,0.7125406733326067,0.7110265172591939,0.5474279905284712,0.09355170680350182,0.4409541077382651,62.007254429193594,1.4898010391341927,1.6324563048202636,-0.1426552656860709,75.13670625538899,1.5701239658318513,0.011379781807829384,0.021636133412899765,0,2,10,4422.187628939941,1.0,USDJPY=X,0.0,145.6739959716797,1,2022-10-05 00:00:00+01:00
2022-10-06 00:00:00+01:00,0.7218118871366821,0.7269581134345966,0.7260030736593035,0.7217532858068794,0.5005498361511119,0.20015460348474357,0.38224752580492105,57.38704002473844,1.3679362511176407,1.579552294079739,-0.21161604296209835,61.79373070397463,1.5499718528985493,0.010919790647549667,0.02146396077946992,0,3,10,4121.368530154018,1.0,USDJPY=X,0.0,145.8699951171875,1,2022-10-06 00:00:00+01:00
2022-10-07 00:00:00+01:00,0.7313698882918196,0.7300933008883939,0.7320458275334514,0.7313133003894496,0.6509286249114546,0.11592890136677068,0.4404072670380295,60.27022306486513,1.309678445044483,1.525577524272688,-0.21589907922820495,73.86087391872722,1.5354019378338093,0.010730235570236793,0.021678808928653367,0,4,10,3883.560598770775,1.0,USDJPY=X,0.0,146.73699951171875,1,2022-10-07 00:00:00+01:00
2022-10-10 00:00:00+01:00,0.7385464229614502,0.7380850669626122,0.7397571675663435,0.7384913468220045,0.642847703009032,0.08795800096745739,0.47438479780456416,62.69290433343381,1.2961749892343448,1.4796970172650195,-0.18352202803067463,84.6154701972019,1.4883731495147647,0.010586131470340949,0.022942567967090228,0,0,10,3754.420952343263,1.0,USDJPY=X,0.0,147.29299926757812,1,2022-10-10 00:00:00+01:00
2022-10-11 00:00:00+01:00,0.7416568643966928,0.7385398909785597,0.744115267415034,0.7416024434829593,0.6268261543190299,0.09044303857499217,0.47781488853097337,64.44598229869476,1.3061626196873988,1.4449901377494954,-0.1388275180620966,92.69045698550886,1.4377030459221924,0.010230634748384426,0.023618355833971833,0,1,10,3688.9733526914497,1.0,USDJPY=X,0.0,148.6320037841797,1,2022-10-11 00:00:00+01:00
2022-10-12 00:00:00+01:00,0.7448320706460523,0.7566518012332297,0.7501740891558955,0.7447783186009731,0.5998496205158431,0.05298963303013345,0.5077104412683892,65.20905847867346,1.314418988614733,1.418875907922543,-0.10445691930780998,96.19030400801046,1.3610098578624599,0.009869318379937176,0.024075993020792975,0,2,10,3569.5682429678172,1.0,USDJPY=X,0.0,148.9709930419922,1,2022-10-12 00:00:00+01:00
2022-10-13 00:00:00+01:00,0.7588776307152321,0.7670478141492407,0.7628751197983061,0.758826837418064,0.6002493829231331,0.16814314575409509,0.5649330096135566,66.01101712922892,1.3215437794260652,1.3994094822232475,-0.0778657027971823,78.93409465220633,1.3557236225491816,0.00933029343539133,0.026222731829886946,0,3,10,3458.613607189323,1.0,USDJPY=X,0.0,149.20899963378906,1,2022-10-13 00:00:00+01:00
2022-10-14 00:00:00+01:00,0.7678848837564285,0.7815211322763322,0.7701167837272558,0.7678359878696155,0.6717632347680654,0.14576595119082622,0.5768522490784592,69.3740224782594,1.3812282962417157,1.3957732450269411,-0.014544948785225387,79.24574637314626,1.3825292786254677,0.00923913959710557,0.028926215569948947,0,4,10,3376.331991680641,0.0,USDJPY=X,0.0,149.8209991455078,1,2022-10-14 00:00:00+01:00
2022-10-17 00:00:00+01:00,0.7895768941885075,0.7879860776757623,0.7915174518044337,0.7895325678019669,0.6382539429705981,0.21476368430537507,0.5742193458441534,71.33291627099761,1.456602433288424,1.4079390826792377,0.04866335060918625,75.7089951342562,1.4091346789245414,0.009386252472963172,0.03285696677410572,0,0,10,3391.3182629315643,0.0,USDJPY=X,1.0,150.17599487304688,1,2022-10-17 00:00:00+01:00
2022-10-18 00:00:00+01:00,0.7950685549153094,0.7944024424173586,0.7957618405963798,0.7950253853669171,0.7207082138831264,0.07132864148115829,0.6280670543578553,75.4117876458211,1.6058719615491839,1.447525658453227,0.15834630309595688,95.16318666700995,1.4225536391492393,0.009480694891059047,0.038453232711036116,0,1,10,3424.452671986181,0.0,USDJPY=X,0.0,147.81900024414062,0,2022-10-18 00:00:00+01:00
2022-10-19 00:00:00+01:00,0.798924286100791,0.8024593958028543,0.8027441938763631,0.7988819287760862,0.6147951064820422,0.09199855829879257,0.6367058281033952,76.33000040530631,1.7315623650941063,1.504332999781403,0.22722936531270332,94.51893164578539,1.3675855133478427,0.009549198874899408,0.04387276949219431,0,2,10,3450.1397388011915,0.0,USDJPY=X,0.0,148.88699340820312,0,2022-10-19 00:00:00+01:00
2022-10-20 00:00:00+01:00,0.8088387409275186,0.8058379822668207,0.8099210919425581,0.8087984721184991,0.6041718312804366,0.10209995162713054,0.6389751951182577,76.97999466430741,1.8292911288684195,1.5693246255988065,0.259966503269613,90.81115398002756,1.3277588922074834,0.00916556988321331,0.04867218454657129,0,3,10,3567.3976671653263,0.0,USDJPY=X,0.0,147.97999572753906,0,2022-10-20 00:00:00+01:00
2022-10-21 00:00:00+01:00,0.8145897081047355,0.8374808450307998,0.7573186042907136,0.814550650757704,0.6431146609812403,0.06557843518509736,0.6224719196060438,78.60679375864197,1.9338330999527216,1.6422263204695895,0.2916067794831321,97.38847656388982,1.2886331698567257,0.008862301678538062,0.05421550171793873,0,4,10,3683.687325085174,0.0,USDJPY=X,0.0,146.13400268554688,0,2022-10-21 00:00:00+01:00
2022-10-24 00:00:00+01:00,0.7764061534978004,0.7971150277200985,0.7814409217912655,0.7763590526472075,0.6161751938905888,0.8728813157420493,0.6097492922600634,79.51127620709408,2.022019966105063,1.7181850495966844,0.30383491650837846,78.98816036937171,1.5978014531342588,0.00858081993028305,0.05575573532468004,0,0,10,3845.297649456119,0.0,USDJPY=X,1.0,146.2740020751953,0,2022-10-24 00:00:00+01:00
2022-10-25 00:00:00+01:00,0.7937077522370126,0.7897079645633847,0.7773258175268785,0.7936642960306257,0.3352289444991544,0.2553210156405611,0.3891007962964804,61.054296093704345,1.8800469140198857,1.7505574224813247,0.12948949153856093,50.865077732281975,1.6527434304633968,0.010809175075567418,0.05511792970860475,0,1,10,3826.759003781475,0.0,USDJPY=X,1.0,147.81199645996094,0,2022-10-25 00:00:00+01:00
2022-10-26 00:00:00+01:00,0.7790142968327163,0.7800753619847676,0.7587602627318688,0.7789677453969281,0.6916911097056895,0.22393318853088748,0.4323266992951291,65.01693369881114,1.8325854656274032,1.7669630311105404,0.06562243451686278,59.60262491486407,1.637619579822038,0.011100656898430839,0.055443915103836575,0,2,10,3876.2642098578604,0.0,USDJPY=X,1.0,148.73699951171875,1,2022-10-26 00:00:00+01:00
2022-10-27 00:00:00+01:00,0.7491090203172415,0.7550273235217753,0.7384613559153603,0.7490561692270432,0.4845803136553572,0.3098685396135861,0.36472246817914916,59.48176300527388,1.702163313977735,1.7540030876839794,-0.051839773706244374,44.865547504847434,1.6976465259898836,0.011066492952447608,0.05517346088916044,0,3,10,3875.5179964569206,0.0,USDJPY=X,1.0,147.9149932861328,1,2022-10-27 00:00:00+01:00
2022-10-28 00:00:00+01:00,0.7513770247810694,0.7710601799095431,0.7525879771322121,0.751324651454196,0.38531228755689645,0.26495527880794073,0.22046809363934342,50.127870825898434,1.4333241398029486,1.6898672981077734,-0.25654315830482477,14.422624713376942,1.7780996218594678,0.011617053490575376,0.054124000323613725,0,4,10,3717.578481556636,0.0,USDJPY=X,1.0,147.89199829101562,1,2022-10-28 00:00:00+01:00
2022-10-31 00:00:00+00:00,0.7762926914761223,0.7872063085454246,0.7804850073207672,0.7762455667243449,0.5942236568677968,0.2828295283170984,0.20836692101820697,50.760289642018755,1.217529021435098,1.5953996427732384,-0.3778706213381404,16.48721081730607,1.781093029170845,0.012155951137136436,0.05215215130340352,0,0,10,3482.0915338501945,0.0,USDJPY=X,1.0,148.39300537109375,1,2022-10-31 00:00:00+00:00
2022-11-01 00:00:00+00:00,0.7912778357378918,0.7866379644208648,0.7681888869195452,0.7912338676608262,0.7428506667496694,0.16969629425880434,0.4368773166347909,57.18374669851187,1.1572728081488606,1.507774275848363,-0.3505014676995024,39.16817994639952,1.8373001816631063,0.012049719047352862,0.050232110089695546,0,1,11,3289.545777169088,0.0,USDJPY=X,0.0,146.84100341796875,0,2022-11-01 00:00:00+00:00
2022-11-02 00:00:00+00:00,0.7779612506184486,0.772960526356556,0.7659371607980638,0.7779144773546751,0.6766512584351574,0.28220826891521467,0.42841852701125277,60.51960732973324,1.1706646473594162,1.4403523501505737,-0.2696877027911575,52.80929975089953,1.8357794202217683,0.012352677462196274,0.04834984664080719,0,2,11,3170.395021455181,0.0,USDJPY=X,1.0,146.62399291992188,0,2022-11-02 00:00:00+00:00
2022-11-03 00:00:00+00:00,0.7775887293403025,0.7805790145190485,0.7701167837272558,0.7775418776035778,0.4933718103310268,0.1729590917282393,0.4334245239683892,56.320271556440886,1.102242775214279,1.372730435163315,-0.270487659949036,40.68708525446727,1.839294783551352,0.01241104352870139,0.043744184010652984,0,3,11,3001.5206629335053,0.0,USDJPY=X,0.0,145.2949981689453,0,2022-11-03 00:00:00+00:00
2022-11-04 00:00:00+00:00,0.7857050953964699,0.779913013357822,0.7615142950866196,0.7856599534015427,0.576906206701165,0.20575068053987916,0.5432882688866663,56.20278579359844,1.0342403655161263,1.3050324212338773,-0.270792055717751,40.3479755805031,1.8024883795086215,0.012436743061190272,0.039640014127099416,0,4,11,2772.7836095731345,0.0,USDJPY=X,1.0,146.20899963378906,0,2022-11-04 00:00:00+00:00
2022-11-07 00:00:00+00:00,0.7605625046580609,0.7662680450189026,0.753981184775276,0.7605120662856686,0.6320106098388822,0.28189763921427285,0.5649319519433239,58.246448176769505,1.0091422860663783,1.2458543942003777,-0.23671210813399934,47.736381044961846,1.8033113966949477,0.012146720628786037,0.03633951660735604,0,0,11,2541.041948728404,0.0,USDJPY=X,1.0,141.73399353027344,0,2022-11-07 00:00:00+00:00
2022-11-08 00:00:00+00:00,0.7570469123436667,0.7560995680411149,0.7410047756171854,0.7569957333990678,0.4166643903937364,0.22362018761085448,0.3794160287026398,50.400732028915684,0.8541719280024438,1.167517900960791,-0.3133459729583472,24.848840793971185,1.8372896510744379,0.012280707395889932,0.03437203790353257,0,1,11,2298.0288634825088,1.0,USDJPY=X,1.0,139.55299377441406,0,2022-11-08 00:00:00+00:00
2022-11-09 00:00:00+00:00,0.7355170611408273,0.7501055575900772,0.7394817890506635,0.7354613468553828,0.5563395544456213,0.25081569936735876,0.3121264259363643,49.39876733278984,0.7057108735154998,1.0751564954717328,-0.369445621956233,21.648563565624585,1.821340276932402,0.012530620770080013,0.03259994199756085,0,2,11,1974.2000019259024,1.0,USDJPY=X,1.0,140.11500549316406,0,2022-11-09 00:00:00+00:00
2022-11-10 00:00:00+00:00,0.7503239785668017,0.7504954421552461,0.6798482501227956,0.750271383411943,0.4383564637059335,0.2080815889064886,0.28123140762241283,43.672742284197334,0.47533626808726126,0.9551924499948385,-0.4798561819075773,2.049734585361353,1.7916015985298643,0.01253546439922587,0.03439031162011583,0,3,11,1649.0672739821787,1.0,USDJPY=X,0.0,138.96499633789062,0,2022-11-10 00:00:00+00:00
2022-11-11 00:00:00+00:00,0.6778284209510219,0.6836360639504875,0.636917382242931,0.6777605543453549,0.6771596726077053,0.7838396676499322,0.33702921609324255,48.12616384174821,0.36233820384370574,0.836621600764612,-0.47428339692090626,59.02204175439408,2.0239162234674635,0.012253702597085707,0.03496744516762721,0,4,11,1463.3928767359034,1.0,USDJPY=X,1.0,139.32200622558594,0,2022-11-11 00:00:00+00:00
2022-11-14 00:00:00+00:00,0.6424960013289147,0.6560702585370901,0.6366096207958738,0.6424206918215589,0.1033092092340906,0.556022422247726,0.041919916516348854,33.96639696300187,-0.08730279724116485,0.6518367211634567,-0.7391395184046216,28.15584250903481,2.4022792893274882,0.014279681063492849,0.05210553905345739,0,0,11,991.3610396821753,0.0,USDJPY=X,1.0,140.41200256347656,1,2022-11-14 00:00:00+00:00
2022-11-15 00:00:00+00:00,0.6516006487852333,0.6530163693270152,0.6194372736439275,0.6515272572047179,0.34000206841836317,0.2952594587929546,0.0,29.422748111772734,-0.6125736156839992,0.39895465379396555,-1.0115282694779646,6.858428066524886,2.435330071116596,0.01721410071080773,0.07227307791328552,0,1,11,357.22702510694984,0.0,USDJPY=X,1.0,140.2530059814453,0,2022-11-15 00:00:00+00:00
2022-11-16 00:00:00+00:00,0.6329703825808357,0.6482083713644289,0.6370145310370621,0.6328930664675181,0.6419575836302661,0.43076751619542636,0.04616481521493576,31.94893032657113,-0.9722968421342557,0.1247043546083213,-1.097001196742577,20.90095123766005,2.459377059968201,0.017380936913537152,0.08292925309935201,0,2,11,-324.0841104402512,0.0,USDJPY=X,1.0,142.09800720214844,1,2022-11-16 00:00:00+00:00
2022-11-17 00:00:00+00:00,0.6387539793590582,0.6551769692981395,0.6372090758232742,0.6386778815812717,0.45167496657456396,0.21616270356915898,0.053440956983510035,29.61318415091324,-1.334789594991662,-0.16719443531167533,-1.1675951596799865,10.477582711207123,2.3830648749509415,0.01769781689475438,0.09469614097232432,0,3,11,-973.3576276057836,0.0,USDJPY=X,0.0,141.15499877929688,1,2022-11-17 00:00:00+00:00
2022-11-18 00:00:00+00:00,0.6564120317698605,0.6512134320561702,0.6492619534422439,0.6563396537245325,0.6192794415733562,0.2809633788923561,0.022275512157804767,31.29251779293172,-1.5751031898644499,-0.44877618622223026,-1.1263270036422197,13.713422712977382,2.3419887165420574,0.017104726952412354,0.10033937560788399,0,4,11,-1563.6988958574173,0.0,USDJPY=X,1.0,139.2779998779297,0,2022-11-18 00:00:00+00:00
2022-11-21 00:00:00+00:00,0.6538362708420031,0.6763588796953299,0.6582209015259779,0.6537633502033413,0.7010003889091034,0.12742931395889254,0.35511458361606374,36.29033607201301,-1.6584819031681945,-0.6907173296114232,-0.9677645735567714,23.667908402877497,2.2567034507259955,0.016679405419656387,0.09994076208680248,0,0,11,-2104.302125075288,0.0,USDJPY=X,0.0,138.60299682617188,0,2022-11-21 00:00:00+00:00
2022-11-22 00:00:00+00:00,0.6837254797509225,0.6799486433045754,0.6725257524643782,0.6836588553819707,0.5617129968806129,0.2820517684551982,0.48149038880575246,35.88033933383299,-1.7175905152557505,-0.8960919667402887,-0.8214985485154618,23.002355238970587,2.225153378631728,0.016090232326461115,0.10284596912658252,0,1,11,-2592.4243600672385,0.0,USDJPY=X,1.0,139.10000610351562,0,2022-11-22 00:00:00+00:00
2022-11-23 00:00:00+00:00,0.6684486466316795,0.6691466348909505,0.6482415203069407,0.6683788041427057,0.7839144933602843,0.17917642818525858,0.5619903787007645,43.81299890876657,-1.5971474157781813,-1.0363030565478673,-0.5608443592303141,40.367072610294116,2.2080704538466494,0.01565928630840141,0.09911104428049629,0,2,11,-2990.339832434748,0.0,USDJPY=X,0.0,138.718994140625,0,2022-11-23 00:00:00+00:00
2022-11-24 00:00:00+00:00,0.6380410720158776,0.6352294041867355,0.6240705048103483,0.6379648240615869,0.4761124138140509,0.30878015005074405,0.5761466919311907,41.019662259307225,-1.5598077970328745,-1.1410040046448688,-0.4188037923880057,31.613691966789354,2.2297083919228933,0.015642878204399132,0.09891746364470731,0,3,11,-3332.4543085866667,0.0,USDJPY=X,1.0,138.7449951171875,0,2022-11-24 00:00:00+00:00
2022-11-25 00:00:00+00:00,0.6271059533819408,0.6369351801419123,0.6288335149002271,0.6270274019054509,0.3725153699523295,0.21616033235006782,0.434511808377549,36.08777105567287,-1.6625096286431074,-1.2453051294445165,-0.4172044991985908,15.075902546579766,2.2890147609708116,0.016009049482884036,0.10360497123404964,0,4,11,-3780.228350115063,0.0,USDJPY=X,0.0,137.35899353027344,0,2022-11-25 00:00:00+00:00
2022-11-28 00:00:00+00:00,0.6385594377227601,0.6341574075278951,0.6146581956873352,0.6350806992463569,0.5039495670462439,0.1867904126869706,0.32378104396747764,34.482153212385356,-1.7778744452455726,-1.351818992604728,-0.42605545264084466,8.707955893747375,2.2113705530164234,0.01651490092845226,0.1074720819489822,0,0,11,-4106.805459024517,0.0,USDJPY=X,0.0,135.14999389648438,0,2022-11-28 00:00:00+00:00
2022-11-29 00:00:00+00:00,0.6289851217671205,0.6325492886093849,0.6206846344968198,0.6289069661442317,0.6350930101144617,0.29619134789578017,0.3648628934970921,36.71483825983806,-1.8083518441602848,-1.4431255629158395,-0.36522628124444534,17.490072019923268,2.1895576992713885,0.015897702774870928,0.10602832502886622,0,1,11,-4274.232358959899,0.0,USDJPY=X,1.0,134.47500610351562,0,2022-11-29 00:00:00+00:00
2022-11-30 00:00:00+00:00,0.6294063402528276,0.641678238653721,0.6280071321552372,0.6293282733611327,0.5367237415041843,0.2229989282089708,0.2277800389188464,35.7101792631385,-1.8420162666270699,-1.5229037036580857,-0.31911256296898416,13.288348926431985,2.135660546365843,0.0157841232401941,0.10210830831945936,0,2,11,-4463.420313052448,0.0,USDJPY=X,0.0,136.65199279785156,0,2022-11-30 00:00:00+00:00
2022-12-01 00:00:00+00:00,0.606952972463954,0.6032293744434756,0.5826623762990559,0.6068701756893125,0.5822391241893736,0.24009304663713707,0.28686488797126497,35.839206831871934,-1.8453257360518762,-1.5873881101368439,-0.25793762591503233,24.8584123697363,2.0934703765500906,0.015392703315618777,0.09775884755165638,0,3,12,-4550.980142742425,0.0,USDJPY=X,1.0,136.88600158691406,0,2022-12-01 00:00:00+00:00
2022-12-02 00:00:00+00:00,0.5711669519490812,0.5782138057058726,0.5524325390616021,0.571076616720086,0.42396110961629396,0.30722700154603483,0.3158981597563578,32.13666590277036,-1.9374535012404976,-1.6574011883575748,-0.28005231288292287,27.164073050916553,2.1729363248210665,0.015240868637325135,0.09447603656566436,0,4,12,-4793.6406551488735,0.0,USDJPY=X,1.0,136.38099670410156,1,2022-12-02 00:00:00+00:00
2022-12-05 00:00:00+00:00,0.560232080509091,0.5880412266368245,0.5599008835101911,0.5601394418099692,0.329209165004396,0.35788572620955883,0.21779351503052832,27.296454608919234,-2.16377062707528,-1.7586750761011158,-0.4050955509741643,17.242478815635014,2.281011543039763,0.01607796095414837,0.09192225785127824,0,0,12,-5079.786579694203,0.0,USDJPY=X,1.0,136.61399841308594,1,2022-12-05 00:00:00+00:00
2022-12-06 00:00:00+00:00,0.5954994881231341,0.601556068213688,0.5902602524731537,0.5954142786306871,0.5016490944023815,0.3802629207728277,0.14434222665979252,26.007473292681198,-2.3702714398940543,-1.8809943488597036,-0.4892770910343507,9.36262538276144,2.292867216165271,0.016962345711171747,0.09124768066340491,0,1,12,-5289.516265039187,0.0,USDJPY=X,1.0,136.71200561523438,0,2022-12-06 00:00:00+00:00
2022-12-07 00:00:00+00:00,0.5992904544944988,0.6084597266966205,0.5969024613747025,0.5992060435827973,0.8311004845927441,0.2183371114757519,0.30600904712055743,36.43338420906041,-2.33138542942163,-1.971072564972089,-0.3603128644495408,34.77691621198437,2.338947292242751,0.016778878735834425,0.08115170024505537,0,2,12,-5462.245448459286,0.0,USDJPY=X,0.0,137.50399780273438,1,2022-12-07 00:00:00+00:00
2022-12-08 00:00:00+00:00,0.5911093236242144,0.5984860680711681,0.594926113768901,0.591023189327774,0.6059568349639767,0.22066801984236134,0.319242804599613,37.453594236480825,-2.255683319189842,-2.0279947158156397,-0.22768860337420227,37.50875074147504,2.273308069150077,0.01708682600943432,0.0733806140455162,0,3,12,-5548.265266303974,0.0,USDJPY=X,0.0,135.58399963378906,0,2022-12-08 00:00:00+00:00
2022-12-09 00:00:00+00:00,0.5948839751950761,0.5926707650400203,0.583844971289194,0.5947986360426099,0.5219470639309723,0.14421043146702583,0.37456221263151895,36.10681094297579,-2.2109520460509486,-2.0645861818627016,-0.14636586418824704,31.61328937032069,2.1772141909546474,0.016668803748973546,0.05898193439154451,0,4,12,-5591.622615360676,0.0,USDJPY=X,0.0,135.34800720214844,0,2022-12-09 00:00:00+00:00
2022-12-12 00:00:00+00:00,0.5964717019167294,0.6048860740198201,0.6003854804823625,0.5963866972246261,0.60589491101995,0.194871527349641,0.5327366779943373,37.22835399377152,-2.1321231111536463,-2.0780935677208907,-0.05402954343275557,34.33336717844031,2.1112701632246282,0.01593697729548407,0.05677793905405241,0,0,12,-5548.113606567831,0.0,USDJPY=X,0.0,137.75100708007812,1,2022-12-12 00:00:00+00:00
2022-12-13 00:00:00+00:00,0.6093020565424019,0.6101491438588535,0.5688758994606387,0.609219754610798,0.5904814346253124,0.1530693059915964,0.5838620513476612,37.723540572918964,-2.0382466120039737,-2.0701241765775076,0.031877564573533856,38.46349942062572,2.032179280332467,0.015443195012196945,0.05735165464833928,0,1,12,-5495.757681526362,0.0,USDJPY=X,0.0,136.69000244140625,0,2022-12-13 00:00:00+00:00
2022-12-14 00:00:00+00:00,0.5781978893839224,0.573438277468675,0.5687624356018444,0.5781090352472689,0.669422021912782,0.5056719560660526,0.4922284794912558,41.72428275896835,-1.8782899027043243,-2.031757321802871,0.15346741909854655,61.69080392551932,2.1194520319326036,0.014779055975142388,0.0559947724343873,0,2,12,-5441.161249772285,0.0,USDJPY=X,1.0,136.9949951171875,1,2022-12-14 00:00:00+00:00
2022-12-15 00:00:00+00:00,0.5743747877994463,0.6098080878120178,0.5785151363012413,0.5742851283126484,0.3621607197732628,0.15555671481822234,0.3534906718589869,35.731453137340665,-1.8847249285227008,-2.002350843146837,0.1176259146241363,30.772916472143457,2.1697053187142035,0.01563202175520136,0.058974187620123415,0,3,12,-5474.250646825484,0.0,USDJPY=X,0.0,131.89199829101562,0,2022-12-15 00:00:00+00:00
2022-12-16 00:00:00+00:00,0.6133036321566201,0.6070466739909444,0.5967729296491942,0.6132221731713592,0.5522538718525873,0.4099458413559579,0.37055961127646514,35.06480537212629,-1.8871138757361052,-1.9793034496646909,0.09218957392858562,26.972711055634456,2.203154973683278,0.01603056715473948,0.06085895948089996,0,4,12,-5372.713886932819,0.0,USDJPY=X,1.0,132.3699951171875,0,2022-12-16 00:00:00+00:00
2022-12-19 00:00:00+00:00,0.5854231212611145,0.5972839446502718,0.5864531568537732,0.596030168464784,0.8554471657589608,0.20839221860743046,0.5106247064984866,46.09356597106192,-1.6757876888378291,-1.9186002974993186,0.24281260866148946,65.66841450889237,2.2174296097008788,0.01599374857856777,0.0573130547786606,0,0,12,-5058.417785430362,0.0,USDJPY=X,0.0,132.35699462890625,0,2022-12-19 00:00:00+00:00
2022-12-20 00:00:00+00:00,0.6010561608580005,0.6021895996495252,0.5094042751896564,0.6009721218987158,0.4595332242377972,0.21398592444347486,0.4358767275110272,42.64922656757961,-1.5757599900641424,-1.8500322360122834,0.27427224594814104,48.58297008683516,2.20032835793374,0.01622232475013237,0.05548875337954458,0,1,12,-4799.524625408935,0.0,USDJPY=X,0.0,132.7899932861328,0,2022-12-20 00:00:00+00:00
2022-12-21 00:00:00+00:00,0.5183870891590252,0.5213605558519552,0.517585538524441,0.5182856356614802,0.614025943305938,1.0,0.4046797723723407,43.94589770680391,-1.4551034315316826,-1.7710464751161634,0.3159430435844808,86.3248258736066,2.502804729409455,0.016061377687933396,0.04622735929524559,0,2,12,-4629.424419045305,1.0,USDJPY=X,1.0,132.76400756835938,1,2022-12-21 00:00:00+00:00
2022-12-22 00:00:00+00:00,0.5261306867430999,0.5246905616580877,0.5197401158517909,0.5260308644623282,0.0,0.14825098879836102,0.19737496948467934,31.22508691968082,-1.7510662344099046,-1.7670504269749119,0.01598419256500727,12.635373493126387,2.7149609589773065,0.018976168090857896,0.05250775094693724,0,3,12,-4786.74965705588,1.0,USDJPY=X,0.0,133.48599243164062,1,2022-12-22 00:00:00+00:00
2022-12-23 00:00:00+00:00,0.5259200775002464,0.5318378670116886,0.5300435735825486,0.5258202108538776,0.6356887550974473,0.15944077168954102,0.24343518910223147,33.176329119318694,-1.924859951563917,-1.798612331892713,-0.12624761967120413,19.537851695652844,2.594320960233392,0.020510395551301068,0.05707650528822964,0,4,12,-4803.516504823596,0.0,USDJPY=X,0.0,134.03399658203125,1,2022-12-23 00:00:00+00:00
2022-12-26 00:00:00+00:00,0.532610876064,0.533722102526256,0.5306754115413264,0.5328363111437862,0.5777965518637058,0.1289824624636018,0.0922862275960481,33.14878251653613,-2.0401244703188297,-1.8469147595779365,-0.19320971074089321,19.350119095622436,2.468298165292056,0.01960093584405703,0.06113721369698446,0,0,12,-4743.989365072072,0.0,USDJPY=X,0.0,132.91600036621094,0,2022-12-26 00:00:00+00:00
2022-12-27 00:00:00+00:00,0.5325137288428246,0.5394075266558476,0.5358270168077301,0.5324152511729039,0.6302032528677297,0.14094763399759083,0.18590849753366917,35.08215433460991,-2.0726409443187777,-1.892059996526105,-0.18058094779267275,25.602804531142237,2.3567767021043418,0.018587983207239298,0.06122585881506477,0,1,12,-4693.597182254849,0.0,USDJPY=X,0.0,130.84500122070312,0,2022-12-27 00:00:00+00:00
2022-12-28 00:00:00+00:00,0.5442099576396093,0.5525324836675423,0.5481879030717063,0.54411394382249,0.5762805371251175,0.14592245165084272,0.16518149453307357,35.01670365284876,-2.076569909191619,-1.9289619790592079,-0.14760793013241114,25.22755967450869,2.255507696248116,0.01775162369131447,0.06105362053098845,0,2,12,-4705.20182955846,0.0,USDJPY=X,0.0,130.79400634765625,0,2022-12-28 00:00:00+00:00
2022-12-29 00:00:00+00:00,0.5530876810525718,0.5491700081360209,0.5404928781034775,0.5529935373599242,0.6639003146996878,0.15291517675067104,0.5437779459182606,38.45241744250066,-1.9983893095659369,-1.9428474451605537,-0.05554186440538311,35.65332927901427,2.210899768237648,0.016896961659877398,0.05795387069244773,0,3,12,-4614.578115495879,0.0,USDJPY=X,0.0,131.2480010986328,0,2022-12-29 00:00:00+00:00
2022-12-30 00:00:00+00:00,0.5349760277490039,0.5285242199985003,0.5178932999714982,0.5348780687712329,0.6431722793784449,0.19456089764869913,0.5480532210962256,41.002134438214945,-1.8706476048757281,-1.9284074771035886,0.0577598722278605,43.56674312583593,2.1424068491754724,0.01649506710698235,0.05644165051488953,0,4,12,-4497.919367919969,0.0,USDJPY=X,0.0,132.24600219726562,0,2022-12-30 00:00:00+00:00
2023-01-02 00:00:00+00:00,0.5014256292909005,0.4979533538933616,0.5029889940056971,0.5013206028006298,0.44959823274665006,0.21383179520254952,0.47450669560837233,37.58157511539667,-1.8384320346012544,-1.910412388603122,0.07198035400186753,27.42240055350269,2.167448946792961,0.016118502236545644,0.058723566390739,0,0,1,-4553.097619739117,0.0,USDJPY=X,0.0,133.3070068359375,1,2023-01-02 00:00:00+00:00
2023-01-03 00:00:00+00:00,0.5005995071199889,0.50034124194221,0.485379106483236,0.5004943066041017,0.3369960198893747,0.06433591638132996,0.30824264601239215,32.2194911721125,-1.9574490320665916,-1.919819717295816,-0.03762931477077558,3.068478490342027,2.176559605518129,0.016565011475960106,0.06576426474773155,0,1,1,-4646.900765415969,0.0,USDJPY=X,0.0,131.86199951171875,1,2023-01-03 00:00:00+00:00
2023-01-04 00:00:00+00:00,0.507954268625415,0.5163899614019236,0.4923453918965053,0.507850617416578,0.5732626527881186,0.2561011467215525,0.306557680048552,32.098049273504,-2.032456823006811,-1.942347138438015,-0.09010968456879587,15.02335118102214,2.1388060804029947,0.01664112650340213,0.06966916148836326,0,2,1,-4799.025948799592,0.0,USDJPY=X,0.0,131.72900390625,1,2023-01-04 00:00:00+00:00
2023-01-05 00:00:00+00:00,0.5241219887296862,0.5459862400243893,0.5209550937733063,0.5240217433094301,0.6333078748292145,0.3428118864470602,0.28957610289565067,34.46627831880775,-2.031845604172588,-1.9602468315849297,-0.07159877258765834,20.859222669959703,2.1436051926844772,0.016295913556776252,0.07065322139009061,0,3,1,-4624.147473070106,0.0,USDJPY=X,1.0,132.1009979248047,0,2023-01-05 00:00:00+00:00
2023-01-06 00:00:00+00:00,0.541310372641167,0.5581527204858561,0.5283586723591411,0.5412137480160053,0.6975843925695293,0.35151663173070535,0.31976067909385797,39.46451002562725,-1.928599170104718,-1.9539172992888876,0.025318129184169536,34.25114758900319,2.186490771485474,0.01620922490713144,0.06967861947992889,0,4,1,-4419.486151909452,0.0,USDJPY=X,1.0,131.90199279785156,0,2023-01-06 00:00:00+00:00
2023-01-09 00:00:00+00:00,0.5179011058592011,0.5241058587405836,0.5144263487305518,0.5177995499875203,0.7041013397272046,0.3968922802591268,0.46321384453480413,44.3260569324289,-1.7410912044867928,-1.9113520803284687,0.17026087584167593,47.651055858967,2.2127414917002395,0.01640191932428889,0.06694418785092393,0,0,1,-4252.4194685082375,0.0,USDJPY=X,1.0,129.1719970703125,0,2023-01-09 00:00:00+00:00
2023-01-10 00:00:00+00:00,0.5157465634170508,0.5211982072250096,0.5161436328853366,0.5156445536832301,0.41073937454450854,0.20481879143705362,0.505776674019379,39.65514758971921,-1.689612998547318,-1.8670042639722386,0.17739126542492056,44.7090954912292,2.19611788417366,0.0167807366784514,0.06591861231244596,0,1,1,-4201.05389793595,0.0,USDJPY=X,0.0,128.0260009765625,0,2023-01-10 00:00:00+00:00
2023-01-11 00:00:00+00:00,0.5217729046512383,0.5275008039974942,0.5269978476474542,0.5216721643879441,0.5636377864081114,0.16052916125238306,0.5002795152247963,39.24524439594255,-1.6406355578794773,-1.8217305227536864,0.18109496487420906,42.154926358111155,2.1130383753571267,0.016671483265269446,0.06129223580401646,0,2,1,-4150.8126965795345,0.0,USDJPY=X,0.0,128.3209991455078,0,2023-01-11 00:00:00+00:00
2023-01-12 00:00:00+00:00,0.5185490011943177,0.5139696036276864,0.4859461785792596,0.518447581804127,0.6232433236762409,0.11670666122867088,0.4945568955871259,41.079793501190004,-1.5538914811423865,-1.7681627144314265,0.21427123328903996,49.299039402659666,2.0424642056887605,0.015995627652714048,0.05958736006689453,0,3,1,-3937.9286010548826,0.0,USDJPY=X,0.0,128.281005859375,0,2023-01-12 00:00:00+00:00
2023-01-13 00:00:00+00:00,0.4743227905526921,0.4704524879307428,0.45190924572242475,0.47421205475164174,0.5558947274577489,0.3810406806347279,0.41437552430103763,40.37736833275217,-1.4840964854940353,-1.7113494686439483,0.22725298314991305,45.47716310227812,2.0774308824727106,0.015484710748979892,0.05823968614348212,0,4,1,-3774.0763324714626,0.0,USDJPY=X,1.0,128.53900146484375,0,2023-01-13 00:00:00+00:00
2023-01-16 00:00:00+00:00,0.45575753635635863,0.4618108316277434,0.44844229448147876,0.45564288971752,0.2574310059912985,0.29121890146161944,0.1639969003816525,32.23453407414448,-1.6302784530889767,-1.6951352655329541,0.06485681244397745,23.429065359189163,2.245756567904347,0.016082672170361335,0.05462505782942759,0,0,1,-3839.9109719261974,0.0,USDJPY=X,1.0,128.3699951171875,0,2023-01-16 00:00:00+00:00
2023-01-17 00:00:00+00:00,0.4605365369339274,0.46678142607777495,0.4608842616728728,0.4604228970088051,0.4413441564096584,0.24180269560186282,0.18098128299898142,29.541306016019902,-1.8176483046594853,-1.7196378733582605,-0.09801043130122489,10.311249154214256,2.2223453321667597,0.017541409954025464,0.05511707156984775,0,1,1,-3912.441329796416,0.0,USDJPY=X,0.0,129.35400390625,1,2023-01-17 00:00:00+00:00
2023-01-18 00:00:00+00:00,0.4598886415988108,0.5064651312948047,0.4541610954428812,0.45977486519219846,0.6151602263409731,0.17000692395974618,0.20934903706596436,31.136314011702723,-1.9202014876588578,-1.7597505962183801,-0.16045089144047764,14.251387903837218,2.1417488184852056,0.017318641118487257,0.0490520122061475,0,2,1,-3939.4325632102436,0.0,USDJPY=X,0.0,130.5970001220703,1,2023-01-18 00:00:00+00:00
2023-01-19 00:00:00+00:00,0.46406819685487743,0.461209769917295,0.456915127797632,0.46395530088666104,0.574476823297079,0.6141421877815822,0.18251259211124132,31.03374529534038,-1.9818571326329675,-1.8041719035012977,-0.17768522913166973,13.717218159733262,2.27105272280797,0.016695759470681474,0.054270034134945126,0,3,1,-3992.247597350997,0.0,USDJPY=X,1.0,130.23899841308594,1,2023-01-19 00:00:00+00:00
2023-01-20 00:00:00+00:00,0.4613302766977805,0.4909522862342617,0.46627886252357964,0.46121680397680387,0.6106028740286213,0.15477776934677656,0.2126547791739933,32.5767501952342,-1.986996724895704,-1.8407368677801792,-0.1462598571155247,17.163132708878507,2.1799771403124786,0.017668199510862993,0.0574106679616958,0,4,1,-4103.485830444126,0.0,USDJPY=X,0.0,129.23699951171875,1,2023-01-20 00:00:00+00:00
2023-01-23 00:00:00+00:00,0.4777733708590226,0.49535428869923415,0.4777325323130981,0.4771612052699499,0.558875159444112,0.3494963530650378,0.3825906933711343,32.070561297264334,-1.9818616214969609,-1.8689618185235357,-0.11289980297342517,14.905801886407918,2.1849079287695115,0.016981983510417697,0.0603535763995129,0,0,1,-4187.887659342704,0.0,USDJPY=X,1.0,129.8000030517578,1,2023-01-23 00:00:00+00:00
2023-01-24 00:00:00+00:00,0.4974079860701268,0.49850558708547643,0.4887812918614278,0.497302113248814,0.6985405218624231,0.2817411387542563,0.5286879063049998,38.101255948955796,-1.876756647097011,-1.8705207842382308,-0.0062358628587801945,28.048700954616972,2.2077719969154392,0.016890918431508584,0.05983615249718493,0,1,1,-4087.911897262302,0.0,USDJPY=X,1.0,129.85400390625,0,2023-01-24 00:00:00+00:00
2023-01-25 00:00:00+00:00,0.4916083216853484,0.4903673354562583,0.481474862069724,0.4915012271438053,0.7287722771820293,0.2059048097808045,0.5935690209471669,44.77131294302828,-1.6738655115091206,-1.831189729692409,0.15732421818328834,44.65076181858201,2.172573735556524,0.016905227492605594,0.05793131619217443,0,2,1,-3859.6286406087343,0.0,USDJPY=X,0.0,130.47900390625,0,2023-01-25 00:00:00+00:00
2023-01-26 00:00:00+00:00,0.47537583676696027,0.4906109823269267,0.4772952391405325,0.4752653227938948,0.5366903347817906,0.19813432481907597,0.5717759145671606,43.32331041861349,-1.5243883705371957,-1.7698294578613663,0.24544108732417058,39.86911720348586,2.1105328154805,0.01668143768017669,0.05515010373311509,0,3,1,-3795.7651238380336,0.0,USDJPY=X,0.0,130.11000061035156,1,2023-01-26 00:00:00+00:00
2023-01-27 00:00:00+00:00,0.48449655182983475,0.48528322089761433,0.4855736512694482,0.4843879591683089,0.4596700403718441,0.24055780557900427,0.48513927256655986,39.47509398347066,-1.4698362394513254,-1.7098308141793581,0.23999457472803276,35.41070620868551,2.0703511066320046,0.01633071661717993,0.05100187615157752,0,4,1,-3855.2487965159585,0.0,USDJPY=X,0.0,128.6219940185547,0,2023-01-27 00:00:00+00:00
2023-01-30 00:00:00+00:00,0.4853713712083074,0.48862933763619143,0.4800492714952833,0.4852629628306404,0.6470764958016733,0.11017869507070975,0.5354441698325444,42.56228548405344,-1.3654337319655383,-1.6409513977365942,0.27551766577105585,45.464329894659976,1.9951835540935579,0.015950316317068582,0.047835177828520314,0,0,1,-3762.2271984414633,0.0,USDJPY=X,0.0,128.74600219726562,0,2023-01-30 00:00:00+00:00
2023-01-31 00:00:00+00:00,0.49549643527788856,0.4888729845068598,0.48918620210261654,0.4953901597815038,0.5857943525521876,0.19518215705058284,0.47135149730413906,42.86332161610974,-1.2637686367739605,-1.5655148455440675,0.30174620877010705,46.428629816731245,1.942384493379844,0.015364821215170306,0.04774071600274476,0,1,1,-3512.2802942732974,0.0,USDJPY=X,0.0,132.00900268554688,1,2023-01-31 00:00:00+00:00
2023-02-01 00:00:00+00:00,0.48951854405731554,0.48757345190979606,0.48013035242270075,0.489411009296574,0.654179842246361,0.1098680653697679,0.4293341444758546,46.366950016988405,-1.119857025022469,-1.476383281439748,0.35652625641727886,67.65276399603086,1.8541427961685604,0.014886567457055846,0.04738868231245297,0,2,2,-3238.343944082717,0.0,USDJPY=X,0.0,132.6230010986328,1,2023-02-01 00:00:00+00:00
2023-02-02 00:00:00+00:00,0.4654126847326716,0.46637543058016107,0.46203447373163353,0.4653000719856786,0.5353404388278327,0.18430300386034468,0.4285679982969766,44.62700431723103,-1.0237800191917188,-1.3858626289901421,0.3620826097984233,66.34140635799427,1.8123466816124356,0.014250578644767484,0.04698333759721894,0,3,2,-3005.8472645456022,0.0,USDJPY=X,0.0,131.04200744628906,1,2023-02-02 00:00:00+00:00
2023-02-03 00:00:00+00:00,0.467421629940032,0.4996100534697061,0.4659711010765224,0.4673094403845959,0.40145712591369637,0.155089584657264,0.39536671160655257,38.37356911978611,-1.055540383550948,-1.3197981799023033,0.26425779635135527,31.776857014245056,1.8269646537126634,0.014090488142727682,0.04622476265024117,0,4,2,-2909.8604422690487,0.0,USDJPY=X,0.0,131.38699340820312,1,2023-02-03 00:00:00+00:00
2023-02-06 00:00:00+00:00,0.5202825723447075,0.5281179766403872,0.5187033676518245,0.5201815181375353,0.5943186555100496,0.43527520368771994,0.36574983174545633,39.13897246615528,-1.0585025193363435,-1.2675390477891113,0.20903652845276777,28.82082328662135,1.896538240807964,0.014190457354267,0.04035248972993193,0,0,2,-2775.16144476228,1.0,USDJPY=X,1.0,131.5189971923828,0,2023-02-06 00:00:00+00:00
2023-02-07 00:00:00+00:00,0.5302294095784936,0.5237320851078597,0.5117210143718416,0.5301304507084772,0.9734947012071361,0.20217488215041116,0.5835139685047059,54.982616676094196,-0.7884642389709882,-1.1717240860254867,0.38325984705449856,83.2924074114174,2.057213801732395,0.014366734103170437,0.03972453389314847,0,1,2,-2457.432561595906,1.0,USDJPY=X,0.0,131.55099487304688,0,2023-02-07 00:00:00+00:00
2023-02-08 00:00:00+00:00,0.504617150340763,0.5057341906827997,0.5027944492194849,0.5045127961559175,0.6516617058039806,0.22719361478123132,0.5820706774001183,57.23843532186067,-0.5189305078520192,-1.0411653703907933,0.522234862538774,94.74101066027478,2.0146978413547463,0.015511742191706462,0.04191599996083135,0,2,2,-2134.194780087963,1.0,USDJPY=X,0.0,132.33700561523438,1,2023-02-08 00:00:00+00:00
2023-02-09 00:00:00+00:00,0.5102059582887404,0.5105260777129415,0.49863114135495623,0.5101027814064565,0.39392295698703883,0.14063937551574016,0.5004081096737932,50.255258957694046,-0.4279627704631537,-0.9185248504052654,0.49056207994211176,61.45046056208606,2.014648536140791,0.015374442750203762,0.04029983981529294,0,3,2,-1887.778415654548,1.0,USDJPY=X,0.0,132.99099731445312,1,2023-02-09 00:00:00+00:00
2023-02-10 00:00:00+00:00,0.5123444331243348,0.5108996034851665,0.4902392653672458,0.5122417067194915,0.6202681624928468,0.22641822613842227,0.626700237998922,51.64167162435836,-0.32429443485804654,-0.7996787672958217,0.4753843324377751,68.63917178313996,1.9748165501608685,0.015333698442139759,0.039054902129284086,0,4,2,-1564.7918785005982,1.0,USDJPY=X,0.0,133.9029998779297,1,2023-02-10 00:00:00+00:00
2023-02-13 00:00:00+00:00,0.5128627988312178,0.5276631526244397,0.5166783220499829,0.5127601816219809,0.5949495527612927,0.3104897990154698,0.6270649827215047,52.19074071963483,-0.22884692492110048,-0.6855123988208774,0.45666547389977696,71.38982598161567,1.9764725893374357,0.015015447139337251,0.04050743366562279,0,0,2,-1197.0018473441123,1.0,USDJPY=X,1.0,134.07400512695312,1,2023-02-13 00:00:00+00:00
2023-02-14 00:00:00+00:00,0.5255962534296614,0.531789038493355,0.5198535797105857,0.5254963185685837,0.5831078402551696,0.21724872191290986,0.4067257206902687,52.33202674528201,-0.14890564859362598,-0.5781910487754272,0.42928540018180117,72.05658379622712,1.9351527611788466,0.01502438344343065,0.03985930272752307,0,1,2,-870.5537997867125,1.0,USDJPY=X,0.0,134.3070068359375,1,2023-02-14 00:00:00+00:00
2023-02-15 00:00:00+00:00,0.5361909859985641,0.5513791887649795,0.5343203453058716,0.5360932829561327,0.6722495960607775,0.22626172567840577,0.4182948024302112,55.78838121217584,-0.02187495239510895,-0.4669278294993635,0.44505287710425456,84.45787961787694,1.9088562312927462,0.014622914824030714,0.040513544997266594,0,2,2,-560.9819098719191,1.0,USDJPY=X,0.0,134.33599853515625,1,2023-02-15 00:00:00+00:00
2023-02-16 00:00:00+00:00,0.55096552101748,0.5533120049373812,0.5513955436636864,0.5508709302841635,0.6561825096788046,0.2749049141144445,0.5683371469434048,58.48561525333242,0.1300700870416449,-0.34752824619116185,0.47759833323280676,78.6068494324791,1.914437894180318,0.014353274054929555,0.04178538307272639,0,3,2,-203.99279440096512,0.0,USDJPY=X,1.0,134.9759979248047,1,2023-02-16 00:00:00+00:00
2023-02-17 00:00:00+00:00,0.553735823581635,0.5636594371955574,0.5588965182416019,0.5536418164225501,0.6859774276410815,0.12960372186548547,0.606016916492022,61.969933436882314,0.3203854069113845,-0.21394551557065258,0.5343309224820371,91.49615646168597,1.8814063195681077,0.014297199434856437,0.04491611964464767,0,4,2,319.5776633313056,0.0,USDJPY=X,0.0,134.9320068359375,1,2023-02-17 00:00:00+00:00
2023-02-20 00:00:00+00:00,0.5575104751524971,0.5547253055035566,0.5565797790594167,0.5574172631373864,0.5991858831250726,0.15664273316197322,0.6084603661619971,62.60372379192068,0.4794831798720338,-0.0752597764821153,0.5547429563541492,85.60187813933173,1.8310917219650287,0.01403259578757736,0.04674816637549633,0,0,2,835.691963052205,0.0,USDJPY=X,0.0,134.6280059814453,0,2023-02-20 00:00:00+00:00
2023-02-21 00:00:00+00:00,0.5579801436518186,0.5654623744664029,0.5602573429532889,0.557887030574072,0.6063521124793105,0.0933952063434853,0.621881158563309,63.496389217098965,0.6172552673257599,0.06324323227945973,0.5540120350463001,88.93666739462765,1.7432278793107188,0.013633627649835096,0.04977819487448556,0,1,2,1133.272589195077,0.0,USDJPY=X,0.0,136.39500427246094,1,2023-02-21 00:00:00+00:00
2023-02-22 00:00:00+00:00,0.5683481993713118,0.5631396737288319,0.5639346596492114,0.5682572703619149,0.5826812062011033,0.16083741973423377,0.5703839257084493,63.612777299059395,0.7204748415667837,0.19468955413692454,0.5257852874298591,87.9543998589775,1.6926393453114041,0.01297662501726601,0.05331050423370277,0,2,2,1367.8871230247833,0.0,USDJPY=X,0.0,136.31700134277344,1,2023-02-22 00:00:00+00:00
2023-02-23 00:00:00+00:00,0.5676355392220782,0.5679315607589737,0.5681629805744435,0.5675444600882493,0.6534188770948648,0.10334247043089793,0.5688024510804444,66.17655901965415,0.8441884212253683,0.32458932755461334,0.519599093670755,96.86365467702767,1.6225940788773308,0.0125402988037501,0.05695560139510476,0,3,2,1650.7245287946723,0.0,USDJPY=X,0.0,136.34800720214844,1,2023-02-23 00:00:00+00:00
2023-02-24 00:00:00+00:00,0.5627106942157729,0.5854909899610301,0.5606622531944772,0.5626185776455725,0.5742551700455566,0.10862554656600051,0.5050028882834218,65.83320119656759,0.9279853734559538,0.4452685367348815,0.4827168367210723,92.5395664722273,1.5566234394541731,0.012025271964199176,0.05804879463845535,0,4,2,1995.5496528567344,0.0,USDJPY=X,0.0,136.19400024414062,1,2023-02-24 00:00:00+00:00
2023-02-27 00:00:00+00:00,0.5913362476675705,0.5863356985421464,0.5889805086888842,0.5912501611734988,0.5442842853320226,0.34856209274312105,0.47370124486117393,63.38566788083074,0.9588121439511212,0.5479772581781295,0.41083488577299176,72.7467224843823,1.6056500663374689,0.011562404331151648,0.05859377555201625,0,0,2,2290.7244317196732,0.0,USDJPY=X,1.0,136.7050018310547,0,2023-02-27 00:00:00+00:00
2023-02-28 00:00:00+00:00,0.5900725922104488,0.5933692359266356,0.5904871801907428,0.5899862395227953,0.7834515796003794,0.08500346197987309,0.5742706211242411,70.29788049449557,1.1129946666257524,0.660980739867654,0.45201392675809837,98.78058305956948,1.6229602004104622,0.011772059210688118,0.06132669306830323,0,1,2,2605.4778081788227,0.0,USDJPY=X,0.0,135.86000061035156,0,2023-02-28 00:00:00+00:00
2023-03-01 00:00:00+00:00,0.5905748903107759,0.5861084104644223,0.5781423617934807,0.5904886434340295,0.5704296830614234,0.1378389657690812,0.5672235622485693,69.67258205371655,1.2148867835425108,0.7717619486026255,0.4431248349398853,91.63257251432601,1.570391143824224,0.011905779795797277,0.06417942800956974,0,2,3,2859.710120096601,0.0,USDJPY=X,0.0,135.99899291992188,0,2023-03-01 00:00:00+00:00
2023-03-02 00:00:00+00:00,0.5880799618035915,0.5959033616699849,0.5915563113220865,0.5879931893611519,0.5828615017199663,0.18679278390606177,0.5268545936407301,69.78762170865602,1.2833453279312153,0.8740786244683435,0.40926670346287175,92.07081806555135,1.5440782841509535,0.011517521788902824,0.06513148479332513,0,3,3,3151.7325013005093,0.0,USDJPY=X,0.0,137.39100646972656,1,2023-03-02 00:00:00+00:00
2023-03-03 00:00:00+00:00,0.5963582398950513,0.5906241808985069,0.5873443054615173,0.5962732113017639,0.5617572231003632,0.151826787187829,0.5197000118757759,68.39975445231461,1.3100704663099805,0.9612769928366709,0.3487934734733096,84.44360869470425,1.5035730499175148,0.011337344386559225,0.06034915829211662,0,4,3,3391.641252130593,0.0,USDJPY=X,0.0,137.2259979248047,1,2023-03-03 00:00:00+00:00
2023-03-06 00:00:00+00:00,0.5828310455327541,0.5815113417866158,0.5803295692501571,0.5825812212445152,0.6376772874951554,0.14172539385949104,0.5732240237327294,70.49633742100174,1.3568430464311234,1.0403902035555614,0.31645284287556197,93.33702353349845,1.4613180151717324,0.010998668883935121,0.05413458703190151,0,0,3,3636.2179327499603,0.0,USDJPY=X,0.0,136.39500427246094,1,2023-03-06 00:00:00+00:00
2023-03-07 00:00:00+00:00,0.5849208231607874,0.5939866564300282,0.583342665055925,0.5848333852343937,0.48319071248662104,0.12183323690375696,0.40273499559750764,63.04718182588681,1.3106181266815327,1.0944357881807558,0.21618233850077684,73.28161370649056,1.450509411130448,0.010756057769812716,0.05419334519087755,0,1,3,3719.6793111582024,0.0,USDJPY=X,0.0,134.97999572753906,0,2023-03-07 00:00:00+00:00
2023-03-08 00:00:00+00:00,0.6074715853647836,0.6094018444539047,0.5983280519491436,0.607388897837821,0.5952351120465945,0.21227864669784027,0.41674054306024433,63.72615436634313,1.2705539079639152,1.1296594121373877,0.14089449582652747,69.15489661932156,1.4444739227098577,0.010665589354654474,0.054421358515261836,0,2,3,3784.6861558093196,0.0,USDJPY=X,0.0,133.11399841308594,0,2023-03-08 00:00:00+00:00
2023-03-09 00:00:00+00:00,0.6047984300218037,0.5989408920871155,0.5899688060907597,0.6047151793850223,0.7385114221412379,0.21600620310914245,0.5046929157392922,69.72567428092574,1.3357291319392175,1.1708733560977538,0.16485577584146371,87.27022359326259,1.476797440646877,0.0105135988142582,0.052697028984660624,0,3,3,3911.1896638130916,0.0,USDJPY=X,1.0,134.39700317382812,0,2023-03-09 00:00:00+00:00
2023-03-10 00:00:00+00:00,0.5913362476675705,0.5945064198967538,0.5605164064043056,0.5912501611734988,0.5606452120736203,0.19611404615340838,0.5040574075050038,68.2839273172884,1.358407282388299,1.208380141355863,0.15002714103243608,83.11068885803193,1.4713834074979928,0.010761790498737076,0.05061525071119,0,4,3,3985.281654632311,0.0,USDJPY=X,0.0,132.9290008544922,0,2023-03-10 00:00:00+00:00
2023-03-13 00:00:00+00:00,0.5682510521501363,0.5626848497128845,0.5300759565139255,0.5683220488189737,0.48514324444589646,0.4362094640096366,0.41731518732466627,61.398512248845435,1.2944045472838184,1.2255850225414542,0.06881952474236419,59.86642404856714,1.5844275108547208,0.010787663487724052,0.04633431970722621,0,0,3,4037.80038691973,0.0,USDJPY=X,1.0,133.3679962158203,0,2023-03-13 00:00:00+00:00
2023-03-14 00:00:00+00:00,0.5381836164054219,0.5602969616640361,0.5426798383622047,0.5380863331177761,0.41797677844216097,0.4237771623146892,0.3802250013621942,51.81707671112429,1.116630730757663,1.203794164184696,-0.08716343342703303,47.95641588461811,1.76425447471387,0.01173823945033257,0.040010758255500475,0,1,3,3917.078310472215,0.0,USDJPY=X,1.0,132.28399658203125,0,2023-03-14 00:00:00+00:00
2023-03-15 00:00:00+00:00,0.5589684250519693,0.5633020223557779,0.5294117356237709,0.5588755201592657,0.36432199619598393,0.2800314897895306,0.2503893148852149,42.416682472963565,0.8157696274174384,1.1261892568312446,-0.3104196294138062,14.652857586370295,1.7745931966651114,0.013253711072812556,0.03824965535272648,0,2,3,3674.0702764242824,0.0,USDJPY=X,1.0,131.39199829101562,0,2023-03-15 00:00:00+00:00
2023-03-16 00:00:00+00:00,0.5351866369918574,0.5373118661355014,0.5211820214908953,0.5350887223796834,0.7292253421833255,0.4360529635496201,0.24529237393762204,49.23586183396779,0.673103676911893,1.0355721408473744,-0.3624684639354814,38.005055625397084,1.8482650937504161,0.013204112850417246,0.03498812207172887,0,3,3,3462.670038199791,1.0,USDJPY=X,1.0,132.34800720214844,0,2023-03-16 00:00:00+00:00
2023-03-17 00:00:00+00:00,0.5422984068473711,0.5390662227485126,0.5226886929927539,0.5422019903551798,0.4094456431878642,0.2663542980717246,0.16140134921584903,42.96618214324366,0.4365520642678007,0.9157681255314597,-0.479216061263659,19.262011473868796,1.9057461497632213,0.013904152456344564,0.03776624330652796,0,4,3,3148.330190237033,0.0,USDJPY=X,1.0,131.1790008544922,0,2023-03-17 00:00:00+00:00
2023-03-20 00:00:00+00:00,0.5247375016577442,0.5238622118699152,0.5019683136724447,0.5246373858975073,0.6306859214786243,0.26868520643833405,0.24175829004146704,45.2129569425356,0.2812642249031114,0.7888673454057901,-0.5076031205026786,26.39783519397188,1.8931206138844867,0.014289381289640751,0.038998019819319024,0,0,3,2788.5572994888494,0.0,USDJPY=X,1.0,130.86500549316406,0,2023-03-20 00:00:00+00:00
2023-03-21 00:00:00+00:00,0.5102870379033604,0.520727024416118,0.5099065814229258,0.5101838781007897,0.45291488530857893,0.32199021160759167,0.2613148896507085,40.925721522700385,0.06992176772075709,0.6450782298687835,-0.5751564621480264,23.521375412505225,1.9586118242208628,0.014311032799122717,0.04375686299481909,0,1,3,2323.4130976472397,0.0,USDJPY=X,1.0,130.8459930419922,0,2023-03-21 00:00:00+00:00
2023-03-22 00:00:00+00:00,0.5257744802654565,0.5297585652842867,0.5296547312080735,0.5256745829485052,0.47445247485332626,0.21584970264912595,0.3233164850586522,37.75331332335757,-0.16761331759107634,0.48253992037681154,-0.6501532379678878,11.365493665042639,1.9179247160315378,0.014906629396736936,0.05068133800013333,0,2,3,1816.5262257275579,0.0,USDJPY=X,0.0,131.23300170898438,0,2023-03-22 00:00:00+00:00
2023-03-23 00:00:00+00:00,0.5068364575970299,0.5077158353735349,0.5001862636549057,0.5067325709172665,0.6924842817691627,0.11282023313826103,0.3029674987796501,42.86514397439088,-0.27554336225966836,0.3309232638495156,-0.606466626109184,24.393692698943447,1.8952870880867627,0.01449152697178204,0.05346970271120947,0,3,3,1292.2070586807433,0.0,USDJPY=X,0.0,131.04600524902344,0,2023-03-23 00:00:00+00:00
2023-03-24 00:00:00+00:00,0.5017497005554326,0.4960691183787942,0.48764714766938067,0.5016447423319426,0.4419513273233725,0.18461600478037768,0.3213019846543521,38.681948377630626,-0.45021791088987584,0.17469502890163732,-0.6249129397915132,9.814755629855442,1.8956243786000966,0.014448098214965625,0.05951531104400415,0,4,3,728.0643098790426,0.0,USDJPY=X,0.0,132.5760040283203,1,2023-03-24 00:00:00+00:00
2023-03-27 00:00:00+01:00,0.5014416968974564,0.509421363468213,0.5011745610567813,0.501336673791885,0.54209686093828,0.19347487930494825,0.2719386434067673,37.61997546578326,-0.6069885642999395,0.01835831026132196,-0.6253468745612615,14.485642225756584,1.8677229860438396,0.014485342139072599,0.06510200186740527,0,0,3,172.8505336364327,0.0,USDJPY=X,0.0,133.2010040283203,1,2023-03-27 00:00:00+01:00
2023-03-28 00:00:00+01:00,0.507711276975503,0.5018680626169978,0.5001538807235288,0.507607574579598,0.5770644995740852,0.1914522294201895,0.34151686983032603,37.552748055081715,-0.7244139889819223,-0.1301961495873269,-0.5942178393945954,14.25440346524088,1.822313817676869,0.014274208499792839,0.06831815172871977,0,1,3,-279.896843439656,0.0,USDJPY=X,0.0,133.3470001220703,1,2023-03-28 00:00:00+01:00
2023-03-29 00:00:00+01:00,0.50468191515488,0.5249666782541449,0.507962369550552,0.5045775746129764,0.6253243727740725,0.1289824624636018,0.42663295155435577,39.90682309955777,-0.7772860492549682,-0.25961412952085516,-0.5176719197341131,20.572778234185474,1.7514343900609988,0.013886094152734077,0.06950578724848903,0,2,3,-584.476362815105,0.0,USDJPY=X,0.0,132.2989959716797,1,2023-03-29 00:00:00+01:00
2023-03-30 00:00:00+01:00,0.529468052221699,0.5287839778016137,0.5289257444551647,0.5293689329690079,0.557162918914459,0.27505904335536985,0.35061716763077216,39.13908166384,-0.8247691639471952,-0.37264513640612323,-0.452124027541072,18.781762999199984,1.752760810232423,0.013365034567309335,0.07039216203158331,0,3,3,-1012.6984432664624,0.0,USDJPY=X,1.0,131.48500061035156,0,2023-03-30 00:00:00+01:00
2023-03-31 00:00:00+01:00,0.5395931162912802,0.5390337530231233,0.5370906927252856,0.5394961299198713,0.7609041087522698,0.1104893247716516,0.5311256525630755,47.96058518197486,-0.7305207709678996,-0.4442202633184785,-0.28630050764942105,53.900568519977554,1.762348852944616,0.013220799820290298,0.06793222819536479,0,4,3,-1278.607752084117,0.0,USDJPY=X,0.0,130.9340057373047,0,2023-03-31 00:00:00+01:00
2023-04-03 00:00:00+01:00,0.5419582679762835,0.5417465861863624,0.5289094293905015,0.541861779832612,0.6526429308766489,0.13022498126736917,0.5945705155546039,51.07993953093379,-0.5984968645485935,-0.4750755835645016,-0.12342128098409194,65.50903226903522,1.7070376015205588,0.013230747514259856,0.06417532813061541,0,0,4,-1497.5178716194655,0.0,USDJPY=X,0.0,131.66900634765625,0,2023-04-03 00:00:00+01:00
2023-04-04 00:00:00+01:00,0.5249804933076563,0.532146453333135,0.5184279891361445,0.5248804287344873,0.5963704945186942,0.23465584126110917,0.605704510462062,51.806656443805004,-0.47659244190327854,-0.475378955232257,-0.0012134866710215575,68.22069684791666,1.692964184670876,0.01280146984902457,0.06188881129533598,0,1,4,-1561.706983407242,0.0,USDJPY=X,1.0,132.0970001220703,0,2023-04-04 00:00:00+01:00
2023-04-05 00:00:00+01:00,0.5117936850103937,0.5110133714542782,0.5040096743389495,0.5116908425884727,0.45709320647463764,0.24335584410657207,0.5088637028939679,46.47013050705664,-0.4592534966493247,-0.47215386351567057,0.01290036686634588,64.70287347675644,1.6986806711313267,0.012796500625244933,0.05978854870978783,0,2,4,-1571.0771713883157,0.0,USDJPY=X,1.0,133.468994140625,1,2023-04-05 00:00:00+01:00
2023-04-06 00:00:00+01:00,0.5028675115838173,0.5112406595320023,0.5057430263604479,0.5027627888312545,0.4836340683437771,0.17948705788620045,0.4668101882537341,42.78378627599141,-0.5053692977483308,-0.47879695036220266,-0.02657234738612818,44.6389348578306,1.692702782791589,0.012919197347576334,0.05308854966840662,0,3,4,-1752.9381575607679,0.0,USDJPY=X,0.0,133.593994140625,1,2023-04-06 00:00:00+01:00
2023-04-07 00:00:00+01:00,0.5147745968174027,0.5187614906578277,0.5176339893225319,0.5146723823353103,0.5141503305532171,0.16503447752558545,0.32817072816877274,40.44496635291097,-0.5796947238353596,-0.49897650505683405,-0.08071821877852553,31.05761997893787,1.6476523311608282,0.012927908019462033,0.04486783046112826,0,4,4,-1889.5306659691742,0.0,USDJPY=X,0.0,133.0850067138672,1,2023-04-07 00:00:00+01:00
2023-04-10 00:00:00+01:00,0.5217081398371213,0.5435495234572079,0.5255561892062994,0.5216073859308856,0.6666284258872688,0.122921626466599,0.3359588826665936,44.78135444925567,-0.5726881602705305,-0.5137188360995734,-0.05896932417095713,49.17443959681059,1.628676345034385,0.01251359281021989,0.03571738503589824,0,0,4,-1957.3209777699774,1.0,USDJPY=X,0.0,132.48699951171875,0,2023-04-10 00:00:00+01:00
2023-04-11 00:00:00+01:00,0.5439345835826388,0.540690700459967,0.5412218648563867,0.5438385117569806,0.6298779352206053,0.2840696759017746,0.35470249637778056,47.192586464234964,-0.5265303730767812,-0.516281143495015,-0.010249229581766217,58.13350710588166,1.6675558126463261,0.01232939690931158,0.030237644206215962,0,1,4,-1877.760569333696,1.0,USDJPY=X,1.0,133.9709930419922,1,2023-04-11 00:00:00+01:00
2023-04-12 00:00:00+01:00,0.5459595963965551,0.5464896446981711,0.5379818413330297,0.5458639511471535,0.7408566217416298,0.10644876744031641,0.5152134106842186,54.11037399830955,-0.37491970216478876,-0.48800885522896975,0.11308915306418099,91.05083579226371,1.6605161291816333,0.01249395654311565,0.0305344222763205,0,2,4,-1655.962301914928,1.0,USDJPY=X,0.0,134.4250030517578,1,2023-04-12 00:00:00+01:00
2023-04-13 00:00:00+01:00,0.5377139479061004,0.5358338739790471,0.5258152526573161,0.5376165656810905,0.593889689268813,0.19300537792489875,0.5786174130566047,54.692722241962585,-0.2418923138187381,-0.43878554694692345,0.19689323312818535,90.13564150784518,1.6306213439359585,0.012429571702405459,0.02821660115275228,0,3,4,-1482.0986041941794,1.0,USDJPY=X,0.0,134.04400634765625,1,2023-04-13 00:00:00+01:00
2023-04-14 00:00:00+01:00,0.5280261699287823,0.5421525816839767,0.5281804426375922,0.5279267469383833,0.5200695545895859,0.20777095920554675,0.5820388695104184,51.809617864542844,-0.1755149545560073,-0.38613142846874027,0.21061647391273297,73.777205211115,1.625862345178256,0.012252479706010722,0.028546316507838107,0,4,4,-1352.2092860317857,1.0,USDJPY=X,0.0,134.70399475097656,1,2023-04-14 00:00:00+01:00
2023-04-17 00:00:00+01:00,0.5520670172453621,0.5552938974886152,0.5530967599517567,0.5519726585462006,0.5094399413746094,0.24553262323225616,0.4920315021983213,48.570075614416496,-0.16921400881435034,-0.3427479445378623,0.17353393572351195,57.05906442228118,1.6225865941694297,0.012271863285985618,0.027483019008717954,0,0,4,-1296.6350979816052,1.0,USDJPY=X,1.0,133.99600219726562,0,2023-04-17 00:00:00+01:00
2023-04-18 00:00:00+01:00,0.5594220259447349,0.5573729513555179,0.5555914816575416,0.5593292166046966,0.7535286401676746,0.13224525993303676,0.5622883508135806,55.933678140042716,-0.04396775536173436,-0.2829919067026367,0.23902415134090232,84.69441113448269,1.6551163324207203,0.012111476949796456,0.02985124193199386,0,1,4,-1157.0661933617425,1.0,USDJPY=X,0.0,133.96099853515625,0,2023-04-18 00:00:00+01:00
2023-04-19 00:00:00+01:00,0.5532498402818109,0.5631233149358876,0.5570981531594001,0.5531557307485906,0.6320294735549612,0.12820470260170158,0.5004042055337625,57.918771627957206,0.09087803094698188,-0.20821791917271298,0.29909595011969486,93.31526682982343,1.5958220906936822,0.012312563100954136,0.03266146925608128,0,2,4,-944.755345389922,1.0,USDJPY=X,0.0,134.08399963378906,0,2023-04-19 00:00:00+01:00
2023-04-20 00:00:00+01:00,0.563941720071889,0.5617102622302115,0.5581672842907435,0.5638498628217274,0.5352439639594304,0.1687644051559788,0.4669738310301623,55.65306475555702,0.16509789247479034,-0.13355475684321233,0.29865264931800267,77.01139777500323,1.5594061224410083,0.011905210342301777,0.03464942722757754,0,3,4,-688.241413313713,0.0,USDJPY=X,0.0,133.71099853515625,0,2023-04-20 00:00:00+01:00
2023-04-21 00:00:00+01:00,0.5524721681245137,0.5536694197771612,0.5505207101206055,0.552377894771847,0.655899515985126,0.14499056254801718,0.5444780966356534,58.66924627095095,0.27401454672897785,-0.0520408961287743,0.3260554428577521,92.13836807923535,1.5146638219820523,0.01157653954750071,0.03649749206258624,0,4,4,-399.8759714072559,0.0,USDJPY=X,0.0,133.46499633789062,0,2023-04-21 00:00:00+01:00
2023-04-24 00:00:00+01:00,0.5519051052100696,0.5578929626827427,0.5559479411006389,0.5518107124035538,0.4975812837269885,0.1414147641585492,0.5376475650888346,54.39527035314361,0.29974739638444703,0.018316762373869967,0.28143063401057705,75.91114002231292,1.4885451257829996,0.011303798599544794,0.03585723125062457,0,0,4,-204.74683761772735,0.0,USDJPY=X,0.0,133.802001953125,0,2023-04-24 00:00:00+01:00
2023-04-25 00:00:00+01:00,0.5538977356169275,0.5534096619740478,0.5536312019184537,0.5538037625651973,0.5752612429025074,0.129760222325502,0.436637477464133,54.18510025865649,0.3137002212581024,0.07739345415071645,0.2363067671073859,75.10885417213123,1.4418638106461559,0.011111779861750964,0.03428384989879445,0,1,4,-53.735041285955454,0.0,USDJPY=X,0.0,136.38600158691406,1,2023-04-25 00:00:00+01:00
2023-04-26 00:00:00+01:00,0.5478550795822374,0.5439394080223767,0.5419508516092959,0.5477598336232086,0.5936041259997042,0.10909267672695885,0.4149440644474744,54.84532634327495,0.33086904381349314,0.1280885720832718,0.20278047173022135,77.37316301031476,1.3890171890570333,0.010753436760420199,0.033145901694411124,0,2,4,46.24510918623361,0.0,USDJPY=X,0.0,137.52099609375,1,2023-04-26 00:00:00+01:00
2023-04-27 00:00:00+01:00,0.5438698187685218,0.5490725989598535,0.5463087042600363,0.5437737332999222,0.5360592768506062,0.130535610968311,0.4154060896063066,52.380201563503256,0.31079473972732785,0.164629805612083,0.14616493411524484,62.06708315642628,1.3653730082119997,0.010388204442971257,0.030578122460571493,0,3,4,177.0002472508633,0.0,USDJPY=X,0.0,136.46600341796875,1,2023-04-27 00:00:00+01:00
2023-04-28 00:00:00+01:00,0.5493293442822123,0.587196765916207,0.553420589265528,0.5492344088823626,0.550710397103549,0.13784133698817236,0.3562541168211806,50.759763518747725,0.2719010813055718,0.18608406075078077,0.08581702055479101,47.84021733662021,1.3312041266962988,0.010230195524490275,0.03042698087534206,0,4,4,291.97804798583337,0.0,USDJPY=X,0.0,134.54400634765625,1,2023-04-28 00:00:00+01:00
2023-05-01 00:00:00+01:00,0.591190403238834,0.6013773607937982,0.5943914246042548,0.5911042860221067,0.6185949015842034,0.4343456858039855,0.42453852376502066,52.90900856359705,0.2652138928023362,0.20191002716109185,0.06330386564124435,39.38652928467985,1.454976019083505,0.009949059859079396,0.030601559005859865,0,0,5,415.51636616333474,1.0,USDJPY=X,1.0,134.1790008544922,0,2023-05-01 00:00:00+01:00
2023-05-02 00:00:00+01:00,0.6095774305993724,0.6072739620686685,0.5967566145845309,0.6094951866763074,0.8796761847441185,0.1769996490595745,0.5967896063656848,65.38489581317089,0.4630832869233643,0.2541446791135464,0.20893860780981793,81.08726094205801,1.6081913637722949,0.010668074451587316,0.03617809815303616,0,1,5,642.867743657533,0.0,USDJPY=X,0.0,135.19900512695312,0,2023-05-02 00:00:00+01:00
2023-05-03 00:00:00+01:00,0.5924864411030142,0.5878464082844892,0.5750968830563359,0.5924005969013397,0.7087510200197069,0.2107231269740399,0.6631420357309463,69.23976189517344,0.7033727354333621,0.34399029037750956,0.35938244505585254,95.7453658251053,1.5918203951267293,0.01169415150742486,0.043636025672688414,0,2,5,891.168544755338,0.0,USDJPY=X,1.0,135.072998046875,0,2023-05-03 00:00:00+01:00
2023-05-04 00:00:00+01:00,0.5613498915374757,0.560248133145703,0.5526431517145278,0.5612574883092811,0.460012772908776,0.2326331913763504,0.6188329397048008,62.29528988830022,0.7994590957656555,0.4350840514551388,0.36437504431051676,76.75800819589331,1.6530467860579674,0.011664593050705047,0.044966852333887856,0,3,5,1099.0554667968538,0.0,USDJPY=X,1.0,135.28799438476562,1,2023-05-04 00:00:00+01:00
2023-05-05 00:00:00+01:00,0.5554367651310197,0.5637407354392798,0.5558831752378848,0.5553431162814098,0.3602811142950676,0.18399237415940284,0.5085260637038427,52.052599425934616,0.7123080836276756,0.4905288578896462,0.22177922573802944,32.032198341785396,1.7335433570036038,0.01228629079014164,0.04102453681529833,0,4,5,1190.2760789098438,0.0,USDJPY=X,0.0,134.08700561523438,0,2023-05-05 00:00:00+01:00
2023-05-08 00:00:00+01:00,0.5719609389068814,0.5657060213370713,0.568487057086164,0.571870770934104,0.5371314459964504,0.18632565374510343,0.4621198290219049,50.35916373286735,0.606792657755733,0.5137816178628636,0.09301103989286941,24.33003300330033,1.695362054857141,0.012919632326697017,0.037704827982714316,0,0,5,1322.7960506909558,0.0,USDJPY=X,0.0,134.4980010986328,0,2023-05-08 00:00:00+01:00
2023-05-09 00:00:00+01:00,0.569919611292462,0.567817792789862,0.569669652076302,0.5698290133066573,0.6975514798053077,0.0842257021179729,0.36061297295233685,54.78593530302859,0.5985767229497583,0.5307406388802426,0.06783608406951569,45.853658536585364,1.6476213936424569,0.012539752443186844,0.03506373970037569,0,1,5,1451.8713785586551,0.0,USDJPY=X,0.0,135.82200622558594,1,2023-05-09 00:00:00+01:00
2023-05-10 00:00:00+01:00,0.5734025740058506,0.569766967755208,0.5627520646590733,0.5733127097187094,0.5648288769721698,0.09308457664254347,0.28045552845760946,54.143583920823296,0.5752665029907007,0.5396458117023343,0.035620691288366424,43.194719471947195,1.5727197957706742,0.012198007132933225,0.034847565751191904,0,2,5,1517.0672404086872,0.0,USDJPY=X,0.0,136.0449981689453,1,2023-05-10 00:00:00+01:00
2023-05-11 00:00:00+01:00,0.5539464328244885,0.5597771981973105,0.5537122828458712,0.553852470031001,0.604079046187519,0.17808803862241654,0.36123818816667275,55.11067517083968,0.567598471538389,0.5452363436695452,0.02236212786884384,47.73146582950978,1.5422395313406259,0.011624976797998666,0.034715049261582975,0,3,5,1641.002332558458,0.0,USDJPY=X,0.0,136.42999267578125,1,2023-05-11 00:00:00+01:00
2023-05-12 00:00:00+01:00,0.560604601787237,0.5725772100946145,0.5642424210962687,0.5605120415610669,0.44125996144435486,0.16923153531693713,0.40736763554728406,48.90596189855942,0.45931702401011876,0.52805247973766,-0.06873545572754125,22.38879497705868,1.5417935279161838,0.011501782176910686,0.03378376422676769,0,4,5,1676.8586949236192,0.0,USDJPY=X,0.0,137.61399841308594,1,2023-05-12 00:00:00+01:00
2023-05-15 00:00:00+01:00,0.582053620569404,0.5836716938972408,0.5855298725126015,0.5819655786564379,0.6269946901184189,0.19067684077738045,0.4582416478810962,50.94151710494819,0.40203271451966316,0.5028485266940607,-0.1008158121743975,31.061418336955647,1.5418077178864564,0.011463319271083624,0.030558858553955133,0,0,5,1752.0977036041081,1.0,USDJPY=X,0.0,138.6199951171875,1,2023-05-15 00:00:00+01:00
2023-05-16 00:00:00+01:00,0.5856661129110265,0.5895682951721111,0.5852381789322583,0.5855788319826074,0.7324238687012752,0.09261744648158511,0.4778949618730188,56.898692700700124,0.45818891847045506,0.4939166050493396,-0.03572768657888453,58.99991950414554,1.5612496924180042,0.0113516782790388,0.030734795097536946,0,1,5,1735.4886439516818,1.0,USDJPY=X,0.0,137.69200134277344,1,2023-05-16 00:00:00+01:00
2023-05-17 00:00:00+01:00,0.5919030633880675,0.6040413654387038,0.5950556454944094,0.5918170962957723,0.6048580815204005,0.151826787187829,0.5006978743856385,57.82752972331001,0.5147529493156071,0.4980838739025931,0.01666907541301399,61.52123599571252,1.5195179290226333,0.011475980105341257,0.031654351988184184,0,2,5,1644.0704940488383,1.0,USDJPY=X,0.0,138.6719970703125,1,2023-05-17 00:00:00+01:00
2023-05-18 00:00:00+01:00,0.6110840777064062,0.6217958608535943,0.6113694741679381,0.6110021511639909,0.6233361970081915,0.19611404615340838,0.5116683918152716,59.452204241720615,0.5839151797331681,0.5152501350687081,0.06866504466446,67.27118333389446,1.519623512217445,0.011137711724676907,0.03263085104365601,0,3,5,1677.065252602909,1.0,USDJPY=X,0.0,138.59800720214844,1,2023-05-18 00:00:00+01:00
2023-05-19 00:00:00+01:00,0.6273813274389113,0.6216010425012595,0.6138157450756316,0.6273028339709603,0.71429639010948,0.20947823695118134,0.6690505576099626,64.04034564481384,0.7258984084808162,0.5573797897511298,0.16851861872968643,78.98653002362616,1.5702935403626275,0.011042652126536436,0.03636864552605166,0,4,5,1848.709443250336,0.0,USDJPY=X,1.0,139.2830047607422,1,2023-05-19 00:00:00+01:00
2023-05-22 00:00:00+01:00,0.6123477331635274,0.6217958608535943,0.6144960338325003,0.6122660728146945,0.6930173181112873,0.18414887461941934,0.7073199309027836,67.41419320738872,0.9091169326589466,0.6277272183326932,0.28138971432625337,99.21573440520389,1.5427723988077078,0.01132804498395143,0.041483195107221496,0,0,5,2105.3516301965465,0.0,USDJPY=X,0.0,140.01699829101562,1,2023-05-22 00:00:00+01:00
2023-05-23 00:00:00+01:00,0.6282237644103255,0.6253209328725609,0.6266302395768366,0.6281454484047624,0.4752073821129185,0.17948705788620045,0.558600984789139,61.66651383784669,0.96827590911127,0.6958369564884086,0.27243895262286144,80.55506121321838,1.5150742831283626,0.01120451721060468,0.04322062098512691,0,1,5,2158.730893728529,0.0,USDJPY=X,0.0,140.87100219726562,1,2023-05-23 00:00:00+01:00
2023-05-24 00:00:00+01:00,0.6270251209612678,0.63021022907887,0.6265652265161332,0.6269465524571369,0.690016059720732,0.0968145042729368,0.6074283437933273,65.05488849969427,1.0817673485956902,0.7730230349098649,0.30874431368582533,96.06917314454388,1.491426529855243,0.010925596480449882,0.04607660090337175,0,2,5,2231.2598683078895,0.0,USDJPY=X,0.0,140.4409942626953,1,2023-05-24 00:00:00+01:00
2023-05-25 00:00:00+01:00,0.6381221516304976,0.6415647185451085,0.6420689875093348,0.6380459207559201,0.5710258061260862,0.14421280268611697,0.5773067020529148,64.59067720732031,1.1524549843655905,0.8489094248010101,0.3035455595645804,89.32729170006722,1.4511824229515202,0.010760807893002116,0.04730668229581896,0,3,5,2345.135650593053,0.0,USDJPY=X,0.0,139.79200744628906,1,2023-05-25 00:00:00+01:00
2023-05-26 00:00:00+01:00,0.65001292206358,0.6546408470384697,0.6470589253168026,0.6499391960227017,0.6561897845551494,0.10412023029279813,0.5441530299836257,66.94251329178212,1.249347324935087,0.9289970048278255,0.3203503201072615,90.31676147335321,1.4388122411642463,0.010418948280476395,0.04822455638544235,0,4,5,2622.8070312792947,0.0,USDJPY=X,0.0,139.1269989013672,0,2023-05-26 00:00:00+01:00
2023-05-29 00:00:00+01:00,0.6638478728899062,0.6582144997152701,0.6568761446810045,0.6637770612313421,0.6612827121548169,0.18135083609185154,0.5260888971760681,69.29580133210762,1.369574741472178,1.0171125521566962,0.3524621893154818,90.41706764383979,1.4358967235894564,0.010275982621579808,0.05036091942542799,0,0,5,2916.007663406568,0.0,USDJPY=X,1.0,138.7480010986328,0,2023-05-29 00:00:00+01:00
2023-05-30 00:00:00+01:00,0.656881700269182,0.6582469694406594,0.648128056448146,0.6568094211612181,0.6741833410825648,0.12136847796188976,0.6407152347112721,71.81028197207424,1.5162879892123726,1.1169476395678315,0.3993403496445411,99.58037808660092,1.3964757208721292,0.010192990049000502,0.05655023371170389,0,1,5,3119.2705357078544,0.0,USDJPY=X,0.0,140.20700073242188,0,2023-05-30 00:00:00+01:00
2023-05-31 00:00:00+01:00,0.6463680473148989,0.6491180193963233,0.6438510375268733,0.6462935534680023,0.5318500187914765,0.20559418007986266,0.5496908320700595,68.75698768070225,1.5796520034680555,1.2094885123478765,0.370163491120179,93.53928748228948,1.3912273155866202,0.009943504944574922,0.060915689805251076,0,2,5,3281.4078980140102,0.0,USDJPY=X,1.0,139.38299560546875,0,2023-05-31 00:00:00+01:00
2023-06-01 00:00:00+01:00,0.6355948407162542,0.6427016546547271,0.6305829347884395,0.635518077454513,0.5074547988340619,0.15928664244861568,0.5131979837674535,64.31250184097365,1.5595234138585568,1.2794954926500126,0.28002792120854414,82.91045651918789,1.3722110787590045,0.00995212345112905,0.06354290034168243,0,3,6,3379.975974274109,0.0,USDJPY=X,0.0,139.52699279785156,0,2023-06-01 00:00:00+01:00
2023-06-02 00:00:00+01:00,0.6294550374603887,0.6402812968804898,0.6324136828020186,0.6293769808269365,0.5053386512157729,0.2251757073346549,0.42742617849413883,60.0304463371478,1.4729316900526612,1.3181827321305424,0.15474895792211885,65.87895577737713,1.3776963679157272,0.009863010699539498,0.06259629881897393,0,4,6,3475.7019841679544,0.0,USDJPY=X,1.0,139.8990020751953,1,2023-06-02 00:00:00+01:00
2023-06-05 00:00:00+01:00,0.653090981091764,0.6508074365585559,0.6428790551896615,0.6530179034551271,0.5369571626160495,0.18445950432036118,0.35744152751509783,57.673616525285965,1.3580701821227876,1.3261602221289914,0.0319099599937962,58.5975404189203,1.3640749459189565,0.009929486241292616,0.059607954101442095,0,0,6,3501.9426104931476,0.0,USDJPY=X,1.0,138.86300659179688,0,2023-06-05 00:00:00+01:00
2023-06-06 00:00:00+01:00,0.6397420135652623,0.6429453015253954,0.6406273290681801,0.6396661239204466,0.7428660458188435,0.18477250524039418,0.3957649493472473,63.5984916845749,1.368989824108212,1.3347261425248356,0.03426368158337634,84.86629064366291,1.3878557516094552,0.009729007387599896,0.05892528408082513,0,1,6,3649.5971905159317,0.0,USDJPY=X,1.0,139.37100219726562,0,2023-06-06 00:00:00+01:00
2023-06-07 00:00:00+01:00,0.6420747828432076,0.6440011872517908,0.6394284190133788,0.6419993846046579,0.4879208687115016,0.13115687037019472,0.37091987138584603,58.60862451289626,1.2962114728115637,1.3270232085821811,-0.030811735770617465,57.68356661923069,1.3665800792009672,0.00995713821173608,0.057058420348516346,0,2,6,3683.366988216066,0.0,USDJPY=X,0.0,139.4600067138672,0,2023-06-07 00:00:00+01:00
2023-06-08 00:00:00+01:00,0.6481013712713422,0.6450407141852423,0.6358967019096782,0.6480272425553915,0.5953913998239012,0.15275867629065454,0.42059155570873197,59.210899861000286,1.2359067118112534,1.3087999092279956,-0.07289319741674216,60.011352096812104,1.3391816241854964,0.009794377788826034,0.054626817420464206,0,3,6,3679.811490381276,0.0,USDJPY=X,0.0,140.177001953125,0,2023-06-08 00:00:00+01:00
2023-06-09 00:00:00+01:00,0.6313181382390125,0.6389492945580368,0.6371116798311935,0.6312404740744622,0.6207904294145148,0.19658117631436672,0.4861848136975818,60.79790711364534,1.2042509387152336,1.2878901151254434,-0.08363917641020979,70.46198323733934,1.3338828931471352,0.009572488754892548,0.0478612679742806,0,4,6,3600.010704793685,0.0,USDJPY=X,1.0,139.9770050048828,1,2023-06-09 00:00:00+01:00
2023-06-12 00:00:00+01:00,0.6395477191229113,0.6391118910454816,0.6398820272506076,0.6394717885492704,0.46415273938153334,0.12665155409699233,0.4445978314931662,54.44488133599088,1.083082235320859,1.2469285391645266,-0.16384630384366772,23.135345219136106,1.3099632706874067,0.009605746885981167,0.04003998243821537,0,0,6,3385.3260523264494,0.0,USDJPY=X,0.0,140.26800537109375,1,2023-06-12 00:00:00+01:00
2023-06-13 00:00:00+01:00,0.6409896014158281,0.6453168307812995,0.6389911258408127,0.6409139745798951,0.6362190455824197,0.10163282146617218,0.3847598040602304,56.82714347853458,1.0163305389629897,1.2008089391242194,-0.18447840016122963,42.27604882339752,1.2779658593325025,0.009399109212354559,0.03491238285311642,0,1,6,3203.1381484915414,0.0,USDJPY=X,0.0,141.86700439453125,1,2023-06-13 00:00:00+01:00
2023-06-14 00:00:00+01:00,0.6526049977919399,0.6467137725545307,0.6435432760798161,0.6525318177811672,0.5892561040804597,0.16953979379878784,0.4421628408963617,57.24897177151194,0.959550162354958,1.1525571837703672,-0.19300702141540915,40.02536783358701,1.264610309321587,0.009163672721990685,0.029224998231172923,0,2,6,3040.9743369026933,0.0,USDJPY=X,1.0,141.8990020751953,1,2023-06-14 00:00:00+01:00
2023-06-15 00:00:00+01:00,0.6493650267284634,0.6675546269048853,0.654284274181089,0.6492911642060946,0.6592830477447771,0.13923798503286508,0.47834106934972376,60.589575370809165,0.9613252691429466,1.1143108008448832,-0.15298553170193663,69.82559614408929,1.238280722495045,0.009021524869995943,0.02375719937383301,0,3,6,2957.1948944064516,1.0,USDJPY=X,0.0,141.3350067138672,1,2023-06-15 00:00:00+01:00
2023-06-16 00:00:00+01:00,0.6540792624919152,0.6738896934027592,0.6526965217518126,0.6540063930403213,0.5571345150160487,0.23558535914484355,0.4422073496715703,59.19996949083546,0.9358065760926593,1.0786099558944384,-0.14280337980177915,49.68140468775611,1.2581171859552203,0.008846315310517253,0.021302055131184463,0,4,6,2819.9155991591247,1.0,USDJPY=X,1.0,141.68800354003906,1,2023-06-16 00:00:00+01:00
2023-06-19 00:00:00+01:00,0.6799832105871189,0.6760014648555499,0.6784874254111086,0.6799157978956643,0.6116564035237706,0.31142168811829535,0.5264408214374208,60.61535743704156,0.9283625400832705,1.0485604727322049,-0.12019793264893441,52.56781299962408,1.311394372868017,0.008969381026177274,0.021152154684477713,0,0,6,2673.2967609328625,1.0,USDJPY=X,1.0,143.02999877929688,1,2023-06-19 00:00:00+01:00
2023-06-20 00:00:00+01:00,0.6805015762940014,0.679704996433907,0.6751015550975801,0.6804342727981536,0.756616576859585,0.08422807333706404,0.5950868694221992,67.32334109617766,1.039506165705319,1.0467496113268278,-0.007243445621508693,96.31330376650051,1.3411516909611498,0.009243829306644394,0.022120579701713158,0,1,6,2590.4572524676446,1.0,USDJPY=X,0.0,143.54100036621094,1,2023-06-20 00:00:00+01:00
2023-06-21 00:00:00+01:00,0.6713647936245715,0.6814105245285846,0.6771429157640854,0.6712955654324844,0.5828318420418771,0.15213741688877086,0.5913846110572629,67.4428407305288,1.117290802291734,1.060857849519809,0.05643295277192495,91.2799433374411,1.3152839920532104,0.009451452591967101,0.0247289844759276,0,2,6,2564.5778450972266,1.0,USDJPY=X,0.0,143.4600067138672,1,2023-06-21 00:00:00+01:00
2023-06-22 00:00:00+01:00,0.6770833783947299,0.6912381933200358,0.681274087895186,0.6770153548431599,0.5175085530763162,0.1488722482002447,0.5100805120679512,63.06500857940155,1.1205094397131177,1.072788167558471,0.04772127215464672,73.27266460972888,1.2897631750287624,0.009306144476407064,0.024868822788287937,0,3,6,2517.594529147838,1.0,USDJPY=X,0.0,143.8820037841797,1,2023-06-22 00:00:00+01:00
2023-06-23 00:00:00+01:00,0.6988238388404229,0.7061824463955197,0.6996774808353612,0.6987603949952954,0.6181678414095689,0.2032632717132532,0.5449922803545215,64.6132677587288,1.1384211168209504,1.0859147574109669,0.052506359409983494,69.67633165978432,1.3118514499151008,0.009102839639238004,0.026306053243977195,0,4,6,2514.9377802209847,1.0,USDJPY=X,1.0,144.38900756835938,1,2023-06-23 00:00:00+01:00
2023-06-26 00:00:00+01:00,0.7071021169318832,0.7033885628490575,0.7030959812782163,0.707040416935907,0.7266294711205659,0.1696986654778955,0.6107856815495429,69.79677629744083,1.2465347733354122,1.118038760595856,0.12849601273955624,83.6149535319087,1.372862086793375,0.009171862274426497,0.03140022237084735,0,0,6,2653.191387515351,0.0,USDJPY=X,1.0,144.77999877929688,1,2023-06-26 00:00:00+01:00
2023-06-27 00:00:00+01:00,0.7057900114611475,0.7112016215033856,0.7082639016092833,0.7057280350654194,0.6348883419503848,0.11017869507070975,0.5412594291790453,71.50820617095053,1.3577973399500536,1.1659904764666955,0.19180686348335807,93.77603684678425,1.32544334015021,0.009564250515816677,0.036892254656740196,0,1,6,2722.6176818364083,0.0,USDJPY=X,0.0,144.3979949951172,1,2023-06-27 00:00:00+01:00
2023-06-28 00:00:00+01:00,0.7126264072596906,0.7182190479554298,0.7154566203442427,0.7125658709754064,0.5705484336426763,0.13535155694245524,0.5342201647740914,70.823199548644,1.4230343604446318,1.2173992532622828,0.205635107182349,86.83049815482333,1.2929821686020924,0.009239113886240252,0.041252037139218815,0,2,6,2834.562013613018,0.0,USDJPY=X,0.0,144.58399963378906,1,2023-06-28 00:00:00+01:00
2023-06-29 00:00:00+01:00,0.7208399205370339,0.7230434047109604,0.7219692975202832,0.7207811144589595,0.6250727969023862,0.1334901499558953,0.59607316792521,72.31147020278416,1.4915926543562534,1.272237933481077,0.2193547208751765,87.48030694374484,1.2816973356187957,0.008986406462211504,0.04534848234015204,0,3,6,2932.9240204781718,0.0,USDJPY=X,0.0,144.406005859375,0,2023-06-29 00:00:00+01:00
2023-06-30 00:00:00+01:00,0.7271740182352504,0.7253338835836414,0.7234272710261016,0.7271165464577123,0.634127183419308,0.11717142017053807,0.605254382504845,74.02572041715534,1.5687529568215268,1.331540938149167,0.23721201867235986,91.43990090602432,1.2622899907057346,0.008876696067129559,0.04880259255084211,0,4,6,3077.241013415518,0.0,USDJPY=X,0.0,144.48899841308594,0,2023-06-30 00:00:00+01:00
2023-07-03 00:00:00+01:00,0.7209855177718234,0.723319521307018,0.7201061665753272,0.720926742364332,0.6214387246207604,0.1250984055922831,0.5450959803046828,75.29595202643522,1.6425188407443443,1.3937365186682025,0.24878232207614182,95.79514619734739,1.2296269866960616,0.008718676622106993,0.0512720904132433,0,0,7,3292.4813273333734,0.0,USDJPY=X,0.0,143.9510040283203,0,2023-07-03 00:00:00+01:00
2023-07-04 00:00:00+01:00,0.7239988119858904,0.7194861108271042,0.7231358246437076,0.7239406713396985,0.5382884874853706,0.13768483652815586,0.489898299400057,71.61122063042362,1.651121224672437,1.4452134598690494,0.20590776480338757,88.92941223414867,1.2050823152830616,0.008515540584463388,0.05399381963033251,0,1,7,3426.700893875968,0.0,USDJPY=X,0.0,142.20899963378906,0,2023-07-04 00:00:00+01:00
2023-07-05 00:00:00+01:00,0.7211152945940045,0.7203308194082205,0.7211916127713338,0.7210565465244689,0.5993578259538747,0.07194990088304198,0.5063259770783156,72.32148142221243,1.6538827647418373,1.486947320843607,0.16693544389823023,91.31686963501107,1.1520762525145172,0.008334824865374908,0.05499799455178751,0,2,7,3598.511594065577,0.0,USDJPY=X,0.0,141.2969970703125,0,2023-07-05 00:00:00+01:00
2023-07-06 00:00:00+01:00,0.7224597824717987,0.7189824582928237,0.7129779665051723,0.722401317623486,0.5601776872456847,0.09868065369767905,0.46938252392925145,70.50367106570354,1.6229997641051455,1.5141578094959147,0.10884195460923074,87.87471930171414,1.1151429320224089,0.007978035578633955,0.055149922300083885,0,3,7,3730.437210791892,0.0,USDJPY=X,0.0,140.1179962158203,0,2023-07-06 00:00:00+01:00
2023-07-07 00:00:00+01:00,0.7137442182880758,0.7116889152447219,0.6891149596535868,0.7136839174747183,0.5882623136376228,0.16456971858371824,0.443396307646483,70.87130976087194,1.5869284457928643,1.5287119367553048,0.05821650903755948,85.63872854490012,1.1111331323997145,0.007717839726691701,0.055167834872743085,0,4,7,3803.687562908425,0.0,USDJPY=X,1.0,138.31500244140625,0,2023-07-07 00:00:00+01:00
2023-07-10 00:00:00+01:00,0.6855235685214822,0.6922938311859319,0.67968633546591,0.6854573229264187,0.5214153050970418,0.3236974893532263,0.3868453883696588,65.19830856308272,1.4976658557857832,1.5225027205614006,-0.024836864775617418,71.43616742732154,1.2016948945664758,0.007718828638257465,0.0516542213706842,0,0,7,3770.18578131226,0.0,USDJPY=X,1.0,138.0749969482422,0,2023-07-10 00:00:00+01:00
2023-07-11 00:00:00+01:00,0.6707490335025663,0.6669860349198262,0.6576051314339137,0.6706796755983879,0.3911171411174657,0.2285926340450152,0.303728637527622,50.97102544203431,1.2717000474611098,1.4723421859413426,-0.20064213848023282,22.883584104536382,1.2889312699824864,0.008450202853975715,0.04820123167954404,0,1,7,3586.2857699250676,0.0,USDJPY=X,1.0,138.6820068359375,0,2023-07-11 00:00:00+01:00
2023-07-12 00:00:00+01:00,0.6516490987988477,0.644780956382129,0.6258525548278873,0.6515757174245025,0.47958388989283585,0.19829082527909248,0.23698944804817504,45.38698591293779,1.0074166592660276,1.3793570806062796,-0.37194042134025196,23.253925963075574,1.342865204102041,0.009122141989621236,0.044793591801180664,0,2,7,3332.058807727155,0.0,USDJPY=X,1.0,138.72900390625,0,2023-07-12 00:00:00+01:00
2023-07-13 00:00:00+01:00,0.6224404148260501,0.6263116312876789,0.6234386668515706,0.622360880537028,0.4495516797362158,0.2904435128188104,0.17566739670303627,39.38063655620883,0.6948251426948104,1.2424506930239858,-0.5476255503291754,28.016894609814965,1.4678030637560247,0.009583816785630153,0.04531040044203577,0,3,7,2997.8102232714036,0.0,USDJPY=X,1.0,139.02699279785156,1,2023-07-13 00:00:00+01:00
2023-07-14 00:00:00+01:00,0.6185523012335103,0.6289756359325844,0.6114342400306922,0.6184719478993299,0.3791990621922771,0.13690707666625565,0.060812742872039194,32.3337122572385,0.2981704608957898,1.0535946465983466,-0.7554241857025568,3.7122330479283536,1.5102454491992325,0.01061203078370203,0.051049304063547636,0,4,7,2496.608687465502,0.0,USDJPY=X,0.0,139.59800720214844,1,2023-07-14 00:00:00+01:00
2023-07-17 00:00:00+01:00,0.628385923639565,0.6337350532373369,0.622774445961416,0.6283076417934284,0.5523371267133811,0.2775440809629046,0.07764457612953746,31.525018914205745,-0.03514256801275906,0.8358472036761255,-0.8709897716888846,9.847036517881326,1.5299418802134614,0.010937863353821782,0.057039948490557386,0,0,7,1904.1995042444346,0.0,USDJPY=X,1.0,139.86399841308594,1,2023-07-17 00:00:00+01:00
2023-07-18 00:00:00+01:00,0.6291472809963596,0.6266202176091253,0.6197450350909848,0.6290691595328977,0.6476965474070807,0.21429655414441673,0.2187752827921192,35.89217400639603,-0.24746232819035185,0.6191852973028301,-0.866647625493182,17.711894062359754,1.5191601603935267,0.011032014283030972,0.0617771144671807,0,1,7,1369.3518715065036,0.0,USDJPY=X,1.0,141.75,1,2023-07-18 00:00:00+01:00
2023-07-19 00:00:00+01:00,0.6339747315875424,0.6434164843342871,0.6367230846546681,0.6338976270439673,0.5845945134942712,0.17529000009484877,0.27716443674122815,36.23127893755647,-0.40724058108872896,0.41390012162451834,-0.8211407027132474,18.320821973598626,1.4912194862694357,0.010950559130519972,0.0659518002139495,0,2,7,833.6762214405547,0.0,USDJPY=X,1.0,141.52200317382812,1,2023-07-19 00:00:00+01:00
2023-07-20 00:00:00+01:00,0.6432252234725979,0.6501250766043856,0.6407244778623111,0.643150067578518,0.6127307288169703,0.1731155921882558,0.36869149568728654,38.45425635856584,-0.5040108610256482,0.23031792509448504,-0.7343287861201332,22.181780797814184,1.474775350601195,0.010726114808781795,0.0686928281763712,0,3,7,337.7659847307893,0.0,USDJPY=X,1.0,140.91299438476562,1,2023-07-20 00:00:00+01:00
2023-07-21 00:00:00+01:00,0.6475343083568981,0.675042988305322,0.6509144717342741,0.6474600601870983,0.6432016572820154,0.19891208468097618,0.51902292804663,42.584610874646984,-0.528533311789829,0.07854767771762224,-0.6070809895074513,30.06329368268767,1.4677204741352612,0.010564444150449864,0.07021565425247513,0,4,7,-126.38586723375215,0.0,USDJPY=X,1.0,140.36700439453125,1,2023-07-21 00:00:00+01:00
2023-07-24 00:00:00+01:00,0.6780877274014365,0.6723465139350271,0.6692857289410212,0.6780199154196092,0.6089579292326269,0.33954908897762515,0.5514533019822428,44.454613454253334,-0.5205042143731475,-0.041262700700531715,-0.4792415136726158,34.39938882505323,1.5299539586836353,0.010493911877167802,0.0710396939318953,0,0,7,-557.2461867535451,0.0,USDJPY=X,1.0,138.86399841308594,0,2023-07-24 00:00:00+01:00
2023-07-25 00:00:00+01:00,0.6743941554451944,0.6710308704055183,0.6697554050449641,0.674325565399106,0.7890426643922888,0.13752833606813936,0.6322105411845129,55.517379081636854,-0.35783166998376714,-0.1045764945571788,-0.2532551754265884,59.851489430050535,1.5568856531108086,0.01079332598718614,0.06927527827503552,0,1,7,-775.5679775961745,0.0,USDJPY=X,0.0,140.75799560546875,0,2023-07-25 00:00:00+01:00
2023-07-26 00:00:00+01:00,0.6645281506320813,0.6627302701493547,0.6579939738083884,0.6644574822764782,0.5543086611372996,0.12043658885906422,0.6146795141381056,54.11424632524046,-0.24449159803447174,-0.1325595152526374,-0.11193208278183434,57.41781241279348,1.5053228717362643,0.011001014811799426,0.06855713404897355,0,2,7,-947.0724086336235,0.0,USDJPY=X,0.0,142.322998046875,1,2023-07-26 00:00:00+01:00
2023-07-27 00:00:00+01:00,0.6556830568201244,0.664387217586198,0.6451794793071834,0.6556105252135926,0.5123971438956719,0.15384706585349658,0.5568189148562585,50.446649584007574,-0.20148806503033256,-0.14634522520817644,-0.05514283982215612,52.311671946685124,1.4930146532193884,0.010682640577674131,0.06750516290120881,0,3,7,-1104.7829474465173,0.0,USDJPY=X,0.0,142.97000122070312,1,2023-07-27 00:00:00+01:00
2023-07-28 00:00:00+01:00,0.6313342058455684,0.659124147747165,0.6239894238829309,0.6312565450657173,0.5190632605104841,0.2926202919444945,0.4858301341863335,47.348368692675216,-0.20905443508820554,-0.15888706718418227,-0.05016736790402326,53.69470558863481,1.520871525436419,0.010636507202383218,0.06550386825124627,0,4,7,-1197.513036465123,0.0,USDJPY=X,1.0,143.343994140625,1,2023-07-28 00:00:00+01:00
2023-07-31 00:00:00+01:00,0.6620171545183409,0.6865922961238957,0.6662887010019674,0.6619459572123454,0.4127924320645015,0.4455330974760744,0.37429967901028915,40.055316239854164,-0.3324980291224904,-0.1936092595718439,-0.13888876955064647,33.51358667841945,1.6170238732289068,0.010952237749284761,0.06388792701159623,0,0,7,-1324.1767852225871,0.0,USDJPY=X,1.0,142.59800720214844,1,2023-07-31 00:00:00+01:00
2023-08-01 00:00:00+01:00,0.6873703544996035,0.6996686724777561,0.6920309066652233,0.68730449793667,0.7914484032012246,0.3025628135937248,0.3756348190863886,50.41917272783553,-0.27433584922565046,-0.20975457750260523,-0.06458127172304523,64.56024697928201,1.7718076381433598,0.011487971722482258,0.059152173550210595,0,1,8,-1276.773846706726,0.0,USDJPY=X,1.0,141.87600708007812,0,2023-08-01 00:00:00+01:00
2023-08-02 00:00:00+01:00,0.6978518722407747,0.6997824404468678,0.6914964646985262,0.6977882236473756,0.7522430821511812,0.180731947909059,0.48716237659206374,57.030008345810245,-0.10079735569885884,-0.18796313314185598,0.08716577744299714,81.59001640729876,1.8377504728630305,0.012449201200496097,0.05433239755381109,0,2,8,-1118.0735481863285,0.0,USDJPY=X,1.0,142.5240020751953,0,2023-08-02 00:00:00+01:00
2023-08-03 00:00:00+01:00,0.7039105958820207,0.7065723309606886,0.6888395811379064,0.7038482235806194,0.6500261079019418,0.1869469131469871,0.5659114840195465,59.437911276024515,0.0879273280898758,-0.13278504089550963,0.22071236898538543,92.02595358053631,1.7924113626362068,0.012854098462418636,0.050916736632217074,0,3,8,-900.4805594467197,0.0,USDJPY=X,1.0,143.2779998779297,0,2023-08-03 00:00:00+01:00
2023-08-04 00:00:00+01:00,0.6918255310065873,0.6901498378682511,0.6801562587678025,0.6917606129426612,0.6200076179390444,0.2773899517219793,0.6241585020472391,60.80515004635766,0.2646207197917647,-0.053303888758054765,0.31792460854981947,91.17336245532708,1.7918822411700046,0.012504265514450465,0.04784215696415916,0,4,8,-633.5067449507292,0.0,USDJPY=X,1.0,143.7270050048828,1,2023-08-04 00:00:00+01:00
2023-08-07 00:00:00+01:00,0.6801290550158554,0.6839934787902671,0.6796052545384925,0.6800616730470563,0.49838598086085406,0.20357390141419507,0.6742129444559748,56.69973023999348,0.34053116298693453,0.02546312159094309,0.3150680413959914,78.84300605559241,1.7915326028498257,0.01256596972375507,0.045034984807122445,0,0,8,-409.0529384359472,0.0,USDJPY=X,1.0,144.85400390625,1,2023-08-07 00:00:00+01:00
2023-08-08 00:00:00+01:00,0.6906266403635826,0.6991164392856413,0.6966156870335531,0.6905614697490166,0.5005786964152649,0.1499630089821779,0.5072767015611153,52.971921145580424,0.33852900859591273,0.08807629899193702,0.2504527096039757,65.4112721875552,1.7403525745770703,0.012627452940923569,0.044827969275419044,0,1,8,-293.71788273133,0.0,USDJPY=X,0.0,144.81700134277344,1,2023-08-08 00:00:00+01:00
2023-08-09 00:00:00+01:00,0.702841482061197,0.7038758565903938,0.7037602021683709,0.7027788845471112,0.6503575841234375,0.13146987129022772,0.4497382717999998,55.78183162410644,0.38479439711832697,0.147419918617215,0.23737447850111196,76.60674412044617,1.7262559097914314,0.012210943765520031,0.04604223819331016,0,2,8,-129.47111786611677,0.0,USDJPY=X,0.0,145.43699645996094,1,2023-08-09 00:00:00+01:00
2023-08-10 00:00:00+01:00,0.7101154111459502,0.7163997518916405,0.7090252712935694,0.710054345911274,0.6616018798234563,0.108469046105984,0.4562756680347223,58.861914714115144,0.47680506017175617,0.21329694692812326,0.2635081132436329,89.63363676866418,1.6878093119519766,0.012048297095591583,0.04843482537033887,0,3,8,119.09398762992147,0.0,USDJPY=X,0.0,145.60800170898438,1,2023-08-10 00:00:00+01:00
2023-08-11 00:00:00+01:00,0.7283729088782547,0.7241966996135236,0.7268131413396302,0.728315689651357,0.6280625796603487,0.1777774089214747,0.4608368274253819,60.621020836087894,0.5792775834016481,0.28649307422282827,0.2927845091788199,88.17462742140286,1.653323063316456,0.011743160666950771,0.048788115871342075,0,4,8,438.8685974430068,0.0,USDJPY=X,0.0,146.33299255371094,1,2023-08-11 00:00:00+01:00
2023-08-14 00:00:00+01:00,0.7277734635567525,0.7339916508190858,0.731900227941229,0.7277161180545348,0.701275208914837,0.0817406645104381,0.5766867288517621,64.7010783083189,0.7428639161449553,0.3777672426072537,0.3650966735377016,98.41417848317937,1.623513732482468,0.011413720150852662,0.04975437751034554,0,0,8,870.3382134722794,0.0,USDJPY=X,0.0,145.71400451660156,1,2023-08-14 00:00:00+01:00
2023-08-15 00:00:00+01:00,0.7378174480117141,0.7387349571913937,0.7376673561017477,0.7377622183110646,0.5753511653925635,0.1266491828779012,0.6199356249963852,64.46491184647157,0.8596123892574496,0.4741362719372929,0.38547611732015674,89.98136533135217,1.5657618360635193,0.011210795123700325,0.05078062184103439,0,1,8,1118.4427028253056,0.0,USDJPY=X,0.0,145.30499267578125,0,2023-08-15 00:00:00+01:00
2023-08-16 00:00:00+01:00,0.7405877505758691,0.7391409526890076,0.7411019244113168,0.7405331044494516,0.6459079812505923,0.11670666122867088,0.6173743007958251,66.66076586123945,0.9907441380613022,0.5774578451620949,0.4132862928992074,94.58026573217779,1.528278873931192,0.010765911523032424,0.05170603354572526,0,2,8,1323.4980931507932,0.0,USDJPY=X,0.0,146.23800659179688,1,2023-08-16 00:00:00+01:00
2023-08-17 00:00:00+01:00,0.752332676580215,0.7495694353304074,0.7462698447423839,0.7522805045648415,0.5976107219755746,0.08764500004742438,0.5805760551329496,67.26167441441798,1.0958336005726323,0.6811329962442024,0.4147006043284299,96.47127008431201,1.45940148017383,0.010495844019517874,0.052278138628727426,0,3,8,1519.553044533026,0.0,USDJPY=X,0.0,145.76300048828125,0,2023-08-17 00:00:00+01:00
2023-08-18 00:00:00+01:00,0.7423050069257564,0.7373704851435514,0.738104896472263,0.7422507225455857,0.6567609620057302,0.1378389657690812,0.5970469062918583,69.75094624556917,1.2235145448480296,0.7896093059649679,0.43390523888306165,96.70326791220941,1.4206579592685564,0.00997315406939527,0.05414056396107805,0,4,8,1720.9714089970553,0.0,USDJPY=X,0.0,144.67300415039062,0,2023-08-18 00:00:00+01:00
2023-08-21 00:00:00+01:00,0.7356789731761197,0.7472628455252814,0.738347892056566,0.7356232929980295,0.5135368865732785,0.09945604234048809,0.489604322911817,65.1931761174906,1.260228323928601,0.8837331095576946,0.3764952143709064,83.78669416218492,1.404824524189664,0.0097496322606843,0.05419351440898158,0,0,8,1969.4452635791367,0.0,USDJPY=X,0.0,146.06700134277344,1,2023-08-21 00:00:00+01:00
2023-08-22 00:00:00+01:00,0.7507938942600698,0.7473766134943931,0.7440665694189934,0.7507413980946478,0.53566886224822,0.19176285912113133,0.4669844389354772,62.296472393945955,1.242003379223405,0.9553871634908367,0.28661621573256835,75.60972633621202,1.392622310338505,0.009668109115316128,0.05547392773272778,0,1,8,2172.434202034514,0.0,USDJPY=X,1.0,146.531005859375,0,2023-08-22 00:00:00+01:00
2023-08-23 00:00:00+01:00,0.7430987466896095,0.7380040165793886,0.7291298805218149,0.743044629513584,0.6791879155219973,0.1379954662290977,0.4858209237207048,66.00694368260199,1.2879991522650585,1.0219095612456812,0.26608959101937724,94.2625476265287,1.3706497677334109,0.00952298477526309,0.057025067869669904,0,2,8,2350.919021918278,0.0,USDJPY=X,0.0,146.46400451660156,1,2023-08-23 00:00:00+01:00
2023-08-24 00:00:00+01:00,0.7254406942788072,0.7401807274829579,0.72979410141197,0.7253828573703232,0.5288067467298015,0.191608729880206,0.44667375956505057,62.62777534630657,1.2714654487863015,1.0718207387538055,0.19964471003249606,84.76622199987187,1.3911751243768948,0.009403276298799883,0.05664744453898513,0,3,8,2441.579664032087,0.0,USDJPY=X,1.0,145.98800659179688,1,2023-08-24 00:00:00+01:00
2023-08-25 00:00:00+01:00,0.7480235916959148,0.7508689679274712,0.7478249670423334,0.7479705119562612,0.4630242945191856,0.206061310240821,0.33734645777274924,55.59442892732985,1.1570707829380353,1.0888707475906514,0.06820003534738395,62.975006939974556,1.386520046087139,0.009615996657750599,0.05343261393243595,0,4,8,2449.670855388755,0.0,USDJPY=X,1.0,146.0989990234375,0,2023-08-25 00:00:00+01:00
2023-08-28 00:00:00+01:00,0.7555405124305801,0.7526721530588154,0.7566380683358958,0.7554890161574035,0.7291804297903176,0.1353539281615464,0.4586390909805596,61.54275462905533,1.1654613958915547,1.1041888772508321,0.061272518640722584,86.65687762307893,1.4254822983058033,0.009492356475734114,0.044221792940644614,0,0,8,2562.9362424441542,0.0,USDJPY=X,0.0,145.47300720214844,0,2023-08-28 00:00:00+01:00
2023-08-29 00:00:00+01:00,0.7544550838092539,0.7628730997619919,0.7497367959833299,0.7544033588866215,0.6287290304754953,0.0680658440117233,0.5116355885993149,63.30477849565472,1.1957682319128935,1.1225047481832444,0.07326348372964908,95.00276158836671,1.3700194252264826,0.009728195680809227,0.040468372939812224,0,1,8,2740.4674248454776,0.0,USDJPY=X,0.0,146.0570068359375,0,2023-08-29 00:00:00+01:00
2023-08-30 00:00:00+01:00,0.7467438686322376,0.7495369656050181,0.7449737858934511,0.7466905193143025,0.5722126192975048,0.2318554315144502,0.45091100723114524,62.85692831940829,1.2005410791509803,1.1381120143767915,0.06242906477418875,78.02766781853995,1.3787315474061757,0.009353966728877689,0.03968158293018333,0,2,8,2833.9208481953465,0.0,USDJPY=X,1.0,146.54299926757812,1,2023-08-30 00:00:00+01:00
2023-08-31 00:00:00+01:00,0.7485419574027974,0.7441440168644284,0.7445364927208855,0.7484889868587505,0.5287793780370984,0.14996063776308674,0.45089542787816,59.629450266559516,1.1526277651320243,1.1410151645278381,0.011612600604186119,53.354364269105,1.349179032440779,0.009444142567555595,0.03894066703863358,0,3,8,2855.3035127270946,0.0,USDJPY=X,0.0,147.4709930419922,1,2023-08-31 00:00:00+01:00
2023-09-01 00:00:00+01:00,0.7384008257266608,0.7447289676424313,0.7275421280925389,0.738345718916632,0.5911483619214822,0.10256233934990656,0.5241394449782715,60.14335646522976,1.1108075818562213,1.1349736479935149,-0.02416606613729355,54.956635990747536,1.2999511303607458,0.009234690459613218,0.03836502942499232,0,4,9,2830.1870820656104,0.0,USDJPY=X,0.0,147.70899963378906,1,2023-09-01 00:00:00+01:00
2023-09-04 00:00:00+01:00,0.7478616796606223,0.7490010912058476,0.7527985897851379,0.747808565813614,0.5126859546779138,0.2711749864840512,0.40146511237030374,55.82694320578377,1.0154470356329455,1.1110683255214011,-0.09562128988845564,34.62658079375573,1.3317410764761612,0.008936029819981251,0.03550281492855634,0,0,9,2757.1549857613745,0.0,USDJPY=X,1.0,147.33099365234375,1,2023-09-04 00:00:00+01:00
2023-09-05 00:00:00+01:00,0.755734806872931,0.7689159387313631,0.7602021683709728,0.7556833515285797,0.6417594441859129,0.06977549297644906,0.40879374327639556,58.79781686831483,0.9757491763513713,1.084004495687395,-0.10825531933602384,55.03188245079013,1.3092594489432658,0.009117954046340793,0.029156618665181017,0,1,9,2777.1370061284783,0.0,USDJPY=X,0.0,147.11300659179688,1,2023-09-05 00:00:00+01:00
2023-09-06 00:00:00+01:00,0.7707684011483149,0.7702154713284268,0.7689341887371177,0.7707201126848455,0.6310737409843393,0.18927782151359657,0.4420468162606161,61.14005235098337,0.9722958432405164,1.0616627651980195,-0.08936692195750306,63.72909825236855,1.3342406727352647,0.00893430225590403,0.023888277902554114,0,2,9,2776.8602159041743,1.0,USDJPY=X,1.0,146.67799377441406,0,2023-09-06 00:00:00+01:00
2023-09-07 00:00:00+01:00,0.7746241323337966,0.7713362965056008,0.7692582652488382,0.7745766560940146,0.677811472774737,0.11794918003243827,0.5267967685815169,65.20728392908265,1.0325379392666036,1.0558378000117363,-0.023299860745132683,90.19278317763033,1.3284381947859825,0.009047478729293843,0.021851581080315277,0,3,9,2844.1991226634473,1.0,USDJPY=X,0.0,147.1580047607422,0,2023-09-07 00:00:00+01:00
2023-09-08 00:00:00+01:00,0.7685003966844866,0.7693382930219212,0.7632639621727808,0.7684516304576932,0.6044245706295158,0.12556316453415028,0.534388576208426,66.18482920424083,1.0869556293532696,1.062061365880043,0.02489426347322654,95.38854985589218,1.2912639421031666,0.008993617166723379,0.02086083032018875,0,4,9,2955.4010359929885,1.0,USDJPY=X,0.0,147.3459930419922,0,2023-09-08 00:00:00+01:00
2023-09-11 00:00:00+01:00,0.7649689839574836,0.7589098103805219,0.7507248461872558,0.7649194738258565,0.539523138249464,0.16394845918183457,0.5498259434743619,63.150119891704016,1.0870492896836197,1.0670589506407584,0.019990339042861294,84.21489429838212,1.2743885129936772,0.0087643740810583,0.021232207044927,0,0,9,2954.8435955355144,1.0,USDJPY=X,0.0,147.48199462890625,0,2023-09-11 00:00:00+01:00
2023-09-12 00:00:00+01:00,0.7579217317221398,0.7608426265529236,0.7597972581297845,0.7578707370613993,0.5563129079687603,0.18446187553945234,0.5009969307752046,61.40166074555203,1.057345363007812,1.0651162331141693,-0.007770870106357242,77.7713128470202,1.2846464240354236,0.008662650179734265,0.02055972382527446,0,1,9,2893.1080194985648,1.0,USDJPY=X,1.0,147.8679962158203,1,2023-09-12 00:00:00+01:00
2023-09-13 00:00:00+01:00,0.7656979589072197,0.7672753500874636,0.7701491666586326,0.7656486023367963,0.5333352330142171,0.11592653014767952,0.44541118205610525,57.95327894508593,0.9873216588067066,1.0495573182526767,-0.06223565944597009,64.91256557018434,1.246170746495505,0.008758276487004366,0.020238103708592695,0,2,9,2764.8949034535367,1.0,USDJPY=X,0.0,147.60499572753906,1,2023-09-13 00:00:00+01:00
2023-09-14 00:00:00+01:00,0.7687433883343986,0.7660082872157892,0.7687720268822824,0.7686946732946731,0.6302204262935834,0.07816723734006127,0.41859509725016947,60.58381138281209,0.9594997281133999,1.0315458002248215,-0.07204607211142156,79.1014347635865,1.2240879587993976,0.008468249814351587,0.020415737155165214,0,3,9,2690.8995854216746,1.0,USDJPY=X,0.0,147.74200439453125,0,2023-09-14 00:00:00+01:00
2023-09-15 00:00:00+01:00,0.77094662798411,0.7727007685534426,0.7738591134838817,0.770898377064767,0.5991917265414336,0.07925562690290332,0.4156416685660881,61.59711515861312,0.9417636654976889,1.013589373279395,-0.07182570778170616,84.65826827057089,1.173082373572655,0.008307575479507912,0.021248089340054257,0,4,9,2619.9583420273348,1.0,USDJPY=X,0.0,148.3209991455078,1,2023-09-15 00:00:00+01:00
2023-09-18 00:00:00+01:00,0.7771998932616535,0.7712711091943234,0.7774068984542959,0.7771529596152058,0.5936791279654162,0.09448359590632736,0.4463249969878067,62.35118951946555,0.9279846699201357,0.9964684326075433,-0.06848376268740752,86.5298793208165,1.1327194689592064,0.00795407179381023,0.021736266865299156,0,0,9,2559.147886183172,1.0,USDJPY=X,0.0,147.6439971923828,0,2023-09-18 00:00:00+01:00
2023-09-19 00:00:00+01:00,0.7729392583909678,0.7717422920032146,0.7766779117013867,0.77289142722641,0.6200293220264369,0.04677466779220533,0.482511866671134,64.48285091668492,0.9374059860742534,0.9846559433008854,-0.047249957226631945,97.66343623192233,1.078882207086004,0.007660342318468622,0.021886032710131554,0,1,9,2493.7016364692317,1.0,USDJPY=X,0.0,148.4340057373047,1,2023-09-19 00:00:00+01:00
2023-09-20 00:00:00+01:00,0.7751588128411817,0.7761767641935764,0.7784275787875483,0.7751114492337783,0.5516620335524264,0.05827508038432719,0.4929785151599017,61.91076608975234,0.9131245738982159,0.9703496694203515,-0.057225095522135616,90.0776360611582,1.0286049065798608,0.007309252656173574,0.022567454413475307,0,2,9,2389.064789541379,0.0,USDJPY=X,0.0,148.81100463867188,1,2023-09-20 00:00:00+01:00
2023-09-21 00:00:00+01:00,0.7845385871605237,0.7808063025967726,0.7735998028349154,0.7844931994364275,0.5937600508806641,0.08391507241703104,0.4722604086644485,62.74446274168403,0.8946241637323453,0.9552045682827504,-0.06058040455040503,88.56316169094421,0.9949901744831966,0.006962169701130271,0.022649482706424803,0,3,9,2280.1261095359264,0.0,USDJPY=X,0.0,149.0449981689453,1,2023-09-21 00:00:00+01:00
2023-09-22 00:00:00+01:00,0.7735710861195284,0.7800917207777118,0.7769048394189761,0.773523388051762,0.6402737165354209,0.17451461145203973,0.49559654151432997,66.11941751133963,0.9161220086804747,0.9473880563622953,-0.03126604768182062,94.99018864290272,1.0041338119224548,0.00670835674122636,0.020307616646513423,0,4,9,2228.4764940913683,0.0,USDJPY=X,1.0,149.4980010986328,1,2023-09-22 00:00:00+01:00
2023-09-25 00:00:00+01:00,0.7863693055320895,0.7888632559822679,0.7891522618241575,0.7863243034554237,0.5083354808801714,0.1359751875634301,0.44697299892961984,59.349348992315235,0.8685190589326623,0.9316142568763688,-0.06309519794370644,68.2840357783476,0.994909968213708,0.006801047323407603,0.020010544644980564,0,0,9,2155.1100187913717,0.0,USDJPY=X,0.0,149.33700561523438,1,2023-09-25 00:00:00+01:00
2023-09-26 00:00:00+01:00,0.7924767263808965,0.7926317270114036,0.7960048361806829,0.7924330108544708,0.6625419501668058,0.10240821010898123,0.4710205757090289,63.98370724713823,0.8843462721561366,0.9221606599323224,-0.03781438777618584,83.17408376963351,1.0167023313240011,0.00670270914856585,0.021259617747093777,0,1,9,2144.7565063925317,0.0,USDJPY=X,0.0,149.5399932861328,1,2023-09-26 00:00:00+01:00
2023-09-27 00:00:00+01:00,0.7962674455583141,0.7978134986067142,0.7985645709471711,0.7962245285605618,0.6188249726358399,0.07272766074494219,0.5092831163060617,65.97707195248913,0.9167424766749548,0.921077023280849,-0.004334546605894163,88.81427582723855,0.9970799602110144,0.006832171678382636,0.022943890119957785,0,2,9,2172.5030275957934,0.0,USDJPY=X,0.0,149.8509979248047,1,2023-09-27 00:00:00+01:00
2023-09-28 00:00:00+01:00,0.8036061394571843,0.7985771568046074,0.8033923468998041,0.8035647683817835,0.6037791326255394,0.09774639337576234,0.5150001498616471,67.19082818476681,0.9503430612437,0.9269302308734192,0.023412830370280857,87.43727369542066,0.9747164258042008,0.0066897914888818045,0.02383317110676846,0,3,9,2149.242717113866,0.0,USDJPY=X,0.0,149.19200134277344,0,2023-09-28 00:00:00+01:00
2023-09-29 00:00:00+01:00,0.8009979961222684,0.797017618543931,0.793137587165087,0.8009560756320628,0.6265939005057322,0.05874221054528554,0.5072124934941222,69.46215689267454,1.001975171051896,0.9419392189091146,0.06003595214278146,98.78737422791815,0.9405944866284542,0.006519929488295445,0.025332302436306273,0,4,9,2109.806178722862,0.0,USDJPY=X,0.0,148.96600341796875,0,2023-09-29 00:00:00+01:00
2023-10-02 00:00:00+01:00,0.8042864171993593,0.8038075090577523,0.808268573650528,0.8042451894269196,0.5625753878711859,0.14219015280135822,0.538326095131942,67.66918680267796,1.0181662137239584,0.9571846178720834,0.060981595851875015,93.32024064038184,0.9424802546734083,0.006298468907645628,0.023907647187963732,0,0,10,2063.4237648028857,0.0,USDJPY=X,0.0,148.46299743652344,0,2023-10-02 00:00:00+01:00
2023-10-03 00:00:00+01:00,0.8093247242273427,0.8083232794918365,0.7960698492413867,0.809284557792459,0.600463927215815,0.062005008014720524,0.5029439900740441,68.76395329185657,1.0354412184677813,0.972835937991223,0.06260528047655822,88.57932725923217,0.9128025791861337,0.006302529737780901,0.023622175665982584,0,1,10,2053.027769791908,0.0,USDJPY=X,0.0,149.16000366210938,0,2023-10-03 00:00:00+01:00
2023-10-04 00:00:00+01:00,0.7986489120438205,0.7947434984641943,0.7965234574786155,0.7986064967105768,0.6116692611220484,0.2222211683470706,0.49887031026076145,70.41679758099197,1.061985353264049,0.9906658210457883,0.07131953221826082,90.65811065664111,0.9497447289429278,0.006091401404241422,0.024458899819455936,0,2,10,2112.6440375337656,0.0,USDJPY=X,1.0,148.32699584960938,0,2023-10-04 00:00:00+01:00
2023-10-05 00:00:00+01:00,0.7949877224946369,0.7913973817256172,0.7894924062025921,0.7949445359186036,0.5109289996384739,0.08795562974836622,0.44598482144267027,62.83022726503025,1.0181101149707388,0.9961546798307784,0.021955435139960344,66.27630474230155,0.9612624219927633,0.006365922572221943,0.025038964870467504,0,3,10,2103.132556836367,0.0,USDJPY=X,0.0,148.6280059814453,0,2023-10-05 00:00:00+01:00
2023-10-06 00:00:00+01:00,0.7868389740314106,0.7976999784981018,0.792068208835794,0.7867940708921093,0.555764853618361,0.12338875662755736,0.40594120331659767,60.42587478392157,0.9541042093152328,0.9877445857276693,-0.03364037641243656,58.25366302846464,0.9558866480585705,0.0064528979762963345,0.025294353680775285,0,4,10,2049.4730093167163,0.0,USDJPY=X,0.0,149.03599548339844,1,2023-10-06 00:00:00+01:00
2023-10-09 00:00:00+01:00,0.7981305463369379,0.7933140869655739,0.793007808241629,0.7980880218080879,0.526808586935923,0.15897601274767384,0.38572909651986315,55.349040542368165,0.8529583165146732,0.9607873318850702,-0.10782901537039691,40.39758416163367,0.9606811913334047,0.006438551454326305,0.024758234353478164,0,0,10,1979.4217072776873,0.0,USDJPY=X,1.0,149.7899932861328,1,2023-10-09 00:00:00+01:00
2023-10-10 00:00:00+01:00,0.7846357343816992,0.7912836137565056,0.7875968923262588,0.7845903671220154,0.6523402398222312,0.10800428716411681,0.4149061697770439,60.323557888325205,0.8195942724411793,0.9325487199962921,-0.11295444755511275,65.14042737589037,0.9459900264390544,0.0064406085260605515,0.023978362399074558,0,1,10,1898.2620763260802,0.0,USDJPY=X,0.0,149.5659942626953,1,2023-10-10 00:00:00+01:00
2023-10-11 00:00:00+01:00,0.7895121293743905,0.7926966664621817,0.7916309156632284,0.789467789344908,0.4924684560583634,0.14048287505572365,0.34768846269378756,52.758539020931984,0.7176634805323943,0.8895716721035126,-0.17190819157111836,35.5696991035398,0.9477770460349255,0.0063777333385637075,0.02163371648051914,0,2,10,1783.803124814775,0.0,USDJPY=X,1.0,149.5780029296875,1,2023-10-11 00:00:00+01:00
2023-10-12 00:00:00+01:00,0.7961216011295775,0.8024755067352993,0.8000549273843665,0.7960786534091702,0.6108858222926862,0.11530527074579583,0.40398722703741546,54.9567506558122,0.6536368765277416,0.8423847129883585,-0.18874783646061688,42.05903822009402,0.9410070303304219,0.0063768402178069035,0.019967497479712448,0,3,10,1691.1172845882181,0.0,USDJPY=X,0.0,149.75900268554688,1,2023-10-12 00:00:00+01:00
2023-10-13 00:00:00+01:00,0.808336442827192,0.8031415078965258,0.8081227268603564,0.8082960682072649,0.6220162885836469,0.12805057336077624,0.44143452907275565,57.82152002546372,0.6285709005940987,0.7996219505095066,-0.17105104991540787,43.369116819801235,0.9562202209653025,0.006313958096352927,0.01860350872442378,0,4,10,1591.8251899493202,0.0,USDJPY=X,0.0,149.74200439453125,0,2023-10-13 00:00:00+01:00
2023-10-16 00:00:00+01:00,0.8047076356850664,0.8020045717869069,0.8068592981407501,0.8046664966438206,0.6580068227733035,0.0570325615805598,0.5160472199340436,62.56060552136316,0.6619170871822178,0.7720809778440488,-0.11016389066183108,81.97621726357897,0.9441332454303925,0.006383738993423314,0.01819958343490447,0,0,10,1579.1551302543792,0.0,USDJPY=X,0.0,149.802001953125,0,2023-10-16 00:00:00+01:00
2023-10-17 00:00:00+01:00,0.8049021773213645,0.802589274704411,0.8059033836702518,0.804861079261016,0.5560664502325161,0.05827508038432719,0.46127627389182896,60.389766123586874,0.6626309342100285,0.7501909691172448,-0.08756003490721631,70.50675042190137,0.9061228210916143,0.0063124860038180335,0.01793006418311051,0,1,10,1510.6509181388828,0.0,USDJPY=X,0.0,149.8800048828125,0,2023-10-17 00:00:00+01:00
2023-10-18 00:00:00+01:00,0.807834391920812,0.8040511559284202,0.8090462583994773,0.8077939115420498,0.5805727297834268,0.07303829044588403,0.5116056325664265,60.46896122841412,0.6565968227330643,0.7314721398404087,-0.07487531710734441,71.12163260203762,0.8749712782067223,0.006057861472569317,0.0166827213877653,0,2,10,1426.4001744213897,1.0,USDJPY=X,0.0,149.7689971923828,0,2023-10-18 00:00:00+01:00
2023-10-19 00:00:00+01:00,0.8075590178638414,0.8049122233024808,0.8121891331287028,0.8075184794765404,0.5981436510048984,0.05687606112054329,0.5043408557386098,61.711547679568014,0.6588253846047678,0.7169427887932805,-0.058117404188512745,80.38939933745858,0.8386159950814653,0.00584252874629463,0.015562446182091717,0,3,10,1386.6977613685349,1.0,USDJPY=X,0.0,149.85400390625,0,2023-10-19 00:00:00+01:00
2023-10-20 00:00:00+01:00,0.8085309844634896,0.8058868107851538,0.8137766383600296,0.8084906508244603,0.577558737486382,0.03496599671823278,0.4790327836929862,61.515983947448944,0.6517074382454098,0.7038957186837065,-0.05218828043829671,79.51903243952746,0.7947867171124768,0.00560040583450406,0.015396124509805025,0,4,10,1351.0712779282576,1.0,USDJPY=X,0.0,150.09800720214844,0,2023-10-20 00:00:00+01:00
2023-10-23 00:00:00+01:00,0.8097946399206113,0.8058379822668207,0.8127562052247264,0.8097545724751638,0.5855554913039392,0.029061661181246503,0.4380011346619777,61.97403629096695,0.6434899642819119,0.6918145678033476,-0.04832460352143575,82.59109944371524,0.7558733801758714,0.005305581412464541,0.012950659407703131,0,0,10,1346.6874057753469,1.0,USDJPY=X,0.0,150.36599731445312,1,2023-10-23 00:00:00+01:00
2023-10-24 00:00:00+01:00,0.8079963039561044,0.8046846873642575,0.8061626943192182,0.8079558576846966,0.5874223230212164,0.038382923428593105,0.4557927511372635,62.59733932224134,0.6359410093934912,0.6806398561213763,-0.044698846727885155,93.78818909632538,0.7195248543457868,0.005043190255877495,0.012517598285359983,0,1,10,1293.612248671907,1.0,USDJPY=X,0.0,149.73300170898438,0,2023-10-24 00:00:00+01:00
2023-10-25 00:00:00+01:00,0.8093734214349042,0.8055293959453742,0.8136147237031439,0.8093332652582628,0.5678051347556701,0.09059716781591752,0.4485451075802024,61.06333575125295,0.6139240807213469,0.6672967010413705,-0.053372620320023656,87.6313874172746,0.7097725471575833,0.004804230967918784,0.012437918350691794,0,2,10,1271.6075986595463,1.0,USDJPY=X,0.0,149.11099243164062,0,2023-10-25 00:00:00+01:00
2023-10-26 00:00:00+01:00,0.8133262998415609,0.818556943780901,0.8177135129028676,0.8132869763530197,0.5881514046081793,0.027195511756504254,0.44288396782050177,61.83463822488766,0.5964592268198032,0.653129206197057,-0.05666997937725382,92.34610111541781,0.6734319386692069,0.004736426979966604,0.01262143222008571,0,3,10,1251.9732217656742,1.0,USDJPY=X,0.0,151.29400634765625,1,2023-10-26 00:00:00+01:00
2023-10-27 00:00:00+01:00,0.8176677671329196,0.8125629333298634,0.8097104792896324,0.8176293581901295,0.6046477812300797,0.1125096034373192,0.4582418079686894,64.03681069547396,0.5954433309649687,0.6415920311506395,-0.046148700185670744,73.90654536862004,0.6909010335912724,0.004486614787378521,0.013253738247341273,0,4,10,1216.053753522224,1.0,USDJPY=X,0.0,150.5749969482422,0,2023-10-27 00:00:00+01:00
2023-10-30 00:00:00+00:00,0.8074131734351049,0.8035150336687504,0.7977221203354676,0.8073726043251488,0.6070920275608909,0.13193463023209492,0.4704666969802697,66.33441815204182,0.6092398507957171,0.635121595079655,-0.02588174428393797,84.28166351606805,0.7021937471517173,0.004594795671433779,0.014311153040303096,0,0,10,1195.5592211065245,0.0,USDJPY=X,1.0,150.4969940185547,1,2023-10-30 00:00:00+00:00
2023-10-31 00:00:00+00:00,0.7973365593791377,0.8308535510044237,0.8012214545077905,0.79729386759407,0.5138525612366847,0.16037266079236656,0.4286531461425438,57.06129799794394,0.5626108097619351,0.6206194380161111,-0.058008628254175965,55.4840776407058,0.7628943332926662,0.004689639151938432,0.014449706732484356,0,1,10,1144.1444697837794,1.0,USDJPY=X,1.0,149.44900512695312,0,2023-10-31 00:00:00+00:00
2023-11-01 00:00:00+00:00,0.8327016086022505,0.8292779018113028,0.83028501181977,0.8326663665924146,0.5147169131764323,0.38834640665458925,0.3985850766389493,49.70782393282914,0.47004759241448824,0.5905050688957866,-0.12045747648129834,10.939071887417033,0.886902465108257,0.005116284995839004,0.014470486260365489,0,2,11,1081.479907930905,1.0,USDJPY=X,1.0,149.98899841308594,0,2023-11-01 00:00:00+00:00
2023-11-02 00:00:00+00:00,0.8210535826251331,0.8155679940216047,0.814505872310888,0.8210158869165933,0.8070160199237564,0.09448359590632736,0.521960490365106,66.1804558278549,0.566313445714286,0.5856667442594865,-0.019353298545200515,91.34439754736387,0.9893390321931583,0.005862112363329563,0.017706298285106975,0,3,11,1131.422951156881,0.0,USDJPY=X,0.0,150.39599609375,0,2023-11-02 00:00:00+00:00
2023-11-03 00:00:00+00:00,0.8197899271680114,0.8140248145538727,0.8049314013330395,0.8197519652658902,0.505412215878926,0.11468401134391212,0.46529405360243714,59.29200660230181,0.5779248209022967,0.5841183595880486,-0.006193538685751898,64.86165985691082,1.0218148330465489,0.006570407120999167,0.01836916981284752,0,4,11,1139.7436723477604,0.0,USDJPY=X,0.0,150.86399841308594,0,2023-11-03 00:00:00+00:00
2023-11-06 00:00:00+00:00,0.8028123996933312,0.8032552758656375,0.8069240640035042,0.8027708614137847,0.5712672827939312,0.19176285912113133,0.4449705729580525,58.57964666766628,0.5742135584004302,0.5821373993505249,-0.007923840950094685,61.98863604430931,1.042827649450032,0.006789602939980116,0.017590110904458035,0,0,11,1108.2232442646252,1.0,USDJPY=X,1.0,151.3489990234375,1,2023-11-06 00:00:00+00:00
2023-11-07 00:00:00+00:00,0.8115603462841126,0.8171761129401149,0.8164335219206489,0.8115206507910819,0.471023683725754,0.06961899251643254,0.420583552300829,49.904556702399205,0.48116187638774477,0.5619422947579689,-0.0807804183702241,23.388841742023594,1.0479821198018153,0.006977815935035341,0.017459788820837194,0,1,11,1025.1649702529842,1.0,USDJPY=X,0.0,151.468994140625,1,2023-11-07 00:00:00+00:00
2023-11-08 00:00:00+00:00,0.8181537504327441,0.8219679999702567,0.8225410416575514,0.8181154438640894,0.6355188339033818,0.11157771433449365,0.48917484162691377,53.70858759828874,0.44585119819024044,0.5387240754444232,-0.0928728772541828,43.27801226318067,1.0615542064593866,0.006987059923658928,0.01512043063780189,0,2,11,1003.6849840208369,1.0,USDJPY=X,0.0,151.64599609375,1,2023-11-08 00:00:00+00:00
2023-11-09 00:00:00+00:00,0.8257354359815263,0.825119298356499,0.829863786513918,0.8256987265222906,0.621526058054021,0.09883478293860438,0.38499831991484523,56.396152035711815,0.44557226303786024,0.5200937129631107,-0.07452144992525045,58.268654703227654,1.0566572071280242,0.007058394066539259,0.013513675101601673,0,3,11,1000.8861996858077,1.0,USDJPY=X,0.0,150.48500061035156,0,2023-11-09 00:00:00+00:00
2023-11-10 00:00:00+00:00,0.8335924955872791,0.83134084474576,0.8367813739311472,0.8335574412460012,0.6277203725259685,0.05873983932619438,0.45420541039539664,59.32078752082641,0.4776094958650958,0.5115968695435078,-0.03398737367841198,75.50623556322395,1.0368958908543706,0.007004038194949299,0.01342443861008068,0,4,11,1011.0703257195752,1.0,USDJPY=X,0.0,151.21499633789062,0,2023-11-10 00:00:00+00:00
2023-11-13 00:00:00+00:00,0.8355364287865754,0.8369286118386849,0.8370243695154502,0.8355017839418408,0.6293225888151596,0.05190361468638256,0.48717484248143117,62.15379808249004,0.535956556075547,0.5164688068499157,0.019487749225631346,92.34951110913467,1.0124752789518263,0.0068510257586427755,0.01536957242298008,0,0,11,1010.5355407659185,1.0,USDJPY=X,0.0,150.7050018310547,0,2023-11-13 00:00:00+00:00
2023-11-14 00:00:00+00:00,0.8384038785719063,0.834849310111283,0.8282275832865511,0.8383698377658158,0.5916546373041941,0.10302946951086492,0.556382961352291,62.843273949816655,0.5851345578271889,0.5302019570453703,0.05493260078181861,85.94998048814223,0.9875123579385262,0.006684373159643725,0.016944779385818547,0,1,11,1053.074147204449,1.0,USDJPY=X,0.0,149.94200134277344,0,2023-11-14 00:00:00+00:00
2023-11-15 00:00:00+00:00,0.8195956327256604,0.8260289463883939,0.8211478340144871,0.819557629894714,0.5974982139918829,0.16751951513312024,0.5346311569496972,63.888339178465266,0.6311159451146295,0.5503847546592222,0.08073119045540733,91.68004505016276,0.9939748802928056,0.006511958003348998,0.01847595871598125,0,2,11,1119.7296410432718,1.0,USDJPY=X,1.0,148.36199951171875,0,2023-11-15 00:00:00+00:00
2023-11-16 00:00:00+00:00,0.8314216383446262,0.8290991943914126,0.821747289041888,0.8313861267044367,0.4602545194143748,0.15104902732592881,0.4425089863213289,53.29913599368527,0.5673340197255357,0.5537746076724849,0.013559412053050779,54.095267263054424,1.0219767879086097,0.006605142547505376,0.018371322024072354,0,3,11,1023.2114397284107,1.0,USDJPY=X,1.0,148.15199279785156,0,2023-11-16 00:00:00+00:00
2023-11-17 00:00:00+00:00,0.8231596750536689,0.818508115262568,0.8042184824468444,0.8231224230010994,0.6547685951323223,0.17467111191205623,0.45779372759937104,58.01157496945434,0.5691303582160856,0.556845757781205,0.012284600434880555,77.72733784164275,1.0292647443944902,0.006758435424122867,0.0186268806672322,0,4,11,1003.6907201328504,1.0,USDJPY=X,1.0,149.4600067138672,0,2023-11-17 00:00:00+00:00
2023-11-20 00:00:00+00:00,0.8107989889273179,0.80551303715243,0.786300833477326,0.8107591330516131,0.526870866510185,0.24149206590092098,0.3998046322972424,53.91816020213797,0.5233686073916886,0.5501503277033017,-0.02678172031161319,58.30151100724965,1.0986029769377408,0.0068296654516373,0.01841367122863994,0,0,11,960.6093750000504,1.0,USDJPY=X,1.0,149.63499450683594,0,2023-11-20 00:00:00+00:00
2023-11-21 00:00:00+00:00,0.7852027972961433,0.7803028979229909,0.771072698197754,0.7851575494903085,0.5005835311760023,0.2890444935550265,0.3484716736706068,48.414056939178174,0.42068493337987434,0.5242572488386162,-0.1035723154587419,48.313251073824425,1.20556050006942,0.007326852830424013,0.01844435866151873,0,1,11,946.9148907378756,1.0,USDJPY=X,1.0,149.5709991455078,1,2023-11-21 00:00:00+00:00
2023-11-22 00:00:00+00:00,0.7818006670034272,0.8018583340924059,0.786057837893023,0.7817547025265699,0.4154405190130601,0.19393963824681545,0.24649210885369974,39.43634572428643,0.20940059903142583,0.4612859188771782,-0.25188531984575235,25.2005660006382,1.3175201068585463,0.008125803804458674,0.022011102190514137,0,2,11,830.6802728676796,1.0,USDJPY=X,1.0,148.45199584960938,0,2023-11-22 00:00:00+00:00
2023-11-23 00:00:00+00:00,0.8029906265291262,0.8009323272675672,0.7989210303902685,0.8029491257937058,0.557309383730183,0.2564117764224943,0.3006995028924776,38.41664240682377,0.024725435697462217,0.373973822241235,-0.34924838654377277,20.76442318539744,1.341269324602467,0.008893029934847103,0.0254986616940734,0,3,11,619.6887579802791,1.0,USDJPY=X,1.0,147.06300354003906,0,2023-11-23 00:00:00+00:00
2023-11-24 00:00:00+00:00,0.8058254467134516,0.8011273934804013,0.8039918019272045,0.8057845431431321,0.7166351655171452,0.1241641452703664,0.3350379329062346,47.51880789092988,-0.01590186347974054,0.2959986850970399,-0.31190054857678046,48.394666185329754,1.355107491567246,0.0089741018623815,0.025714549267404848,0,4,11,492.9975225710223,1.0,USDJPY=X,1.0,147.03900146484375,0,2023-11-24 00:00:00+00:00
2023-11-27 00:00:00+00:00,0.804788715299686,0.8003800940754524,0.7954540791493225,0.8047475933381538,0.5975329152943996,0.07738947747816106,0.3747383724840082,48.61305210733614,-0.033592010535841155,0.2300805459704637,-0.26367255650630483,52.091075820233556,1.2938856063576438,0.009056086753191542,0.025921516012942437,0,0,11,342.92902297762214,1.0,USDJPY=X,0.0,147.99899291992188,0,2023-11-27 00:00:00+00:00
2023-11-28 00:00:00+00:00,0.7866607471956155,0.7864592570009745,0.7748147807564307,0.7866158065121882,0.5726725671838797,0.15213741688877086,0.41549430609986643,48.21710504477863,-0.0521740404944353,0.1736296286774839,-0.2258036691719192,50.73924969459817,1.271394056349955,0.008650644936181161,0.02605748434448169,0,1,11,239.67177913281947,1.0,USDJPY=X,1.0,146.39300537109375,0,2023-11-28 00:00:00+00:00
2023-11-29 00:00:00+00:00,0.7641589293931279,0.7717098222778258,0.763458506958993,0.7641092486205834,0.4629690546349485,0.21694046343105916,0.4426393726051989,41.805263827570634,-0.15540325520038323,0.1078230519019105,-0.2632263071022937,27.101631925530302,1.3356519986837754,0.008564344649417528,0.02750897424202546,0,2,11,60.1297809299242,1.0,USDJPY=X,1.0,147.32699584960938,0,2023-11-29 00:00:00+00:00
2023-11-30 00:00:00+00:00,0.7637700933144789,0.7810013688096067,0.7664879178294242,0.7637203306322118,0.4338066798742668,0.18477013402130302,0.37253150330701923,35.49556192430666,-0.3453126731243401,0.01719590689666037,-0.3625085800210005,6.994596084433615,1.3654619075389522,0.009082175438638675,0.03240398324120586,0,3,11,-180.62440854577594,0.0,USDJPY=X,1.0,147.18499755859375,0,2023-11-30 00:00:00+00:00
2023-12-01 00:00:00+00:00,0.7793220532967453,0.7786295916932033,0.7659208457334006,0.7792755666909665,0.5767856965288894,0.24460073412943062,0.29457523976299826,35.39614336784848,-0.49208161142078666,-0.08465959676682903,-0.4074220146539576,6.533372037449165,1.3803578517828217,0.009286392684497569,0.03646830388475634,0,4,12,-450.54496815595365,0.0,USDJPY=X,1.0,147.1840057373047,0,2023-12-01 00:00:00+00:00
2023-12-04 00:00:00+00:00,0.7533048903738102,0.7609078138642009,0.7562492259614206,0.7532529231587806,0.6808636885861167,0.22735011524124782,0.3409644035631101,42.35100360587408,-0.5248832377560007,-0.17270432496466337,-0.3521789127913373,25.610533277219986,1.3862606792642942,0.009326805706912444,0.037412534024569746,0,0,12,-654.5627937415862,0.0,USDJPY=X,1.0,144.2779998779297,0,2023-12-04 00:00:00+00:00
2023-12-05 00:00:00+00:00,0.7684356318703696,0.7632954540525501,0.7617572906709222,0.7683868520006343,0.4105582522360254,0.1505842683840616,0.2500893896879971,35.47134206698193,-0.6727139091472907,-0.27270624180118885,-0.4000076673461018,2.6902916205241785,1.4118845676873804,0.009469446137472496,0.04254864338246502,0,1,12,-910.371607673175,0.0,USDJPY=X,1.0,144.98300170898438,0,2023-12-05 00:00:00+00:00
2023-12-06 00:00:00+00:00,0.7661352449994827,0.7651960483600622,0.7667956792764814,0.7660859805449525,0.6785494616799513,0.12059071809998956,0.37052511510567965,41.430187972321164,-0.7063630419039271,-0.3594376018217365,-0.34692544008219056,20.766334440753045,1.3808206518592638,0.009583339153461221,0.04406242005527365,0,2,12,-1053.8995836808958,0.0,USDJPY=X,0.0,146.0850067138672,0,2023-12-06 00:00:00+00:00
2023-12-07 00:00:00+00:00,0.7661191773929272,0.7602254539100302,0.7174169000833306,0.7660699095536974,0.5643340130774154,0.09044303857499217,0.4446036059410793,40.81311767031533,-0.7360041002768583,-0.43475090151276086,-0.3012531987640974,20.620152418932392,1.3237620861851647,0.00938153123459179,0.045443476043452315,0,3,12,-1148.4128972712565,0.0,USDJPY=X,0.0,145.27999877929688,0,2023-12-07 00:00:00+00:00
2023-12-08 00:00:00+00:00,0.7190415845725271,0.727201760305265,0.6958056193532265,0.7189823996684923,0.5792192137868255,0.5165511092562908,0.44598359991536835,40.80854569526742,-0.7509187602413476,-0.4979844732584782,-0.2529342869828694,54.43408661959876,1.4669221464353315,0.008993926205187179,0.04574080347129668,0,4,12,-1345.296577078593,0.0,USDJPY=X,1.0,142.7729949951172,0,2023-12-08 00:00:00+00:00
2023-12-11 00:00:00+00:00,0.730462686506288,0.7500242593463549,0.7343625667156366,0.7304059074985882,0.2722544304861658,0.40792556269029034,0.21577485342384903,30.151066351198082,-0.985864687625309,-0.5955605161318445,-0.3903041714934645,24.304152684918307,1.6950713318462007,0.010167330761976606,0.05237690428796144,0,0,12,-1717.4223873480503,0.0,USDJPY=X,1.0,142.2790069580078,0,2023-12-11 00:00:00+00:00
2023-12-12 00:00:00+00:00,0.7483152805533884,0.7429257825110871,0.7329369761411955,0.7482622622590449,0.6553200744489442,0.25640940520340316,0.35243290471486083,34.61252037651286,-1.102464744635455,-0.6969413618325666,-0.40552338280288835,34.067357512953365,1.7364943721774988,0.011691517708045631,0.05347778823077868,0,1,12,-2027.1357859236964,0.0,USDJPY=X,1.0,142.31300354003906,0,2023-12-12 00:00:00+00:00
2023-12-13 00:00:00+00:00,0.7352740694909152,0.7406680212242946,0.7369383693488385,0.7352183040184028,0.6975376085446086,0.20217488215041116,0.3630188366031404,40.960523674128446,-1.0933451337024849,-0.7762221162065503,-0.3171230174959345,49.637774380325205,1.7053872650967399,0.011886876081531926,0.050453772598837716,0,2,12,-2183.717684779769,0.0,USDJPY=X,1.0,142.7220001220703,0,2023-12-13 00:00:00+00:00
2023-12-14 00:00:00+00:00,0.6946603511909126,0.6902472470444185,0.6718454637075095,0.6945960302920875,0.49362112908703026,0.14219252402044938,0.3232582842206693,38.054184828367674,-1.1379575229520356,-0.8485691975556474,-0.28938832539638815,38.419730930261736,1.6566460500117048,0.011738623894728214,0.05097822573706671,0,3,12,-2284.8789056924434,0.0,USDJPY=X,0.0,143.88900756835938,1,2023-12-14 00:00:00+00:00
2023-12-15 00:00:00+00:00,0.6866576943503699,0.683327477629041,0.678746736060075,0.6865916876630045,0.310944047524643,0.2842261763617911,0.17324233264989347,30.739208312531687,-1.359930978532816,-0.9508415537510811,-0.4090894247817348,20.083516631543127,1.8408850772709133,0.011603357133947927,0.05563590488900287,0,4,12,-2567.842686843413,0.0,USDJPY=X,1.0,143.5229949951172,1,2023-12-15 00:00:00+00:00
2023-12-18 00:00:00+00:00,0.687208442464311,0.6943731329133338,0.6885642026222265,0.6871425517940233,0.5255129870122127,0.151826787187829,0.3152205907023664,29.534488394085088,-1.5577504697283757,-1.0722233369465402,-0.48552713278183557,15.931382680327143,1.8024642699239952,0.01293855725190879,0.059807241322081435,0,0,12,-2903.3784967341317,0.0,USDJPY=X,0.0,142.07000732421875,0,2023-12-18 00:00:00+00:00
2023-12-19 00:00:00+00:00,0.693834229020001,0.7237418755975762,0.6915936134926572,0.6937697340955598,0.5830401843181451,0.1633248285608597,0.275036607708698,29.738574705178323,-1.6922731304206593,-1.1962332956413642,-0.49603983477929514,17.111611781529376,1.7487878844327724,0.01266549243630348,0.06300225247567523,0,1,12,-3156.3197848730665,0.0,USDJPY=X,1.0,142.3419952392578,0,2023-12-19 00:00:00+00:00
2023-12-20 00:00:00+00:00,0.7127398692813687,0.7095773916524304,0.708425816266169,0.712679356898269,0.6240207747306122,0.4152289174910605,0.23446357286746,32.279695299987694,-1.7457567055540437,-1.3061379776239002,-0.43961872793014356,22.626667901196466,1.8147313977098958,0.012253106619421196,0.06594443530625103,0,2,12,-3370.7631382583722,0.0,USDJPY=X,1.0,142.22999572753906,0,2023-12-20 00:00:00+00:00
2023-12-21 00:00:00+00:00,0.7068104280744096,0.7012279628779332,0.6883048919732602,0.7067486666331233,0.7064937139684019,0.11825980973338011,0.35293580986915885,39.052981368338564,-1.674670517073622,-1.3798444855138445,-0.2948260315597775,39.13350096338305,1.7808936848712427,0.01261202247744843,0.06586526869018179,0,3,12,-3475.5780331206274,0.0,USDJPY=X,0.0,142.46099853515625,0,2023-12-21 00:00:00+00:00
2023-12-22 00:00:00+00:00,0.6832718788581569,0.6865598263985064,0.6854537108243779,0.6832051589365402,0.5397628282425129,0.231390672572583,0.48357845760805673,37.7767990260796,-1.6290892297527364,-1.429693434361623,-0.1993957953911134,38.47572990280593,1.7843305652208414,0.012408420580491863,0.06410401962756478,0,4,12,-3607.347040947724,0.0,USDJPY=X,1.0,141.3990020751953,0,2023-12-22 00:00:00+00:00
2023-12-25 00:00:00+00:00,0.6876781109636325,0.6838633520282116,0.6895848829554789,0.6876123192307089,0.42187448326175103,0.11841393897430547,0.42435230015219627,33.14614652914889,-1.6907201239205563,-1.4818987722734098,-0.20882135164714644,15.924290938026942,1.7739492612458037,0.01255951624714716,0.06362468711300043,0,0,12,-3724.5828578496303,0.0,USDJPY=X,0.0,141.42999267578125,0,2023-12-25 00:00:00+00:00
2023-12-26 00:00:00+00:00,0.6858637073925697,0.6861374721079483,0.6890825767222095,0.6857975334489865,0.6090987672592196,0.05298963303013345,0.4390896832382586,34.758330008762954,-1.6980419295597926,-1.5251274037306863,-0.17291452582910627,20.145743733540478,1.6765234856796971,0.012462585326726892,0.06019500101599595,0,1,12,-3816.4995720872967,0.0,USDJPY=X,0.0,140.95199584960938,0,2023-12-26 00:00:00+00:00
2023-12-27 00:00:00+00:00,0.6896059765563733,0.689581245883192,0.6850324855185264,0.6895405909352934,0.5670867609211311,0.07956388538475401,0.4069215626955344,34.390558187059796,-1.693361915772556,-1.5587743061390604,-0.13458760963349548,19.325250998274466,1.593342765859942,0.011787411488722156,0.0584277281734247,0,2,12,-4003.265177838484,0.0,USDJPY=X,0.0,141.12600708007812,0,2023-12-27 00:00:00+00:00
2023-12-28 00:00:00+00:00,0.6724015250383366,0.6704134499021261,0.6596301770357553,0.6723325152374631,0.6045836468030169,0.15135965702687065,0.34985359233928576,35.89710626614804,-1.6519700922173683,-1.577413463354722,-0.07455662886264625,25.721463451114428,1.5491039271154818,0.01118441385532434,0.05792980750617079,0,3,12,-4120.773053977299,0.0,USDJPY=X,0.0,142.15499877929688,1,2023-12-28 00:00:00+00:00
2023-12-29 00:00:00+00:00,0.6729035759447166,0.674425815662429,0.6683621974019003,0.6728346719026781,0.4633854243857585,0.21165501607686543,0.30690478115994707,32.23269836199499,-1.6854323971529084,-1.5990172501143594,-0.08641514703854902,17.707308040891505,1.5935254501089073,0.010955550636005732,0.0589716879687313,0,4,12,-4159.432625916863,0.0,USDJPY=X,1.0,142.99899291992188,1,2023-12-29 00:00:00+00:00
2024-01-01 00:00:00+00:00,0.6651599783606419,0.6602286141313947,0.6703548600723646,0.6650894431018297,0.5827326831496706,0.166279367548444,0.397603030688145,32.449401489371525,-1.6899699112618691,-1.6172077823438615,-0.0727621289180076,19.56743222467543,1.5561312982596103,0.011267238440448465,0.05602039980137565,0,0,1,-4089.4862453051473,0.0,USDJPY=X,0.0,144.76499938964844,1,2024-01-01 00:00:00+00:00
2024-01-02 00:00:00+00:00,0.6679789781323584,0.6790878237910141,0.6728658968428127,0.6679090367060201,0.5267604974128816,0.011343912132105357,0.3512559945921257,30.81275379485794,-1.712396828263934,-1.6362455915278762,-0.07615123673605773,11.640604876792308,1.4791216931104862,0.011040150860438653,0.05659406293821731,0,1,1,-4063.8868551411256,0.0,USDJPY=X,0.0,144.71600341796875,1,2024-01-02 00:00:00+00:00
2024-01-03 00:00:00+00:00,0.6846487491430095,0.703567022408448,0.6852107152400748,0.6845823192640867,0.5985242705269118,0.1676783868122279,0.36890580022937935,32.15430652213516,-1.6965720431055331,-1.6483108818434076,-0.04826116126212554,17.998127556132253,1.46161362853563,0.010480858374113843,0.053134087175985036,0,2,1,-4122.676407287532,0.0,USDJPY=X,0.0,144.22999572753906,1,2024-01-03 00:00:00+00:00
2024-01-04 00:00:00+00:00,0.6983215407400962,0.7220688172282874,0.7013947649901455,0.6982579910840612,0.6927221095682492,0.2834484164998909,0.4183696940254183,39.611191420055036,-1.5827547449029282,-1.6351996544553118,0.05244490955238357,40.150781006192204,1.540568803924826,0.010281830685425718,0.04687057773102353,0,3,1,-4130.3318049241025,0.0,USDJPY=X,1.0,144.42799377441406,1,2024-01-04 00:00:00+00:00
2024-01-05 00:00:00+00:00,0.7269310265853384,0.7403591870423489,0.7172713004911082,0.7268735036207323,0.67166154145363,0.30520672288036726,0.5369921805452407,44.955161288019916,-1.4082173889974285,-1.5898032013637353,0.18158581236630678,58.32071349966329,1.621742600296267,0.01077328429010357,0.03841872571975009,0,4,1,-4001.3564068583846,0.0,USDJPY=X,1.0,145.73399353027344,1,2024-01-05 00:00:00+00:00
2024-01-08 00:00:00+00:00,0.7261372868214853,0.7214352857924502,0.7143874892128994,0.726079596652734,0.7713943303910242,0.3278921759254868,0.645057624362917,54.10670434543015,-1.1145455269394802,-1.4947516664788845,0.3802061395394043,78.95212917745748,1.7172609598314668,0.011202587691318922,0.03874744484838401,0,0,1,-3631.394630866049,0.0,USDJPY=X,1.0,145.04600524902344,0,2024-01-08 00:00:00+00:00
2024-01-09 00:00:00+00:00,0.7182639124152295,0.715571402103468,0.7108720871738625,0.7182045636917487,0.5740602359883136,0.17451461145203973,0.672578537706133,53.839262356767485,-0.8756678717637953,-1.3709349075358668,0.49526703577207143,78.087697667031,1.6748138268887056,0.011866420570444264,0.03823937754489438,0,1,1,-3327.1441238105267,0.0,USDJPY=X,0.0,145.1490020751953,1,2024-01-09 00:00:00+00:00
2024-01-10 00:00:00+00:00,0.7214715010716475,0.7379551880610555,0.726845524271007,0.7214128280382919,0.527093115169867,0.15213741688877086,0.6310822792338204,51.139045885559376,-0.7173037369252029,-1.240208673413734,0.5229049364885312,69.51310780761217,1.6453985884167446,0.011612104808299035,0.03376251332401746,0,2,1,-3055.3653842992626,1.0,USDJPY=X,0.0,145.79400634765625,1,2024-01-10 00:00:00+00:00
2024-01-11 00:00:00+00:00,0.7426288309963414,0.7468729609601126,0.740454018585825,0.7425746148308792,0.6006744276579035,0.21305403534064932,0.5781746782019489,52.191035059699495,-0.5692601547576714,-1.1060189696825216,0.5367588149248501,73.00636949533998,1.640727391462312,0.011392518482163067,0.03162322694597972,0,3,1,-2806.5916387936327,1.0,USDJPY=X,1.0,147.24600219726562,1,2024-01-11 00:00:00+00:00
2024-01-12 00:00:00+00:00,0.7314833503134976,0.7330983615801356,0.7257116272769095,0.7314267863123118,0.7199587684812545,0.16783014483406208,0.6058092255691988,58.5329364194884,-0.3426019813127539,-0.9533355720085681,0.6107335906958142,89.70176347243662,1.6614611317763879,0.011258371171455494,0.03610072002085828,0,4,1,-2373.509550295711,0.0,USDJPY=X,0.0,148.1179962158203,1,2024-01-12 00:00:00+00:00
2024-01-15 00:00:00+00:00,0.7331519094558234,0.7399695503376789,0.7375054414448621,0.7330956969426421,0.5059028782712216,0.17746677922053286,0.4543974698577793,54.436353099496145,-0.21599875126261736,-0.805868207859378,0.5898694565967606,78.36565779482976,1.6402846391048602,0.011454718307642425,0.03826289861291983,0,0,1,-1958.8189622526236,0.0,USDJPY=X,0.0,148.1280059814453,1,2024-01-15 00:00:00+00:00
2024-01-16 00:00:00+00:00,0.7436010447899366,0.759949337313973,0.7455084750580978,0.7435470334248182,0.5903678281039927,0.13007085202644383,0.4636570396997672,54.94474013172152,-0.10613039114394951,-0.6659206445162923,0.5597902533723428,80.06275487883984,1.5865500569031739,0.011300695255590534,0.03998044008408519,0,1,1,-1515.1237082626922,0.0,USDJPY=X,0.0,148.12100219726562,1,2024-01-16 00:00:00+00:00
2024-01-17 00:00:00+00:00,0.7671235263996339,0.7816834809032782,0.7703921622429357,0.7670744701301466,0.6484353814178617,0.24444423366941412,0.5328373211918653,58.097827194972396,0.03261160380225192,-0.5262141948525835,0.5588257986548354,80.06992308460693,1.6171535806706927,0.010882134983793035,0.04264443053250567,0,2,1,-1024.182094758236,0.0,USDJPY=X,1.0,148.14199829101562,1,2024-01-17 00:00:00+00:00
2024-01-18 00:00:00+00:00,0.7812499188894861,0.77836983389009,0.7791404976737439,0.7812038383955511,0.7342151789760516,0.21367529474253302,0.6092057519008901,64.17574829889838,0.2567696835289155,-0.3696174191762837,0.6263871027051993,83.63096540176352,1.6950706501735673,0.01098266544788218,0.048149539211499046,0,3,1,-550.3115296686723,0.0,USDJPY=X,1.0,148.25100708007812,0,2024-01-18 00:00:00+00:00
2024-01-19 00:00:00+00:00,0.7814120781187257,0.7862156101303066,0.7821051426814205,0.7813660317842175,0.671426412298545,0.09805702307670419,0.5814261650829446,67.24820929962137,0.4990267368344803,-0.19588858797413092,0.6949153248086112,94.91387377045535,1.6491371718129553,0.011444056046394981,0.05507927224145217,0,4,1,-47.617560793186975,0.0,USDJPY=X,0.0,147.59100341796875,0,2024-01-19 00:00:00+00:00
2024-01-22 00:00:00+00:00,0.7812986160970472,0.7780124190503099,0.778719272367892,0.7812525458613548,0.5803750506950274,0.14467756162798417,0.6245093536776594,67.28289729279092,0.6839408569176157,-0.0199226989957816,0.7038635559133973,91.49076202368549,1.5978416421019852,0.011133189574019703,0.059798063797410816,0,0,1,369.49016062570655,0.0,USDJPY=X,0.0,147.72300720214844,0,2024-01-22 00:00:00+00:00
2024-01-23 00:00:00+00:00,0.7816387549681347,0.7829505437749527,0.7690313375312487,0.7815927563839231,0.5785886619946544,0.09867828247858788,0.6176993173616084,67.22924406151549,0.8204636877956091,0.14815457836249654,0.6723091094331125,90.45133944832611,1.5290668467258388,0.010787407716658577,0.06344151803474096,0,1,1,789.2171960027404,0.0,USDJPY=X,0.0,148.13999938964844,0,2024-01-23 00:00:00+00:00
2024-01-24 00:00:00+00:00,0.7834047085255831,0.777395246407417,0.7630857324512323,0.7833590819458605,0.5815285805236815,0.23885052783336969,0.5791906051205622,67.31339354681208,0.9197509082094655,0.30247384433189034,0.6172770638775751,89.1931925215798,1.529633683636605,0.01032162968209787,0.06585568896921988,0,2,1,1210.978503056111,0.0,USDJPY=X,1.0,147.46800231933594,0,2024-01-24 00:00:00+00:00
2024-01-25 00:00:00+00:00,0.7727125815415583,0.7712225285364891,0.7701004686625925,0.7726647026267044,0.5907681848199736,0.24273695592377953,0.4974311670503058,67.77604249155345,0.9957544069978326,0.44112995686507883,0.5546244501327537,90.05258093339748,1.5319464004304189,0.010317863694580973,0.0677149435264431,0,3,1,1603.9142611384043,0.0,USDJPY=X,1.0,147.36900329589844,0,2024-01-25 00:00:00+00:00
2024-01-26 00:00:00+00:00,0.7748510563771527,0.7757871274889068,0.7765807629072556,0.7748036279397394,0.5100852007213944,0.11639603152772904,0.40594679796364685,62.04953556508496,0.9913038144045174,0.5511647283729666,0.44013908603155083,77.6651316241666,1.5040940539571523,0.010379673319870587,0.0661318931538944,0,4,1,1893.8348181346562,0.0,USDJPY=X,0.0,146.99600219726562,0,2024-01-26 00:00:00+00:00
2024-01-29 00:00:00+00:00,0.7816063725610762,0.7787597184552588,0.7781522002718684,0.7815603671553937,0.5932340257521531,0.09790289383577885,0.41320519669540523,62.72783725216086,0.9870501897214865,0.6383418206426706,0.34870836907881586,80.14267876371801,1.4416591131611056,0.010181853744006894,0.0632656799566779,0,0,1,2149.661982280618,0.0,USDJPY=X,0.0,146.4510040283203,0,2024-01-29 00:00:00+00:00
2024-01-30 00:00:00+00:00,0.7707199511347005,0.7719371103555499,0.7701167837272558,0.7706716524650614,0.6232256530476313,0.1112670846335518,0.4384247952359472,64.8642318686637,1.0057334766254087,0.7118201518392183,0.29391332478619037,85.4713033253212,1.3898265635045086,0.009731734299317436,0.05809530651476036,0,1,1,2437.3218472282797,0.0,USDJPY=X,0.0,148.50100708007812,1,2024-01-30 00:00:00+00:00
2024-01-31 00:00:00+00:00,0.7691161568064917,0.7717422920032146,0.753462810675293,0.7690675202917896,0.5087741852323651,0.12307575570752435,0.3972088623009799,58.9955535357292,0.9553034254098236,0.7605168065533394,0.19478661885648418,70.24019090767608,1.364124578918249,0.00942459748315364,0.05092378486150376,0,2,1,2645.270149338227,0.0,USDJPY=X,0.0,148.63999938964844,1,2024-01-31 00:00:00+00:00
2024-02-01 00:00:00+00:00,0.7630735007718012,0.7590558002145231,0.7508546251107138,0.7630235913498014,0.5688832095357906,0.2809633788923561,0.3848761680506909,58.16069512005004,0.8970086948053506,0.7878151842037417,0.10919351060160887,67.99633401926368,1.3958298702259857,0.009256523070725112,0.04466924349610487,0,3,2,2736.1602346386003,0.0,USDJPY=X,1.0,147.8179931640625,1,2024-02-01 00:00:00+00:00
2024-02-02 00:00:00+00:00,0.7542444745664003,0.7826580683859512,0.7561520771672896,0.754192705278171,0.539959501499941,0.18461363356128652,0.4017749642925346,55.00249378048415,0.8113587903689563,0.7925239054367847,0.01883488493217156,51.54720732288194,1.3995561685580582,0.009495699538500445,0.03928961486576896,0,4,2,2691.0737674834168,0.0,USDJPY=X,0.0,148.08599853515625,1,2024-02-02 00:00:00+00:00
2024-02-05 00:00:00+00:00,0.7874547341534157,0.7878237290488168,0.7890711808967401,0.7874099607262057,0.5216619160359793,0.3595953751742846,0.3614278050963478,50.672822398846684,0.6915322729559819,0.7723255789406241,-0.0807933059846423,26.959246149430786,1.4648732537559201,0.009556480529743692,0.037654359063301085,0,0,2,2623.632090257111,0.0,USDJPY=X,1.0,149.25900268554688,1,2024-02-05 00:00:00+00:00
2024-02-06 00:00:00+00:00,0.7897064238167415,0.7862480798556954,0.7846322473185823,0.7896621247160842,0.7970263524372437,0.09324107710255997,0.45876600130924083,62.59897176522188,0.7533033956592021,0.7685211422843398,-0.01521774662513764,87.19169146198709,1.5337395109513676,0.009864399458018473,0.03628106006178917,0,1,2,2641.843753388455,0.0,USDJPY=X,0.0,149.16700744628906,1,2024-02-06 00:00:00+00:00
2024-02-07 00:00:00+00:00,0.7763898386972978,0.7775087665160294,0.7790754846130401,0.7763427344099332,0.5938806951916951,0.12074721856000606,0.5073178915293475,63.247783154725305,0.8042026259404338,0.7756574390155586,0.028545186924875177,91.88896509403314,1.4796872642148862,0.010318484373313177,0.03346852796575228,0,2,2,2672.652267061979,0.0,USDJPY=X,0.0,149.40499877929688,1,2024-02-07 00:00:00+00:00
2024-02-08 00:00:00+00:00,0.7807315531826036,0.7974724425598785,0.7834820352598211,0.7806853634930622,0.49331571927555956,0.09044303857499217,0.46413852102062764,56.95509092637432,0.7693430917728108,0.7743945695670091,-0.005051477794198345,64.1090959720711,1.4437813885483095,0.010010197219851228,0.02926105952119272,0,3,2,2612.92239421312,0.0,USDJPY=X,0.0,150.7239990234375,1,2024-02-08 00:00:00+00:00
2024-02-09 00:00:00+00:00,0.7997343406651471,0.7990480917529994,0.801691377809683,0.7996921539813593,0.6075219398288225,0.23916115753431152,0.5026277181982212,58.40805051239914,0.7546433941302269,0.7704443344796528,-0.015800940349425918,60.9343394216853,1.4589402793216446,0.00974961443235668,0.027792816781506757,0,4,2,2565.110656627727,1.0,USDJPY=X,1.0,150.54400634765625,1,2024-02-09 00:00:00+00:00
2024-02-12 00:00:00+00:00,0.798244008358616,0.7975049122852678,0.7996339492764641,0.7982015077309501,0.7025171451700718,0.07956388538475401,0.6062288438680069,64.11705691888449,0.828099592941328,0.7819753861719878,0.04612420676934015,91.45213748819009,1.4608017315380672,0.009774554653800574,0.025334216369553093,0,0,2,2561.5645828048337,1.0,USDJPY=X,0.0,149.9459991455078,1,2024-02-12 00:00:00+00:00
2024-02-13 00:00:00+00:00,0.8020994923501505,0.8182644683918996,0.8053363115742282,0.8020578038941,0.5697382736962742,0.08453633181891473,0.47680939278720746,63.38225642865878,0.8688750618930783,0.7993553213162059,0.06951974057687238,88.93171575963814,1.3953152570615759,0.009793061860975269,0.021715699535841078,0,1,2,2542.4542424122033,1.0,USDJPY=X,0.0,150.09100341796875,1,2024-02-13 00:00:00+00:00
2024-02-14 00:00:00+00:00,0.823467431517698,0.8185894135062903,0.822816667371181,0.8234302442951378,0.6041375888397384,0.22843850480408986,0.48264068351007816,64.51522632193243,0.9099050078713731,0.8214652586272394,0.08843974924413367,72.08770738945806,1.4090063355889857,0.00933914707313612,0.019538447190738776,0,2,2,2574.6337951210485,1.0,USDJPY=X,1.0,150.27000427246094,0,2024-02-14 00:00:00+00:00
2024-02-15 00:00:00+00:00,0.8205515317187531,0.8150970590732123,0.8130315837404067,0.8205137302513787,0.7166272237622581,0.06386878622037162,0.6105083334199348,70.04668961684939,1.0369010817987032,0.8645524232615323,0.17234865853717096,98.96964590027858,1.4061489756110892,0.009348254721996104,0.02423810259172515,0,3,2,2656.237153962585,1.0,USDJPY=X,0.0,149.93899536132812,0,2024-02-15 00:00:00+00:00
2024-02-16 00:00:00+00:00,0.8108637537414349,0.8163638740843879,0.8158016839618711,0.8108239115086715,0.5607513880664082,0.1243206457303829,0.5835400897863772,68.47797640599059,1.110224503681735,0.9136868393455728,0.19653766433616227,95.26074844519346,1.3746380729167704,0.009340451405045132,0.027773594929850765,0,4,2,2726.639729837727,0.0,USDJPY=X,0.0,150.35499572753906,0,2024-02-16 00:00:00+00:00
2024-02-19 00:00:00+00:00,0.8139905099771805,0.8090542201038411,0.815040314277585,0.8131734904301571,0.5175445884105266,0.1098680653697679,0.4778481197443351,63.397934315518086,1.1073152197585046,0.9524125154281592,0.15490270433034536,82.93831709878445,1.3269496914528494,0.009167554191177983,0.029387338750840087,0,0,2,2767.8322988064992,0.0,USDJPY=X,0.0,150.48300170898438,0,2024-02-19 00:00:00+00:00
2024-02-20 00:00:00+00:00,0.8161126700122718,0.8130665858641439,0.8120432863385312,0.8160739334826614,0.5943639819996323,0.04724179795316368,0.4918718191928896,64.09351631865992,1.1039841817841136,0.9827268486993501,0.1212573330847635,85.92624966199858,1.2538819173842306,0.008840967554581544,0.03084553738505975,0,1,2,2707.4205034134543,0.0,USDJPY=X,0.0,150.4980010986328,0,2024-02-20 00:00:00+00:00
2024-02-21 00:00:00+00:00,0.8107502917197569,0.8108085767168522,0.8146190889717331,0.8107104255858093,0.5978721993759891,0.11437575286206143,0.48830608172516143,64.97830367457433,1.1030726483245132,1.0067960086243828,0.09627663970013045,89.61470982184967,1.2168909011731919,0.008344192997497784,0.032330475876386496,0,2,2,2688.3482418390345,0.0,USDJPY=X,0.0,150.5659942626953,1,2024-02-21 00:00:00+00:00
2024-02-22 00:00:00+00:00,0.8174895402971245,0.816396591670276,0.8171951388028846,0.817451093810208,0.5450655177428884,0.0680658440117233,0.39140647688190944,61.93883062068032,1.0633825861980029,1.018113324139107,0.04526926205889592,81.55089408528198,1.1612560896636113,0.008115906727537333,0.03319085390165374,0,3,2,2733.728364901127,0.0,USDJPY=X,0.0,150.4949951171875,0,2024-02-22 00:00:00+00:00
2024-02-23 00:00:00+00:00,0.8195632503186019,0.8183943472934563,0.8218931358320596,0.8195252406661846,0.6224739417681582,0.0968145042729368,0.42623273164488595,64.20499331867234,1.0533532780052042,1.0251613149123264,0.028191963092877748,86.53149110028791,1.128310098047014,0.0077234287031469435,0.03367759628382958,0,4,2,2819.6228540577154,0.0,USDJPY=X,0.0,150.656005859375,0,2024-02-23 00:00:00+00:00
2024-02-26 00:00:00+00:00,0.8197899271680114,0.8192390558745726,0.8217312211751739,0.8197682835031646,0.5925647889890298,0.07086151132019994,0.4688487588030738,64.89756923445466,1.0437028353140931,1.0288696189926798,0.014833216321413323,90.6461058548285,1.080287494782495,0.007497923919865893,0.03419337613738647,0,0,2,2843.8580178774973,0.0,USDJPY=X,0.0,150.09500122070312,0,2024-02-26 00:00:00+00:00
2024-02-27 00:00:00+00:00,0.8209077381963965,0.8157630602344388,0.8190095717518004,0.8208700117652017,0.5808742137488011,0.08049577448757955,0.46118663733501314,64.98306627031286,1.0254444302680668,1.0281845812477572,-0.002740150979690492,89.97162282570798,1.04012339603408,0.007178085335993933,0.034859277637857164,0,1,2,2806.2133402827903,0.0,USDJPY=X,0.0,150.10499572753906,0,2024-02-27 00:00:00+00:00
2024-02-28 00:00:00+00:00,0.8197575447609529,0.8196128295072969,0.8229785820280662,0.8197195760373608,0.5863504579230501,0.07334892014682588,0.4546494893300972,65.39453319103474,1.0048773917638414,1.0235231433509742,-0.018645751587132775,91.38585314663077,0.9995431621795252,0.006908089712603746,0.03433482061653506,0,2,2,2765.5348971791736,0.0,USDJPY=X,0.0,150.46600341796875,0,2024-02-28 00:00:00+00:00
2024-02-29 00:00:00+00:00,0.8223659352898158,0.8164290613956653,0.8042184824468444,0.8223285160331006,0.5719902481870458,0.07210640134305848,0.4699665496682227,64.54168900660756,0.9716482714506469,1.0131481689709088,-0.04149989752026184,82.04668151162232,0.9612904017810993,0.0066417036752697365,0.03303508343093793,0,3,2,2695.447552072891,0.0,USDJPY=X,0.0,150.0489959716797,0,2024-02-29 00:00:00+00:00
2024-03-01 00:00:00+00:00,0.8132776026339998,0.8173548203600052,0.8180536572813022,0.813238268887216,0.5959632654542714,0.22160228016427805,0.4549338576110596,65.6361895378446,0.947385307374617,0.9999955966516505,-0.052610289277033484,90.49869439149032,0.9944846682135877,0.006380697512174754,0.03023681627421734,0,4,3,2611.890012038975,0.0,USDJPY=X,1.0,149.2689971923828,0,2024-03-01 00:00:00+00:00
2024-03-04 00:00:00+00:00,0.8134395146692923,0.8152105791818247,0.8144084763188073,0.8134002150298627,0.5214103658981207,0.09774639337576234,0.41457743465917535,58.82312773320582,0.8728269420378183,0.9745618657288841,-0.10173492369106585,54.25399811853246,0.9683784635365011,0.00662570145658132,0.023568603570028414,0,0,3,2495.7455537132287,0.0,USDJPY=X,0.0,147.8679962158203,0,2024-03-04 00:00:00+00:00
2024-03-05 00:00:00+00:00,0.8192878762616314,0.8148209424771551,0.8126103584345548,0.8192498086006752,0.5803596257083597,0.11219897373637734,0.41428669321397105,58.90496816083401,0.8052628051592876,0.9407020536149648,-0.13543924845567723,54.870178739416744,0.9507800105746306,0.006451340668862477,0.022290349133132235,0,1,3,2344.1707740594434,0.0,USDJPY=X,0.0,146.7740020751953,0,2024-03-05 00:00:00+00:00
2024-03-06 00:00:00+00:00,0.8125323128837607,0.8072512828329961,0.8029874366586154,0.8124928221390018,0.6167283773482918,0.12571966499416679,0.43144356221643304,61.854150303915524,0.7719494902584074,0.9069515409436534,-0.13500205068524596,77.12699905926623,0.9406532767696347,0.006318902535967057,0.021197750566285794,0,2,3,2189.8678105046884,0.0,USDJPY=X,0.0,146.73199462890625,0,2024-03-06 00:00:00+00:00
2024-03-07 00:00:00+00:00,0.7998962527004392,0.7939800881268004,0.7777794257641073,0.799854100124006,0.5362211290683261,0.14560945073080972,0.41118370721668335,56.78475593987892,0.7037866183072481,0.8663185564163723,-0.16253193810912425,53.59184040258807,0.9682491748296161,0.006268974148598595,0.01679565699035722,0,3,3,2015.1348477311685,1.0,USDJPY=X,0.0,147.61900329589844,0,2024-03-07 00:00:00+00:00
2024-03-08 00:00:00+00:00,0.7771998932616535,0.7751535960530695,0.7602993171651042,0.7771529596152058,0.4984774152356989,0.26045233375382953,0.3561789835196862,48.738494514554375,0.5801401736345326,0.8090828798600045,-0.22894270622547186,51.813087618109776,1.0752316207681256,0.006486606013583012,0.012849037549308938,0,4,3,1787.350277198262,1.0,USDJPY=X,1.0,147.62100219726562,0,2024-03-08 00:00:00+00:00
2024-03-11 00:00:00+00:00,0.7594770760367346,0.7593158058781357,0.7601534703749326,0.7594264090148866,0.43335194883386496,0.2480200320588821,0.3065670651825164,38.25360340179331,0.36489413282745886,0.7202451304534954,-0.3553509976260365,31.479251183231913,1.1959293185452908,0.007271564153738679,0.017973434948691424,0,0,3,1502.163826586449,1.0,USDJPY=X,1.0,148.29600524902344,1,2024-03-11 00:00:00+00:00
2024-03-12 00:00:00+00:00,0.7587965511006125,0.772814288662055,0.7625836734159122,0.7587457407237308,0.46425941294080864,0.09790289383577885,0.2417747026123791,32.393435428922956,0.10482554681394163,0.5971612137255846,-0.492335666911643,6.425755030608874,1.2085773028372568,0.008148100492160675,0.02620606413061159,0,1,3,1177.8878465438656,0.0,USDJPY=X,0.0,148.9550018310547,1,2024-03-12 00:00:00+00:00
2024-03-13 00:00:00+00:00,0.7731661824343239,0.7740327708758956,0.7724172078447773,0.7731183990721349,0.5748728061262398,0.2037280306551204,0.21864469459722594,32.189520888685266,-0.10347750685292567,0.45703346960988256,-0.5605109764628082,5.458289698409463,1.2158924511976537,0.00823663104896665,0.03230524239886487,0,2,3,829.9699928084028,0.0,USDJPY=X,1.0,149.1439971923828,1,2024-03-13 00:00:00+00:00
2024-03-14 00:00:00+00:00,0.7731985648413824,0.7784508842733131,0.7765807629072556,0.7731507883006643,0.6733404940872516,0.12105784826094791,0.2946077247349814,40.68079350875119,-0.19474014803583373,0.3266787460807393,-0.521418894116573,25.886813935998987,1.2218295068598748,0.008236693271532453,0.033997905966212,0,3,3,522.5460838947971,0.0,USDJPY=X,0.0,151.03500366210938,1,2024-03-14 00:00:00+00:00
2024-03-15 00:00:00+00:00,0.7841336834753196,0.7923394994829009,0.7854586300635717,0.7840882104568003,0.5795346120458175,0.12338638540846619,0.34002028564655895,40.69881486738867,-0.2638634998730822,0.20857029688997503,-0.47243379676305725,25.932850244941278,1.1912696198603971,0.008276799972046977,0.0354965223809925,0,4,3,224.4174619081312,0.0,USDJPY=X,0.0,150.75999450683594,1,2024-03-15 00:00:00+00:00
2024-03-18 00:00:00+00:00,0.7948094956588418,0.7949871453348627,0.7995852512804236,0.7947662715386825,0.6504385753176816,0.17109531352258822,0.46279778700894925,46.59869418498231,-0.26116658336746923,0.11462292083848619,-0.3757895042059554,41.478714357002794,1.2159648301186947,0.008033052662881773,0.035895478993437396,0,0,3,-2.8522812997872293,0.0,USDJPY=X,1.0,151.63299560546875,1,2024-03-18 00:00:00+00:00
2024-03-19 00:00:00+00:00,0.7978712398865233,0.8196452992326857,0.802630977215518,0.7978286607338336,0.6484362045835351,0.06091661845187848,0.5682187499081153,51.6556334598217,-0.20350782932362677,0.0509967708060636,-0.25450460012969034,56.65593657532032,1.2023240491448148,0.008163303112827635,0.03557693895682357,0,1,3,-188.91713811507844,0.0,USDJPY=X,0.0,151.30499267578125,1,2024-03-19 00:00:00+00:00
2024-03-20 00:00:00+00:00,0.8285057385456813,0.8351093157748957,0.8333955036176186,0.8284696126606772,0.5990571920971627,0.26759918809458316,0.5821271474200429,53.02940522918276,-0.1409378612423211,0.012609844396386662,-0.15354770563870776,60.9805788070491,1.2510153803163906,0.008061498094314324,0.03509654664350482,0,2,3,-369.67399349956867,0.0,USDJPY=X,1.0,151.3730010986328,0,2024-03-20 00:00:00+00:00
2024-03-21 00:00:00+00:00,0.8240505620386975,0.832851306627604,0.8214071446634534,0.824013497654686,0.7765155076482854,0.12043421763997306,0.6411812132268102,64.04008094332752,0.06053984194761597,0.022195843906632526,0.03834399804098344,85.7251519106601,1.3507287941386572,0.008282949978371383,0.03592098270393781,0,3,3,-371.8574331195872,0.0,USDJPY=X,0.0,151.52999877929688,1,2024-03-21 00:00:00+00:00
2024-03-22 00:00:00+00:00,0.8381932693290528,0.8360026050138463,0.8335574182745038,0.8381591841573652,0.5510055009712115,0.21382942398345836,0.6246452514302819,61.77220226462825,0.1957647783059997,0.05690963078650597,0.13885514751949374,80.53238599857669,1.352533296077972,0.008959464336392045,0.036456147088002315,0,4,3,-349.75297933049944,0.0,USDJPY=X,1.0,151.28700256347656,0,2024-03-22 00:00:00+00:00
2024-03-25 00:00:00+00:00,0.8328795882440985,0.8292451842254143,0.8340597245077732,0.8328443837263164,0.6693835329929357,0.12742694273980137,0.6355561887118927,65.90047682692402,0.3691204169015805,0.11935178800952087,0.2497686288920596,96.0194819823031,1.3334950988692775,0.00891978220622314,0.03802932016092497,0,0,3,-200.81596179642207,0.0,USDJPY=X,0.0,151.44000244140625,0,2024-03-25 00:00:00+00:00
2024-03-26 00:00:00+00:00,0.8339813316659277,0.831860608212486,0.836683977939066,0.8339463592343728,0.5456817730671318,0.05796207946429418,0.5762976491680523,63.14147716189001,0.4745683853201683,0.19039510747165037,0.284173277848518,89.8897294707756,1.2793875039165614,0.00881329211473353,0.039169631775460886,0,1,3,-18.296045170803275,0.0,USDJPY=X,0.0,151.3979949951172,0,2024-03-26 00:00:00+00:00
2024-03-27 00:00:00+00:00,0.8365247101867266,0.8375946129999114,0.8337517158627668,0.836490273527035,0.5863145505377801,0.05781032144246,0.5689741488166781,63.482850519791825,0.5572013015984396,0.2637563462970082,0.2934449553014314,91.16067787717112,1.2145747734470749,0.008451887024971698,0.04020101632440866,0,2,3,160.98621986828368,0.0,USDJPY=X,0.0,151.58099365234375,0,2024-03-27 00:00:00+00:00
2024-03-28 00:00:00+00:00,0.8325881465805725,0.8310158996313697,0.8355985317430594,0.8325528806695519,0.5954544388897867,0.1407935047566655,0.4661707082190054,64.30474747780184,0.6281163495435464,0.3366283469463159,0.29148800259723057,92.4022559128102,1.192534136727641,0.008015408059338142,0.04146191602235653,0,3,3,321.6286712583381,0.0,USDJPY=X,1.0,151.5399932861328,0,2024-03-28 00:00:00+00:00
2024-03-29 00:00:00+00:00,0.8350667602872544,0.8302036607756422,0.835874157456689,0.8350320165051552,0.5543837072909235,0.060141229809069434,0.4680942890305335,61.97954981173658,0.6571342377023939,0.4007295250975315,0.25640471260486236,87.94279569651589,1.1349966031751086,0.007882594780257351,0.04226105103784904,0,4,3,483.6704781218103,0.0,USDJPY=X,0.0,151.58099365234375,0,2024-03-29 00:00:00+00:00
2024-04-01 00:00:00+01:00,0.8343862353511322,0.8345082540644473,0.8373158158978442,0.8343513482139999,0.5950526281779696,0.049726835560698464,0.42608076778207865,62.88944332225029,0.6845854595682113,0.4575007119916675,0.2270847475765438,90.48880570153337,1.07678199333615,0.007494694828826689,0.0434646999249602,0,0,4,678.0838915300702,0.0,USDJPY=X,0.0,151.29200744628906,0,2024-04-01 00:00:00+01:00
2024-04-02 00:00:00+01:00,0.8373508323576382,0.8350443763241171,0.8408638480662076,0.8373165697235627,0.5750099518405465,0.07707884777721923,0.44271045969320577,62.44755893318102,0.6949402620717535,0.5049886220076847,0.18995164006406884,88.36306281402949,1.0352977221882553,0.007112260590841231,0.04455951446611441,0,1,4,882.01839328372,0.0,USDJPY=X,0.0,151.69000244140625,0,2024-04-02 00:00:00+01:00
2024-04-03 00:00:00+01:00,0.8366866222220191,0.8376434415182445,0.840572154485864,0.8366522196696817,0.5981227549503381,0.04817368705598922,0.4494010944830956,63.645927163966256,0.7097316354122825,0.5459372246886043,0.16379441072367817,91.81495396556707,0.9891341397719068,0.006829996935913657,0.045598293126782825,0,2,4,1073.4105854330373,0.0,USDJPY=X,0.0,151.84300231933594,0,2024-04-03 00:00:00+01:00
2024-04-04 00:00:00+01:00,0.8373508323576382,0.8346544917589482,0.8414306729642815,0.8373165697235627,0.5751172930304753,0.07583632897345183,0.4378759098182979,63.15961392039822,0.7099615239395973,0.5787420845388029,0.1312194394007944,89.53694078882853,0.9533393149165474,0.006527215148441088,0.04670639482454489,0,3,4,1147.9606469910318,0.0,USDJPY=X,0.0,151.77699279785156,0,2024-04-04 00:00:00+01:00
2024-04-05 00:00:00+01:00,0.832669226195192,0.8343295466445575,0.8307710029883761,0.8326339773638851,0.583531877307406,0.03900655404956796,0.4544164122975648,63.46028751408745,0.7053215909001835,0.6040579858110791,0.10126360508910448,87.87236839444253,0.9031727267138029,0.006289306409371244,0.04756349964780088,0,4,4,1244.4794381326226,0.0,USDJPY=X,0.0,152.96400451660156,1,2024-04-05 00:00:00+01:00
2024-04-08 00:00:00+01:00,0.8391167859150865,0.8373997946475766,0.8441038715895646,0.8390828952855005,0.5496734288238234,0.13814959547002303,0.4286844604395862,59.75823208365273,0.6705954321566594,0.6173654750801951,0.053229957076464274,76.85518178436055,0.9021598397749822,0.005969731924103412,0.04643537615573629,0,0,4,1263.963684035631,0.0,USDJPY=X,1.0,153.19200134277344,1,2024-04-08 00:00:00+01:00
2024-04-09 00:00:00+01:00,0.8415953996217684,0.8373346073362988,0.8425161191602886,0.8415620311211034,0.6202371324450464,0.03962781345145166,0.45428842022340793,62.96276420285867,0.6674951030403804,0.6273914006722322,0.0401037023681482,84.61980988211229,0.8834340933373718,0.005947391556826311,0.04231909222576201,0,1,4,1353.734610797458,0.0,USDJPY=X,0.0,153.2830047607422,1,2024-04-09 00:00:00+01:00
2024-04-10 00:00:00+01:00,0.8405260386069977,0.8535459232834577,0.8442010203836956,0.8404924448415765,0.5950108414507603,0.054234523052992,0.45252420532765525,64.14481911370106,0.6696644069232605,0.6358460019224379,0.03381840500082256,93.7759677110062,0.8452601597730952,0.0058180757746046875,0.036752292574019844,0,2,4,1451.3402378959224,0.0,USDJPY=X,0.0,154.20599365234375,1,2024-04-10 00:00:00+01:00
2024-04-11 00:00:00+01:00,0.8597557501328978,0.8597674696727187,0.8617622099101165,0.8597262071755984,0.5725629880345225,0.19316187838491525,0.45107425865141737,63.20754166409342,0.6584667839561291,0.6403701583291762,0.01809662562695291,44.54599013182119,0.8736698780621822,0.005569092813025217,0.032373806462582276,0,3,4,1445.111224892387,0.0,USDJPY=X,1.0,154.697998046875,1,2024-04-11 00:00:00+01:00
2024-04-12 00:00:00+01:00,0.8634493220891399,0.8608719360569483,0.8593322540670862,0.8634205571961016,0.700956618390981,0.08422807333706404,0.5176832051362603,71.32242256208849,0.7368802160735584,0.6596721698780527,0.0772080461955057,85.9470076014196,0.9206943824472497,0.005711604379233943,0.027890637642834795,0,4,4,1522.279885930845,0.0,USDJPY=X,0.0,154.3419952392578,1,2024-04-12 00:00:00+01:00
2024-04-15 00:00:00+01:00,0.8649235867891152,0.8780741982797244,0.8701540858978265,0.8648951324552556,0.6025054604763685,0.11810330927336361,0.547944139277854,72.57368740768351,0.8081055269020965,0.6893588412828614,0.11874668561923507,92.66754159434402,0.9092158199035846,0.006010068243622968,0.024674033332006105,0,0,4,1569.6685928773315,0.0,USDJPY=X,0.0,154.61000061035156,1,2024-04-15 00:00:00+01:00
2024-04-16 00:00:00+01:00,0.879876101449879,0.8833533790512025,0.8841672432558836,0.8798507969171883,0.5885629646653976,0.17886579848431675,0.5298225574748552,73.07860206216667,0.8619591852307735,0.7238789100724439,0.13808027515832966,67.81128860489883,0.933129211046074,0.005931615323712958,0.022436568394893053,0,1,4,1608.4190600683194,0.0,USDJPY=X,1.0,154.63999938964844,0,2024-04-16 00:00:00+01:00
2024-04-17 00:00:00+01:00,0.8878466230773099,0.8828011458590876,0.8892056318614427,0.887822997563761,0.6729730722603126,0.0949507260672857,0.5744082215701425,77.58571894576949,0.9679580691746708,0.7726947418928893,0.19526332728178142,85.79451589344227,0.9720483264122027,0.006051186396488627,0.02204148587586754,0,2,4,1691.4809915669914,0.0,USDJPY=X,0.0,154.81300354003906,0,2024-04-17 00:00:00+01:00
2024-04-18 00:00:00+01:00,0.8820793410995904,0.8814042040858565,0.8814942918285507,0.8820545006872822,0.6289453761324382,0.0413374624161774,0.6068608992472826,79.55102399350513,1.0792229804417275,0.834000389602657,0.2452225908390705,98.38741803326707,0.9398313997069785,0.006283522338263632,0.026698435130124612,0,3,4,1808.9767956608878,0.0,USDJPY=X,0.0,154.74400329589844,0,2024-04-18 00:00:00+01:00
2024-04-19 00:00:00+01:00,0.8864210555848961,0.881728901339748,0.8755486867485338,0.8863971297704107,0.5435333595364877,0.10194345116711404,0.5166672192906332,74.46337657430958,1.1256984222177948,0.8923399961256846,0.23335842609211022,89.2754902381966,0.923628973765297,0.006089278541786835,0.028681542159295234,0,4,4,1910.761385013995,0.0,USDJPY=X,0.0,155.25900268554688,1,2024-04-19 00:00:00+01:00
2024-04-22 00:00:00+01:00,0.8867288120489252,0.8837269048234271,0.8912469925279476,0.8868832154443707,0.606330019815612,0.1620823097570923,0.5188501561956796,75.72217383108234,1.1706616791698252,0.9480043327345128,0.22265734643531243,96.13511476318986,0.9321554233233561,0.005973927754473196,0.031448679328554836,0,0,4,2020.847922788826,0.0,USDJPY=X,1.0,155.5970001220703,1,2024-04-22 00:00:00+01:00
2024-04-23 00:00:00+01:00,0.8897097238559337,0.8851402053896025,0.8913602091887927,0.8896864908112871,0.5823416526749313,0.030612438466864584,0.5152951749230236,75.86558200777338,1.194941493316378,0.9973917648508859,0.19754972846549212,96.33594247464629,0.8796436764286074,0.006027906279115999,0.03331205317876872,0,1,4,2129.1919919853976,0.0,USDJPY=X,0.0,158.2239990234375,1,2024-04-23 00:00:00+01:00
2024-04-24 00:00:00+01:00,0.888591912827549,0.8893473895022406,0.8937256463670185,0.8885684443119752,0.5967234700165525,0.04304711138090315,0.4719770223058354,76.71964772035253,1.2141474737379667,1.040742906628302,0.17340456710966468,98.55616923322368,0.83659827501518,0.005681975391693156,0.03493681239544662,0,2,4,2239.3741110208084,0.0,USDJPY=X,0.0,156.31399536132812,1,2024-04-24 00:00:00+01:00
2024-04-25 00:00:00+01:00,0.8969349557331259,0.899190921365637,0.9021335902214425,0.8969132447096457,0.5723922463677441,0.06060598875093663,0.43991498264490064,75.57099593671563,1.2098541628691635,1.0745651578764743,0.13528900499268914,90.97283679237204,0.8046983546318413,0.005406337287367791,0.03607502848010903,0,3,4,2369.1191050955317,0.0,USDJPY=X,0.0,157.7220001220703,1,2024-04-25 00:00:00+01:00
2024-04-26 00:00:00+01:00,0.9024105488533722,0.9305415566011139,0.9056976902565199,0.9023899912833413,0.6310839629718146,0.07412430878963493,0.48964294006666154,78.19507630888431,1.2337855183385784,1.1064092299688952,0.12737628836968318,88.52561914305535,0.8180762675682945,0.005182941669808568,0.037137201104266014,0,4,4,2478.740634826916,0.0,USDJPY=X,0.0,155.70399475097656,0,2024-04-26 00:00:00+01:00
2024-04-29 00:00:00+01:00,0.9449682003526716,0.9678210149763511,0.8906312224358839,0.9449566077054963,0.6131817236886772,0.339859718678567,0.4935408298452062,79.73371580056792,1.2654376804565004,1.1382149200664162,0.12722276039008418,66.00955584857039,0.9315706542179922,0.00525766092486674,0.03840331129660596,0,0,4,2619.472828615348,0.0,USDJPY=X,1.0,153.0449981689453,0,2024-04-29 00:00:00+01:00
2024-04-30 00:00:00+01:00,0.9140259452294845,0.9287547302627135,0.9174428064284323,0.9140078344846139,0.8419027846475331,0.8410263584714173,0.6414962225961469,87.25893552828018,1.485376606664147,1.2076472573859625,0.2777293492781845,79.01667628251802,1.2516015048793185,0.005887669759124215,0.04507444323917698,0,1,4,2892.169241673315,0.0,USDJPY=X,1.0,153.5659942626953,0,2024-04-30 00:00:00+01:00
2024-05-01 00:00:00+01:00,0.9368357666899483,0.935674499678091,0.9371588204801524,0.9368224609162763,0.3915814373682991,0.21010186757215618,0.5227195009599138,67.60383105183236,1.4884010959558225,1.2637980250999346,0.22460307085588793,50.340331106013764,1.306487416849434,0.00800697021393494,0.04641774877501772,0,2,5,3007.413801820793,0.0,USDJPY=X,1.0,154.23699951171875,0,2024-05-01 00:00:00+01:00
2024-05-02 00:00:00+01:00,0.9041438728098155,0.9075567089330785,0.8735560240780691,0.9041236803707304,0.719414035422676,0.08717786988646603,0.6068546557821226,72.51817570545086,1.586128342315277,1.328264088543003,0.25786425377227395,69.51252451713707,1.3323096919014834,0.008283482430087538,0.048715187602930685,0,3,5,3187.622376728681,0.0,USDJPY=X,0.0,154.7480010986328,0,2024-05-02 00:00:00+01:00
2024-05-03 00:00:00+01:00,0.8610678556036335,0.8614080583166182,0.8474086609756757,0.8610385890460865,0.38033414179380415,0.4282848498069827,0.46254749733970973,58.760108590647114,1.4836392511157612,1.3593391210575547,0.1243001300582065,36.234166365726665,1.5390736428287213,0.008556682787954786,0.04766325158412446,0,4,5,3230.5897404674824,0.0,USDJPY=X,1.0,155.41900634765625,1,2024-05-03 00:00:00+01:00
2024-05-06 00:00:00+01:00,0.8695080457303859,0.8710731306206241,0.8707372258605641,0.8694805571293449,0.3137295879554676,0.2376080090296023,0.29278658147340664,46.296611791933906,1.174320272821717,1.3223353514103873,-0.14801507858867025,14.405955458698358,1.7022111002605984,0.010056347226256611,0.045666753760900715,0,0,5,3100.423006437637,0.0,USDJPY=X,1.0,155.38900756835938,1,2024-05-06 00:00:00+01:00
2024-05-07 00:00:00+01:00,0.8803783995502057,0.8813878452929123,0.880020003258069,0.8803532008284225,0.6322679566578333,0.10629463819939107,0.17791251914025735,48.59723333875091,0.9601547186987602,1.2498992248680618,-0.2897445061693016,20.853925454789238,1.6491965012324976,0.011084557544352803,0.0428435655274878,0,1,5,2989.262530732267,0.0,USDJPY=X,0.0,155.8179931640625,1,2024-05-07 00:00:00+01:00
2024-05-08 00:00:00+01:00,0.888656677641666,0.8977939795924059,0.892980344549446,0.8886332227690341,0.6472806403620371,0.11592890136677068,0.32022347179475985,51.48019380791573,0.834946743525137,1.1669087285994768,-0.3319619850743398,29.158443981561042,1.6081114030696853,0.010692612709359622,0.0396300972665912,0,2,5,2887.0340390005863,0.0,USDJPY=X,0.0,156.23300170898438,1,2024-05-08 00:00:00+01:00
2024-05-09 00:00:00+01:00,0.8995270314614858,0.9026185842084358,0.9015989010567962,0.8995058664681117,0.6308509874724519,0.14856161849930286,0.2711597367829614,53.61383635561476,0.7680979238292593,1.0871465676454335,-0.31904864381617415,35.482719614149126,1.5941744731908238,0.010391807271518241,0.035646080106065965,0,3,5,2794.9746272014954,0.0,USDJPY=X,1.0,156.4980010986328,1,2024-05-09 00:00:00+01:00
2024-05-10 00:00:00+01:00,0.8990410481616617,0.9016276379328185,0.9041099378272439,0.8990197807941518,0.6467615693958865,0.112044844495452,0.42116827667142925,56.3295185078743,0.7604977240029598,1.0218167989169389,-0.2613190749139791,43.78723814092093,1.5659480913167025,0.01025726846834177,0.03393392859154203,0,4,5,2698.018258328509,0.0,USDJPY=X,0.0,154.28199768066406,0,2024-05-10 00:00:00+01:00
2024-05-13 00:00:00+01:00,0.9059906587879363,0.906890707771852,0.9075929569349035,0.9059708553809818,0.5763220872656732,0.07847786704100312,0.5722385669189793,56.171187332781976,0.743483445744971,0.9661501282825454,-0.22266668253757438,43.41596620405604,1.4901664335664024,0.010077598897256642,0.03244357460752627,0,0,5,2542.7757565623374,0.0,USDJPY=X,0.0,155.37899780273438,0,2024-05-13 00:00:00+01:00
2024-05-14 00:00:00+01:00,0.9127138397587484,0.9143790691722886,0.917815580936193,0.9126954526141258,0.6222601911105313,0.09541785622824406,0.5665017086723318,57.98967454906443,0.7559014980975576,0.9241004022455479,-0.16819890414799032,48.72519267049521,1.442368770133646,0.009563506776764796,0.03092638811973786,0,1,5,2273.7139799829656,0.0,USDJPY=X,0.0,155.75399780273438,0,2024-05-14 00:00:00+01:00
2024-05-15 00:00:00+01:00,0.9170068570364931,0.9124621160718323,0.8940334078140757,0.916989374231451,0.6207469034513783,0.06899773311454885,0.5513158547950227,59.730386920199784,0.7901225740587563,0.8973048366081896,-0.1071822625494333,53.861435874386956,1.400271864049881,0.009232164487374761,0.03087453437298773,0,2,5,2099.7202541010142,0.0,USDJPY=X,0.0,156.3699951171875,0,2024-05-15 00:00:00+01:00
2024-05-16 00:00:00+01:00,0.8811073744999423,0.8956175165493359,0.875095078511305,0.8810823293393624,0.6057039092547917,0.278786599766672,0.5369329362456176,60.8460150535828,0.8290692649512152,0.8836577222767948,-0.0545884573255796,57.14113054759778,1.428394665822546,0.008947538334162876,0.031383502455229015,0,3,5,1887.8029760528036,0.0,USDJPY=X,1.0,156.25100708007812,1,2024-05-16 00:00:00+01:00
2024-05-17 00:00:00+01:00,0.8988788889324226,0.9030734082243832,0.902327887809705,0.8988575874054854,0.3591010707126536,0.299302387343381,0.3728374424420844,48.69670058746534,0.6733597698870994,0.8415981317988558,-0.16823836191175634,29.71535188685837,1.534081101173949,0.009258336599834969,0.031899615157210084,0,4,5,1648.210855632245,1.0,USDJPY=X,1.0,156.70399475097656,1,2024-05-17 00:00:00+01:00
2024-05-20 00:00:00+01:00,0.9049539273741711,0.9070366976058537,0.9062647623525435,0.9049339055760035,0.6899080321341448,0.1094033064279007,0.4367272110217632,53.63246656309326,0.6312015168836638,0.7995188088158174,-0.1683172919321536,57.33490064651669,1.54543305272235,0.009873156107761637,0.03137709070974637,0,0,5,1593.6117852328114,1.0,USDJPY=X,0.0,156.97300720214844,1,2024-05-20 00:00:00+01:00
2024-05-21 00:00:00+01:00,0.9149331470150157,0.9119911811234402,0.9120642734444391,0.9149152273754748,0.6168593157608169,0.1095550644497349,0.43367615190394493,55.218517058536875,0.6208928968167697,0.7637936264160079,-0.14290072959923816,63.48143609238811,1.4950447159486555,0.009922268927438208,0.03105126534606689,0,1,5,1469.9062927728505,1.0,USDJPY=X,0.0,156.8699951171875,1,2024-05-21 00:00:00+01:00
2024-05-22 00:00:00+01:00,0.913005528616222,0.913306824652949,0.9165195220872606,0.9129872029169095,0.6408332831153922,0.10132219176523033,0.44502050805051624,57.773679362009496,0.6548800270134052,0.7420109065354874,-0.0871308795220822,93.71587484629744,1.44325611284239,0.009560943676107634,0.03111830821796152,0,2,5,1421.9483870018107,1.0,USDJPY=X,0.0,156.84500122070312,1,2024-05-22 00:00:00+01:00
2024-05-23 00:00:00+01:00,0.9203439753211451,0.9223708352465065,0.9227081227515801,0.9203271954921115,0.5674894915804144,0.07117214102114179,0.42338915761094453,57.095983639276255,0.6645531770332411,0.7265193606350382,-0.061966183601797065,91.23178664492,1.3728801443330005,0.009236779588260356,0.03105424308786363,0,3,5,1343.3688222563349,1.0,USDJPY=X,0.0,157.26199340820312,1,2024-05-23 00:00:00+01:00
2024-05-24 00:00:00+01:00,0.9247020046069534,0.9219484809559484,0.9281998723964184,0.9246861428125148,0.6244123816315266,0.09852178201857138,0.5756103418930705,59.06464511430287,0.7006943688636511,0.7213543622807608,-0.020659993417109668,88.05309207312472,1.3399592272154648,0.008760977322337502,0.03149944697103024,0,4,5,1307.0172907049646,1.0,USDJPY=X,0.0,157.60800170898438,1,2024-05-24 00:00:00+01:00
2024-05-27 00:00:00+01:00,0.9230331982706805,0.9189922487825402,0.9251217635299471,0.9230169849361654,0.6060229087645582,0.041802221358044594,0.527682876882055,60.231672644849766,0.742484679150607,0.72558042565473,0.016904253495876986,94.68269559275709,1.2751763293591145,0.008536239772038497,0.032269893768376856,0,0,5,1384.293174467837,1.0,USDJPY=X,0.0,156.9530029296875,0,2024-05-27 00:00:00+01:00
2024-05-28 00:00:00+01:00,0.922628294585476,0.919544481974655,0.9240526323986038,0.9226119959565386,0.5691178146712647,0.04304711138090315,0.5004249008722265,59.53177926865271,0.7585475231204271,0.7321738451478694,0.02637367797255763,91.799624188589,1.2051646935287759,0.008128873392304961,0.029663193148845822,0,1,5,1381.313647433253,0.0,USDJPY=X,0.0,157.17999267578125,0,2024-05-28 00:00:00+01:00
2024-05-29 00:00:00+01:00,0.9293836107694,0.9301030913781108,0.9306948413001526,0.9293687351721924,0.576846051934338,0.058585710085269034,0.4640592355278166,59.351573094438756,0.7604941410624804,0.7378379043307917,0.022656236731688706,91.10010249402119,1.1460099940886626,0.007683794090657301,0.030188607398090612,0,2,5,1367.1615029772877,0.0,USDJPY=X,0.0,156.0760040283203,0,2024-05-29 00:00:00+01:00
2024-05-30 00:00:00+01:00,0.934988980711827,0.9299080251652767,0.9210556044595499,0.934975285906025,0.6206723649821007,0.09588261517011125,0.494302691281305,61.44830505678037,0.7866170032271782,0.747593724110069,0.03902327911710923,90.68873513317958,1.1208668764863474,0.007287266104493396,0.02919872708856565,0,3,5,1333.5356443665212,0.0,USDJPY=X,0.0,155.12399291992188,0,2024-05-30 00:00:00+01:00
2024-05-31 00:00:00+01:00,0.9243779333424218,0.9256034318764712,0.9233723436417351,0.9243620032812017,0.6135427295433583,0.18647978298602877,0.4881229383599864,63.14699965754331,0.825721138566962,0.7632192070014476,0.06250193156551442,99.2342362712733,1.1265190244689074,0.0071117383910239175,0.031052158694185487,0,4,5,1426.4280254075861,0.0,USDJPY=X,1.0,155.9290008544922,0,2024-05-31 00:00:00+01:00
2024-06-03 00:00:00+01:00,0.9280551904981613,0.9270492021680359,0.9136680937404287,0.9280400350644304,0.5146896991328427,0.12307575570752435,0.43617195606907866,57.94218406126915,0.794697739261693,0.7695149134534968,0.025182825808196196,83.05747750192195,1.120195835918673,0.007177428933765418,0.027453488078515033,0,0,6,1476.7979897366645,0.0,USDJPY=X,0.0,155.69700622558594,0,2024-06-03 00:00:00+01:00
2024-06-04 00:00:00+01:00,0.91017046123795,0.9112602405114352,0.8914736730475874,0.910151538321464,0.6018165065732974,0.22999402452789028,0.4547060724128038,59.197322755970575,0.7794427168247466,0.7715004741277468,0.007942242696999835,88.66353125612385,1.1458969180907768,0.007126834763437904,0.0243610657184101,0,1,6,1535.3474115310432,0.0,USDJPY=X,1.0,156.83299255371094,1,2024-06-04 00:00:00+01:00
2024-06-05 00:00:00+01:00,0.8947477836899704,0.9111628313352678,0.8997357701118398,0.8947256119308069,0.4700873897352629,0.2918425320825943,0.39409646588872654,51.19500736140257,0.6705407676328434,0.7513085328287662,-0.08076776519592277,61.39789565715492,1.2482610490111898,0.007341916044204024,0.021856348051844283,0,2,6,1462.4251855514744,0.0,USDJPY=X,1.0,157.0399932861328,1,2024-06-05 00:00:00+01:00
2024-06-06 00:00:00+01:00,0.9077889947524431,0.9099118793960383,0.9045311631330955,0.907769570171449,0.4844588406474667,0.2116573872959566,0.3175113541673145,45.48491564804732,0.5016333313551797,0.7013734925340489,-0.19974016117886917,17.2150538174476,1.2563863148323773,0.008046859969982641,0.02123631851561442,0,3,6,1343.9679700875217,1.0,USDJPY=X,1.0,157.10499572753906,1,2024-06-06 00:00:00+01:00
2024-06-07 00:00:00+01:00,0.904030657982084,0.9208115448463294,0.9002380763451092,0.9040104416938874,0.6600330449566433,0.15369056539348008,0.34343373963604373,50.511390918676035,0.4277989833956042,0.64665859070636,-0.21885960731075582,43.71292673494091,1.257501804760645,0.008057425545904676,0.020654251497425707,0,4,6,1285.1740673729964,1.0,USDJPY=X,1.0,156.8000030517578,1,2024-06-07 00:00:00+01:00
2024-06-10 00:00:00+01:00,0.9224337529491784,0.9227446088792308,0.9258509974808056,0.9224174133393428,0.5561846226755055,0.29914588688336446,0.3667878858457276,49.10616757404414,0.34656966364676123,0.5866408052944403,-0.24007114164767906,36.07652474397159,1.3051804652604428,0.008076595916935478,0.020318352354757704,0,0,6,1128.7063457655129,1.0,USDJPY=X,1.0,157.1280059814453,0,2024-06-10 00:00:00+01:00
2024-06-11 00:00:00+01:00,0.925787186034333,0.9260257861670294,0.9272765880552467,0.9257715528372776,0.6927973404522856,0.07194990088304198,0.417843637000099,55.617209479026954,0.3695989388660905,0.5432324320087704,-0.17363349314267984,73.46897774474006,1.3183103186765497,0.008322103940046,0.02018724376970386,0,1,6,1042.8707502131688,1.0,USDJPY=X,0.0,157.54600524902344,1,2024-06-11 00:00:00+01:00
2024-06-12 00:00:00+01:00,0.9268402322486011,0.9256522603948047,0.9097477814602031,0.9268248208795307,0.5998514843075984,0.08966527871309198,0.49171355077997575,56.704172673471014,0.3999427435317955,0.5145744943133754,-0.11463175078157994,80.28267344386461,1.2653592851717514,0.008394742581748195,0.02051495687306601,0,2,6,953.1350644971152,1.0,USDJPY=X,0.0,157.6999969482422,1,2024-06-12 00:00:00+01:00
2024-06-13 00:00:00+01:00,0.9218993196357399,0.9245963746684089,0.9234855603025802,0.9218828674455988,0.5857615619514412,0.2542349972968102,0.5498119497151833,57.05980945492223,0.42434400754407875,0.4965283969595161,-0.07218438941543737,82.4223125178931,1.2918337352962024,0.008054226915649542,0.020891345615123784,0,3,6,857.0412822228807,1.0,USDJPY=X,1.0,157.87100219726562,1,2024-06-13 00:00:00+01:00
2024-06-14 00:00:00+01:00,0.9272130007206938,0.9399790929668965,0.9287182464964019,0.9271976678766471,0.5491314274035173,0.11235547419639384,0.48651063367903324,54.78589654958812,0.4142960777757878,0.4800819331227705,-0.06578585534698267,72.38308580153591,1.2512032686427905,0.00823873539638761,0.016886325280957425,0,4,6,769.2608023505411,1.0,USDJPY=X,0.0,157.95799255371094,1,2024-06-14 00:00:00+01:00
2024-06-17 00:00:00+01:00,0.9339846317051204,0.9351872059367548,0.9330924142118056,0.9339707253295757,0.6118576512200924,0.209324107710256,0.5182736992573168,56.780674198037545,0.4278679211771248,0.4696391307336414,-0.041771209556516586,69.30912682469533,1.2651881042252253,0.007962955176752773,0.015709738475273776,0,0,6,704.579993117337,1.0,USDJPY=X,1.0,158.93099975585938,1,2024-06-17 00:00:00+01:00
2024-06-18 00:00:00+01:00,0.9364793130183582,0.93967050664545,0.9388434745056102,0.9364659321564337,0.6206975728339788,0.1215226072028151,0.47735123348681724,59.248136487865715,0.46696981503137636,0.46910526759318844,-0.002135452561812079,80.77373777956342,1.2336739445065708,0.008030594633138549,0.015594534103601867,0,1,6,659.5143504677819,1.0,USDJPY=X,0.0,159.86099243164062,1,2024-06-18 00:00:00+01:00
2024-06-19 00:00:00+01:00,0.9392496155825132,0.9350736858281423,0.940269312278001,0.9392368182948208,0.5945256703613694,0.1092468059678842,0.47432435576062243,60.150744576562126,0.5045678467348296,0.4761977834215167,0.028370063313312877,84.99732154814517,1.1957688720194943,0.007822916730375511,0.016348597188401055,0,2,6,688.6956572762438,1.0,USDJPY=X,0.0,159.68600463867188,1,2024-06-19 00:00:00+01:00
2024-06-20 00:00:00+01:00,0.9406588682744244,0.9485072291612835,0.9458258277855935,0.9406463678508967,0.596188718883792,0.05159298498544071,0.4802538733119467,61.17903291726477,0.5419163775159745,0.4893415022404083,0.05257487527556626,89.68754185081023,1.1340711477625216,0.007574341426713293,0.017075871819559475,0,3,6,772.3548361127823,1.0,USDJPY=X,0.0,159.68600463867188,1,2024-06-20 00:00:00+01:00
2024-06-21 00:00:00+01:00,0.9564216846934914,0.9620870101889256,0.9576522720828726,0.9564125047641217,0.5878937962275318,0.12680805455700883,0.5023633451501169,61.720174616401025,0.5719417633712851,0.5058615544665837,0.06608020890470145,80.48406627376524,1.1174232783910916,0.007179574324970609,0.01806768172021611,0,4,6,774.7009964306905,1.0,USDJPY=X,0.0,160.62100219726562,1,2024-06-21 00:00:00+01:00
2024-06-24 00:00:00+01:00,0.9714876613759333,0.9670412458460129,0.9630308050668659,0.9714816551489169,0.6751261945855662,0.1432785423642003,0.5383952815070345,67.22362655343385,0.6665668793737893,0.5380026194480249,0.12856425992576448,86.4789007097602,1.1554651267398306,0.007030870504228959,0.021065923927209435,0,0,6,876.5600029544689,1.0,USDJPY=X,0.0,160.68699645996094,1,2024-06-24 00:00:00+01:00
2024-06-25 00:00:00+01:00,0.9686528411916084,0.9643935999940512,0.9668379006862464,0.9686462377994907,0.6703303979819235,0.13908148457284858,0.5667602284404379,71.44874246734027,0.8072946124366638,0.5918610180457526,0.21543359439091114,98.91707763485688,1.1430743768945748,0.007227936653989733,0.02600113101192032,0,1,6,979.4111301220859,0.0,USDJPY=X,0.0,160.90699768066406,1,2024-06-25 00:00:00+01:00
2024-06-26 00:00:00+01:00,0.9686528411916084,0.9814982051801606,0.9734798623898455,0.9686462377994907,0.562299836790794,0.07723297701814456,0.5482536241447089,69.62993541297868,0.8943923045717668,0.6523672753509555,0.24202502922081126,95.24229863882918,1.1048538107017705,0.007158262738685563,0.029321455734647804,0,2,6,1108.7341122059136,0.0,USDJPY=X,0.0,161.51199340820312,1,2024-06-26 00:00:00+01:00
2024-06-27 00:00:00+01:00,0.9837998974886704,0.9802150313760412,0.9840263157049058,0.9837964848786187,0.5793240160875318,0.177156149519591,0.5385896682231559,69.62993541297868,0.9524387322608447,0.7123815667329334,0.24005716552791134,80.26867996948779,1.107364209197961,0.006918914485973701,0.03204531844192606,0,3,6,1256.427417607203,0.0,USDJPY=X,1.0,161.50399780273438,1,2024-06-27 00:00:00+01:00
2024-06-28 00:00:00+01:00,0.984869011309494,0.9886130408083722,0.9834268606775054,0.9848658239121268,0.6703875620855105,0.06371465697944627,0.5858349167863157,73.76798575671734,1.061649399856492,0.7822351333576452,0.2794142664988468,96.41324516057246,1.1024092217385084,0.006894267835771308,0.03625775727613897,0,4,6,1451.3253987361452,0.0,USDJPY=X,0.0,161.62100219726562,1,2024-06-28 00:00:00+01:00
2024-07-01 00:00:00+01:00,0.9884330536375021,0.9963125793540879,0.9922075790396905,0.9884306170185122,0.5857140738731282,0.1498065085221614,0.5346429434261426,74.03688356546111,1.1403792441438156,0.8538639555148793,0.2865152886289364,89.949174219481,1.0925231713715837,0.006860600086038701,0.03971668387947879,0,0,7,1661.970627196336,0.0,USDJPY=X,0.0,161.35800170898438,0,2024-07-01 00:00:00+01:00
2024-07-02 00:00:00+01:00,0.9982340464425516,0.9965562262247563,0.9997570044156969,0.998233674438062,0.6006174298530089,0.13923798503286508,0.4949454064908932,74.95843725956038,1.2066163506455894,0.9244144345410213,0.282201916104568,86.50184298670908,1.0879143646971625,0.006789780352124925,0.04294502931211015,0,1,7,1872.597348835557,0.0,USDJPY=X,0.0,160.63800048828125,0,2024-07-02 00:00:00+01:00
2024-07-03 00:00:00+01:00,0.9981045168143177,1.0,0.992952880857263,0.9981041175239447,0.6378001042051525,0.0691518623554742,0.5380445188498953,77.34036525569542,1.2930226733136863,0.9981360822955544,0.29488659101813186,95.76940957694096,1.068991770567008,0.006735811636895492,0.045425511340636326,0,2,7,2086.690929599505,0.0,USDJPY=X,0.0,160.85699462890625,0,2024-07-03 00:00:00+01:00
2024-07-04 00:00:00+01:00,1.0,0.994217166694241,0.994410854363081,0.9999999999999998,0.5785540926953577,0.16736538589219488,0.5376033577645644,77.23580428497951,1.3453468074656882,1.0675782273295813,0.27776858013610695,91.31291366177108,1.0695634904986056,0.006618980242660651,0.045096584279395745,0,3,7,2332.614481322155,0.0,USDJPY=X,1.0,161.33099365234375,0,2024-07-04 00:00:00+01:00
2024-07-05 00:00:00+01:00,0.9957393651293138,0.9907409231936084,0.9861648251655422,0.995738467611204,0.5905913154200698,0.09805702307670419,0.49214903732449955,77.71069685960478,1.380343595809876,1.1301313010256404,0.25021229478423557,93.27328306761571,1.0382372914702453,0.006617725889319481,0.045382349956470405,0,4,7,2550.250432219876,0.0,USDJPY=X,0.0,161.60699462890625,0,2024-07-05 00:00:00+01:00
2024-07-08 00:00:00+01:00,0.9840752715456409,0.9864363299048029,0.9833460269480372,0.9840719169441281,0.5540159071585279,0.14389980176608397,0.4740871567254424,73.97503701607275,1.3710522246974506,1.1783154857600024,0.19273673893744814,86.77838693073275,1.0480062743479288,0.0064343712767511085,0.04370555318291757,0,0,7,2648.3933761488597,0.0,USDJPY=X,0.0,158.2010040283203,0,2024-07-08 00:00:00+01:00
2024-07-09 00:00:00+01:00,0.9876229990731464,0.9927389266772875,0.991041051916266,0.9876203918132391,0.509926542285787,0.12975785110641083,0.4225653615318469,64.79231607632624,1.2907121388444693,1.200794816376896,0.08991732246757334,69.87751361449394,1.050720007262809,0.006524024646486945,0.04259941841679652,0,1,7,2649.609769863206,0.0,USDJPY=X,0.0,158.31300354003906,0,2024-07-09 00:00:00+01:00
2024-07-10 00:00:00+01:00,0.9953018318431042,0.996718822712201,1.0,0.9953008421570286,0.6005264218253655,0.11623953106771252,0.40156351058594475,66.16793654001994,1.2305282749485968,1.2067415080912363,0.023786766857360586,72.77961313340505,1.0368824802373404,0.006532013169130744,0.04126010890212183,0,2,7,2660.787904028194,0.0,USDJPY=X,0.0,158.14100646972656,0,2024-07-10 00:00:00+01:00
2024-07-11 00:00:00+01:00,0.9997730759566439,0.9968323428208135,0.938260334542873,0.9997730281542749,0.6251528104601658,0.06837647371266516,0.4278566472696755,68.99194105786792,1.2071644486952948,1.206826096212048,0.00033835248324676215,81.23438854652389,1.025891650524517,0.006427050728217448,0.03989987195703582,0,3,7,2689.313182685741,0.0,USDJPY=X,0.0,158.35000610351562,0,2024-07-11 00:00:00+01:00
2024-07-12 00:00:00+01:00,0.9445956790745256,0.9583185391597899,0.9364782845253341,0.944584007954399,0.6059308835188612,0.6616934298261422,0.4365311563175083,70.53425296559408,1.1971197687218194,1.2048848307140023,-0.0077650619921829644,92.47683598782861,1.2567562187348196,0.006348064654504863,0.037442913544407125,0,4,7,2715.821166158296,0.0,USDJPY=X,1.0,155.68600463867188,0,2024-07-12 00:00:00+01:00
2024-07-15 00:00:00+01:00,0.9464100826455883,0.9417822780982408,0.9425534213308593,0.9463987937361209,0.25154267560920357,0.31033566977454446,0.2649109765258712,42.46440019853128,0.9039046607902037,1.1446887967292427,-0.24078413593903902,18.01458662858939,1.4689876906946093,0.007944047046059466,0.03611562580062302,0,0,7,2513.948583059203,0.0,USDJPY=X,1.0,157.14999389648438,0,2024-07-15 00:00:00+01:00
2024-07-16 00:00:00+01:00,0.9436237124748774,0.9496280543384574,0.9483694946853678,0.9436118366064792,0.5903345360733947,0.09386233650444366,0.30977228448068855,43.263969984752364,0.6728112505445552,1.0503132874923053,-0.3775020369477502,20.46909955491053,1.4072031346628517,0.009279008406426238,0.03464059414482017,0,1,7,2298.6746012393537,0.0,USDJPY=X,0.0,157.4219970703125,0,2024-07-16 00:00:00+01:00
2024-07-17 00:00:00+01:00,0.9470095279670905,0.9453559307750412,0.9160819817167454,0.946998365332943,0.5624271797818501,0.11313086283920289,0.2885298281892926,42.291967832243714,0.47036723120413626,0.9343240762346716,-0.46395684503053536,16.699716761246787,1.3586883983420677,0.008898407605191491,0.03379939838455308,0,2,7,2057.573124794405,0.0,USDJPY=X,0.0,156.89100646972656,0,2024-07-17 00:00:00+01:00
2024-07-18 00:00:00+01:00,0.903852431146289,0.9194795425238769,0.9059891366389139,0.9038321773139659,0.5998782816036491,0.38197494095664464,0.2744945340766497,43.94013797189332,0.32306926967325467,0.8120731149223883,-0.48900384524913365,38.30313640902527,1.437211213639063,0.008580286365469881,0.032852618072707784,0,3,7,1829.1499511031493,0.0,USDJPY=X,1.0,155.76800537109375,0,2024-07-18 00:00:00+01:00
2024-07-19 00:00:00+01:00,0.9275692071983372,0.9336115567436334,0.9299819224139574,0.9275539493904705,0.3176760816587401,0.23123654333165766,0.11448485999553326,31.565099523082097,-0.008529754586902527,0.6479525410205302,-0.6564822956074328,2.93266726644254,1.538339847304911,0.009231473419686335,0.0399741257995065,0,4,7,1379.913936046675,0.0,USDJPY=X,1.0,153.89100646972656,0,2024-07-19 00:00:00+01:00
2024-07-22 00:00:00+01:00,0.93197568649776,0.9295506103254967,0.9189818608616678,0.931961356930658,0.7255717859559336,0.13628581726437194,0.3787604859418261,41.34198671790089,-0.15144688687874464,0.4880726554406753,-0.63951954231942,25.647757943084425,1.5833863645593593,0.009788990818022078,0.042265404188928574,0,0,7,1031.7919784294397,0.0,USDJPY=X,0.0,153.69700622558594,0,2024-07-22 00:00:00+01:00
2024-07-23 00:00:00+01:00,0.9233735843357151,0.9181475402014239,0.9113676696229072,0.9233574427047528,0.6062431162724046,0.20295264201231136,0.3877067345166262,42.972148616926596,-0.23999484974359575,0.34245915440382113,-0.5824540041474169,29.868128225768267,1.5635730353665032,0.01005822816395945,0.04434573713767447,0,1,7,727.5772160189451,0.0,USDJPY=X,1.0,154.13900756835938,0,2024-07-23 00:00:00+01:00
2024-07-24 00:00:00+01:00,0.9051808514175277,0.9031058779497725,0.8673350404823723,0.9051608774217283,0.5268647329591899,0.1669006269503277,0.3676516584851506,40.600077029471855,-0.3489932748298372,0.20416866855708948,-0.5531619433869267,22.30419921875,1.5656751270786056,0.009965982566809575,0.047278240943868656,0,2,7,382.682792225107,0.0,USDJPY=X,1.0,153.83299255371094,0,2024-07-24 00:00:00+01:00
2024-07-25 00:00:00+01:00,0.8747732768017258,0.8734446598765282,0.8488018686187395,0.8747468973406092,0.46800148611006576,0.44537896823514905,0.29362977874739526,36.06574181978066,-0.5199979032090596,0.05933535420385968,-0.5793332574129193,30.766702769939695,1.7238421921505578,0.010051326800703527,0.05227256050280891,0,3,7,-43.61456447173025,0.0,USDJPY=X,1.0,152.6699981689453,0,2024-07-25 00:00:00+01:00
2024-07-26 00:00:00+01:00,0.8716304529594243,0.8828660853098658,0.8697813113900659,0.8716034114511249,0.3919166334018712,0.3393949597366998,0.335710350831743,30.029074604449946,-0.7977820924675711,-0.1120881351304265,-0.6856939573371447,19.672918922461,1.8722113306995136,0.011201708479888797,0.06091521457323367,0,4,7,-590.1731764417127,0.0,USDJPY=X,1.0,149.74400329589844,0,2024-07-26 00:00:00+01:00
2024-07-29 00:00:00+01:00,0.8787909200224995,0.8764660793612138,0.8665576029313722,0.878765386892425,0.5597179721225887,0.22828437556316453,0.24370012566405813,29.47984926537744,-1.0218035469181643,-0.29403121748797406,-0.7277723294301903,17.689276096745104,1.8434111927505528,0.012181182813356886,0.06735519121774544,0,0,7,-972.6519194625906,0.0,USDJPY=X,1.0,149.2010040283203,0,2024-07-29 00:00:00+01:00
