Date,open,high,low,close,returns
2015-08-25 00:00:00+01:00,0.3068137899120891,0.32375488827378174,0.30986436001316076,0.3075103821694083,0.36661456334695997
2015-08-26 00:00:00+01:00,0.30399491373734633,0.31690005830918233,0.3091839476573175,0.3019363442871148,0.21546252899244778
2015-08-27 00:00:00+01:00,0.3255086973336301,0.3329326668364512,0.32784677484543323,0.3265332436489605,0.5343213551133585
2015-08-28 00:00:00+01:00,0.34164403503084295,0.3419804425673143,0.3415199114240308,0.34184556049374537,0.7784863169564676
2015-08-31 00:00:00+01:00,0.34663364485126524,0.3414444442378939,0.3452136667835912,0.34647981625664825,0.7017409518742707
2015-09-01 00:00:00+01:00,0.34376619506593453,0.336782436109309,0.32339177340056136,0.34323903905856623,0.6160840212519488
2015-09-02 00:00:00+01:00,0.32124806246294413,0.32544430543601455,0.3263077204121976,0.32097540038093175,0.553678027136963
2015-09-03 00:00:00+01:00,0.3358281794425355,0.3297326638621252,0.3262105716180663,0.33499152996949344,0.4028490282690277
2015-09-04 00:00:00+01:00,0.32751751894401715,0.3204899458486774,0.3113710315150193,0.3265008544204311,0.6916994145224532
2015-09-07 00:00:00+01:00,0.31194924416124814,0.3115558141566763,0.3115006868395025,0.31204734662371325,0.5117377184558226
2015-09-08 00:00:00+01:00,0.3163879822707556,0.32178947844574113,0.3126185159668864,0.31591996102413744,0.463771052217428
2015-09-09 00:00:00+01:00,0.3269991532371346,0.3379682007372611,0.33218855962946026,0.32703552393718516,0.6105165657241035
2015-09-10 00:00:00+01:00,0.329526340554404,0.33973879221296666,0.33060093079915887,0.3300980367553459,0.6686767653929193
2015-09-11 00:00:00+01:00,0.33642762476403787,0.33408596173901395,0.3372753990331099,0.3356234907948452,0.6038014786461094
2015-09-14 00:00:00+01:00,0.3385335935956002,0.3315357250632198,0.3289969869041942,0.33849142099581053,0.6234174041161177
2015-09-15 00:00:00+01:00,0.33091952563975946,0.3289366598690924,0.3213180298026792,0.3314267368631081,0.60214553462367
2015-09-16 00:00:00+01:00,0.33221556350393966,0.3297813684502089,0.33269074226375484,0.33262575643374315,0.5231892520965739
2015-09-17 00:00:00+01:00,0.33443499435718005,0.3345407857549614,0.33675702493312687,0.3340679424643678,0.5888857309262104
2015-09-18 00:00:00+01:00,0.3269180736225148,0.3223579465005506,0.31564792683731735,0.3263387846547747,0.5908178224813506
2015-09-21 00:00:00+01:00,0.3257354977800129,0.329131602151677,0.32646975866805783,0.32560965614383486,0.5177703493745616
2015-09-22 00:00:00+01:00,0.33372208701399964,0.3272473666371092,0.3260647248278947,0.33366282986173124,0.573494290767183
2015-09-23 00:00:00+01:00,0.3272097624799881,0.3273772455386659,0.325076551024994,0.3268897724088029,0.6437370716548985
2015-09-24 00:00:00+01:00,0.3292995401080212,0.3249407768319834,0.3183048103979369,0.32883411510464255,0.5253733744780644
2015-09-25 00:00:00+01:00,0.3300123238542283,0.3386830304168207,0.331086921967765,0.3294822705442588,0.5948655479831161
2015-09-28 00:00:00+01:00,0.33140550893958376,0.32611030659724083,0.3260647248278947,0.3315562937772256,0.58449968409147
2015-09-29 00:00:00+01:00,0.3223820646948583,0.3209772395900139,0.31893664835671465,0.3230008397711046,0.5958800517831804
2015-09-30 00:00:00+01:00,0.32343511090912624,0.3241447728389508,0.3238128751074385,0.32332497930241755,0.5111021291967435
2015-10-01 00:00:00+01:00,0.3236133377449213,0.32313771563088856,0.3228247013045378,0.32330878468815283,0.5819201190316631
2015-10-02 00:00:00+01:00,0.3228356655876239,0.32518442370265155,0.30986436001316076,0.3225147540971447,0.579194331600205
2015-10-05 00:00:00+01:00,0.3257354977800129,0.32446971795334156,0.3287863742512682,0.32551248845824676,0.5729654633561282
2015-10-06 00:00:00+01:00,0.333025494471322,0.3278320695546133,0.33303088664218916,0.3330632582649089,0.6033395244150047
2015-10-07 00:00:00+01:00,0.3292995401080212,0.32438841970961896,0.3269233669052869,0.3294822705442588,0.6397216280393869
2015-10-08 00:00:00+01:00,0.3246014955480987,0.320295003566093,0.3251251254220595,0.3242161775790138,0.5507909744650941
2015-10-09 00:00:00+01:00,0.32450434832692343,0.3240960682508671,0.3283327660140394,0.32444302580172923,0.5372870602215676
2015-10-12 00:00:00+01:00,0.32831125870787026,0.3221305344925769,0.32936963781298045,0.3284939045820745,0.581139755677387
2015-10-13 00:00:00+01:00,0.3261890986727787,0.3191904132516137,0.3236022624545125,0.3257717259094912,0.6117442936623522
2015-10-14 00:00:00+01:00,0.32155581892697316,0.31451217026033396,0.31585853949024334,0.32105649707526496,0.5575830051257286
2015-10-15 00:00:00+01:00,0.3066193718727648,0.3049608659254397,0.2998364043970583,0.30663537850707656,0.5416125504873989
2015-10-16 00:00:00+01:00,0.3108638155399217,0.31267663933385004,0.3134284600482382,0.3102001716134619,0.4637064209022428
2015-10-19 00:00:00+01:00,0.3134233852642496,0.3115558141566763,0.3168305218274554,0.31376484109683767,0.6081178783245983
2015-10-20 00:00:00+01:00,0.317327690060319,0.3178259412037716,0.32136672779871955,0.31754028781167354,0.608063671344069
2015-10-21 00:00:00+01:00,0.3224144471019166,0.32003512183273,0.3276037792611304,0.3220286684231848,0.6097068888652334
2015-10-22 00:00:00+01:00,0.32348368451971377,0.3265001911624099,0.32476878957793676,0.32303335262264343,0.6153737922672999
2015-10-23 00:00:00+01:00,0.3401535791273387,0.3389591470128781,0.3350073578469652,0.3395284944237986,0.5873747776577786
2015-10-26 00:00:00+00:00,0.34702248092991383,0.34004750246466275,0.341649566748514,0.34659317855650107,0.7114349284088768
2015-10-27 00:00:00+00:00,0.3412390077486651,0.3342484342962093,0.333759996994073,0.34097055683141364,0.6354290531815789
2015-10-28 00:00:00+00:00,0.3333819481429121,0.3275234832331666,0.335428583152817,0.3333224957161536,0.534831794396717
2015-10-29 00:00:00+00:00,0.3399753522915434,0.3374484372705353,0.34113106904955615,0.3395284944237986,0.5186307129873055
2015-10-30 00:00:00+00:00,0.34251885440931584,0.3419804425673143,0.33588219139004605,0.3417969766509512,0.6287663817956813
2015-11-02 00:00:00+00:00,0.3339975846679437,0.3298789015566259,0.3351370131714484,0.3336142460189373,0.5973394400061243
2015-11-03 00:00:00+00:00,0.3387603940419832,0.3385205578596253,0.3403211249682041,0.338361864081693,0.5144150664379596
2015-11-04 00:00:00+00:00,0.3432316381555227,0.34613892209186825,0.34743300997369575,0.34333633036716393,0.617142005378148
2015-11-05 00:00:00+00:00,0.3504730612362441,0.3509795137100937,0.3534595723821552,0.34973666444598517,0.6188528853328633
2015-11-06 00:00:00+00:00,0.35319466659283805,0.3702771885927163,0.35716951920740425,0.35265330211275425,0.6300543971478135
2015-11-09 00:00:00+00:00,0.3774786291563035,0.3770508442438425,0.3816968705481194,0.3774446604687858,0.6023667313175901
2015-11-10 00:00:00+00:00,0.3751296686748291,0.3743706047362423,0.3802225819776379,0.3754517339301522,0.7748968453352185
2015-11-11 00:00:00+00:00,0.37577756400994566,0.3706831840903302,0.3754758869524226,0.375565096230005,0.5637975617526885
2015-11-12 00:00:00+00:00,0.3702048236685238,0.36847412739162144,0.3741312537064243,0.3702666140362305,0.5802080795277836
2015-11-13 00:00:00+00:00,0.3673697562902516,0.364721767294931,0.37113422576737043,0.36707442068094265,0.5380057987390982
2015-11-16 00:00:00+00:00,0.36301197419839015,0.3701147160355207,0.3682019636910707,0.3638985455629291,0.554364589344036
2015-11-17 00:00:00+00:00,0.37854786657410067,0.3751664847990255,0.38244204876671706,0.3785141231253033,0.5544522645793939
2015-11-18 00:00:00+00:00,0.3814638899700191,0.3765147219841727,0.38309007819118346,0.38141456617780745,0.6939687258695615
2015-11-19 00:00:00+00:00,0.3826626570160503,0.37635237335722715,0.3762697631670606,0.38271087705704043,0.60190863364254
2015-11-20 00:00:00+00:00,0.3727158197822642,0.3680517731010633,0.37523289136811955,0.37277813910036306,0.5894032461870335
2015-11-23 00:00:00+00:00,0.3730397674498225,0.371479188083363,0.37628595463274905,0.37295627985727475,0.5021438325170229
2015-11-24 00:00:00+00:00,0.3734447947320003,0.3665410633587205,0.36944932454396295,0.3728267229431572,0.5807151235991358
2015-11-25 00:00:00+00:00,0.36647874570824945,0.3657776530213266,0.36737570454505564,0.3661832224043462,0.5783123920191229
2015-11-26 00:00:00+00:00,0.36907082143660963,0.36238270776441595,0.371425795748739,0.3690188869997919,0.5274459494350303
2015-11-27 00:00:00+00:00,0.36834172288989997,0.3637309449495634,0.36842876780968536,0.3682735638745873,0.6015413914717682
2015-11-30 00:00:00+00:00,0.371419781918084,0.3715278926714465,0.3743418663593503,0.37144943899260086,0.5734927544892242
2015-12-01 00:00:00+00:00,0.37757577637747897,0.3718528377858372,0.3740179134466044,0.37760673023444236,0.6041807584050091
2015-12-02 00:00:00+00:00,0.37287785541453,0.374598016744216,0.37683671166410937,0.3728267229431572,0.627438622218047
2015-12-03 00:00:00+00:00,0.3778998476420108,0.376384843082616,0.37766297081012445,0.37786596768568703,0.5420870489339354
2015-12-04 00:00:00+00:00,0.36850375852216577,0.37310354186456784,0.37077776632427284,0.36858138516862593,0.6186746977205043
2015-12-07 00:00:00+00:00,0.3774786291563035,0.3750690756228581,0.38195605759811113,0.377282714326139,0.5070051291228332
2015-12-08 00:00:00+00:00,0.37919588550619077,0.3726000132605365,0.37502227871519356,0.37874097134801854,0.647416491056322
2015-12-09 00:00:00+00:00,0.3732018030820883,0.36803553823836865,0.3607983851052359,0.37277813910036306,0.5906858990010807
2015-12-10 00:00:00+00:00,0.35312990177872106,0.3487865679438298,0.3513211865204935,0.35313938778671417,0.5328990423151175
2015-12-11 00:00:00+00:00,0.35332431981804535,0.35460187097497786,0.34471136055032203,0.35330145755237075,0.42596430804216123
2015-12-14 00:00:00+00:00,0.3400564319061632,0.3404210282368876,0.34142276262989935,0.34006316394055247,0.5806022288037159
2015-12-15 00:00:00+00:00,0.3438796570876128,0.3467073901466775,0.34058031201819583,0.34325523367283095,0.4749247497067173
2015-12-16 00:00:00+00:00,0.35280583051418923,0.3525713977659093,0.3566834044398235,0.35273439880708723,0.604667301836733
2015-12-17 00:00:00+00:00,0.3659279975943084,0.36353600266697894,0.36701924510195805,0.3655026777362005,0.6544609588216306
2015-12-18 00:00:00+00:00,0.3655067791086013,0.37294106930737225,0.3485832220324565,0.36529202412774997,0.6800456338397776
2015-12-21 00:00:00+00:00,0.346682218461853,0.3430038585683206,0.3480972308638506,0.34665808063656933,0.5776729832361256
2015-12-22 00:00:00+00:00,0.3452890333764975,0.33982009045668904,0.34273488934554597,0.34513492153462133,0.4332618649504183
2015-12-23 00:00:00+00:00,0.34237300998057907,0.33567784579482973,0.34420917791602745,0.3422830623249111,0.5672715434217805
2015-12-24 00:00:00+00:00,0.3409636336916946,0.33411843146440323,0.33497497491558814,0.3407437086086984,0.556740287029498
2015-12-25 00:00:00+00:00,0.3310004816574057,0.3239985351444499,0.3315567216706825,0.32834802943068264,0.5671162248889104
2015-12-28 00:00:00+00:00,0.3297207585937285,0.3288554855556196,0.3348129366597279,0.3293365190158768,0.4809432898427063
2015-12-29 00:00:00+00:00,0.3311625172896715,0.32666253978935567,0.334488983746982,0.3312646670974515,0.587219299792143
2015-12-30 00:00:00+00:00,0.33430534113197274,0.3289366598690924,0.3365949866772666,0.33416511014995587,0.5947167446894067
2015-12-31 00:00:00+00:00,0.333025494471322,0.32666253978935567,0.33098964957465893,0.3328849938849878,0.6024558438951064
2016-01-01 00:00:00+00:00,0.3304011599328769,0.3233813625015569,0.33559062140867724,0.33026010652100246,0.5691299003089957
2016-01-04 00:00:00+00:00,0.3308709520291717,0.32598030376543474,0.31018843652488126,0.33063270627209995,0.5584072000970709
2016-01-05 00:00:00+00:00,0.31721422803864074,0.3135051130522719,0.3115006868395025,0.31695703445212553,0.5822971327173151
2016-01-06 00:00:00+00:00,0.3111553808004215,0.30489592647466157,0.3027362835419807,0.3110426624242546,0.4702214308542908
2016-01-07 00:00:00+00:00,0.3032011739734932,0.2984470920076763,0.2882206963516796,0.3030705854006912,0.5318066491004352
2016-01-08 00:00:00+00:00,0.2857212248015124,0.2977486211210607,0.2906183928623076,0.2857328291657337,0.5150783053155679
2016-01-11 00:00:00+00:00,0.2783177660885252,0.2860855453333755,0.2824696360578749,0.2782792270446597,0.4390222036336132
2016-01-12 00:00:00+00:00,0.2881674561011358,0.2869302539144918,0.2862118422155264,0.2875152257189264,0.5184583732430146
2016-01-13 00:00:00+00:00,0.2905974961972302,0.29211202550980264,0.2949600540473596,0.2904318633856955,0.6550409184466357
2016-01-14 00:00:00+00:00,0.2836152559699501,0.28883084822200367,0.28734586280859875,0.2838694595412177,0.6031188260133048
2016-01-15 00:00:00+00:00,0.2969479086959492,0.29037390375948613,0.27665368630234144,0.29647579232768395,0.5258677321004421
2016-01-18 00:00:00+00:00,0.2772972258782893,0.2770215347398177,0.2812059601403194,0.27682084639977034,0.6823673459203353
2016-01-19 00:00:00+00:00,0.28356668235936233,0.2878399019463864,0.28664925898706684,0.28320510948733646,0.4197232247069713
2016-01-20 00:00:00+00:00,0.2862072081013367,0.2790682428115807,0.2663988029686497,0.28613794176837026,0.6317025983761094
2016-01-21 00:00:00+00:00,0.2805048145347073,0.2774114193049868,0.2738671474172387,0.2791542307069912,0.6033051663499446
2016-01-22 00:00:00+00:00,0.29212033450779296,0.29656285649310843,0.29139595401228235,0.2919550224876435,0.5223076016395345
2016-01-25 00:00:00+00:00,0.30240731061266635,0.2999253320246298,0.3014726076244252,0.30245481918960415,0.6842167840925953
2016-01-26 00:00:00+00:00,0.29714232673527374,0.2958806204691875,0.2931132381670667,0.2968807813073109,0.6647854886786271
2016-01-27 00:00:00+00:00,0.29955617562783865,0.29821967999970256,0.2993827961598292,0.29934372252864927,0.5342029374901243
2016-01-28 00:00:00+00:00,0.3011437787525184,0.3022481566924504,0.3051663629839858,0.30075351933074446,0.5993192004632895
2016-01-29 00:00:00+00:00,0.30840139303676906,0.3456840980759208,0.3069482894025497,0.30825570529461266,0.5907546388567547
2016-02-01 00:00:00+00:00,0.34747608182267964,0.34147691396328317,0.3422488981769398,0.3473061124531762,0.640107014639819
2016-02-02 00:00:00+00:00,0.33957032500936557,0.3349469051828249,0.3341649072352615,0.3392043548924857,0.8944802074046256
2016-02-03 00:00:00+00:00,0.3233054576839187,0.31932041608342,0.2917038390583142,0.3232602008453589,0.5152374557723902
2016-02-04 00:00:00+00:00,0.2959921332998303,0.2889769619862548,0.2793915271914036,0.295130897605657,0.45268064125072727
2016-02-05 00:00:00+00:00,0.27473753255698785,0.2758033003864764,0.2745475597730822,0.2748116016238624,0.3540604879222174
2016-02-08 00:00:00+00:00,0.27630894447813836,0.27841847651304885,0.2593678752916009,0.27617269096015384,0.41421267492046665
2016-02-09 00:00:00+00:00,0.255265076575123,0.2480426766207442,0.23811305400459437,0.25539982215593815,0.590502686680337
2016-02-10 00:00:00+00:00,0.24773196463692826,0.24048925183927983,0.23825877719579136,0.2476707879693547,0.40883831480297084
2016-02-11 00:00:00+00:00,0.21620657899274143,0.21251745092826857,0.18643385069392182,0.2162521236887771,0.5151877456807326
2016-02-12 00:00:00+00:00,0.2039593548880687,0.20699462328612195,0.1973690227844822,0.2040185142764177,0.31752931069839413
2016-02-15 00:00:00+00:00,0.2232698988346411,0.23012570864865833,0.22202602944968053,0.22302518114170544,0.47564271669785674
2016-02-16 00:00:00+00:00,0.23368652816472202,0.23533994996935825,0.22821463011400023,0.23358987992373437,0.7414888614546279
2016-02-17 00:00:00+00:00,0.2307057399546868,0.22928112399779144,0.2238242709329077,0.22966868168051624,0.6685318435900172
2016-02-18 00:00:00+00:00,0.23324911847548568,0.225967353054354,0.22756660068953405,0.23290933525558866,0.5464024347209454
2016-02-19 00:00:00+00:00,0.21672506829659755,0.2094149810603596,0.21316447735802746,0.21621973446024767,0.6065895988812848
2016-02-22 00:00:00+00:00,0.20465594743074633,0.21092556687245279,0.20984337290725308,0.20388883373929056,0.43915003154408494
2016-02-23 00:00:00+00:00,0.21157342284390945,0.2045255609238008,0.1979037119491287,0.2116989646202072,0.47481631668523644
2016-02-24 00:00:00+00:00,0.19469291899343122,0.1923264868066954,0.1869360333282164,0.19402087423967207,0.6459647787772161
2016-02-25 00:00:00+00:00,0.19718772390364236,0.20371332206807358,0.20109516107541991,0.19760186196032214,0.429127426608811
2016-02-26 00:00:00+00:00,0.21457040225747392,0.22010334543512222,0.2103941299386134,0.21408080914721261,0.6100454923966402
2016-02-29 00:00:00+00:00,0.2239826825808482,0.2186739339365018,0.21259740526200388,0.22286323499905847,0.7204190343609129
2016-03-01 00:00:00+00:00,0.20295488228438852,0.21799169791258088,0.20412457194585087,0.20293285700563546,0.6538442973517086
2016-03-02 00:00:00+00:00,0.22723884484785395,0.23002829947249093,0.22944579950120403,0.2272381296877073,0.4110180284265068
2016-03-03 00:00:00+00:00,0.22028898702763233,0.22546382445032287,0.22497448299166867,0.21971974910957437,0.7868201373942918
2016-03-04 00:00:00+00:00,0.22335085485228734,0.22383947066911802,0.21987132852335556,0.22302518114170544,0.5159840386692962
2016-03-07 00:00:00+00:00,0.2256188593161157,0.218316519096722,0.22409964944858785,0.22518030106900522,0.6072851107800995
2016-03-08 00:00:00+00:00,0.22014326619586932,0.21282616117996467,0.20885507550537774,0.21949290088685913,0.5975217489986461
2016-03-09 00:00:00+00:00,0.20715075234095748,0.2073194444702633,0.20521001814185746,0.2066597198776774,0.5313559987252122
2016-03-10 00:00:00+00:00,0.2158988225287124,0.22825770799678513,0.22011444770663346,0.2162683183030416,0.47075301375226297
2016-03-11 00:00:00+00:00,0.20972651326881486,0.21979475911367552,0.21476829765401728,0.2099003734527498,0.6611859460201577
2016-03-14 00:00:00+00:00,0.22469546632705506,0.2211592311615176,0.2258493165347495,0.22477518846636868,0.5253553999811287
2016-03-15 00:00:00+00:00,0.22573232133779375,0.22005464084703852,0.21217617995615212,0.22561780290017097,0.7058277143744822
2016-03-16 00:00:00+00:00,0.21397095693597157,0.218137811676832,0.21786259798617724,0.2138702791617717,0.5864322595815781
2016-03-17 00:00:00+00:00,0.20899753831907875,0.20392449921335265,0.1800995268384049,0.20815036612808657,0.4802679023339077
2016-03-18 00:00:00+00:00,0.18615545804852984,0.1823202345256043,0.1822702956314437,0.18543303100502162,0.5307840681975743
2016-03-21 00:00:00+00:00,0.18706265983406123,0.1863162414929629,0.1888477386702383,0.18697238472123434,0.38593810459820993
2016-03-22 00:00:00+00:00,0.19846744696731955,0.19177412968433094,0.19179619221222644,0.1982176281714092,0.5925930683921028
2016-03-23 00:00:00+00:00,0.20036293015300188,0.20316108887595874,0.20370347023897373,0.2000486085673958,0.6761740933647385
2016-03-24 00:00:00+00:00,0.20300357949194958,0.20473673806907988,0.20618212407804437,0.20244677133167555,0.5949958100247357
2016-03-25 00:00:00+00:00,0.20958079243705163,0.20973980224450073,0.21444422114229678,0.2094142877787899,0.5998297949290958
2016-03-28 00:00:00+01:00,0.21996503936007405,0.2160423990169853,0.2200333667792158,0.2194603880353201,0.6388221551468025
2016-03-29 00:00:00+01:00,0.218247783010187,0.2177316922489685,0.22131323416245996,0.218066909470499,0.6647843547912781
2016-03-30 00:00:00+01:00,0.20661619543054566,0.20004226021510574,0.20184033929401757,0.20698373578598073,0.5675347301561389
2016-03-31 00:00:00+01:00,0.20172373283129885,0.1991326121832111,0.20310401521157306,0.20189578357764737,0.48548559738444463
2016-04-01 00:00:00+01:00,0.20391078127748097,0.1965499057820277,0.1991024984049552,0.20374308221090853,0.5359841184991008
2016-04-04 00:00:00+01:00,0.19135567711180568,0.18441577111570062,0.18730868423700242,0.19146076533274559,0.5951035399722595
2016-04-05 00:00:00+01:00,0.1838874535847015,0.17647258569931656,0.16961783938609876,0.18381270421748552,0.4745154753933283
2016-04-06 00:00:00+01:00,0.16971236388728794,0.16648256828092012,0.16299194554921326,0.16968321232907102,0.5136181196949942
2016-04-07 00:00:00+01:00,0.15940907298191176,0.15259420093183151,0.132632452987276,0.15868101171587612,0.4574199415597384
2016-04-08 00:00:00+01:00,0.1396935017531613,0.14148335833626113,0.14010079743586523,0.138070212677317,0.48365115924145496
2016-04-11 00:00:00+01:00,0.13638864227859426,0.1306000516789141,0.1310772070883517,0.13619052481552663,0.39898742037953827
2016-04-12 00:00:00+01:00,0.13052421307969908,0.13449864947010526,0.13496526003617504,0.13001703895942063,0.5626845271095476
2016-04-13 00:00:00+01:00,0.14220449786690148,0.14621030591562456,0.1452687177669323,0.14152151986083994,0.5246161719585171
2016-04-14 00:00:00+01:00,0.1542412363256942,0.1486793682779457,0.15111705045384305,0.15416024187583566,0.6816336536435375
2016-04-15 00:00:00+01:00,0.1528318600368097,0.1518794951825213,0.1464998871541361,0.15247513663124068,0.6909859394462723
2016-04-18 00:00:00+01:00,0.13300282678638098,0.13907935935496774,0.13439831153912607,0.1314267121385062,0.5645423964064414
2016-04-19 00:00:00+01:00,0.148506336755033,0.147656076207189,0.1494321492304358,0.14853762015074823,0.394513129168907
2016-04-20 00:00:00+01:00,0.15046658475483232,0.14830584250572088,0.14899473245889538,0.1512436042090668,0.7313691932916375
2016-04-21 00:00:00+01:00,0.16098048490306227,0.15355255355180986,0.1582289354593347,0.160933299328764,0.6031362247801875
2016-04-22 00:00:00+01:00,0.15532666494702063,0.1811182350349576,0.1572569531221224,0.15443567394134505,0.6644613657568637
2016-04-25 00:00:00+01:00,0.18727326907691477,0.1798675309562272,0.18275628680004985,0.18682650956984248,0.5225442289946034
2016-04-26 00:00:00+01:00,0.18168421393499012,0.17747964290737883,0.1798403397884134,0.18196552920723397,0.8634099193810607
2016-04-27 00:00:00+01:00,0.1837254179524357,0.17877917550444256,0.185559017150841,0.18348868830918197,0.5374552597810236
2016-04-28 00:00:00+01:00,0.18829380928715067,0.1863649460810466,0.1357104382547727,0.18818759890613412,0.5924787539785971
2016-04-29 00:00:00+01:00,0.13279221754352744,0.12523957266371344,0.11558963756083851,0.1323826888721613,0.6198717818232092
2016-05-02 00:00:00+01:00,0.10646705096261644,0.10409025592216192,0.10729503396623419,0.1060844896514559,0.09902537089704977
2016-05-03 00:00:00+01:00,0.10546270195590979,0.09783636373776106,0.09666762332273104,0.10516090214633023,0.34576939758241587
2016-05-04 00:00:00+01:00,0.11020932012641982,0.11321920596649782,0.10872062454067533,0.10976264505769429,0.570996570016006
2016-05-05 00:00:00+01:00,0.11416219853307696,0.11459991287703453,0.11724203225389407,0.11365145407238297,0.6208374570811196
2016-05-06 00:00:00+01:00,0.12091763831397406,0.11438873573175545,0.11176635047576955,0.11940375633459754,0.6143125144249614
2016-05-09 00:00:00+01:00,0.12060975825297149,0.1334589986064043,0.12432165792698324,0.12078104028515368,0.6309626153117409
2016-05-10 00:00:00+01:00,0.13732835006815747,0.1442611309502786,0.14165604333478932,0.13651466434683956,0.5916470219267755
2016-05-11 00:00:00+01:00,0.15093637685112737,0.14343265723185672,0.14364870600525403,0.1504982810838622,0.7199863958393138
2016-05-12 00:00:00+01:00,0.13846235230007164,0.14616160132754086,0.14044094181429956,0.1378757536831312,0.7032203489145687
2016-05-13 00:00:00+01:00,0.14951080935871341,0.14739619447382624,0.14484749246108053,0.1489751219819142,0.46837096669175726
2016-05-16 00:00:00+01:00,0.14220449786690148,0.13953418337091517,0.14677538926879086,0.1418618540064176,0.6775894059478718
2016-05-17 00:00:00+01:00,0.14866837238729902,0.1504499597536515,0.15030698277351662,0.14865110607361087,0.516743934867455
2016-05-18 00:00:00+01:00,0.14795558864109193,0.15332514154383614,0.14871935394321523,0.14654456998910503,0.6392948268474458
2016-05-19 00:00:00+01:00,0.16699063493372046,0.16204809609055837,0.16414215760797424,0.16582679254291155,0.5607880398814978
2016-05-20 00:00:00+01:00,0.16230890517430074,0.16562162483710918,0.16660461998135645,0.16163003861117464,0.7491959244311424
2016-05-23 00:00:00+01:00,0.1648037100845119,0.15733738337388936,0.1582289354593347,0.16436853552103203,0.5427510542187771
2016-05-24 00:00:00+01:00,0.153091042890251,0.15701243825949884,0.15547490310458367,0.1534149187506313,0.6032451279529535
2016-05-25 00:00:00+01:00,0.16632654839507466,0.16346127272648392,0.16665319437842196,0.16631287821687146,0.48378974806795744
2016-05-26 00:00:00+01:00,0.1653382669949237,0.15831197085656257,0.1596060752356847,0.16535690148321636,0.6925115524618521
2016-05-27 00:00:00+01:00,0.15855044480696812,0.15610279022760398,0.16062663196996252,0.15890785993859136,0.5709953456531159
2016-05-30 00:00:00+01:00,0.17607896758953645,0.1793314086965574,0.18058551800701106,0.17603496256509832,0.5231085048530717
2016-05-31 00:00:00+01:00,0.17756929989606718,0.17786952747254792,0.1815089259471574,0.17718552191594883,0.7291604804358358
2016-06-01 00:00:00+01:00,0.17426456401847368,0.16965010152985682,0.15369285308704517,0.174414635777562,0.5892936355282893
2016-06-02 00:00:00+01:00,0.15403062708284065,0.14720125219124158,0.14505810511400652,0.15508382938096132,0.5553296142191684
2016-06-03 00:00:00+01:00,0.14622214108767562,0.14210065490940393,0.11443942550207753,0.1450863129672253,0.41167084765162937
2016-06-06 00:00:00+01:00,0.11019312892289057,0.11438873573175545,0.11311098372176787,0.11042699511157528,0.4916721946613059
2016-06-07 00:00:00+01:00,0.1216142308566519,0.12171474850524633,0.12339824998683668,0.12204496193585723,0.27373103471387633
2016-06-08 00:00:00+01:00,0.11905453753535022,0.11177355960518298,0.11393724286778295,0.11906342218901966,0.6838133450664382
2016-06-09 00:00:00+01:00,0.1119589588833656,0.10532472513819768,0.10862347574654407,0.11138297184523038,0.5526876870693143
2016-06-10 00:00:00+01:00,0.11639782058984682,0.11110755844395648,0.11537902490791252,0.11640602197349548,0.5105910804275775
2016-06-13 00:00:00+01:00,0.10674254861656052,0.10145872100264519,0.09998872777350543,0.10691078584798386,0.624475216137441
2016-06-14 00:00:00+01:00,0.10217403368487199,0.0978525986004557,0.09841729040889269,0.10240621062220812,0.49422029250414584
2016-06-15 00:00:00+01:00,0.09997091763213417,0.09730036540834086,0.10065294866366026,0.10015392300932024,0.5387283538088161
2016-06-16 00:00:00+01:00,0.09666605815756713,0.08901600001487164,0.06572486719908155,0.0963136978374255,0.5589730642932572
2016-06-17 00:00:00+01:00,0.07905657935735255,0.07189503603581837,0.07333905843784239,0.0783763700056459,0.5445795032338809
2016-06-20 00:00:00+01:00,0.07720966978225796,0.07233362518907094,0.07657920556017395,0.07683713991244279,0.41667232370144214
2016-06-21 00:00:00+01:00,0.06318042451358097,0.07082291544672814,0.0654818716147787,0.06348536037776209,0.5652191083525445
2016-06-22 00:00:00+01:00,0.07738789661805301,0.07122903487459187,0.07711377112584583,0.07719354504927556,0.45686242265340077
2016-06-23 00:00:00+01:00,0.07601090273622679,0.09129012009460835,0.07581771227691303,0.076869529140972,0.7060524001282971
2016-06-24 00:00:00+01:00,0.08116254818891488,0.08313575753294522,0.00648017064568851,0.08085562946425862,0.57635278921831
2016-06-27 00:00:00+01:00,0.03769769490408437,0.03278004673409707,0.030408066959003,0.03598801796341222,0.6158835527360487
2016-06-28 00:00:00+01:00,0.030067435744714377,0.03922875727083275,0.032595150816705054,0.030883871140814145,0.16877434858103546
2016-06-29 00:00:00+01:00,0.04531176285992511,0.03908264350658164,0.04239642591316772,0.04528879509473782,0.5313535116281536
2016-06-30 00:00:00+01:00,0.0460245466061322,0.04156794073159742,0.04570121529927884,0.04653652213117665,0.7151252490927676
2016-07-01 00:00:00+01:00,0.05119238326234954,0.04496288598850784,0.04670570416684283,0.05131652942246179,0.5909850383790244
2016-07-04 00:00:00+01:00,0.041666640917297215,0.03924499213352739,0.046770470029597,0.04183748791121489,0.6239635955145727
2016-07-05 00:00:00+01:00,0.04255765149929913,0.03477805021777636,0.030570105214863252,0.0423235735851748,0.4910544048745374
2016-07-06 00:00:00+01:00,0.02052562579310635,0.0145057878524808,0.010400606524888723,0.020011351064746385,0.5838763226926276
2016-07-07 00:00:00+01:00,0.01947257957883841,0.013807316965865235,0.01679981984213441,0.020157226216138246,0.3704259526199456
2016-07-08 00:00:00+01:00,0.014644881793708375,0.012556488956885214,0.008472833316153006,0.0143239508826003,0.5807083656839767
2016-07-11 00:00:00+01:00,0.012684757390882595,0.037523229176154915,0.01598975216180798,0.01273601332359342,0.5239713837228338
2016-07-12 00:00:00+01:00,0.0422822774423286,0.07168385889053908,0.04685142735803982,0.0424208648937725,0.56420207057495
2016-07-13 00:00:00+01:00,0.0783923692217332,0.07254480233435023,0.07111959164876347,0.07858702361409642,0.8622882895241104
2016-07-14 00:00:00+01:00,0.06711711171670887,0.08981188007765462,0.07230231023787614,0.0675686283866368,0.9179096523119652
2016-07-15 00:00:00+01:00,0.08532603583842557,0.09624447968194527,0.09034949093290279,0.08563563675554375,0.47836824505043185
2016-07-18 00:00:00+01:00,0.08979715635499175,0.09414906702209858,0.09282814477197343,0.08997814221566292,0.7459441063013235
2016-07-19 00:00:00+01:00,0.10116968467816512,0.09991554153491333,0.09883851571474445,0.10111002336598496,0.6189475748283255
2016-07-20 00:00:00+01:00,0.10113730227110662,0.10400895767843932,0.10170588832931515,0.1009641482145931,0.6806396836985805
2016-07-21 00:00:00+01:00,0.11780719687873131,0.11539591687006712,0.0950961859581183,0.11825332060675642,0.5780049414543146
2016-07-22 00:00:00+01:00,0.09561301194329919,0.09752777741631458,0.0976719885913202,0.09568173701207394,0.7356744494931621
2016-07-25 00:00:00+01:00,0.10321088869561068,0.10272578387431985,0.10326113422823946,0.10402653740974444,0.3772349918518202
2016-07-26 00:00:00+01:00,0.0922595788581444,0.08534493816190358,0.07218884637908163,0.09190641392024745,0.6550206980737605
2016-07-27 00:00:00+01:00,0.08002854595700071,0.09957448548807757,0.0852139535332126,0.0800939881017797,0.46991344611312097
2016-07-28 00:00:00+01:00,0.0816971050993267,0.07746669219629809,0.08015949706094005,0.08174670411784524,0.4719356218897325
2016-07-29 00:00:00+01:00,0.0790403881538233,0.07189503603581837,0.04382201648760886,0.07840888285718473,0.5944535533053742
2016-08-01 00:00:00+01:00,0.03975509012505918,0.037360756618959545,0.041553975301463986,0.03930976823281762,0.5487981350445363
2016-08-02 00:00:00+01:00,0.03910707119296908,0.03922875727083275,0.020104732827220362,0.0397472700639836,0.221041753926896
2016-08-03 00:00:00+01:00,0.019197205521867877,0.01894026004284255,0.019035478096902203,0.018828526108376042,0.5834275696526282
2016-08-04 00:00:00+01:00,0.023101386720963513,0.020840854350354432,0.020963251305637698,0.023187226182759924,0.3831681673746573
2016-08-05 00:00:00+01:00,0.02161093081745924,0.026818506008448262,0.021303519283046857,0.020951133184136772,0.6207177885215394
2016-08-08 00:00:00+01:00,0.03474928910110764,0.03649981317514861,0.037860343540878194,0.03627964464318634,0.5581446223518293
2016-08-09 00:00:00+01:00,0.038718235114320265,0.034712986836748394,0.036078293523339466,0.03859683433614247,0.7247076331079586
2016-08-10 00:00:00+01:00,0.03286999711895455,0.025047914532742688,0.02261576959766809,0.03255290539415401,0.6010979142072403
2016-08-11 00:00:00+01:00,0.020136789714457537,0.018111910254670294,0.023522986072125995,0.01988179415062885,0.5226105290140723
2016-08-12 00:00:00+01:00,0.031087975954950275,0.030684510144000754,0.0208822939771951,0.030819092683755267,0.45998889229077555
2016-08-15 00:00:00+01:00,0.022210376138961596,0.017348375987026987,0.021287327817358204,0.022312222520428415,0.6831267660526954
2016-08-16 00:00:00+01:00,0.02199976689610783,0.014148373012700999,0.0,0.021615483238017985,0.4991230497331421
2016-08-17 00:00:00+01:00,0.0051678366562173395,0.012069195215548723,0.00965542830629107,0.004763812677020418,0.5727212570321102
2016-08-18 00:00:00+01:00,0.0,0.0014944748796481555,0.0012798673832441487,0.0,0.41955869005564117
2016-08-19 00:00:00+01:00,0.004017643220773914,0.0007960039930325902,0.007662765635826574,0.0033379448836701187,0.533691053558252
2016-08-22 00:00:00+01:00,0.010497708944700479,0.008869192241222734,0.010562644780748975,0.010499920324970269,0.6113925639678996
2016-08-23 00:00:00+01:00,0.006609718949134091,0.0,0.006204792130008352,0.00559023249655799,0.6479894847995353
2016-08-24 00:00:00+01:00,0.007371076305928703,0.003216361767270026,0.00850521624753009,0.0065624038444778154,0.5324592750821411
2016-08-25 00:00:00+01:00,0.010627362169908006,0.0034924783633274448,0.011907278026747292,0.01046753109644083,0.5886317895197427
2016-08-26 00:00:00+01:00,0.010756891798141766,0.014765669585843577,0.008343177991669837,0.010516114939234988,0.6166901650059317
2016-08-29 00:00:00+01:00,0.03350182484751518,0.03252016500073429,0.03711504172330593,0.032633878465477384,0.5797877756078283
2016-08-30 00:00:00+01:00,0.031087975954950275,0.04171405449584853,0.03536537463714429,0.030835287298019987,0.7904439473218536
2016-08-31 00:00:00+01:00,0.048276359866431084,0.051005477097380014,0.0534612533282115,0.047994779153056166,0.5623859139984249
2016-09-01 00:00:00+01:00,0.05530717370429894,0.05870513957334533,0.05684712364174005,0.055027197680239004,0.7410984751284377
2016-09-02 00:00:00+01:00,0.05436758951170906,0.06343208715270876,0.05297526215960535,0.054314263783563854,0.6449409791531395
2016-09-05 00:00:00+01:00,0.06585345625958716,0.05898125616940275,0.05801352716618946,0.06526775693095499,0.5726998345977093
2016-09-06 00:00:00+01:00,0.05887121603230727,0.055651250363270455,0.04009587819667115,0.05839753179243834,0.681141090806979
2016-09-07 00:00:00+01:00,0.026730193863088836,0.02235144016244761,0.026827775458237113,0.02623354438665615,0.5158779013574473
2016-09-08 00:00:00+01:00,0.03116905556957006,0.03092815701466889,0.030375684027625915,0.031159426829333148,0.28107483300039093
2016-09-09 00:00:00+01:00,0.03909087998943983,0.042899943054050205,0.03912389585945908,0.03888846101591659,0.6258936405029207
2016-09-12 00:00:00+01:00,0.04169914692132903,0.03687346287762305,0.03560849382042197,0.04102738632895164,0.6521766799163276
2016-09-13 00:00:00+01:00,0.03018077416941911,0.0329749890166815,0.03076452640210059,0.0298955051786296,0.599391189946879
2016-09-14 00:00:00+01:00,0.042784451945682145,0.0480166512683331,0.04469685003068968,0.042096725362459564,0.4750204511579944
2016-09-15 00:00:00+01:00,0.04265492231744816,0.03818923033738142,0.038654096156541584,0.042809659259134714,0.6944189684942421
2016-09-16 00:00:00+01:00,0.03387446972263475,0.03273121821576375,0.03565706821748771,0.03405986988183729,0.5859997675105786
2016-09-19 00:00:00+01:00,0.03949590727161767,0.03221145474903819,0.032530384953950664,0.038904655630181306,0.4974281243998804
2016-09-20 00:00:00+01:00,0.03259462306198402,0.02709462260450568,0.032400729629467495,0.03143485889484232,0.624910072792489
2016-09-21 00:00:00+01:00,0.027556439630973983,0.03893640581208069,0.016038450157848327,0.02658994952348892,0.5092438480246968
2016-09-22 00:00:00+01:00,0.008245895684401594,0.008316835118858279,0.008553790644595827,0.00789110395224002,0.5336642823176694
2016-09-23 00:00:00+01:00,0.014742152611857406,0.013807316965865235,0.01807968722537856,0.014988300936481291,0.4025821619109522
2016-09-26 00:00:00+01:00,0.01647560016527372,0.011305660947905194,0.011712856839509955,0.015928083055871678,0.6471779659892359
2016-09-27 00:00:00+01:00,0.007954330423901812,0.009681307166700348,0.009201820069062228,0.007340239821221228,0.5882699316523164
2016-09-28 00:00:00+01:00,0.009428471526903293,0.007017302521794555,0.013770285372728841,0.009106441760149409,0.4976221477614149
2016-09-29 00:00:00+01:00,0.01702634827921501,0.02322861846895319,0.02183808484871852,0.016673406181076267,0.5962158080429912
2016-09-30 00:00:00+01:00,0.02096291188536914,0.0212306149852739,0.01916500982241054,0.020951133184136772,0.6516152473961309
2016-10-03 00:00:00+01:00,0.026665429048971845,0.020662146930464642,0.02660097133962247,0.026849310597743203,0.6200023339244112
2016-10-04 00:00:00+01:00,0.03147681203359909,0.04033334758531204,0.0365966676233227,0.030964967835147128,0.6352654144750468
2016-10-05 00:00:00+01:00,0.04777418536307776,0.05202889309838632,0.05036695299605154,0.048189238147242186,0.6182191579226908
2016-10-06 00:00:00+01:00,0.05760756057518557,0.06117420193566647,0.061140210429726505,0.05758730658716549,0.741696422535328
2016-10-07 00:00:00+01:00,0.06253240558149087,0.05844513390973294,0.053428870396834194,0.0625293836441072,0.6670037768896712
2016-10-10 00:00:00+01:00,0.05127333927999578,0.05464419315520841,0.052570228319442025,0.05042533114586534,0.6251728969548999
2016-10-11 00:00:00+01:00,0.062257031524520334,0.05984219961321369,0.060638027795431926,0.06142753175906024,0.4673617685949619
2016-10-12 00:00:00+01:00,0.05529098250076969,0.0664858524325338,0.0603788407454402,0.055675353119855275,0.6818321085256158
2016-10-13 00:00:00+01:00,0.0716693118478946,0.06872750278688144,0.06133463161696384,0.0712631020301493,0.5260815852275746
2016-10-14 00:00:00+01:00,0.06253240558149087,0.06625844042456008,0.06629193929510513,0.061832644361696554,0.7241005663745644
2016-10-17 00:00:00+01:00,0.06782989546291573,0.06452031867424379,0.07013141784586274,0.06696918041282407,0.4925432460134091
2016-10-18 00:00:00+01:00,0.06424966193137815,0.06188890768497668,0.0666807816695798,0.06392286220892807,0.6268565705685394
2016-10-19 00:00:00+01:00,0.0644926535812902,0.05776289788581179,0.058483326869106955,0.0641497104316433,0.5512198445643011
2016-10-20 00:00:00+01:00,0.05744564853989331,0.06000454824015944,0.06225803955711018,0.0564692600878538,0.5814206200579355
2016-10-21 00:00:00+01:00,0.06863982643029809,0.06203502144922779,0.06400770664327182,0.06810342152640048,0.5083484007997202
2016-10-24 00:00:00+01:00,0.06502721049170201,0.06365949916068225,0.0671829643038746,0.0649923248654456,0.6873290634909873
2016-10-25 00:00:00+01:00,0.07123190215865827,0.07285338865579671,0.07576913787984751,0.07153853409565869,0.5506415213951195
2016-10-26 00:00:00+01:00,0.06886662687668088,0.06642091298175545,0.07210788905063881,0.06883255003734035,0.6397877522271559
2016-10-27 00:00:00+01:00,0.07580029349337325,0.0775641013724655,0.0770003072670511,0.07545985596188642,0.554427120797992
2016-10-28 00:00:00+01:00,0.08654099408798599,0.08308705294486152,0.08898866622121604,0.08592726343531765,0.6403975098406441
2016-10-31 00:00:00+00:00,0.07571933747572701,0.07857128251077716,0.08048344997368573,0.07549224519041586,0.6754083929319477
2016-11-01 00:00:00+00:00,0.07996378114288394,0.07699563331765602,0.07912262526199898,0.07962409704208451,0.4841250967410153
2016-11-02 00:00:00+00:00,0.06787846907350348,0.061336550562612224,0.05726834894759181,0.06782798946089108,0.617251155360032
2016-11-03 00:00:00+00:00,0.056700358789654404,0.049641005049537945,0.04864966884126698,0.056258606479403284,0.471308469520975
2016-11-04 00:00:00+00:00,0.05106273003714201,0.048130419237444766,0.0529590706939167,0.050976318899893514,0.4726436420540717
2016-11-07 00:00:00+00:00,0.06944988099465399,0.06895491479485516,0.06924039283709327,0.06949690009122134,0.5302800459287446
2016-11-08 00:00:00+00:00,0.07390493390466446,0.0721386829064865,0.07661158849155125,0.07343441657171379,0.7518243241355778
2016-11-09 00:00:00+00:00,0.08262049808838734,0.0818849295239652,0.02645524814842548,0.0830268203828135,0.6155956570389327
2016-11-10 00:00:00+00:00,0.0965040225253011,0.10647802004076068,0.0882920623996839,0.09636228168021965,0.6674817846314044
2016-11-11 00:00:00+00:00,0.1119913412904241,0.10616943371931398,0.10499460984871245,0.11261450426740449,0.7011910889312283
2016-11-14 00:00:00+00:00,0.11291473427948451,0.13136358594655762,0.11810067433128624,0.11285754710438445,0.726691375162479
2016-11-15 00:00:00+00:00,0.1349306923791218,0.13961535768438793,0.13311844415588214,0.13442444649960827,0.5815071259847803
2016-11-16 00:00:00+00:00,0.14763151737656033,0.15215561177857873,0.14962657041767313,0.14797056140546494,0.7730195143850599
2016-11-17 00:00:00+00:00,0.144002710234435,0.14997890087500942,0.14580328333260417,0.14387109878232573,0.6994871232926775
2016-11-18 00:00:00+00:00,0.16757388905169357,0.17051104497366798,0.16592420762551296,0.16770635678169254,0.5432378500492617
2016-11-21 00:00:00+00:00,0.17878438174260114,0.17517305310225284,0.17711856676606508,0.17932432360597428,0.7896255902333068
2016-11-22 00:00:00+00:00,0.17470197370771023,0.17825928810746738,0.1735383988642738,0.17409061986925867,0.6804632382745804
2016-11-23 00:00:00+00:00,0.17991838397451532,0.20407073690785338,0.18290213359022145,0.17985899312272835,0.5340568291375277
2016-11-24 00:00:00+00:00,0.20442914698436354,0.21329722005860652,0.20823955261126326,0.20539579822697407,0.6293612884284453
2016-11-25 00:00:00+00:00,0.21675745070365604,0.21945357913659036,0.21120419761893983,0.21690027912839338,0.8001304980365594
2016-11-28 00:00:00+00:00,0.2066647690411334,0.2012280248430578,0.19152069009757144,0.20653003934055025,0.677406117496326
2016-11-29 00:00:00+00:00,0.19135567711180568,0.20986980507630681,0.19654288723744173,0.19094229043025623,0.4914660282699341
2016-11-30 00:00:00+00:00,0.20429949375915624,0.22029828771770665,0.2023912199243525,0.20358101244525195,0.4465123605613716
2016-12-01 00:00:00+00:00,0.23940511293488065,0.2328221830189532,0.23114689219029994,0.23961761425145833,0.6879367031711809
2016-12-02 00:00:00+00:00,0.22694727958735417,0.22380687701347912,0.22293324592413843,0.2268977955421294,0.8868620460835379
2016-12-05 00:00:00+00:00,0.22083985873854695,0.23376442470648673,0.2229494373898271,0.22035158631191631,0.47287738566605847
2016-12-06 00:00:00+00:00,0.2266233319197959,0.22395311470798007,0.22586550800043814,0.22615247241692504,0.5241641055810328
2016-12-07 00:00:00+00:00,0.2298633029832724,0.2274780627966968,0.2259302738631923,0.22921498523508577,0.6283776350243171
2016-12-08 00:00:00+00:00,0.22484131075579183,0.22710441309422236,0.22079486006247673,0.22372192042411587,0.6051398996650819
2016-12-09 00:00:00+00:00,0.22955554651924337,0.24180501929903797,0.23404664773624773,0.22958758498618326,0.5330961861137421
2016-12-12 00:00:00+00:00,0.25186306987938045,0.25501127455445527,0.2524664793400606,0.2512517756900048,0.6288346871676226
2016-12-13 00:00:00+00:00,0.24462152320168573,0.24508632051708656,0.2463103852060926,0.244608275151194,0.7616059808753816
2016-12-14 00:00:00+00:00,0.24789400026919428,0.24242231587218077,0.24637515106884678,0.24820545748610878,0.524073327524348
2016-12-15 00:00:00+00:00,0.28089365061335614,0.2967253290503038,0.2855476213253716,0.2804018341204204,0.609346647874789
2016-12-16 00:00:00+00:00,0.29767688364568556,0.2926806174948615,0.29733340155996735,0.2970914349157614,0.8475221502076093
2016-12-19 00:00:00+00:00,0.2903706957508472,0.2835028389321921,0.27984513542863265,0.2897999025603437,0.7159927842297096
2016-12-20 00:00:00+00:00,0.2778479739922304,0.289967908261872,0.2823237892677033,0.27758248776224903,0.5201348229061042
2016-12-21 00:00:00+00:00,0.2901924689150521,0.28699519336527013,0.28415441368230754,0.29116099189663536,0.47976997218448375
2016-12-22 00:00:00+00:00,0.28714679229392637,0.28379519039094414,0.2874593266673935,0.2867697789707122,0.6906817629868615
2016-12-23 00:00:00+00:00,0.2862072081013367,0.2790682428115807,0.2851750940155602,0.28576521839426317,0.543567558424572
2016-12-26 00:00:00+00:00,0.28220587968106536,0.2750561249117771,0.2823399807333917,0.2820059662936918,0.5711253018837213
2016-12-27 00:00:00+00:00,0.2800997872525295,0.2797342439728072,0.2852884342753801,0.2800940128263816,0.5486267235700146
2016-12-28 00:00:00+00:00,0.2850246322588348,0.28304801491624487,0.2884475004702942,0.2847606578178139,0.563680513818238
2016-12-29 00:00:00+00:00,0.2778965476028181,0.2707351728300278,0.26988194567528434,0.2783925893445125,0.6175447031520931
2016-12-30 00:00:00+00:00,0.266038159576794,0.2730581214280978,0.2680998956577456,0.2651057118899003,0.5272962149923347
2017-01-02 00:00:00+00:00,0.27405713121783926,0.2778500084582396,0.2778686642238566,0.2736611658960213,0.47040443677299915
2017-01-03 00:00:00+00:00,0.28504082346236403,0.29584815074379844,0.2869571440330989,0.28500370065479386,0.6499522420141417
2017-01-04 00:00:00+00:00,0.2881188824905483,0.2890744950926718,0.28342542692939854,0.28766097724730866,0.6725372491541772
2017-01-05 00:00:00+00:00,0.2780423920315547,0.27135246940317037,0.2546697546634511,0.27881389656141353,0.6010314787715355
2017-01-06 00:00:00+00:00,0.24988663067605188,0.26581340689832933,0.25418376349484517,0.24886980753998977,0.5071523809785512
2017-01-09 00:00:00+00:00,0.2797109511738807,0.2784835398940768,0.2690880694606461,0.27941346815823587,0.33391093952461376
2017-01-10 00:00:00+00:00,0.26087032292057666,0.25913716042337054,0.2532117811576329,0.26053635820706567,0.8336644044638637
2017-01-11 00:00:00+00:00,0.25891007492077733,0.26729152298503345,0.26095550412190227,0.25870537781107905,0.4246615595901888
2017-01-12 00:00:00+00:00,0.24562599580536593,0.24104160896164406,0.2298346418756787,0.24616382348167143,0.5641718904668098
2017-01-13 00:00:00+00:00,0.2398101402170585,0.24378678792002284,0.23832354305854553,0.23913152857749842,0.47543621560115534
2017-01-16 00:00:00+00:00,0.23277932637919085,0.22853382459284255,0.22879777007673763,0.23205052620752165,0.5206803656589845
2017-01-17 00:00:00+00:00,0.2305760867294795,0.22572370618368565,0.21331020054922445,0.23083531202262186,0.5200506838325004
2017-01-18 00:00:00+00:00,0.2108443242971998,0.21401192580791673,0.2117711461159888,0.2101920001325237,0.5691128399790044
2017-01-19 00:00:00+00:00,0.24049054155620708,0.2459472639608975,0.24057539277900175,0.2407194661365053,0.4057488679609348
2017-01-20 00:00:00+00:00,0.2430177288734765,0.24349443646127078,0.24256805544946647,0.24425187001436122,0.8389051670293209
2017-01-23 00:00:00+00:00,0.22615341622652751,0.2218252323227441,0.21711729616860476,0.22529366336885803,0.6088676516658496
2017-01-24 00:00:00+00:00,0.20971032206528561,0.21259874917199095,0.2107182064503339,0.20860406257351705,0.42106566634492515
2017-01-25 00:00:00+00:00,0.22696347079088341,0.22062310890184778,0.2188669632547664,0.22577974904281795,0.4385711549492382
2017-01-26 00:00:00+00:00,0.21544522163594682,0.2337155961881534,0.2186077762047749,0.2169164737426581,0.7254992222904973
2017-01-27 00:00:00+00:00,0.23541997571813855,0.24294207933890632,0.240219056934879,0.23574499985103414,0.504594690498949
2017-01-30 00:00:00+00:00,0.23959953097420494,0.23610348423700178,0.22989940773843287,0.23919630703455708,0.7388402720195187
2017-01-31 00:00:00+00:00,0.22357765529867013,0.22013581516051128,0.20266659844003265,0.2227011652334021,0.6082668155623459
2017-02-01 00:00:00+00:00,0.20857631983337144,0.21985969856445386,0.2137638087864533,0.2080044909766947,0.44125204801865553
2017-02-02 00:00:00+00:00,0.21627134380685842,0.20894379825146814,0.2025694496459014,0.21720810042243222,0.4552041439674027
2017-02-03 00:00:00+00:00,0.20875454666916649,0.20876521476182774,0.2065628089201874,0.2087499377249089,0.657677859766431
2017-02-06 00:00:00+00:00,0.20661619543054566,0.20127685336139112,0.20177557343126318,0.20631938573209974,0.5076774020373189
2017-02-07 00:00:00+00:00,0.19286220062186588,0.19783307958614738,0.1948256030826574,0.19316218881461467,0.5586402384216507
2017-02-08 00:00:00+00:00,0.20264712582035949,0.19719954815030993,0.19563567076298383,0.20223611772322503,0.46720835408357414
2017-02-09 00:00:00+00:00,0.1954057027396381,0.2079042713180168,0.1997505278294216,0.1951876282047873,0.6572066053748503
2017-02-10 00:00:00+00:00,0.21941416764915966,0.21864134028086313,0.22358127534860484,0.2192011505840754,0.519127456234166
2017-02-13 00:00:00+00:00,0.22804889941220985,0.2234333512412543,0.22484495126616033,0.22697889223646261,0.7852047441113671
2017-02-14 00:00:00+00:00,0.22323739283060928,0.22827394285947977,0.22191268918986062,0.22359236350999834,0.6451355435617244
2017-02-15 00:00:00+00:00,0.23316816245783945,0.23652583852755993,0.2376269392370136,0.23324966940116632,0.5507895761225899
2017-02-16 00:00:00+00:00,0.2307381223617453,0.22344958610394894,0.22121596176935387,0.2301871565830056,0.660844756435588
2017-02-17 00:00:00+00:00,0.21803717376733345,0.2128423960426593,0.21151195906599707,0.2171109327368439,0.5536070594498053
2017-02-20 00:00:00+00:00,0.2107147946689658,0.20876521476182774,0.2148816379138372,0.21072679327228738,0.4693366686948431
2017-02-21 00:00:00+00:00,0.21627134380685842,0.217244398507632,0.22145895735365695,0.21670582013420758,0.525242982089148
2017-02-22 00:00:00+00:00,0.22292963636658025,0.21562004472642693,0.2161129309000156,0.22300898652744072,0.6301500165171781
2017-02-23 00:00:00+00:00,0.2184098186424528,0.21144545426942796,0.21066963205326816,0.21892571851856601,0.6327308992552062
2017-02-24 00:00:00+00:00,0.2070859875268405,0.20418438094671543,0.2023588369929754,0.20701612501451017,0.5448447868638434
2017-02-27 00:00:00+00:00,0.19895355386411717,0.19635496349944326,0.20026890192940483,0.19901165876241733,0.4785356324054931
2017-02-28 00:00:00+00:00,0.20802557171943037,0.20169908372169965,0.19781459708835425,0.20803700382823376,0.5111420482904683
2017-03-01 00:00:00+00:00,0.21288552831464513,0.22185770204813315,0.21450911060402578,0.21341658271634123,0.6565403347815755
2017-03-02 00:00:00+00:00,0.23010629463318444,0.22994712515901794,0.2312440409844312,0.23033303173439745,0.6251216114860363
2017-03-03 00:00:00+00:00,0.23376748418236826,0.2297521828764335,0.23493767274501698,0.23391401945504753,0.7229148143713636
2017-03-06 00:00:00+00:00,0.22568362413023269,0.2198272288390648,0.22660265228567877,0.22589323496568037,0.6094422118526099
2017-03-07 00:00:00+00:00,0.22717408003373696,0.22353076041742193,0.22949437389826954,0.22702747607925655,0.5119949254021099
2017-03-08 00:00:00+00:00,0.22730373325894448,0.2328710115372865,0.22753409415918213,0.2271733512306484,0.5888866051037658
2017-03-09 00:00:00+00:00,0.23511209565713598,0.23663948256642198,0.23966817630454385,0.235032065954359,0.5805531083314771
2017-03-10 00:00:00+00:00,0.2469867984836629,0.2454111417012277,0.24692603169918192,0.246990243301209,0.6455335242854138
2017-03-13 00:00:00+00:00,0.24108998687770922,0.23605477964891786,0.24154749871518866,0.2402333804625454,0.6796443325739285
2017-03-14 00:00:00+00:00,0.24332560893447908,0.2403431380750285,0.24281105103376954,0.2431986019721084,0.5230022037198978
2017-03-15 00:00:00+00:00,0.23911354767438087,0.23555112711463733,0.24285159149747826,0.23905043188316522,0.6041304459958895
2017-03-16 00:00:00+00:00,0.21881484592463085,0.21357333665466394,0.2162262711598355,0.21868267568158606,0.5446765460619398
2017-03-17 00:00:00+00:00,0.21797240895321646,0.21295604008152136,0.2102564406807732,0.2176779914821274,0.40882308771081155
2017-03-20 00:00:00+00:00,0.20690776069104544,0.20311238428787504,0.20888758203572944,0.20688656810039263,0.5708204605292213
2017-03-21 00:00:00+00:00,0.20543349599107041,0.2026900299973169,0.1986326987020377,0.2052499230755822,0.4879364240480266
2017-03-22 00:00:00+00:00,0.18905529024091883,0.18475682716253639,0.18131450475992006,0.18838205790031992,0.5653820999720197
2017-03-23 00:00:00+00:00,0.18534540348417394,0.18157305905090482,0.17915992743256992,0.18574097592207006,0.4355045786575921
2017-03-24 00:00:00+00:00,0.17980492195283704,0.18024105672845203,0.1831775121059016,0.1798266038941989,0.5565953421853003
2017-03-27 00:00:00+01:00,0.17253111646505737,0.16568668821813692,0.17088151530365425,0.172502682310252,0.5283515080273172
2017-03-28 00:00:00+01:00,0.1758359759396244,0.16947151804021665,0.1722747229467183,0.17605128080237264,0.5159958717267978
2017-03-29 00:00:00+01:00,0.1829802517991701,0.17731717035018346,0.1811524665040598,0.1834237862291137,0.6101333244623176
2017-03-30 00:00:00+01:00,0.1818624407707854,0.18032235497217441,0.184554528283277,0.18225715588700808,0.6432063400515463
2017-03-31 00:00:00+01:00,0.19193880763280524,0.19169295537085818,0.19148830716619436,0.1923357689950771,0.5692565852777337
2017-04-03 00:00:00+01:00,0.18500526461308642,0.18183294078426782,0.18387411592743352,0.18405574705446548,0.6663536943058062
2017-04-04 00:00:00+01:00,0.17509068618938528,0.169276575757632,0.1733601691427249,0.17504659660291377,0.5082231948835003
2017-04-05 00:00:00+01:00,0.1771320138038044,0.17926646924577905,0.17775040472484283,0.17739605190138974,0.5016068480679332
2017-04-06 00:00:00+01:00,0.1701334587760217,0.1742634050703582,0.17371650498684788,0.16973179617186518,0.5996933091613319
2017-04-07 00:00:00+01:00,0.17820112762462803,0.1723465759001519,0.17138369793794883,0.17809291480681,0.5129634120986067
2017-04-10 00:00:00+01:00,0.1835795735236989,0.18180047105887853,0.18413342657639986,0.18340759161484899,0.6520285963139391
2017-04-11 00:00:00+01:00,0.17488020054350528,0.16979633922435777,0.16302432848059034,0.17517627714004091,0.6253230538046973
2017-04-12 00:00:00+01:00,0.15701141529287588,0.15228549068013542,0.15865016076518645,0.15686622593415422,0.5082912899542323
2017-04-13 00:00:00+01:00,0.14547697493441003,0.1460479572886788,0.1485249327559779,0.14576685763537123,0.4205911218523233
2017-04-14 00:00:00+01:00,0.1493811561335059,0.14357889492635745,0.14564136867571853,0.14899131659617892,0.4821095424047132
2017-04-17 00:00:00+01:00,0.13612945942515298,0.1339462923477408,0.13882093005262108,0.13638498380971242,0.6077432713827864
2017-04-18 00:00:00+01:00,0.14998060145500824,0.14346512695724578,0.14322748069940205,0.1491695809761,0.46841885893746016
2017-04-19 00:00:00+01:00,0.14019567625651463,0.14273418634524115,0.14340571042095096,0.13982022000198047,0.6926052768329093
2017-04-20 00:00:00+01:00,0.14495860922752746,0.14669772358721067,0.14818478837754356,0.14466500575032426,0.49708060577413804
2017-04-21 00:00:00+01:00,0.1534959465754553,0.14624289957126324,0.15179746280968653,0.1534311133648958,0.6221686511169909
2017-04-24 00:00:00+01:00,0.16362101064503642,0.16156067841897226,0.16440134465796574,0.16320178155591658,0.656633701326221
2017-04-25 00:00:00+01:00,0.15767562542849523,0.1723952804882356,0.1628622902247301,0.15774122959648573,0.6650668623472425
2017-04-26 00:00:00+01:00,0.18093892418475122,0.1842695334211999,0.18580201273514407,0.18050714856234462,0.5316674840184277
2017-04-27 00:00:00+01:00,0.18276964255631656,0.18210918131057463,0.18597208492436113,0.18285672748383042,0.7786224560789081
2017-04-28 00:00:00+01:00,0.1834175378914331,0.18366847171075174,0.18641765922823317,0.1834237862291137,0.5996325617726205
2017-05-01 00:00:00+01:00,0.18484322898082062,0.18712848034869012,0.19003033366037614,0.18465531865128781,0.584218986894605
2017-05-02 00:00:00+01:00,0.19321865429345597,0.1935284862973421,0.19840589458342328,0.1929190223546251,0.5899515190786515
2017-05-03 00:00:00+01:00,0.19571345920366712,0.19671225440897344,0.2008683569568055,0.1954630602702967,0.650586910573381
2017-05-04 00:00:00+01:00,0.2090786179336983,0.20561391637558546,0.21207903116202065,0.20865264641631098,0.6011627207188187
2017-05-05 00:00:00+01:00,0.20473690344839257,0.2007407311017213,0.20286101962727,0.2046666697160342,0.6923882018081805
2017-05-08 00:00:00+01:00,0.207345170380282,0.20293367686798502,0.20785071023678836,0.2070485142430396,0.5454019089702639
2017-05-09 00:00:00+01:00,0.2157367868964466,0.22457041128112265,0.2198065626606014,0.21589571855194434,0.5996386856880348
2017-05-10 00:00:00+01:00,0.2234966992810241,0.223660763249228,0.22800401746107446,0.22347887758713592,0.6546830818604009
2017-05-11 00:00:00+01:00,0.23344353651480998,0.22669829366635863,0.22529855950338917,0.2336871712323323,0.6436046781181294
2017-05-12 00:00:00+01:00,0.2255217120949402,0.220363227168485,0.22097296618505102,0.2252774687545933,0.6655011474421407
2017-05-15 00:00:00+01:00,0.21662779747844874,0.21672463504090622,0.22166957000658294,0.21656006860582533,0.5087215759880668
2017-05-16 00:00:00+01:00,0.22283248914540477,0.2172932270259651,0.21721456856171084,0.22257148469627497,0.5058045950442567
2017-05-17 00:00:00+01:00,0.20776638886598908,0.20044837964296924,0.18899346186143529,0.20643287165496216,0.6302629366279172
2017-05-18 00:00:00+01:00,0.18179755235969486,0.17926646924577905,0.17259064192610718,0.1818034594415774,0.44301673855313556
2017-05-19 00:00:00+01:00,0.1867709709765879,0.1836035322599734,0.18623942950668426,0.1862594508245592,0.3694638775311726
2017-05-22 00:00:00+01:00,0.18427616606637676,0.1820928225176306,0.18448976242052284,0.1843635683485041,0.6178115743464827
2017-05-23 00:00:00+01:00,0.17910832941015942,0.18376600481716876,0.18366362687348237,0.17799562349821207,0.5629892087636019
2017-05-24 00:00:00+01:00,0.1950978226786355,0.19055589533098982,0.19657527016881882,0.1952686012761109,0.52440050705939
2017-05-25 00:00:00+01:00,0.18835857410126766,0.1876969484034996,0.19354573569941325,0.1882525009862024,0.7288313909263449
2017-05-26 00:00:00+01:00,0.19153390394760073,0.18540659346106825,0.18329097596469612,0.19159044586987273,0.5191739332415792
2017-05-29 00:00:00+01:00,0.1842599748628475,0.17993247040700555,0.18852366215851757,0.18390987190307362,0.6080518256008061
2017-05-30 00:00:00+01:00,0.18299644300269935,0.17596893316503603,0.17969449299824158,0.18258129541832102,0.5133435223516244
2017-05-31 00:00:00+01:00,0.17790956236412825,0.17561164225550563,0.17695665210917944,0.17715300906440978,0.5678621632127394
2017-06-01 00:00:00+01:00,0.17619230601424096,0.17975376298711554,0.18137927062267445,0.17645626978199935,0.5324587377421166
2017-06-02 00:00:00+01:00,0.18738660750161928,0.18386341399333617,0.17446180680442014,0.1868427041841072,0.5732905148357137
2017-06-05 00:00:00+01:00,0.17157534106893824,0.16796080829787363,0.17451038120148588,0.17106049627962716,0.6693015544161185
2017-06-06 00:00:00+01:00,0.16989046712610945,0.1633637396200669,0.1566413066290333,0.16973179617186518,0.4433894018623703
2017-06-07 00:00:00+01:00,0.15555346539340364,0.15022254774567778,0.1547944907487404,0.15560242790646028,0.5677788059120578
2017-06-08 00:00:00+01:00,0.16240605239547623,0.16225927323583744,0.15936307965138163,0.16193798352822286,0.4564612947876394
2017-06-09 00:00:00+01:00,0.16230890517430074,0.16904916374965828,0.1674956449901257,0.16127363347434187,0.634853876431178
2017-06-12 00:00:00+01:00,0.168724082487137,0.1613983297920265,0.16367235790505674,0.16822495530719128,0.573521839088848
2017-06-13 00:00:00+01:00,0.16237366998841773,0.16058609093629928,0.16756041085287987,0.1622781940507909,0.640056836046649
2017-06-14 00:00:00+01:00,0.16446344761645082,0.16173938583886205,0.15181365427537497,0.1644495085923554,0.5275700149325753
2017-06-15 00:00:00+01:00,0.15399824467578216,0.16857810487101643,0.15918484992983295,0.15458154909273691,0.5982838171678244
2017-06-16 00:00:00+01:00,0.18069593253483918,0.17907152696319462,0.17962972713548742,0.17898411308340623,0.49326244381793877
2017-06-19 00:00:00+01:00,0.17957812150645425,0.17863293780994183,0.1836473118088191,0.17901650231193567,0.7933306651879692
2017-06-20 00:00:00+01:00,0.19190642522574675,0.18496800430781546,0.19041917603485103,0.19066673474173723,0.5796042090041601
2017-06-21 00:00:00+01:00,0.1854912479129105,0.18409082600130988,0.18618269757728712,0.18517379355377694,0.68010609530338
2017-06-22 00:00:00+01:00,0.18534540348417394,0.17954258584183647,0.18440880509208002,0.18478487556540513,0.5321124424542276
2017-06-23 00:00:00+01:00,0.18495656740552513,0.17926646924577905,0.18768121154681405,0.1844608596571018,0.5759711059301099
2017-06-26 00:00:00+01:00,0.1840655568235232,0.18405835627592082,0.18871808334575513,0.18363443983756422,0.5765300324581895
2017-06-27 00:00:00+01:00,0.1945632657682237,0.19586766975810677,0.19270340868668434,0.1936644691028393,0.5721965316941245
2017-06-28 00:00:00+01:00,0.19895355386411717,0.19523413832226932,0.1991024984049552,0.19901165876241733,0.6658679888254276
2017-06-29 00:00:00+01:00,0.20208006290591563,0.20369708720537893,0.20381681049879363,0.20170132458346157,0.6252068494576775
2017-06-30 00:00:00+01:00,0.19568107679660862,0.19507166576507395,0.1972556825246623,0.1961112157099132,0.602335445756281
2017-07-03 00:00:00+01:00,0.20007124129552856,0.21177027545356908,0.20462687817912006,0.2002106783330524,0.5315685114122681
2017-07-04 00:00:00+01:00,0.2183126714212773,0.21100686511617517,0.2139420385080022,0.21842343823034138,0.614453008854396
2017-07-05 00:00:00+01:00,0.2117677172862602,0.21587992645978993,0.21481687205108302,0.21155308946881535,0.7350405327367993
2017-07-06 00:00:00+01:00,0.2159635873428294,0.21232250864568392,0.21583755238433544,0.21519885564652408,0.521165804911765
2017-07-07 00:00:00+01:00,0.21500781194671048,0.2239693495706745,0.22019540503507606,0.21458321305844685,0.6103016428859123
2017-07-10 00:00:00+01:00,0.22761148972297351,0.22599982277974306,0.23252390836767534,0.22812932796430352,0.574103375245892
2017-07-12 00:00:00+01:00,0.2247764223447013,0.21786169508077458,0.21654219013922438,0.22428910279240877,0.6942334603194714
2017-07-13 00:00:00+01:00,0.21725962520700937,0.21334592464669022,0.21548109294123785,0.2175970184108038,0.5469869450221531
2017-07-14 00:00:00+01:00,0.21881484592463085,0.21419063322780674,0.2056960093104636,0.21894191313283073,0.5228551155684897
2017-07-17 00:00:00+01:00,0.20297107348791776,0.20252755744012152,0.20686253643388786,0.2023981874888816,0.5907138119597303
2017-07-18 00:00:00+01:00,0.2058547144767775,0.19877519734343108,0.19647799777571295,0.20537960361270935,0.4393191810161302
2017-07-19 00:00:00+01:00,0.19571345920366712,0.1922777822186117,0.19419376512387965,0.19588436748719795,0.6047840841871266
2017-07-20 00:00:00+01:00,0.19378571720789983,0.19536401722382601,0.19307593599649575,0.1939722903968779,0.4983711257852146
2017-07-21 00:00:00+01:00,0.19438503893242864,0.18977625013090127,0.18666065481253624,0.19410197093400505,0.5629370539520157
2017-07-24 00:00:00+01:00,0.17902737339251318,0.17504305027044675,0.17909503797084114,0.1788706271605438,0.5804365818465408
2017-07-25 00:00:00+01:00,0.18356338232016967,0.18326247621313763,0.18238375949023822,0.1835210775377114,0.448659386159255
2017-07-26 00:00:00+01:00,0.19641005174634496,0.19107565879771538,0.19685064868449897,0.19601392440131526,0.6195566975003012
2017-07-27 00:00:00+01:00,0.18207305001363894,0.18319741283210988,0.18171953860008339,0.18183584867010683,0.6871251573163573
2017-07-28 00:00:00+01:00,0.181020003799371,0.17704105375412604,0.17963776106884444,0.1813335683818822,0.4578231595065925
2017-07-31 00:00:00+01:00,0.17219097759396984,0.16849680662729405,0.1746399129269942,0.17182213764210608,0.5749857684406815
2017-08-01 00:00:00+01:00,0.16943686623334386,0.16528056879027342,0.1682570146744118,0.1693753910350324,0.49714986719435905
2017-08-02 00:00:00+01:00,0.17115412258323115,0.1718592821588154,0.17358697326133932,0.17055821599140275,0.5580730291470853
2017-08-03 00:00:00+01:00,0.17611134999659495,0.16939021979649405,0.16858096758715768,0.1758244325796574,0.5896113873862835
2017-08-04 00:00:00+01:00,0.16162850383515215,0.1728338696414884,0.16671796024117613,0.16193798352822286,0.6250955512965076
2017-08-07 00:00:00+01:00,0.17687270735338956,0.17093339926422613,0.179402923016873,0.1762943236393526,0.4589835460629091
2017-08-08 00:00:00+01:00,0.17594931436432892,0.16960139694177312,0.17298751823393865,0.175710946656795,0.7047067505231801
2017-08-09 00:00:00+01:00,0.16527350218080672,0.1585556177272307,0.16193888228458375,0.16521102633182472,0.5742697733887704
2017-08-10 00:00:00+01:00,0.16444725641292157,0.1589130325670105,0.15701395753781955,0.1643523409067673,0.48832557222349293
2017-08-11 00:00:00+01:00,0.1489923200548573,0.14617783619023528,0.1494321492304358,0.1490724132905119,0.5718383475854385
2017-08-14 00:00:00+01:00,0.15158439578321725,0.15277290835172153,0.156090549597673,0.15108165806641982,0.44605570954284346
2017-08-15 00:00:00+01:00,0.16284346208471256,0.16990998326321982,0.1679330617616661,0.16245645843071221,0.5969996866842912
2017-08-16 00:00:00+01:00,0.17301709976488144,0.1715506958373687,0.17820401296207167,0.17321561620692716,0.6792764866442474
2017-08-17 00:00:00+01:00,0.16345909860974417,0.16133326641099854,0.16299194554921326,0.16354211570149446,0.6732629975717138
2017-08-18 00:00:00+01:00,0.1530586604831925,0.14843572140727757,0.14632178103156201,0.1526695956254267,0.4953710715243489
2017-08-21 00:00:00+01:00,0.15278316282924842,0.14593418931956714,0.14677538926879086,0.15253991508829956,0.4844530821246808
2017-08-22 00:00:00+01:00,0.148733137201416,0.148630663689862,0.1535633213615366,0.14644740230351694,0.578185510719621
2017-08-23 00:00:00+01:00,0.15978159426005756,0.15311396439855707,0.15270467928414444,0.15919961024137508,0.5258320544655495
2017-08-24 00:00:00+01:00,0.1462545234947341,0.1473799596111316,0.15144100336658894,0.14589653817249837,0.6916741941017358
2017-08-25 00:00:00+01:00,0.15563442141104966,0.15296772670405634,0.1547135334202976,0.15568340097778366,0.4629611813384905
2017-08-28 00:00:00+01:00,0.15347975537192604,0.14638901333551435,0.15348224043411918,0.1529612223052006,0.6655756686127645
2017-08-29 00:00:00+01:00,0.1431765880635234,0.14099606459492464,0.14183427305633822,0.1430932628055821,0.5554657607374199
2017-08-30 00:00:00+01:00,0.15997601229938208,0.162957744122453,0.16355889404626223,0.16015558697503018,0.4927044204531351
2017-08-31 00:00:00+01:00,0.17131615821549695,0.1667424500142829,0.1681436744145921,0.17101191243683322,0.7299335765091198
2017-09-01 00:00:00+01:00,0.1656298322554235,0.16225927323583744,0.16211711200613244,0.16564852816299047,0.6742339700675937
2017-09-04 00:00:00+01:00,0.16012185672811863,0.1547707879051512,0.15915246699845587,0.16023656004635356,0.5327197604390763
2017-09-05 00:00:00+01:00,0.16017043033870637,0.15269161010799892,0.14996683839508207,0.16047960288333352,0.5321562574763422
2017-09-06 00:00:00+01:00,0.14100573082087053,0.14158089144267816,0.14434530982678595,0.14090575364975289,0.581448688442377
2017-09-07 00:00:00+01:00,0.1501588282908033,0.1432377149492723,0.13768690945954876,0.14952610973594238,0.40823345367217156
2017-09-08 00:00:00+01:00,0.13614565062868222,0.13136358594655762,0.1255366358484984,0.1355261747616454,0.6555107033523794
2017-09-11 00:00:00+01:00,0.13595135618633125,0.1414997171292054,0.14029521862310257,0.13489433755930347,0.456195787499661
2017-09-12 00:00:00+01:00,0.15422504512216495,0.15722361540477792,0.15748375724073704,0.15375512927319934,0.5737227169465425
2017-09-13 00:00:00+01:00,0.16707171454834024,0.16726233741125807,0.1676089852499456,0.16722027110773263,0.7465870359798219
2017-09-14 00:00:00+01:00,0.17196417714758705,0.17237904562554096,0.17475337678578895,0.17190311071342945,0.6974662476959569
2017-09-15 00:00:00+01:00,0.16242224359900548,0.17772328977804697,0.1676089852499456,0.16224580482226147,0.6201011728122836
2017-09-18 00:00:00+01:00,0.18241318888472646,0.18194670875337948,0.18713045451545374,0.1829538951694185,0.49545018917048966
2017-09-19 00:00:00+01:00,0.18782401719085584,0.18651118377554732,0.18952815102608156,0.1877988045407719,0.7601492287058947
2017-09-20 00:00:00+01:00,0.1892495846832698,0.18288882651066318,0.18883958113790666,0.18912750464853412,0.6211440412220943
2017-09-21 00:00:00+01:00,0.20541730478754117,0.20023720249769017,0.2036223893115563,0.20481242124441645,0.5907622604809152
2017-09-22 00:00:00+01:00,0.2033761007700956,0.19742696015828365,0.1960568960688358,0.20328938576547784,0.7142499170372436
2017-09-25 00:00:00+01:00,0.20335990956656635,0.19685849210347417,0.19432342044836282,0.2031597052283507,0.5663351373561817
2017-09-26 00:00:00+01:00,0.19210084326507104,0.19338237253309098,0.19320559132097892,0.19209272615809714,0.5782171392481013
2017-09-27 00:00:00+01:00,0.20316549152724206,0.2088463890753005,0.20595531995942995,0.20207404795756867,0.484856064545878
2017-09-28 00:00:00+01:00,0.2099695049187269,0.2080829787379066,0.20911438615434408,0.2099003734527498,0.6650454583211618
2017-09-29 00:00:00+01:00,0.2043805733737758,0.20036708139924686,0.20512906081341464,0.2035324286024578,0.6461695156525284
2017-10-02 00:00:00+01:00,0.20719932595154522,0.2057762650025312,0.21001344509647035,0.20630319111783502,0.5251674720692217
2017-10-03 00:00:00+01:00,0.20870597305857896,0.20803415021957328,0.21245155847183228,0.20844199280786047,0.6029704622033987
2017-10-04 00:00:00+01:00,0.20983997529049292,0.20303108604415265,0.20660322578492152,0.209705914458564,0.5975494250853742
2017-10-05 00:00:00+01:00,0.20951590402596132,0.20343720547201616,0.2081584716838456,0.20930080185592748,0.590081687695315
2017-10-06 00:00:00+01:00,0.20860870224042993,0.2119976874615428,0.21186841850909488,0.20850689488792895,0.5758783468471296
2017-10-09 00:00:00+01:00,0.20489893908065837,0.20082190541519407,0.20997290463276141,0.20489351793874944,0.5725699753685128
2017-10-10 00:00:00+01:00,0.20721551715507447,0.20208896828686873,0.2013867310567885,0.20662720702613835,0.5485704151979227
2017-10-11 00:00:00+01:00,0.20175611523835735,0.19789814296717512,0.2028286366958929,0.20155557305507932,0.5941087510932764
2017-10-12 00:00:00+01:00,0.20266331702388873,0.1961924909422479,0.20472402697325154,0.20299763546269434,0.5361146820113342
2017-10-13 00:00:00+01:00,0.20008755609603135,0.19279754568533725,0.19644561484433565,0.1998379549589453,0.5916443364052102
2017-10-16 00:00:00+01:00,0.1941420472825166,0.18998730334593072,0.1956680536943609,0.19405338709121112,0.5523505216603894
2017-10-17 00:00:00+01:00,0.19914784830646814,0.19633872863674862,0.201921420221435,0.19912502106227015,0.5298566444778099
2017-10-18 00:00:00+01:00,0.199423345960412,0.20561391637558546,0.20360619784586764,0.19941664774204426,0.6228330422915496
2017-10-19 00:00:00+01:00,0.2123509714042333,0.207286974744874,0.20665192378096187,0.21237950928835292,0.5818188718855787
2017-10-20 00:00:00+01:00,0.20658368942651362,0.21407686525869507,0.21113943175618566,0.20698373578598073,0.6902030455858436
2017-10-23 00:00:00+01:00,0.22937731968344832,0.22219875809496892,0.22761517508659956,0.22915008315501728,0.5334974830396069
2017-10-24 00:00:00+01:00,0.21751880806045065,0.22104546319240592,0.22176684239968902,0.2176779914821274,0.7681401027068492
2017-10-25 00:00:00+01:00,0.22749802770129524,0.22513887933593213,0.22685368180333865,0.22749736713895174,0.48277526834030876
2017-10-26 00:00:00+01:00,0.22106665918492974,0.2217439340790217,0.2230629012486216,0.22121039535998333,0.6624797838546819
2017-10-27 00:00:00+01:00,0.23055989552595024,0.22832264744756348,0.22915422951983522,0.2303816155771914,0.5263657049352114
2017-10-30 00:00:00+00:00,0.2233022812416996,0.21838145854750035,0.22019540503507606,0.2241432276410169,0.656841753631461
2017-10-31 00:00:00+00:00,0.21295041672573567,0.2154738070319262,0.21710110470291633,0.21210407722284352,0.5268569127587116
2017-11-01 00:00:00+00:00,0.22276760073431423,0.22559370335187956,0.22779340480814847,0.2227011652334021,0.4777276584909527
2017-11-02 00:00:00+00:00,0.2313050616792156,0.22461911586920635,0.22641638863077307,0.23083531202262186,0.6693390728730501
2017-11-03 00:00:00+00:00,0.22876168315841672,0.22785158856892163,0.22858715742381186,0.22863160825252815,0.648020460034609
2017-11-06 00:00:00+00:00,0.23161294174021818,0.23301712530153784,0.2303044415785962,0.23125661923952312,0.5607946148772232
2017-11-07 00:00:00+00:00,0.2248251195522626,0.22663335421558028,0.22923518684827804,0.22466182616651587,0.6014222225164654
2017-11-08 00:00:00+00:00,0.22419329182370173,0.2198272288390648,0.22405107505152233,0.2244997564008595,0.5238856485586225
2017-11-09 00:00:00+00:00,0.227352306869532,0.22226382147599688,0.22141854048892284,0.22718954584491313,0.5779567214468229
2017-11-10 00:00:00+00:00,0.2183126714212773,0.21513275098509044,0.22134561709383704,0.2182451738504203,0.6020183047583566
2017-11-13 00:00:00+00:00,0.22351289048455314,0.2164485184448488,0.2215076553496973,0.22328441859295012,0.5039685290285696
2017-11-14 00:00:00+00:00,0.22205481698810736,0.21972969573264778,0.22254440354966376,0.22164789719114908,0.6219858821862607
2017-11-15 00:00:00+00:00,0.21891199314580612,0.21292357035613207,0.20964895172001574,0.21868267568158606,0.5655072498052239
2017-11-17 00:00:00+00:00,0.2130637551504404,0.2057275604144475,0.20088454842249392,0.21262255212533288,0.5542670860773533
2017-11-20 00:00:00+00:00,0.19644243415340323,0.19734578584481088,0.2006901272352566,0.19658110676960838,0.528031682259065
2017-11-21 00:00:00+00:00,0.2050122775053631,0.2001234345285785,0.20430280166739956,0.20489351793874944,0.4431014206168127
2017-11-22 00:00:00+00:00,0.2014807411813868,0.19432449029037469,0.1933838210425276,0.20149079459802066,0.650536044884585
2017-11-23 00:00:00+00:00,0.18455166372032084,0.17863293780994183,0.18627181243806157,0.1848335830312089,0.5503059163276108
2017-11-24 00:00:00+00:00,0.18413044523461353,0.18180047105887853,0.1893175383731558,0.18387748267454418,0.4370073700667556
2017-11-27 00:00:00+00:00,0.1904484753262743,0.18305129906785855,0.18264294654022994,0.1906343455132078,0.5710798017219042
2017-11-28 00:00:00+00:00,0.18246176249531398,0.17993247040700555,0.18403615418329378,0.18251639333825254,0.6376176560221496
2017-11-29 00:00:00+00:00,0.1898328388012429,0.19088071651513094,0.19135877544068602,0.19026174576211052,0.509549346363369
2017-11-30 00:00:00+00:00,0.19658827858214,0.19648484240099973,0.19715841013155622,0.19599772978705055,0.6461961654081423
2017-12-01 00:00:00+00:00,0.20512573952704138,0.20259249689089986,0.19249279603375835,0.2049744910100728,0.6286355681618534
2017-12-04 00:00:00+00:00,0.20972651326881486,0.20623108901847864,0.21207903116202065,0.20996515190980847,0.6562522206849631
2017-12-05 00:00:00+00:00,0.20436438217024655,0.2026900299973169,0.2074294849309366,0.20405090350494715,0.6218820061648515
2017-12-06 00:00:00+00:00,0.20373255444168592,0.1971833132876155,0.20143542905282885,0.20348372113665425,0.529027740555763
2017-12-07 00:00:00+00:00,0.2013510879561793,0.20165037913361594,0.20653845992216735,0.2006805693927476,0.5744849031890223
2017-12-08 00:00:00+00:00,0.21552617765359305,0.21449921954925322,0.2195149926792328,0.21497200742380884,0.55540051200555
2017-12-11 00:00:00+00:00,0.22087224114560544,0.21605863387967972,0.22142657442227986,0.22096735252300337,0.7014822306709214
2017-12-12 00:00:00+00:00,0.221244886020725,0.21700075163696364,0.22358127534860484,0.22091876868020943,0.6301707508096418
2017-12-13 00:00:00+00:00,0.22064544069922265,0.2135571017919693,0.21697157297740777,0.2209997417515328,0.5789133175108565
2017-12-14 00:00:00+00:00,0.20821998975875466,0.20293367686798502,0.2089847308298609,0.20863645180204626,0.5800085317914631
2017-12-15 00:00:00+00:00,0.2024203253739767,0.2005620236818313,0.20201856901556625,0.2023819928746169,0.47481404106323577
2017-12-18 00:00:00+00:00,0.20796080690531338,0.20208896828686873,0.20665192378096187,0.20756711276853856,0.5260958309254776
2017-12-19 00:00:00+00:00,0.2056926788445117,0.20541897409300103,0.20960037732295,0.20516895000425883,0.6236032022241746
2017-12-20 00:00:00+00:00,0.2123833538112918,0.21064945027639537,0.2152866717540005,0.211893423614393,0.5589026509379922
2017-12-21 00:00:00+00:00,0.21620657899274143,0.2149865132905897,0.22137800002521413,0.2160738593088558,0.6366610255240034
2017-12-22 00:00:00+00:00,0.21708139837121432,0.21214392515604352,0.2220584123810576,0.217402559416618,0.6148380606616934
2017-12-25 00:00:00+00:00,0.2171137807782728,0.21060074568831166,0.22094058325367372,0.21715951657963806,0.590586002048995
2017-12-26 00:00:00+00:00,0.2173405812246556,0.21058451082561702,0.22058424740955096,0.21707854350831468,0.5772654895630807
2017-12-27 00:00:00+00:00,0.21559094246771004,0.21069815486447907,0.2200333667792158,0.21545821672077836,0.57863809881274
2017-12-28 00:00:00+00:00,0.2159312049357709,0.2092849782285533,0.21212760555908639,0.2156850649434936,0.5655977348041671
2017-12-29 00:00:00+00:00,0.21032595859031722,0.20444438661032782,0.2089037735014181,0.21014341628972977,0.5812474139563574
2018-01-01 00:00:00+00:00,0.20715075234095748,0.19996108590163275,0.21217617995615212,0.2067568875632655,0.5323433650556302
2018-01-02 00:00:00+00:00,0.20860870224042993,0.20155296995744854,0.20253694311554948,0.20844199280786047,0.5505269198663596
2018-01-03 00:00:00+00:00,0.20041150376358963,0.19663108009550068,0.20444864845757138,0.1999190516532785,0.5936797648775993
2018-01-04 00:00:00+00:00,0.20595198529492653,0.20262496661628893,0.20953561146019584,0.20580091082961038,0.5067823343919831
2018-01-05 00:00:00+00:00,0.20893277350496176,0.20969109765641702,0.21316447735802746,0.20865264641631098,0.6296211422641393
2018-01-08 00:00:00+00:00,0.21478101150032747,0.21100686511617517,0.2157888543882951,0.21466418612977023,0.6036312508234257
2018-01-09 00:00:00+00:00,0.21515365637544703,0.20782309700454382,0.2073161446711167,0.2144535325213197,0.6304843989581846
2018-01-10 00:00:00+00:00,0.20860870224042993,0.20126049456844686,0.18967387421727855,0.2081989499708805,0.577537155410498
2018-01-11 00:00:00+00:00,0.18683585938767822,0.18665742147004827,0.19053251629467094,0.18695619010696962,0.526263677453598
2018-01-12 00:00:00+00:00,0.18461642853443783,0.18339235511469432,0.1851701747763661,0.18452563811416067,0.39849553350584566
2018-01-15 00:00:00+00:00,0.182688562941697,0.17527046227842047,0.1769079541131391,0.18138215222467635,0.5583906089561946
2018-01-16 00:00:00+00:00,0.17390811034688358,0.17207045930409448,0.17867381266498916,0.1729725733699472,0.552213894487059
2018-01-17 00:00:00+00:00,0.16935591021569762,0.17103080844039353,0.17229091441240674,0.1698452820947276,0.5066712939179807
2018-01-18 00:00:00+00:00,0.185458865505852,0.18020858700306297,0.18084470505700256,0.18585433822192288,0.5521796619839081
2018-01-19 00:00:00+00:00,0.18001553119569058,0.17423093534496914,0.17710237530037642,0.1801831326540413,0.7185228372529395
2018-01-22 00:00:00+00:00,0.1750259213752685,0.17491317136889006,0.1788682338522265,0.17464148400027724,0.5304502875343532
2018-01-23 00:00:00+00:00,0.17951335669233726,0.17510811365147472,0.17306847556238147,0.17921096130612146,0.5314162426302774
2018-01-24 00:00:00+00:00,0.16572710307357252,0.16100844522685742,0.1528667175400047,0.1652921230261577,0.6189493909238716
2018-01-25 00:00:00+00:00,0.15249159756874864,0.1475260733753827,0.14607866184828433,0.15263708277388766,0.4589300445298947
2018-01-26 00:00:00+00:00,0.15825887954646833,0.15228549068013542,0.14196380478184656,0.15876210841020932,0.4690075632235021
2018-01-29 00:00:00+00:00,0.14183197658875568,0.14309160118502096,0.1447989180640148,0.14150532524657522,0.6330984891648752
2018-01-30 00:00:00+00:00,0.14685396881623625,0.14318901036118836,0.14340571042095096,0.14615577562374282,0.42834066281194116
2018-01-31 00:00:00+00:00,0.1435814917487277,0.14686007221415642,0.14624070010414458,0.14301228973425872,0.6204106868923936
2018-02-01 00:00:00+00:00,0.15043420234777383,0.15210690719049502,0.154567686630126,0.15061164338371502,0.5516245341517352
2018-02-02 00:00:00+00:00,0.15380382663645786,0.163851157291653,0.1576457954965973,0.15393339365312042,0.6464067829707622
2018-02-05 00:00:00+00:00,0.1640909263383048,0.16039114865371462,0.16355889404626223,0.16412549268405208,0.6085206022926309
2018-02-06 00:00:00+00:00,0.14774497939823839,0.1501900780202885,0.1441508886395486,0.1488941489105906,0.6687398021319828
2018-02-07 00:00:00+00:00,0.1575622870037905,0.15059619744815222,0.15152208429400638,0.1575143813737705,0.4464625455363279
2018-02-08 00:00:00+00:00,0.14965653019047642,0.15262667065722058,0.15105228459108888,0.15053067031239165,0.6551653256016947
2018-02-09 00:00:00+00:00,0.14068178315331226,0.1446672503781421,0.1437134718680082,0.13972292869338254,0.518179088551843
2018-02-12 00:00:00+00:00,0.14406759864552554,0.13654535754186825,0.1438917015895569,0.1441141416193057,0.4843248213610846
2018-02-13 00:00:00+00:00,0.14225319507446277,0.13600923528219844,0.1273510687974142,0.142331745066113,0.6181596496333605
2018-02-14 00:00:00+00:00,0.12743008644495912,0.1219259256505254,0.11584882461083001,0.12732724951536678,0.5635998680802653
2018-02-15 00:00:00+00:00,0.10852456978056457,0.10548719769539305,0.1072626510348571,0.10825568057001078,0.44682169148928663
2018-02-16 00:00:00+00:00,0.09990602922104364,0.09730036540834086,0.09695919330409963,0.10054284099769206,0.4094588155182622
2018-02-19 00:00:00+00:00,0.10330803591678617,0.10287189763857096,0.10570740513593302,0.10297339299050101,0.509869296134802
2018-02-20 00:00:00+00:00,0.11066292101918562,0.11315426651571947,0.11456895722758609,0.11023253611738948,0.6013095089027323
2018-02-21 00:00:00+00:00,0.12117682116741535,0.1219746302386091,0.12522887440144115,0.12112125080772174,0.6448937092251462
2018-02-22 00:00:00+00:00,0.1253401852199525,0.11983051299067848,0.11463384668931487,0.12394072078890273,0.6772656324056632
2018-02-23 00:00:00+00:00,0.11262316901898473,0.10938567155633461,0.11259260962178463,0.11193395959925856,0.6045258265638417
2018-02-26 00:00:00+00:00,0.11597660210413951,0.10855732176816235,0.11032456843563998,0.1161467845222508,0.47217530187347345
2018-02-27 00:00:00+00:00,0.11652735021808058,0.1179299186831666,0.116999036669591,0.11606581145092743,0.6171802073270541
2018-02-28 00:00:00+00:00,0.12265096227041705,0.11601321344320992,0.11356459195899671,0.12185050294167121,0.57859816372872
2018-03-01 00:00:00+00:00,0.10935069195147618,0.11066896929070369,0.1133054049090052,0.10911448961807779,0.6311811071904596
2018-03-02 00:00:00+00:00,0.10176912999966747,0.09588706484216547,0.09218814928086405,0.10138545543149435,0.46553095338838857
2018-03-05 00:00:00+00:00,0.09180597796537882,0.09101400349855093,0.09357332299057108,0.09154988516040508,0.5097580547137642
2018-03-06 00:00:00+00:00,0.10340530673493498,0.09864860259348829,0.10173827126069224,0.10279512861057993,0.4904002081899893
2018-03-07 00:00:00+00:00,0.09268079734385148,0.09421400647287692,0.09619782361981355,0.09124206386636646,0.6815773873555446
2018-03-08 00:00:00+00:00,0.10167185918151844,0.09541600596352362,0.10246738161257607,0.10175805518259184,0.4749577933973408
2018-03-09 00:00:00+00:00,0.10546270195590979,0.1080049646457979,0.10993572606116508,0.1053228482889772,0.6749634860283691
2018-03-12 00:00:00+00:00,0.11328737915460407,0.10698167257504121,0.11017872164546816,0.11318156301268778,0.6115464823139878
2018-03-13 00:00:00+00:00,0.10408570807408357,0.1120009716131567,0.108380480162241,0.10295719837623651,0.6502127321572259
2018-03-14 00:00:00+00:00,0.10782797723788695,0.10321307761565635,0.10548060101731838,0.10697568792805234,0.4875146706301621
2018-03-15 00:00:00+00:00,0.1014288675316064,0.09408400364107061,0.10071771452641443,0.10125577489436721,0.6156221852384058
2018-03-16 00:00:00+00:00,0.10424774370634937,0.09661812938441972,0.09775306951873763,0.10375110534423504,0.5277775519506293
2018-03-19 00:00:00+00:00,0.09841569691451268,0.09613071171283383,0.09895185597456435,0.09824196954201003,0.6018861053712973
2018-03-20 00:00:00+00:00,0.09954969914642686,0.10076025011602963,0.10386058925564012,0.09867947137317601,0.5295840883773166
2018-03-21 00:00:00+00:00,0.10671016620950202,0.09960695521346663,0.10637162602608785,0.10634372710270057,0.583286730083277
2018-03-22 00:00:00+00:00,0.09758945114662754,0.09065658865877091,0.09250406826025293,0.09759381410239376,0.6487260500796019
2018-03-23 00:00:00+00:00,0.08239369764200455,0.07957833971883943,0.08252468704121596,0.08202225980636424,0.5004430447944324
2018-03-26 00:00:00+01:00,0.08014188438170544,0.07900987166402995,0.08364251616859986,0.08025605786743628,0.43822993824499235
2018-03-27 00:00:00+01:00,0.0915791775189958,0.08947082403081885,0.09535537300810981,0.09064249226954413,0.5631739195725068
2018-03-28 00:00:00+01:00,0.09119046503732076,0.09655306600339197,0.09490176477088097,0.0905290063466817,0.6743959795071917
2018-03-29 00:00:00+01:00,0.11187800286571936,0.10633190627650935,0.10832374823284363,0.11190144674771951,0.5782915370783552
2018-03-30 00:00:00+01:00,0.10661289539135299,0.09947695238166054,0.10599897511730161,0.10650567324534754,0.7737803905473923
2018-04-02 00:00:00+01:00,0.10408570807408357,0.09853483462437662,0.10350412981254231,0.10379968918702898,0.5308370092590167
2018-04-03 00:00:00+01:00,0.09577504757556499,0.10087389415489167,0.09917866009317877,0.09548740164089753,0.5549317032085429
2018-04-04 00:00:00+01:00,0.10588392044161687,0.10233589930915077,0.10403881897718881,0.10580893396293711,0.5042775957858979
2018-04-05 00:00:00+01:00,0.11163488761883378,0.11534721228198341,0.11571929288532168,0.11128580415964229,0.6729624833509047
2018-04-06 00:00:00+01:00,0.11644639420043434,0.11490862312873062,0.1198179584860708,0.11579037938541803,0.6287136278677563
2018-04-09 00:00:00+01:00,0.11432411056836922,0.11076637846687132,0.11793863607542598,0.11442929004912639,0.6198170222697672
2018-04-10 00:00:00+01:00,0.11059815620506863,0.11391767685311338,0.11430977017759436,0.11088069155700575,0.5671205405462704
2018-04-11 00:00:00+01:00,0.11693237750025864,0.10995426354139348,0.11471480401775769,0.11677874534760257,0.5474824312605517
2018-04-12 00:00:00+01:00,0.1121209945156314,0.1142263871048097,0.11550868023239569,0.11217700243623852,0.6323558454249497
2018-04-13 00:00:00+01:00,0.11967017406038183,0.1201066295867359,0.12451607911422058,0.11854494728653053,0.5380884586360547
2018-04-16 00:00:00+01:00,0.12303979834906564,0.11573697291690288,0.12252341644375586,0.12301713328377684,0.6365379510187834
2018-04-17 00:00:00+01:00,0.11526381835793265,0.11071767387878739,0.1184409423086954,0.11569308807682033,0.6193578930510818
2018-04-18 00:00:00+01:00,0.11558776602549092,0.11367402998244525,0.12043360497915989,0.11520700240286041,0.5139293503078692
2018-04-19 00:00:00+01:00,0.1209985943316203,0.1158345060233199,0.12469418523679465,0.12055419206243845,0.5749655458504884
2018-04-20 00:00:00+01:00,0.12226224978874178,0.1213086290773826,0.1268812690944967,0.12194767062725931,0.6272828456938245
2018-04-23 00:00:00+01:00,0.1287908891232561,0.13401123179851915,0.13219503621573558,0.12902867299723608,0.5917836740587006
2018-04-24 00:00:00+01:00,0.14345196212049394,0.14307536632232631,0.14789321839617475,0.14348218079395392,0.6425874525563106
2018-04-25 00:00:00+01:00,0.14432678149896683,0.1460966618767625,0.14930261750492724,0.14416272546209963,0.7079321071822733
2018-04-26 00:00:00+01:00,0.15347975537192604,0.1472986613674092,0.15390346573997093,0.1532528489849747,0.585329875119797
2018-04-27 00:00:00+01:00,0.1526374419974852,0.1486793682779457,0.1523969178370872,0.15221589917999623,0.6595140885427538
2018-04-30 00:00:00+01:00,0.14907339966947686,0.1471606030693804,0.15304482366257877,0.14894273275338477,0.5702233107859486
2018-05-01 00:00:00+01:00,0.15249159756874864,0.1528053780771106,0.15690061727799964,0.1525884989310935,0.5505805186572014
2018-05-02 00:00:00+01:00,0.16123966775650356,0.1562327930594103,0.16328351553058207,0.1614842870827924,0.611398798665662
2018-05-03 00:00:00+01:00,0.16085083167785474,0.15373126097169987,0.15158685015676054,0.16075515857185252,0.6574264549677133
2018-05-04 00:00:00+01:00,0.14946223574812567,0.1442611309502786,0.14703457631878258,0.14891034352485533,0.5729544662346772
2018-05-07 00:00:00+01:00,0.14978618341568395,0.1462266647085686,0.14878424340494423,0.1497205687301284,0.47580721418495087
2018-05-08 00:00:00+01:00,0.14656240355573646,0.14539819099014695,0.15042044663231113,0.14643120768925222,0.5864523595387278
2018-05-09 00:00:00+01:00,0.1481661978839457,0.15335761126922542,0.15273706221552152,0.1477437131827497,0.5503975484947101
2018-05-10 00:00:00+01:00,0.16091559649197174,0.15605408563952028,0.15809940373382614,0.16107917448015585,0.590887627610181
2018-05-11 00:00:00+01:00,0.15505116729307677,0.14915042715658777,0.1553291799133869,0.15441947932708033,0.6967265904599321
2018-05-14 00:00:00+01:00,0.15281554523630692,0.15033631571478945,0.15612293252905007,0.15283154176807345,0.5211327447217718
2018-05-15 00:00:00+01:00,0.15934418457082122,0.16214550526672578,0.1636236599090164,0.15919961024137508,0.5653967805918068
2018-05-16 00:00:00+01:00,0.16831905520495893,0.1624216218627832,0.16961783938609876,0.16837070683557354,0.6352261396915987
2018-05-17 00:00:00+01:00,0.16989046712610945,0.17020245865222128,0.1704602899978025,0.1693753910350324,0.6595441931964677
2018-05-18 00:00:00+01:00,0.17740738786077492,0.17367857822260468,0.17954864620806998,0.1769748683074983,0.5880669577511382
2018-05-21 00:00:00+01:00,0.1786061549068061,0.1787629406417479,0.18359873741175337,0.177817359118291,0.6454188714228383
2018-05-22 00:00:00+01:00,0.18004803719972262,0.1752866971411149,0.1818977683216323,0.17940529667729788,0.5866203947072401
2018-05-23 00:00:00+01:00,0.17556060188265388,0.17046234038558405,0.1617768440287235,0.17532202866842317,0.593069875934321
2018-05-24 00:00:00+01:00,0.16226020796673946,0.15485208614887358,0.1523320283753582,0.16143570323999823,0.5440087322067751
2018-05-25 00:00:00+01:00,0.15288043364739723,0.15173325748802058,0.15464876755754342,0.15241023455117242,0.45895091954879513
2018-05-28 00:00:00+01:00,0.15785385226429027,0.15189573004521595,0.1567871534192049,0.15744960291671184,0.5004768159539148
2018-05-29 00:00:00+01:00,0.15380382663645786,0.14630783902204159,0.14423184596799143,0.15365796158761102,0.6235726610848046
2018-05-30 00:00:00+01:00,0.13860807313183487,0.14099606459492464,0.14298448511509898,0.13753541953755355,0.5461256080850088
2018-05-31 00:00:00+01:00,0.14306312604184512,0.13976159537888888,0.14300067658078763,0.14268815020294556,0.43785818238507807
2018-06-01 00:00:00+01:00,0.14372733617746447,0.15171702262532594,0.14886520073338683,0.1432877217997679,0.6249512254581178
2018-06-04 00:00:00+01:00,0.15722202453572964,0.1521880815039678,0.15876362462398097,0.1570444903140753,0.5846176666573883
2018-06-05 00:00:00+01:00,0.16329706297747815,0.15603785077682564,0.16232772465905843,0.16295873871893662,0.7007419538066078
2018-06-06 00:00:00+01:00,0.1616770774457399,0.1597576172178774,0.16569740350689854,0.16127363347434187,0.6311191107419121
2018-06-07 00:00:00+01:00,0.1656298322554235,0.1597576172178774,0.1664911561225617,0.1655837497059316,0.5646153883114242
2018-06-08 00:00:00+01:00,0.1592308461461165,0.1537474958343945,0.1559447028075014,0.15860003864455274,0.6169809566508387
2018-06-11 00:00:00+01:00,0.15579645704331568,0.15702867312219326,0.15918484992983295,0.15453296524994276,0.5184555947138275
2018-06-12 00:00:00+01:00,0.16959890186560966,0.1638998618797367,0.1705412473262451,0.16981289286619816,0.5437370608209214
2018-06-13 00:00:00+01:00,0.17128377580843845,0.16770092656451085,0.1744779982701088,0.1708823555227157,0.7133302498395063
2018-06-14 00:00:00+01:00,0.16768735107337163,0.16368868473445763,0.1676089852499456,0.1674795085589773,0.5886231674945983
2018-06-15 00:00:00+01:00,0.17444279085426895,0.1708359900880585,0.17527175088577196,0.17400952317492568,0.5497533901850997
2018-06-18 00:00:00+01:00,0.17382715432923734,0.16680751339531086,0.1739109261740852,0.1735558267294952,0.6361777221027858
2018-06-19 00:00:00+01:00,0.1664722692268379,0.159400326308347,0.1617768440287235,0.16579440331438233,0.5753882861189715
2018-06-20 00:00:00+01:00,0.16504670173442393,0.16022880002676887,0.16681523263428222,0.16470874604360008,0.5119781084806168
2018-06-21 00:00:00+01:00,0.16930733660510988,0.1684318671765157,0.16707441968427394,0.16926190511216999,0.5698627936203718
2018-06-22 00:00:00+01:00,0.162697617655976,0.15966020804171,0.16571359497258698,0.16278059796202515,0.6190277737371408
2018-06-25 00:00:00+01:00,0.16268142645244676,0.15520937705840399,0.15889315634948953,0.1625374315020356,0.5229506325691088
2018-06-26 00:00:00+01:00,0.15778908745017328,0.15652514451816213,0.1590228116739727,0.15777361882501517,0.5772012984809248
2018-06-27 00:00:00+01:00,0.16584044149827704,0.16404597564398804,0.16386677909229408,0.16513005326050112,0.5377327151296383
2018-06-28 00:00:00+01:00,0.16744423582648604,0.16294150925975837,0.16850001025871486,0.16704200672781133,0.6437228738779921
2018-06-29 00:00:00+01:00,0.17089493972978986,0.17041363579750035,0.1752069850230178,0.17143321965373426,0.5959924013385715
2018-07-02 00:00:00+01:00,0.17580359353256592,0.1733699919011582,0.17873870212671816,0.1750627912171785,0.6175655674831342
2018-07-03 00:00:00+01:00,0.17810398040345254,0.17455575652911026,0.17718345622779386,0.17767160758990874,0.6108551660191992
2018-07-04 00:00:00+01:00,0.17021453839064127,0.1651343310957727,0.17348970086823345,0.17016929800303093,0.6019417120188096
2018-07-05 00:00:00+01:00,0.17178595031179178,0.16768469170181644,0.17370031352115922,0.17169245710497893,0.5143755789172438
2018-07-06 00:00:00+01:00,0.17272553450438166,0.16890292605515755,0.17514221916026362,0.17294018414141776,0.5925654932370324
2018-07-09 00:00:00+01:00,0.1705870596687873,0.1688704563297685,0.17475337678578895,0.17039614622574617,0.5901618164918068
2018-07-10 00:00:00+01:00,0.17897879978192544,0.178080704617827,0.1838904309920968,0.17900030769767095,0.5572418023547269
2018-07-11 00:00:00+01:00,0.17790956236412825,0.1825802401892167,0.18146035155009188,0.17702345215029247,0.6541142086829009
2018-07-12 00:00:00+01:00,0.1959078772429914,0.19875896248073643,0.20109516107541991,0.1952847958903754,0.5622227772729447
2018-07-13 00:00:00+01:00,0.20674572505877964,0.2016341442709213,0.20729995320542827,0.20674069294900077,0.7374718221989764
2018-07-16 00:00:00+01:00,0.20266331702388873,0.1976707309592014,0.20538824786340637,0.20243057671741105,0.6775362675252882
2018-07-17 00:00:00+01:00,0.20201529809179863,0.2033560311585434,0.20512906081341464,0.2020254641147745,0.5426049476688005
2018-07-18 00:00:00+01:00,0.2121889357719675,0.20709203246228958,0.21298624763647855,0.2123633146740882,0.575864582517929
2018-07-19 00:00:00+01:00,0.20912719154428605,0.20738450785129103,0.2119169929061604,0.20878232695343812,0.6676230810472137
2018-07-20 00:00:00+01:00,0.2021611425205352,0.19871025789265273,0.1955870963659183,0.2018471997348532,0.5489102666314838
2018-07-23 00:00:00+01:00,0.18087415937063422,0.17934764355925203,0.1815413088785347,0.18062063448520704,0.5203077565102949
2018-07-24 00:00:00+01:00,0.18722457186935348,0.17981870243789388,0.18473275800482591,0.1872154275582143,0.39800301840817304
2018-07-25 00:00:00+01:00,0.18427616606637676,0.1783568212138844,0.18358254594606493,0.18366682906609366,0.6363224035739198
2018-07-26 00:00:00+01:00,0.1779257535676575,0.17574152115706232,0.17869000413067782,0.1772503003730077,0.5487656924952055
2018-07-27 00:00:00+01:00,0.18218638843834345,0.17601776168336936,0.18358254594606493,0.18212759897289055,0.5239600793390842
2018-07-30 00:00:00+01:00,0.17867091972092286,0.17504305027044675,0.18340431622451603,0.17869236278062273,0.6215573075313223
2018-07-31 00:00:00+01:00,0.1797563483422493,0.18798942379250105,0.18283736772746728,0.17966465775155216,0.5496583265434859
2018-08-01 00:00:00+01:00,0.19281362701127813,0.19097824962154797,0.1964618063100243,0.19285424389756645,0.5877365159659594
2018-08-02 00:00:00+01:00,0.19025405728695,0.1842695334211999,0.19046775043191655,0.18980804931667983,0.6933813852710882
2018-08-03 00:00:00+01:00,0.19125840629365665,0.18522788604117824,0.18674161214097906,0.19094229043025623,0.5531737288001206
2018-08-06 00:00:00+01:00,0.18345004389546515,0.18098835613340092,0.18782705833698565,0.18355346676624085,0.5890773940315386
2018-08-07 00:00:00+01:00,0.18524825626299846,0.17842176066466275,0.18510540891361194,0.18527096123936504,0.5158270904028144
2018-08-08 00:00:00+01:00,0.1855560127270275,0.1793314086965574,0.1825294826814352,0.18535205793369824,0.5941440598395596
2018-08-09 00:00:00+01:00,0.17836316325689383,0.17540046511022656,0.1804234797511508,0.1780118181124768,0.5800231230802372
2018-08-10 00:00:00+01:00,0.18097143018878326,0.17458822625449932,0.17731298795330241,0.1812364006962941,0.516049151842911
2018-08-13 00:00:00+01:00,0.17424837281494443,0.171323283829395,0.17078424291054817,0.173750285723681,0.6072343473680671
2018-08-14 00:00:00+01:00,0.17342212704705928,0.17450705194102656,0.178609046802235,0.17426888424917997,0.5146441219789913
2018-08-15 00:00:00+01:00,0.18403317441646472,0.1792989389711681,0.17598454617299253,0.18374792576042664,0.5838234097937314
2018-08-16 00:00:00+01:00,0.17321151780420574,0.1710471672333378,0.17656780973470476,0.172891476675614,0.6615409959470212
2018-08-17 00:00:00+01:00,0.17982111315636629,0.17307764044240614,0.17415392175838829,0.1798266038941989,0.48565518857998013
2018-08-20 00:00:00+01:00,0.17146187904726018,0.167229867685869,0.1739433091054623,0.17125495527381318,0.6395224603463889
2018-08-21 00:00:00+01:00,0.162697617655976,0.1642084482011834,0.16529236966673522,0.16271569588195667,0.5052070836464356
2018-08-22 00:00:00+01:00,0.1653706494019822,0.166157747096779,0.16940722673317277,0.16572962485732345,0.5051335842832149
2018-08-23 00:00:00+01:00,0.1728064905220279,0.17713858686054307,0.17786386858363734,0.17308593566980002,0.6056350179084093
2018-08-24 00:00:00+01:00,0.18541016829829093,0.18032235497217441,0.1874058330311339,0.18570846307053102,0.6434346902731447
2018-08-27 00:00:00+01:00,0.18461642853443783,0.17799940637410439,0.18421438390484268,0.18433117911997465,0.6888784666938426
2018-08-28 00:00:00+01:00,0.1819757791954899,0.17821058351938368,0.18414961804208851,0.1819817238214987,0.567453798620897
2018-08-29 00:00:00+01:00,0.18254284210993377,0.18569894491982009,0.18721141184389656,0.18238683642413522,0.5590596057925368
2018-08-30 00:00:00+01:00,0.1911288766654229,0.1846269482609797,0.18732487570269107,0.191298695567089,0.5828227327825887
2018-08-31 00:00:00+01:00,0.17990219277098607,0.1739059902305784,0.18003463737667613,0.17974563082287554,0.6562731345117289
2018-09-03 00:00:00+01:00,0.18221877084540195,0.17520552282764212,0.1827077124029841,0.1820950861213515,0.48006063023135476
2018-09-04 00:00:00+01:00,0.18092273298122197,0.18103706072148462,0.18377696713330227,0.18118769323049055,0.599640091442156
2018-09-05 00:00:00+01:00,0.1871598070552365,0.1847243574371471,0.1916827283534317,0.18723162217247902,0.571487896456067
2018-09-06 00:00:00+01:00,0.18691681540532445,0.17951011611644718,0.18264294654022994,0.18703716317829322,0.6315448627484388
2018-09-07 00:00:00+01:00,0.17160772347599673,0.17629387827942677,0.1753203252828377,0.17157909480512612,0.5776494711653429
2018-09-10 00:00:00+01:00,0.1785413900926891,0.1755141091490886,0.1830965547774588,0.17846551455790727,0.44619560318096574
2018-09-11 00:00:00+01:00,0.18251033610590173,0.18212541617326927,0.18756787128699415,0.18215998820142,0.6391434847217876
2018-09-12 00:00:00+01:00,0.18962222955838914,0.18228776480021502,0.1886695089486894,0.1895973957082293,0.6112934109585206
2018-09-13 00:00:00+01:00,0.1827209453487555,0.18785942096069475,0.18790801566542847,0.1833266185435256,0.6435501250987271
2018-09-14 00:00:00+01:00,0.19689603504616904,0.1914330736374954,0.19733663985310512,0.19615979955270713,0.525395108646314
2018-09-17 00:00:00+01:00,0.19534081432854755,0.19065330450715723,0.19900534961082395,0.19520382281905202,0.6900738596360596
2018-09-18 00:00:00+01:00,0.19074004058677407,0.19484425375710046,0.19592724074435264,0.19094229043025623,0.5711323080740183
2018-09-19 00:00:00+01:00,0.20078414863870897,0.1956727274755221,0.20440007406050564,0.20045372117003235,0.542787953438172
2018-09-20 00:00:00+01:00,0.20127013193853327,0.19809296131951015,0.2022939475312464,0.20110187660964884,0.6610618729239603
2018-09-21 00:00:00+01:00,0.2039593548880687,0.20290120714259596,0.2088388840396891,0.2039861250478885,0.5848649129400609
2018-09-24 00:00:00+01:00,0.20463975622721708,0.19986355279521573,0.20851493112694341,0.20445601610758368,0.6039718559115864
2018-09-25 00:00:00+01:00,0.209013729522608,0.2042981489158271,0.21331020054922445,0.20870135388211475,0.5833331969478186
2018-09-26 00:00:00+01:00,0.21196213532558472,0.20574379527714215,0.21379619171783038,0.21166657539167777,0.6155365384911495
2018-09-27 00:00:00+01:00,0.20747470000851576,0.21141286061378928,0.21055616819447365,0.20737265377435254,0.604558453816649
2018-09-28 00:00:00+01:00,0.21863661908883558,0.21553887041295416,0.22286848006138427,0.2179535471706462,0.5428413542094197
2018-10-01 00:00:00+01:00,0.22503560519814259,0.22211758378149615,0.2294781824325811,0.2250668151461428,0.6694343702639359
2018-10-02 00:00:00+01:00,0.22785448137288555,0.22135417344410224,0.2260761206533639,0.22749736713895174,0.639553967741186
2018-10-03 00:00:00+01:00,0.22163359850240005,0.22487899760256935,0.22591408239750366,0.22151834027703177,0.5998247602108316
2018-10-04 00:00:00+01:00,0.2364567071319037,0.22954100573115443,0.2282470130453773,0.23624728013925878,0.5289596791581243
2018-10-05 00:00:00+01:00,0.22689870597676642,0.2226373472482217,0.22665938421507614,0.22665475270514945,0.7037963347075731
2018-10-08 00:00:00+01:00,0.22361003770572863,0.2202658179923176,0.21755471294014517,0.2237543096526453,0.49890247987598607
2018-10-09 00:00:00+01:00,0.2138414273077378,0.21116921374312114,0.216550347671556,0.21374059862464456,0.5548809768583202
2018-10-10 00:00:00+01:00,0.21231858899717482,0.2094149810603596,0.21112324029049723,0.21213646645137296,0.4948021630646755
2018-10-11 00:00:00+01:00,0.19809492568917353,0.19716707842492087,0.20111135254110835,0.1974561104319399,0.5657101723681938
2018-10-12 00:00:00+01:00,0.19778704562817118,0.19671225440897344,0.20143542905282885,0.1972616514377541,0.4546265800288331
2018-10-15 00:00:00+01:00,0.1996825288138535,0.19231025194400075,0.19521444545713207,0.1990764372194762,0.5776588977531041
2018-10-16 00:00:00+01:00,0.19365606398269253,0.19338237253309098,0.19829255432360338,0.1933890370373299,0.5948653730484544
2018-10-17 00:00:00+01:00,0.20122155832794553,0.19547778519293768,0.20161353517540292,0.20150698921228516,0.5306672109509182
2018-10-18 00:00:00+01:00,0.20614627973727728,0.20052955395644223,0.20277993869985256,0.20614112135217844,0.6489926236514145
2018-10-19 00:00:00+01:00,0.19955287558864598,0.1988727304498481,0.20454579725170263,0.1989629512966138,0.6189169739696784
2018-10-22 00:00:00+01:00,0.2034408655842126,0.20294991173067967,0.20702445109077328,0.20374308221090853,0.5181511154437477
2018-10-23 00:00:00+01:00,0.2081389101441351,0.20166661399631058,0.20070631870094502,0.20823146282241956,0.6202215108070349
2018-10-24 00:00:00+01:00,0.2033761007700956,0.20072449623902666,0.20668430671233895,0.2031597052283507,0.617624658111268
2018-10-25 00:00:00+01:00,0.19660446978566926,0.1990026093514048,0.1984868519118661,0.19615979955270713,0.5361515697880718
2018-10-26 00:00:00+01:00,0.20120536712441628,0.1958026063770788,0.19135877544068602,0.2016365461264027,0.5195726832292067
2018-10-29 00:00:00+00:00,0.19470911019696047,0.19770320068459069,0.19791990341481713,0.19447457068510254,0.6262539331203344
2018-10-30 00:00:00+00:00,0.20110809630626725,0.20455803064918987,0.20629546433786428,0.20121523890950166,0.5181381018594021
2018-10-31 00:00:00+00:00,0.2132581731897647,0.21108803942964816,0.2147359147226402,0.2130114701137047,0.6371380836458641
2018-11-01 00:00:00+00:00,0.20983997529049292,0.2049154454889699,0.21172257171892306,0.20975449830135795,0.6801244547003549
2018-11-02 00:00:00+00:00,0.20784734488363532,0.20666967817173143,0.21203045676495513,0.20755079453126424,0.551671959333868
2018-11-05 00:00:00+00:00,0.21448944623982769,0.21021086112314258,0.21873730793028323,0.21442114329279027,0.5605809987126642
2018-11-06 00:00:00+00:00,0.21675745070365604,0.21207886177501578,0.21927199709492973,0.216154956003189,0.6378284497380405
2018-11-07 00:00:00+00:00,0.21803717376733345,0.21812157681413735,0.21671226232844165,0.2180507148562345,0.5940329617551092
2018-11-08 00:00:00+00:00,0.2215040688741663,0.219209932265922,0.22644877156215015,0.22103213098006202,0.5953916493371271
2018-11-09 00:00:00+00:00,0.2278706725764148,0.22127287520037964,0.22814974065227145,0.22761085306181417,0.6045671322823072
2018-11-12 00:00:00+00:00,0.22591042457661548,0.2242292313040375,0.22821463011400023,0.22587704035141565,0.6349346164740561
2018-11-13 00:00:00+00:00,0.22302690718472906,0.22351452555472728,0.22711299245230498,0.22344648835860648,0.564720141154871
2018-11-14 00:00:00+00:00,0.22518144962687914,0.22117546602421223,0.2281335491865828,0.22495345284628998,0.5588322762310802
2018-11-15 00:00:00+00:00,0.22139060685248801,0.2155551052756488,0.2191585332361352,0.22130768666858103,0.5920458444656408
2018-11-16 00:00:00+00:00,0.22139060685248801,0.21477533614531064,0.21232202674632372,0.22116181151718917,0.5485715306016115
2018-11-19 00:00:00+00:00,0.2079121096977523,0.20280367403617894,0.208595888455386,0.2077939609912538,0.578091103393004
2018-11-20 00:00:00+00:00,0.20352194519883215,0.20062708706285926,0.20618212407804437,0.2031435106140862,0.46633219324408315
2018-11-21 00:00:00+00:00,0.20766911804784005,0.20730320960756865,0.21269467765510996,0.20735645916008782,0.5397283920820166
2018-11-22 00:00:00+00:00,0.21267504266876514,0.20699462328612195,0.2155782417353691,0.21250918982548006,0.6152861475861416
2018-11-23 00:00:00+00:00,0.21230239779364557,0.20507779411591565,0.21207903116202065,0.21181232692006002,0.6232067474775451
2018-11-26 00:00:00+00:00,0.21110363074761462,0.21454792413733692,0.215967084109844,0.21085635018640492,0.5734059489956448
2018-11-27 00:00:00+00:00,0.22067782310628115,0.21851146137930644,0.22409964944858785,0.2203353916976516,0.5712023496366653
2018-11-28 00:00:00+00:00,0.22492226677343785,0.2214840523456587,0.22902457419535205,0.2245969240864476,0.6598969362110623
2018-11-29 00:00:00+00:00,0.22156883368828328,0.21487286925172766,0.22077854499781346,0.22116181151718917,0.6153608254335073
2018-11-30 00:00:00+00:00,0.21900926396395515,0.21467792696914323,0.2229980117868926,0.21882855083297792,0.5503428156191722
2018-12-03 00:00:00+00:00,0.22461451030940882,0.21730946188865974,0.22356508388291618,0.22453214562938872,0.5596021185867704
2018-12-04 00:00:00+00:00,0.22187659015231231,0.21497027842789507,0.21298624763647855,0.22168028641967852,0.6275948908677101
2018-12-05 00:00:00+00:00,0.207426126397928,0.20866768165541072,0.2123867926090779,0.20729155708001956,0.5552627353424233
2018-12-06 00:00:00+00:00,0.21333912920741094,0.20748191702745866,0.20521001814185746,0.21299527549943997,0.45773747083013566
2018-12-07 00:00:00+00:00,0.20797699810884263,0.20377838544910154,0.21044282793465374,0.2071296109373726,0.6279009077003188
2018-12-10 00:00:00+00:00,0.20433187616621473,0.20579262379547547,0.2053558649320293,0.2040994873477413,0.5295234244166234
2018-12-11 00:00:00+00:00,0.2155747512641808,0.21235510230132282,0.21761947880289956,0.21510168796093598,0.5535150561858905
2018-12-12 00:00:00+00:00,0.21855566307118957,0.21331345492130116,0.22011444770663346,0.21839104900181217,0.6731906010230626
2018-12-13 00:00:00+00:00,0.21698425115003883,0.2163998138567651,0.22217187623985213,0.21678691682854057,0.6072192312419658
2018-12-14 00:00:00+00:00,0.2216174072988708,0.21584745673440064,0.22269025033983536,0.22124278458851276,0.5657446323268609
2018-12-17 00:00:00+00:00,0.21866900149589408,0.21339462923477415,0.2155296673383036,0.21848821668740026,0.6170770247235376
2018-12-18 00:00:00+00:00,0.20961317484411013,0.20226767570675874,0.20537205639771772,0.20939809316452518,0.556042041824964
2018-12-19 00:00:00+00:00,0.2041861553344515,0.19823919901401088,0.2034766661203593,0.20445601610758368,0.5023778955047536
2018-12-20 00:00:00+00:00,0.20297107348791776,0.19848284588467924,0.1904839418976052,0.20260884109733213,0.5372822974470474
2018-12-21 00:00:00+00:00,0.18314216383446258,0.17981870243789388,0.18413342657639986,0.18253258795251726,0.5635677041060843
2018-12-24 00:00:00+00:00,0.18155456070978282,0.17478316853708398,0.17324670528393038,0.18063682909947176,0.40790089495003934
2018-12-25 00:00:00+00:00,0.1688213533052858,0.16185315380797372,0.16877538877439502,0.16859755505828877,0.5629564807658269
2018-12-26 00:00:00+00:00,0.1707167128939946,0.16760339345809383,0.17355459032996223,0.17007213031744284,0.4752702537476237
2018-12-27 00:00:00+00:00,0.18351480870958214,0.17611517085953676,0.17950007181100425,0.18309977032081037,0.5921544052719138
2018-12-28 00:00:00+00:00,0.1776665707142162,0.17137198841747892,0.17251771853102116,0.17741237013866407,0.6925850451937862
2018-12-31 00:00:00+00:00,0.16898326534057828,0.16386739215434765,0.16339685579040175,0.16890549997533721,0.530235798866306
2019-01-01 00:00:00+00:00,0.15774039024261222,0.1503200808520948,0.16227902666301808,0.15756296521656465,0.5056683431123957
2019-01-02 00:00:00+00:00,0.15822649713940984,0.15096984715062667,0.14834682663340382,0.1581787314276517,0.48064877630995273
2019-01-03 00:00:00+00:00,0.12242416182403426,0.12817981783492605,0.11669127522253375,0.12209354577865117,0.5847151255249605
2019-01-04 00:00:00+00:00,0.1291634104014021,0.13324782146112524,0.12863093618065813,0.12804018341204193,0.2635032225236086
2019-01-07 00:00:00+00:00,0.13925609206392475,0.13393005748504616,0.13710376949681136,0.13960956639352973,0.6324483040850933
2019-01-08 00:00:00+00:00,0.1417508969741359,0.14127230512123168,0.14381062066213945,0.14113260187246812,0.6823272620268845
2019-01-09 00:00:00+00:00,0.14350053573108168,0.13969665592811054,0.1375573777340402,0.14372522363093387,0.5927945222708576
2019-01-10 00:00:00+00:00,0.13395872577947343,0.12902440248579294,0.13284306564020198,0.13421379289115776,0.6022346478051609
2019-01-11 00:00:00+00:00,0.13598373859338975,0.13305287917854058,0.13901535123985842,0.1359798712070761,0.49539648292161803
2019-01-14 00:00:00+00:00,0.13888357078577873,0.13149346484811408,0.13648812300372204,0.13857249296554164,0.5949921955256517
2019-01-15 00:00:00+00:00,0.13530333725424137,0.13596053069411473,0.1398739933172506,0.13520215885334208,0.6023019214325471
2019-01-16 00:00:00+00:00,0.14192912380993095,0.13851076736990886,0.14253087687787014,0.14158629831789882,0.549497463433295
2019-01-17 00:00:00+00:00,0.14811762427335795,0.14145088861087207,0.14768260574324876,0.14795436679120022,0.6359304971377948
2019-01-18 00:00:00+00:00,0.14985094822980094,0.15288655239058357,0.15503748633304348,0.14983393102998122,0.6355832333961009
2019-01-21 00:00:00+00:00,0.15817779993184855,0.15135960778554614,0.16052948317583127,0.1580653691277989,0.5958693282764634
2019-01-22 00:00:00+00:00,0.15827507074999758,0.151034786601405,0.1572569531221224,0.15821112065618093,0.6517062091649686
2019-01-23 00:00:00+00:00,0.15344737296486755,0.1558429084942412,0.1586339692994978,0.15310709745659246,0.5805997279687021
2019-01-24 00:00:00+00:00,0.15526177653593032,0.15288655239058357,0.1596384581670618,0.15532687221794128,0.5346539597215484
2019-01-25 00:00:00+00:00,0.15712487731455416,0.15533937989021007,0.16138812525322344,0.15702829569981058,0.598807290522585
2019-01-28 00:00:00+00:00,0.1538200178399871,0.14845195626997199,0.15537775431045242,0.15383622596753233,0.594238964081667
2019-01-29 00:00:00+00:00,0.1517950050260708,0.148630663689862,0.15500510340166618,0.15147045243178203,0.5513686360731793
2019-01-30 00:00:00+00:00,0.15420885391863592,0.1519769043586887,0.15638211957904158,0.15411165803304172,0.558567830832841
2019-01-31 00:00:00+00:00,0.146837777612707,0.13994030279877867,0.1446206883424661,0.14704697390033927,0.602527680139095
2019-02-01 00:00:00+00:00,0.1450395652451737,0.14915042715658777,0.1486707795461495,0.14482707551598084,0.5173514265559447
2019-02-04 00:00:00+00:00,0.15531047374349138,0.15853938286453606,0.16038363638565944,0.15445199217861938,0.5597727902526273
2019-02-05 00:00:00+00:00,0.16349148101680266,0.1568174959769142,0.1654705993882839,0.1629263494904074,0.6641998734140916
2019-02-06 00:00:00+00:00,0.16268142645244676,0.15706126677783194,0.1617768440287235,0.16260233358210407,0.6536482269648162
2019-02-07 00:00:00+00:00,0.1635076722203319,0.15751609079377937,0.1625058307816325,0.16313700309885792,0.5764957559307138
2019-02-08 00:00:00+00:00,0.1598464826711481,0.15447843644639914,0.16331589846195915,0.159604599221002,0.5839918718827158
2019-02-11 00:00:00+00:00,0.16076987566020873,0.1634937424518732,0.16530856113242365,0.16047960288333352,0.5484941220489332
2019-02-12 00:00:00+00:00,0.17008488516543396,0.1667424500142829,0.1745589555985516,0.1700397410889134,0.5869759869873319
2019-02-13 00:00:00+00:00,0.17204513316523307,0.1705759844244461,0.1770538009033107,0.17190311071342945,0.6628870088766632
2019-02-14 00:00:00+00:00,0.1789302261713377,0.17447458221563727,0.1771996476934825,0.17851409840070143,0.5955242628276438
2019-02-15 00:00:00+00:00,0.17246635165094037,0.1666125711127262,0.17313336502411047,0.17227583408753655,0.6367405298939395
2019-02-18 00:00:00+00:00,0.17253111646505737,0.1661252773713897,0.1764381544102216,0.1726971413044378,0.525343892393081
2019-02-19 00:00:00+00:00,0.17343831825058853,0.16943892438457775,0.17627623975333595,0.17313464313560356,0.5829823132914834
2019-02-20 00:00:00+00:00,0.17340593584353003,0.1715994004254524,0.17854428093948083,0.17282669821855534,0.5831220410782176
2019-02-21 00:00:00+00:00,0.17635434164650698,0.17005622095772055,0.17859285533654634,0.17595398949377494,0.5766513485517264
2019-02-22 00:00:00+00:00,0.17509068618938528,0.17088469467614242,0.17912742090221823,0.17503040198864905,0.6064705802632112
2019-02-25 00:00:00+00:00,0.17619230601424096,0.17366234335991004,0.17830128535517775,0.17606747541663736,0.5713207511037035
2019-02-26 00:00:00+00:00,0.18050163809248843,0.17358116904643728,0.1797754503266844,0.18050714856234462,0.5883153100759579
2019-02-27 00:00:00+00:00,0.17266076969026467,0.17195681526523243,0.1747048023887232,0.17256746076731067,0.6177931745098842
2019-02-28 00:00:00+00:00,0.17787717995706975,0.17957505556722553,0.17961353566979898,0.17752573243851688,0.5106974588621923
2019-03-01 00:00:00+00:00,0.1859448488056763,0.18836294956472588,0.1911319713220716,0.18554651692788404,0.6223706998116343
2019-03-04 00:00:00+00:00,0.19488721343578197,0.18886660209900663,0.19586247488159847,0.19496077998207206,0.6487665943758858
2019-03-05 00:00:00+00:00,0.19224668769380782,0.19084824678974166,0.1974339122462112,0.19235196360934181,0.6604687788773469
2019-03-06 00:00:00+00:00,0.19378571720789983,0.1872909529058855,0.19506859866696025,0.19379402601695683,0.5569544452835559
2019-03-07 00:00:00+00:00,0.19033501330459623,0.18617012772871178,0.19289782987392168,0.189856633159474,0.5917069427704679
2019-03-08 00:00:00+00:00,0.19027024849047924,0.18288882651066318,0.1823675680245498,0.1900348975393953,0.545540694504279
2019-03-11 00:00:00+00:00,0.1811820394316368,0.17731717035018346,0.18314512917452452,0.18105813631637302,0.580856876382499
2019-03-12 00:00:00+00:00,0.18518336785190814,0.1798675309562272,0.18685507599977358,0.18530347409090409,0.5021422212980395
2019-03-13 00:00:00+00:00,0.18515098544484965,0.17990000068161627,0.18747059889388806,0.18472009710834647,0.6160072883140694
2019-03-14 00:00:00+00:00,0.18310978142740408,0.1842370636958106,0.18747059889388806,0.1829377005551538,0.5742950123608943
2019-03-15 00:00:00+00:00,0.19242491452960286,0.18706354089791177,0.19143973276912885,0.19196304562097,0.5639538890959098
2019-03-18 00:00:00+00:00,0.18881217499403324,0.1825802401892167,0.19179619221222644,0.18885194896001511,0.6572291988419966
2019-03-19 00:00:00+00:00,0.18615545804852984,0.18012741268958998,0.18769740301250248,0.18580575437912872,0.5526034276717509
2019-03-20 00:00:00+00:00,0.1868682417947367,0.18368483050369577,0.19119673718482577,0.1862594508245592,0.5531158307512727
2019-03-21 00:00:00+00:00,0.17416729320032487,0.17161563528814705,0.17392711763977386,0.17425268963491525,0.5832340196329467
2019-03-22 00:00:00+00:00,0.1768888985569188,0.17064104780547407,0.16470910610502298,0.17661833954765593,0.4758744968824329
2019-03-25 00:00:00+00:00,0.16567852946298478,0.15998502922585112,0.1645308763834743,0.16487081580925644,0.5998427940292992
2019-03-26 00:00:00+00:00,0.1647713276774534,0.167229867685869,0.16893742703025527,0.16466016220080593,0.4775645659242209
2019-03-27 00:00:00+00:00,0.17261207248270338,0.16752221914462107,0.17292275237118448,0.17253507153878123,0.5774872737841805
2019-03-28 00:00:00+00:00,0.17159153227246748,0.16953645749099477,0.16942341819886142,0.17149799811079314,0.6479954603299984
2019-03-29 00:00:00+00:00,0.17471816491123948,0.17146939759364632,0.1776694473964,0.17387996626080815,0.5703201974213291
2019-04-01 00:00:00+01:00,0.17982111315636629,0.17756081722085182,0.18290213359022145,0.17968085236581666,0.6000161214859222
2019-04-02 00:00:00+01:00,0.1869653890159122,0.1795588207045311,0.18918788304867262,0.18706955240682244,0.6296492312549059
2019-04-03 00:00:00+01:00,0.18511860303779115,0.18183294078426782,0.18852366215851757,0.18470390249408175,0.643217461313917
2019-04-04 00:00:00+01:00,0.1859772312127348,0.18253141167088338,0.1905972821574251,0.1861621595159615,0.5589508645182939
2019-04-05 00:00:00+01:00,0.19057800495450827,0.18576400830084805,0.19500383280420608,0.19042369190475728,0.5918991059758713
2019-04-08 00:00:00+01:00,0.19122602388659815,0.18392847737436413,0.18972244861434429,0.19128250095282429,0.6160430973038044
2019-04-09 00:00:00+01:00,0.18722457186935348,0.18167059215732206,0.18495956212344034,0.18715064910115564,0.5867064314210124
2019-04-10 00:00:00+01:00,0.18163564032440238,0.17640752231828882,0.18329097596469612,0.18146324891900933,0.5438230227867097
2019-04-11 00:00:00+01:00,0.1797887307493078,0.18097212127070628,0.18497575358912877,0.1795187826001603,0.5303459055825357
2019-04-12 00:00:00+01:00,0.1904484753262743,0.18907765531403609,0.1954088666443694,0.18982424393094455,0.5625259801895443
2019-04-15 00:00:00+01:00,0.19670174060381806,0.1901010713150424,0.19950753224511852,0.1964190370039518,0.6684480522584221
2019-04-16 00:00:00+01:00,0.19534081432854755,0.1893050673220098,0.19887569428634078,0.19504175305339566,0.6360323584329446
2019-04-17 00:00:00+01:00,0.19592406844652066,0.19131930566838373,0.20012317873820784,0.1958518546356589,0.5675238369211739
2019-04-18 00:00:00+01:00,0.1968474614355813,0.18946753987920517,0.19779024809033396,0.19654871754107894,0.5862700073515617
2019-04-19 00:00:00+01:00,0.1959078772429914,0.18880153871797867,0.19965337903529035,0.19578707617860003,0.5852964063746611
2019-04-22 00:00:00+01:00,0.19466041298939918,0.1885416569846159,0.19944276638236436,0.1945070835366416,0.5727989545587759
2019-04-23 00:00:00+01:00,0.19504924906804777,0.18914271869506405,0.1958786663472869,0.1948149048306802,0.5683535820727682
2019-04-24 00:00:00+01:00,0.1939476292431923,0.1882330706631694,0.19629989165313888,0.1939722903968779,0.5819641225888492
2019-04-25 00:00:00+01:00,0.19840268215320256,0.1924238959828628,0.19161796249067753,0.19807175302001734,0.5720983487339103
2019-04-26 00:00:00+01:00,0.18813177365488487,0.1872583592502468,0.1920391877965295,0.18849554382318234,0.6144944575884992
2019-04-29 00:00:00+01:00,0.1896708031689769,0.1868523637526327,0.1944367607081825,0.18937054748551407,0.4973523975583384
2019-04-30 00:00:00+01:00,0.19091826742256934,0.1835223579465004,0.1888477386702383,0.19073163682180572,0.5868536665400944
2019-05-01 00:00:00+01:00,0.18647940571608812,0.18134564704293132,0.18732487570269107,0.1861621595159615,0.5910309014685674
2019-05-02 00:00:00+01:00,0.18722457186935348,0.18314870824402596,0.19126150304757994,0.18708587064409676,0.5400509801293181
2019-05-03 00:00:00+01:00,0.18782401719085584,0.18261270991460576,0.1875516798213055,0.1877826099265072,0.5872830835871848
2019-05-06 00:00:00+01:00,0.17343831825058853,0.1716318701508417,0.17376520298288822,0.1736531180380929,0.5853243319687548
2019-05-07 00:00:00+01:00,0.17677556013221407,0.16934151520841034,0.1742673856171828,0.17660214493339121,0.45768781753931653
2019-05-08 00:00:00+01:00,0.16759008025522282,0.1601637366457409,0.1674307555283967,0.16772267501896687,0.6049113474871932
2019-05-09 00:00:00+01:00,0.1640909263383048,0.15733738337388936,0.16043221078272518,0.16401200676118965,0.5024075402011154
2019-05-10 00:00:00+01:00,0.16143408579582785,0.15688255935794215,0.16088581901995402,0.16043101904053958,0.5470214041804087
2019-05-13 00:00:00+01:00,0.15785385226429027,0.15296772670405634,0.15319067045275037,0.15795188320493625,0.5480854341911292
2019-05-14 00:00:00+01:00,0.15033693152962502,0.1523667889238578,0.15519952458890374,0.1498501256442457,0.5576538621370501
2019-05-15 00:00:00+01:00,0.15856663601049736,0.15132713806015685,0.1553291799133869,0.15822731527044565,0.5084076515084053
2019-05-16 00:00:00+01:00,0.15477579323610624,0.15545302392907212,0.1583747822495063,0.1550514401524321,0.6529871837788118
2019-05-17 00:00:00+01:00,0.1613206237741498,0.15631396737288306,0.16095070848168302,0.16146809246852767,0.5515292310461138
2019-05-20 00:00:00+01:00,0.16622927757692585,0.1611871526467472,0.16584312669809553,0.1661509320742247,0.6355821415166371
2019-05-21 00:00:00+01:00,0.1653706494019822,0.16679127853261622,0.16986083497040183,0.16469255142933537,0.6202329247407184
2019-05-23 00:00:00+01:00,0.16737947101236927,0.1619343281214467,0.16172826963165776,0.16713929803640903,0.5666171443220811
2019-05-24 00:00:00+01:00,0.15654162319658105,0.15178196207610428,0.1572569531221224,0.1563963348744588,0.6006599533883117
2019-05-27 00:00:00+01:00,0.1540144358793114,0.14936160430186685,0.15887696488380088,0.15385242058179704,0.4857723699180825
2019-05-28 00:00:00+01:00,0.1556829950216374,0.15012513856951015,0.15612293252905007,0.15560242790646028,0.5570370946532841
2019-05-29 00:00:00+01:00,0.1534635641683968,0.14718501732854716,0.15518333312321508,0.1529612223052006,0.5946776177065539
2019-05-30 00:00:00+01:00,0.1565254319930518,0.15498196505043027,0.16062663196996252,0.15613709742321435,0.556174384558292
2019-05-31 00:00:00+01:00,0.15239445034757315,0.14632407388473623,0.14564136867571853,0.1531394866851219,0.6072014124751334
2019-06-03 00:00:00+01:00,0.13501164839676805,0.13077875909880388,0.13760595213110594,0.13458639264225503,0.5530584801055742
2019-06-04 00:00:00+01:00,0.1322900430401741,0.12954428988276812,0.13415519235584838,0.1315887819041628,0.4164838838970276
2019-06-05 00:00:00+01:00,0.13504403080382654,0.12952793108982408,0.13360443532448807,0.13526693731040096,0.5527356581301929
2019-06-06 00:00:00+01:00,0.13690713158245038,0.13032393508285667,0.1370875780311227,0.13646608050404563,0.6120045734250744
2019-06-07 00:00:00+01:00,0.13873772635704218,0.133588877507961,0.13486811124204356,0.13850771450848298,0.5899561098996527
2019-06-10 00:00:00+01:00,0.13857569072477638,0.1352782946701936,0.1424821788818298,0.13842661781414978,0.597413611374254
2019-06-11 00:00:00+01:00,0.13727965286059618,0.13672394103150864,0.1423364556906328,0.13696836079227004,0.578606305645322
2019-06-12 00:00:00+01:00,0.1391751360462785,0.1328417020332615,0.1400522230387995,0.13883173041678631,0.5664177613857231
2019-06-13 00:00:00+01:00,0.13951527491736604,0.1322569991157576,0.13919358096140733,0.13905857863950155,0.5958294032329196
2019-06-14 00:00:00+01:00,0.13643733948615533,0.1318508796878941,0.1391126236329645,0.1363525945811832,0.5813312659035234
2019-06-17 00:00:00+01:00,0.14043866790642667,0.13552194154086195,0.14507429657969495,0.14048444643285185,0.555383404987073
2019-06-18 00:00:00+01:00,0.1400499554247514,0.13472606147807875,0.13809194329971186,0.13988499845903912,0.615936043689838
2019-06-19 00:00:00+01:00,0.1407303567639,0.13362147116359968,0.14057059713878273,0.1404358625900577,0.5740248275669187
2019-06-20 00:00:00+01:00,0.13303533279041302,0.1254833434646312,0.12798290675619195,0.1330146496975131,0.5841953777032156
2019-06-21 00:00:00+01:00,0.11991316571029387,0.11927815586831425,0.12106531933896303,0.11943614556312676,0.5137178351922327
2019-06-24 00:00:00+01:00,0.1203181929924717,0.11589944547409825,0.12438642378973741,0.12000320430841027,0.45877666218810464
2019-06-25 00:00:00+01:00,0.12078798508876676,0.11409638427300339,0.11680461548235366,0.12024637076839984,0.5843975799092562
2019-06-26 00:00:00+01:00,0.1180987621392311,0.11971674502156682,0.12297702468098493,0.11763755439566959,0.5814989551564718
2019-06-27 00:00:00+01:00,0.12702505916278128,0.12626298866471974,0.13091516883249144,0.12690594229846575,0.5559934001691035
2019-06-28 00:00:00+01:00,0.1276406956878129,0.1213086290773826,0.12945719532667344,0.1270518174498576,0.6623356335959402
2019-07-01 00:00:00+01:00,0.13727965286059618,0.13235440829192502,0.13827017302126077,0.13734108416637714,0.5806235993569184
2019-07-02 00:00:00+01:00,0.13758753292159875,0.13134735108386297,0.1353541024106497,0.13708172309212285,0.6709821325552286
2019-07-03 00:00:00+01:00,0.1284668178587245,0.12153604108535632,0.12884154883358412,0.127991599569248,0.5770271307402879
2019-07-04 00:00:00+01:00,0.12738138923739806,0.12101627761863054,0.13177381090988383,0.12757029235234674,0.4988105636934259
2019-07-05 00:00:00+01:00,0.12832109702696126,0.13373511520246173,0.13342620560293939,0.12804018341204193,0.5755729761306257
2019-07-08 00:00:00+01:00,0.13902929161754196,0.135554411266251,0.14102420537601157,0.13883173041678631,0.583508623614964
2019-07-09 00:00:00+01:00,0.14319277926705265,0.1393392410883305,0.14812002251478917,0.14283402535433742,0.6754021191267691
2019-07-10 00:00:00+01:00,0.14630322070229518,0.13976159537888888,0.14293591071803347,0.1461233863952136,0.6147380285086385
2019-07-11 00:00:00+01:00,0.13671271354312586,0.1293980521882674,0.13423627328326582,0.13656324818963372,0.6083635606105463
2019-07-12 00:00:00+01:00,0.1409247748032243,0.13339405915562597,0.13579151918219012,0.14067890542703765,0.4950813172259489
2019-07-15 00:00:00+01:00,0.12854789747334405,0.12533710577013046,0.13341001413725073,0.12842910140041375,0.6157881680735007
2019-07-16 00:00:00+01:00,0.12955224648005093,0.1296254641962411,0.13457641766170014,0.12935268890553941,0.4710463181386838
2019-07-17 00:00:00+01:00,0.13475246554332676,0.12894322817231996,0.13762214359679437,0.13440812826233395,0.5875449675215006
2019-07-18 00:00:00+01:00,0.130038229779875,0.12376145657700932,0.13038060326681977,0.13013040125927344,0.6242992503970393
2019-07-19 00:00:00+01:00,0.1217762664889177,0.12025274335098723,0.1257958228984899,0.1214453903390349,0.5413773608052145
2019-07-22 00:00:00+01:00,0.12861266228746104,0.1247360440596823,0.13185476823832643,0.12807257264057137,0.5020930020853912
2019-07-23 00:00:00+01:00,0.12942271685181694,0.1282447572857044,0.13389600530585688,0.12959573174251937,0.6385500001394798
2019-07-24 00:00:00+01:00,0.1350278396002973,0.12798487555234161,0.1357104382547727,0.1349105321735682,0.592884585647346
2019-07-25 00:00:00+01:00,0.1342340998364442,0.1332315865984306,0.13716853535956552,0.13421379289115776,0.6266000588645451
2019-07-26 00:00:00+01:00,0.1421721154598432,0.1371462953220668,0.14552790481692401,0.1419428270777412,0.5731451853118319
2019-07-29 00:00:00+01:00,0.1414917141206946,0.13825088563654608,0.14343809335232804,0.14140815756098712,0.6478939619541673
2019-07-30 00:00:00+01:00,0.14531493930214423,0.13890065193507795,0.14381062066213945,0.1451834806528134,0.5746013913375557
2019-07-31 00:00:00+01:00,0.14029294707466344,0.13428747232482618,0.1445397310140233,0.1402575982101366,0.6126807895352128
2019-08-01 00:00:00+01:00,0.14453739074182037,0.14455348240903043,0.13909630856830124,0.14443815752760902,0.5358946505697068
2019-08-02 00:00:00+01:00,0.12163042206018115,0.11536344714467806,0.11307860079039078,0.12193147601299459,0.6162854035529146
2019-08-05 00:00:00+01:00,0.10858933459468156,0.10131248330814446,0.10104166743916032,0.10809373442736403,0.3808085069116749
2019-08-06 00:00:00+01:00,0.09282664177258826,0.10828108124185531,0.09718599742271428,0.09214945675722741,0.45569304067500543
2019-08-07 00:00:00+01:00,0.10363210718131777,0.09700789001933918,0.09700776770116537,0.10420480178966551,0.435731091645166
2019-08-08 00:00:00+01:00,0.10095907543531157,0.09595212822319343,0.10271037719687914,0.10070491076334864,0.6889052542759247
2019-08-09 00:00:00+01:00,0.09690904980747916,0.09195612125583463,0.09352474859350557,0.09670261582579731,0.5477331288262269
2019-08-12 00:00:00+01:00,0.08921402583399218,0.08412657987831285,0.08871328770553588,0.08873053880223392,0.5431247768300455
2019-08-13 00:00:00+01:00,0.0889548429805509,0.1064455503153714,0.08910200648103594,0.0883416208138621,0.50705138601737
2019-08-14 00:00:00+01:00,0.1084758725730035,0.1010201318493924,0.09938927274610476,0.10830426441280494,0.5757817329193077
2019-08-15 00:00:00+01:00,0.09747611272192303,0.0995094221070496,0.09942165567748185,0.09738316049394302,0.7611861259625419
2019-08-16 00:00:00+01:00,0.10042451852489975,0.09903836322840776,0.10454100161148339,0.10008914455226159,0.4809813927136135
2019-08-19 00:00:00+01:00,0.10560854638464634,0.10205978271309335,0.10813748457793793,0.1057117662773488,0.6038459861699125
2019-08-20 00:00:00+01:00,0.10813573370191598,0.10240083875992911,0.10710061277899685,0.10804502696156026,0.6301967139466242
2019-08-21 00:00:00+01:00,0.10366448958837626,0.10084142442950261,0.10855870988378968,0.10318404659895175,0.600366204101211
2019-08-22 00:00:00+01:00,0.10865409940879855,0.10179990097973057,0.1084938204220609,0.10841775033566736,0.5355451702892298
2019-08-23 00:00:00+01:00,0.10679112222714826,0.10296943074498799,0.09269848944749026,0.10632753248843585,0.6265927311069243
2019-08-26 00:00:00+01:00,0.08064418248203231,0.09595212822319343,0.08582960002630191,0.08014257194457386,0.5605032080243572
2019-08-27 00:00:00+01:00,0.09873964458207096,0.09221600298919763,0.0974128015413287,0.09838772107039229,0.34326286777769743
2019-08-28 00:00:00+01:00,0.0948354633829751,0.09021799950551834,0.09851443920302394,0.09449891205570338,0.7463416805808297
2019-08-29 00:00:00+01:00,0.1004083273213705,0.09996424612299704,0.10141431834794634,0.09987849094381085,0.5441037522110869
2019-08-30 00:00:00+01:00,0.10648336576311923,0.10001307464133036,0.10599897511730161,0.10584144681447594,0.6281565083765819
2019-09-02 00:00:00+01:00,0.1014288675316064,0.09767389118056569,0.10533475422714678,0.10081827306320124,0.6332826225060838
2019-09-03 00:00:00+01:00,0.1020768864636965,0.09743024430989755,0.10006968510194825,0.10187154110545427,0.5340266262247451
2019-09-04 00:00:00+01:00,0.09671463176815487,0.09650436141530827,0.10139812688225791,0.0964919622173468,0.5888497979259287
2019-09-05 00:00:00+01:00,0.10449073535626141,0.11066896929070369,0.10956307515237906,0.10401034279547972,0.5307007548517566
2019-09-06 00:00:00+01:00,0.1162681673646393,0.10899578699116552,0.11432596164328301,0.11611439529372136,0.6474919310177594
2019-09-09 00:00:00+01:00,0.11417838973660621,0.11026284986284018,0.11659400282942767,0.11405656667501951,0.688590537377775
2019-09-10 00:00:00+01:00,0.12026961938188396,0.11559085915265155,0.12364124557113976,0.12040831691104659,0.5608770482542687
2019-09-11 00:00:00+01:00,0.12456263665962863,0.12129239421468796,0.12937611439925578,0.12466984929984237,0.6363305486568698
2019-09-12 00:00:00+01:00,0.13131807644052573,0.12597063720596768,0.12906835295219854,0.13149161421857447,0.6174313043998294
2019-09-13 00:00:00+01:00,0.13421790863291494,0.12791981217131365,0.13522444708616654,0.13400313928270702,0.6401762016761018
2019-09-16 00:00:00+01:00,0.1275272336661346,0.12467110460890396,0.1284041320620437,0.1273434441296315,0.6016402551523431
2019-09-17 00:00:00+01:00,0.13368322812552957,0.12930051908185036,0.13695792270663953,0.13376009644572706,0.5202338625881563
2019-09-18 00:00:00+01:00,0.13297044437932248,0.12809851959120366,0.13809194329971186,0.1325609532520824,0.6364748371369469
2019-09-19 00:00:00+01:00,0.13838127268545186,0.1313147574282243,0.13331286534311948,0.1380378234487878,0.5686827810115623
2019-09-20 00:00:00+01:00,0.13243588746891066,0.12488228175418303,0.13279436764416164,0.13181563012687803,0.6279592143046013
2019-09-23 00:00:00+01:00,0.12542126483457228,0.11992792216684589,0.12534221466126105,0.12551246373364466,0.5242425166335903
2019-09-24 00:00:00+01:00,0.12496766394180647,0.11996039189223517,0.12437023232404876,0.12489669752255783,0.5233273885152819
2019-09-25 00:00:00+01:00,0.11800161491805583,0.12038274618279332,0.1204010984488082,0.11758897055287543,0.5738338504568657
2019-09-26 00:00:00+01:00,0.1261826221913669,0.11924568614292497,0.12736726026310263,0.12616061917326116,0.5141453839562766
2019-09-27 00:00:00+01:00,0.12718709479504708,0.12658780984886087,0.13094755176386852,0.12719756897823964,0.6560974887525617
2019-09-30 00:00:00+01:00,0.1302326478191993,0.12605181151944067,0.13238945740297292,0.13024388718213586,0.5885660164937876
2019-10-01 00:00:00+01:00,0.13227385183664486,0.1310548756948613,0.13117435588248316,0.1322693265723085,0.6064587466984205
2019-10-02 00:00:00+01:00,0.1269926767557228,0.12189345592513612,0.1233009775937306,0.12688974768420103,0.5973339633202627
2019-10-03 00:00:00+01:00,0.11756420522881927,0.11226085334651947,0.11231710750712987,0.11758897055287543,0.5315448193953588
2019-10-04 00:00:00+01:00,0.11226671534739463,0.10938567155633461,0.11476337841482342,0.11212829497043497,0.4964638005791591
2019-10-07 00:00:00+01:00,0.11129474874774625,0.10863849608163534,0.11528187611378127,0.11112373439398571,0.5304145184951969
2019-10-08 00:00:00+01:00,0.11928133798173302,0.11461614773972917,0.11725822371958272,0.11901483834622573,0.5702981086567303
2019-10-09 00:00:00+01:00,0.11434030177189847,0.11489238826603598,0.11952626490572738,0.11431580412626396,0.6502662116443463
2019-10-10 00:00:00+01:00,0.1187467810713212,0.12332286742375653,0.12326859466235351,0.11783201338985538,0.5372708249904531
2019-10-11 00:00:00+01:00,0.12893660995501932,0.13365394088898874,0.1341228094244713,0.12920681375414755,0.6108770382206781
2019-10-14 00:00:00+01:00,0.13877010876410067,0.1312335831147513,0.1373467650811142,0.13858868757980636,0.681190150475591
2019-10-15 00:00:00+01:00,0.13742549728933295,0.13807217821665607,0.1390477341712355,0.13743825185196523,0.6627959274430801
2019-10-16 00:00:00+01:00,0.14456977314887887,0.1374224119181242,0.14632178103156201,0.14438957368481486,0.5691430623690121
2019-10-17 00:00:00+01:00,0.14226938627799202,0.13868947478979865,0.14481510952970345,0.14212109145766227,0.640881078753707
2019-10-18 00:00:00+01:00,0.14090858359969505,0.13542453236469454,0.14332462949353353,0.14056554312718483,0.5593147884950713
2019-10-21 00:00:00+01:00,0.13789528938562778,0.13449864947010526,0.14249849394649305,0.1377622677602688,0.5655855718006593
2019-10-22 00:00:00+01:00,0.14110287804204602,0.13542453236469454,0.1440699313111058,0.14088955903548817,0.5545438840828333
2019-10-23 00:00:00+01:00,0.13899690921048347,0.13454735405818896,0.14061917153584824,0.13897760556817818,0.6070124702177919
2019-10-24 00:00:00+01:00,0.14124872247078257,0.13583052786230843,0.1446530712738432,0.14155390908936938,0.5624260202303549
2019-10-25 00:00:00+01:00,0.14124872247078257,0.13609053352592082,0.1448798753924576,0.14097065572982137,0.6021183565378543
2019-10-28 00:00:00+00:00,0.14309550844890362,0.1405250057162828,0.14718029950997957,0.14304467896278794,0.5741711221808724
2019-10-29 00:00:00+00:00,0.14703219565203152,0.14071994799886722,0.14951323015785323,0.14677141821182027,0.597653552625248
2019-10-30 00:00:00+00:00,0.1456875841772638,0.13951794850822052,0.14965895334905022,0.14531316118994053,0.6122209433734446
2019-10-31 00:00:00+00:00,0.1441971282737593,0.13766618271904196,0.13739533947817995,0.1439358772393844,0.5664787605550258
2019-11-01 00:00:00+00:00,0.13160964170102551,0.12761122584986717,0.1350949153606582,0.13108650161593816,0.5671819944520782
2019-11-04 00:00:00+00:00,0.1347362743397975,0.13367017575168338,0.1398416103858735,0.13471607317938217,0.4659564738606127
2019-11-05 00:00:00+00:00,0.14264190755613804,0.1431078360477156,0.14706695925015967,0.14239652352317167,0.6115821604854264
2019-11-06 00:00:00+00:00,0.14967284499097921,0.14284795431435282,0.14995064692939364,0.1497205687301284,0.6474434214386183
2019-11-07 00:00:00+00:00,0.14614118507002938,0.1469413704578788,0.14716410804429092,0.1459451220152923,0.6439991208590659
2019-11-08 00:00:00+00:00,0.15194084945480757,0.14754230823807735,0.1540655039958312,0.15179459196309497,0.5461229367022054
2019-11-11 00:00:00+00:00,0.15095256805465662,0.14388748124780415,0.15118181631659722,0.15101675598635156,0.6308739938408843
2019-11-12 00:00:00+00:00,0.14829572751217945,0.14469972010353138,0.15249406663121845,0.14803533986252382,0.5724917798529403
2019-11-13 00:00:00+00:00,0.1474857965447971,0.142311832054683,0.14748818455601143,0.14724130927151546,0.5531248015290517
2019-11-14 00:00:00+00:00,0.1440837898490548,0.13769865244443125,0.1409594395132574,0.14408162876776665,0.5723346928864985
2019-11-15 00:00:00+00:00,0.139207518453337,0.13761735420070864,0.1438593186581798,0.1391233570965602,0.5514989454253773
2019-11-18 00:00:00+00:00,0.1427229871707576,0.14104489311325796,0.1448798753924576,0.14247749659449505,0.5355817661613216
2019-11-19 00:00:00+00:00,0.1423665334991675,0.13726006329117846,0.14384312719249137,0.14187804862068232,0.6089979493406347
2019-11-20 00:00:00+00:00,0.13919132724980776,0.13548947181547266,0.14232026422494415,0.13836183935709112,0.5740308239976581
2019-11-21 00:00:00+00:00,0.139207518453337,0.1345635889208836,0.14102420537601157,0.13889650887384497,0.5482649275879284
2019-11-22 00:00:00+00:00,0.14071416556037075,0.13542453236469454,0.14424803743367987,0.1406303215842437,0.584056265100897
2019-11-25 00:00:00+00:00,0.14314408205949136,0.13930677136294145,0.1478445204001344,0.14297990050572928,0.5946649649589713
2019-11-26 00:00:00+00:00,0.14742090813370656,0.1427991257960195,0.15072820807936838,0.14722511465725074,0.6000928399105165
2019-11-27 00:00:00+00:00,0.1488951728336818,0.146405248198209,0.15369285308704517,0.14892653813912005,0.6167990382887196
2019-11-28 00:00:00+00:00,0.15362559980066282,0.14884184083514107,0.15827763345537504,0.15330143282776865,0.594307386298144
2019-11-29 00:00:00+00:00,0.1559097954680202,0.15077490486804201,0.1596060752356847,0.15565101174925444,0.6178138902658876
2019-12-02 00:00:00+00:00,0.15615278711793246,0.15171702262532594,0.15270467928414444,0.15602373512336154,0.5999443383283217
2019-12-03 00:00:00+00:00,0.14776117060176763,0.1433352480556893,0.1446206883424661,0.14771132395422026,0.582590771439629
2019-12-04 00:00:00+00:00,0.14218830666337245,0.13823465077385144,0.14348666774939378,0.14173217346929046,0.5064847121294255
2019-12-05 00:00:00+00:00,0.1449099120199664,0.13981029996697258,0.14739091216290534,0.14463261652179482,0.5266838775649542
2019-12-06 00:00:00+00:00,0.14354910934166942,0.1385270022326035,0.14539824949244085,0.14310945741984682,0.6049460922793777
2019-12-09 00:00:00+00:00,0.14129729608137032,0.1339462923477408,0.1434542848180167,0.14131086625238942,0.565890789083544
2019-12-10 00:00:00+00:00,0.14103811322792903,0.13597676555680915,0.14494464125521178,0.14058173774144955,0.5634479529782228
2019-12-11 00:00:00+00:00,0.14382460699561328,0.13649652902353493,0.14684015513154525,0.14353076463674785,0.5728814631402197
2019-12-12 00:00:00+00:00,0.14009852903533915,0.14487842752342117,0.1439240845209342,0.1400470682246957,0.6053923089025733
2019-12-13 00:00:00+00:00,0.1542412363256942,0.15132713806015685,0.15610674106336164,0.15404687957598284,0.5485809748769985
2019-12-16 00:00:00+00:00,0.1536903646147798,0.15088854890690406,0.15845573957794912,0.15383622596753233,0.7031147219184376
2019-12-17 00:00:00+00:00,0.15680080605002233,0.15022254774567778,0.1602215981297992,0.15668796155423292,0.577476059920282
2019-12-18 00:00:00+00:00,0.15600706628616923,0.15012513856951015,0.1591686584641443,0.1557157902063131,0.6043438040091105
2019-12-19 00:00:00+00:00,0.156363396360786,0.1509047837695987,0.1562038898574929,0.15628297257460622,0.5708083409405557
2019-12-20 00:00:00+00:00,0.15386859145057485,0.14798089739133014,0.15691680874368807,0.15356079390202293,0.584294936961121
2019-12-23 00:00:00+00:00,0.1555209593893716,0.14802960197941384,0.1581965525279574,0.15544035814080392,0.5554738192360894
2019-12-24 00:00:00+00:00,0.15373906182234087,0.1469738401832681,0.15795355694365454,0.15354459928775843,0.5958169920911682
2019-12-25 00:00:00+00:00,0.1536903646147798,0.1527240798333882,0.15774294429072855,0.15356079390202293,0.562706556374109
2019-12-26 00:00:00+00:00,0.15357702619007507,0.15109972605218336,0.15866635223087489,0.1533339456793077,0.5794661234012801
2019-12-27 00:00:00+00:00,0.15625005793608127,0.14954031172175664,0.15962226670137336,0.15613709742321435,0.577333447094722
2019-12-30 00:00:00+00:00,0.154630072404343,0.14713631274046346,0.14904343045493573,0.1542899224129628,0.6039245226984202
2019-12-31 00:00:00+00:00,0.14539589531979047,0.13787723593407164,0.14411850570817153,0.14529696657567603,0.5631387785981551
2020-01-01 00:00:00+00:00,0.14235034229563825,0.17916906006961164,0.1467266912727505,0.14218586991472115,0.5004442361518334
2020-01-02 00:00:00+00:00,0.14290109040957932,0.13774735703251495,0.14010079743586523,0.14270434481721028,0.551896592915011
2020-01-03 00:00:00+00:00,0.1400823378318099,0.13272805799439946,0.13514348975772372,0.13994977691609778,0.5839029651328866
2020-01-06 00:00:00+00:00,0.13131807644052573,0.13043770305196833,0.13525683001754363,0.1305679030904392,0.5550040083353752
2020-01-07 00:00:00+00:00,0.13799256020377682,0.13380005465324007,0.1407488268603314,0.13772987853173935,0.4963619676040975
2020-01-08 00:00:00+00:00,0.13097781397246466,0.1414671234735665,0.13096374322955717,0.1314105175242415,0.6429955877999964
2020-01-09 00:00:00+00:00,0.1483282335162115,0.14937783916456127,0.1535147469644711,0.14785707548260252,0.5233725397688269
2020-01-10 00:00:00+00:00,0.1556182302075204,0.1509860820133213,0.1601082578699793,0.15557003867793107,0.7254672222299718
2020-01-13 00:00:00+00:00,0.15618516952499073,0.15520937705840399,0.1613394272571831,0.15652601541158595,0.6472229519153946
2020-01-14 00:00:00+00:00,0.1637344726667147,0.1590429114685672,0.16715537701271654,0.16342862977863182,0.5877031112577158
2020-01-15 00:00:00+00:00,0.16169326864926914,0.156200323334021,0.16555155671672672,0.16119253678000867,0.6397925576000401
2020-01-16 00:00:00+00:00,0.16172565105632764,0.15902667660587255,0.1669123814284137,0.16166255146271347,0.5598111765768617
2020-01-17 00:00:00+00:00,0.1664722692268379,0.1607323286308,0.16986083497040183,0.16639397491120467,0.583430662031567
2020-01-20 00:00:00+00:00,0.16689348771254497,0.15972514749248812,0.17076805144485974,0.16647494798252804,0.6206528349859941
2020-01-21 00:00:00+00:00,0.1666343048591037,0.15980644573621072,0.16668557730979905,0.16636146205966562,0.5800294384746266
2020-01-22 00:00:00+00:00,0.16242224359900548,0.15751609079377937,0.16628054346963572,0.1620675404423404,0.5783353926062598
2020-01-23 00:00:00+00:00,0.15945764659249928,0.15220431636666243,0.15707872340057372,0.1591509027755713,0.5419154856451555
2020-01-24 00:00:00+00:00,0.1566874676253176,0.15051502313467924,0.15766198696228573,0.1562991671888707,0.5538530813317131
2020-01-27 00:00:00+00:00,0.14452119953829112,0.14216571829043168,0.14970765134509056,0.1441465308478349,0.554379016488807
2020-01-28 00:00:00+00:00,0.14638417671994142,0.14307536632232631,0.14886520073338683,0.14605848431514512,0.47285043018344364
2020-01-29 00:00:00+00:00,0.14964033898694717,0.1436925389652195,0.15262372195570162,0.14949372050741316,0.5961907940886314
2020-01-30 00:00:00+00:00,0.14746960534126785,0.14063877368539424,0.14716410804429092,0.14714414158592737,0.6095959853855654
2020-01-31 00:00:00+00:00,0.1460601054554096,0.14188947776412464,0.142044885709264,0.1453617450327347,0.5586592922887794
2020-02-03 00:00:00+00:00,0.1375064533069792,0.136707706168814,0.1424497959504527,0.13717901440072078,0.5636268470780019
2020-02-04 00:00:00+00:00,0.14121634006372408,0.14713631274046346,0.1455602877483011,0.14106782341540947,0.5071877247969058
2020-02-05 00:00:00+00:00,0.1547272196255185,0.1535687884145045,0.15777532722210563,0.15459774370700163,0.6137662424610929
2020-02-06 00:00:00+00:00,0.16055926641735496,0.15594044160065823,0.16537332699517782,0.160544504963402,0.6988904085626818
2020-02-07 00:00:00+00:00,0.16300549771697836,0.1559240828077142,0.16132323579149443,0.16303983541326983,0.6314757009836902
2020-02-10 00:00:00+00:00,0.15772419903908297,0.15415361526225801,0.16261929464042701,0.1578060080535446,0.6011343362211001
2020-02-11 00:00:00+00:00,0.1598141002640896,0.15551808731010008,0.16474148903640007,0.15976666898665837,0.5336420534396026
2020-02-12 00:00:00+00:00,0.161093823327767,0.15823079654308958,0.16551917378534964,0.1610143960230972,0.5964874970960822
2020-02-13 00:00:00+00:00,0.1614178945922986,0.1558916130823249,0.16289467315610717,0.16106297986589113,0.5902344858233256
2020-02-14 00:00:00+00:00,0.16026770115685518,0.1547707879051512,0.16414215760797424,0.15963711207254083,0.5797485488042826
2020-02-17 00:00:00+00:00,0.16012185672811863,0.15551808731010008,0.16440134465796574,0.1601717815892949,0.5668649150730746
2020-02-18 00:00:00+00:00,0.16096429369953302,0.15529067530212637,0.16334828139333624,0.16080374241464668,0.5839996545620435
2020-02-19 00:00:00+00:00,0.16256808802774203,0.1774147034566005,0.16675034317255322,0.16224580482226147,0.5848487976591116
2020-02-20 00:00:00+00:00,0.18320705224555311,0.19177412968433094,0.18695222479390483,0.18316454877786903,0.591926459664452
2020-02-21 00:00:00+00:00,0.19560012077896238,0.1914817782255791,0.1934971613023475,0.19522001743331674,0.7619886780659437
2020-02-24 00:00:00+00:00,0.18892563701571152,0.18318117796941524,0.17718345622779386,0.18878717050295646,0.6833715899549702
2020-02-25 00:00:00+00:00,0.17777990913892094,0.17307764044240614,0.1695530735233446,0.1774447593671935,0.524172774979952
2020-02-26 00:00:00+00:00,0.16825429039084194,0.16745727969384272,0.17131893207519466,0.16819256607866206,0.4817351529376083
2020-02-27 00:00:00+00:00,0.1695341370514929,0.16256785955728392,0.16417454053935132,0.16944016949209106,0.49921650038109017
2020-02-28 00:00:00+00:00,0.1581939911353778,0.15070984148701427,0.13292402296864458,0.15804917451353417,0.5901819664911295
2020-03-02 00:00:00+00:00,0.12731662442328107,0.1328417020332615,0.12704330735035696,0.12624159224458453,0.4802568216476753
2020-03-03 00:00:00+00:00,0.13857569072477638,0.13103864083216687,0.12390043262113126,0.13904238402523683,0.30092089478062806
2020-03-04 00:00:00+00:00,0.11625197616111005,0.11843344728719774,0.12109770227034011,0.11554733654843807,0.6934080660550472
2020-03-05 00:00:00+00:00,0.12571283009507206,0.11814109582844567,0.11234961403748156,0.1259175763362812,0.37145472924760725
2020-03-06 00:00:00+00:00,0.10316231508502294,0.0967480082859764,0.08785464562814349,0.1027627393820505,0.6723162234677883
2020-03-09 00:00:00+00:00,0.0660964479094992,0.06297726313676133,0.027702609001317713,0.06533265901102325,0.3729236471778534
2020-03-10 00:00:00+00:00,0.052083393844351455,0.07811645849482995,0.051290360936197876,0.05194849024781334,0.2411877999656798
2020-03-11 00:00:00+00:00,0.08388415354550882,0.07961080944422849,0.07364694348387446,0.08296204192575463,0.45572678813415396
2020-03-12 00:00:00+00:00,0.07690191331822893,0.08667694048435659,0.057754340116197955,0.0752492023534359,0.8680155133314339
2020-03-13 00:00:00+00:00,0.07801972434661386,0.11518473972478804,0.08291352941569086,0.07622137370135573,0.5088369935704995
2020-03-16 00:00:00+00:00,0.10831396053771103,0.11612685748207197,0.09030091653583727,0.10989232559482143,0.5882490621133786
2020-03-17 00:00:00+00:00,0.10312993267796444,0.11664662094879752,0.10539964368887578,0.10157991442568015,0.8882638342533271
2020-03-18 00:00:00+00:00,0.12067464666406202,0.13170464199339316,0.1164158967068536,0.12105647235066308,0.5045409743109329
2020-03-19 00:00:00+00:00,0.1380249426108353,0.15852314800184164,0.13971195506139034,0.13698455540653476,0.7553924987913001
2020-03-20 00:00:00+00:00,0.18479465537023287,0.17798317151140997,0.1588121990210467,0.18447705427136651,0.7217023632339932
2020-03-23 00:00:00+00:00,0.17027930320475826,0.1781781137939944,0.16375331523349956,0.17104430166536266,1.0
2020-03-24 00:00:00+00:00,0.1777313355283332,0.18041976414834204,0.17076805144485974,0.1769586736932336,0.46347384830826593
2020-03-25 00:00:00+00:00,0.18179755235969486,0.18335988538930503,0.1811038921069943,0.1817062917559893,0.6307150602626164
2020-03-26 00:00:00+00:00,0.17763418830715771,0.17143692786825704,0.15856920343674363,0.17775258066123212,0.6204410595913389
2020-03-27 00:00:00+00:00,0.1497376098050962,0.14593418931956714,0.13464130712342914,0.14912099713330607,0.5451729406124278
2020-03-30 00:00:00+01:00,0.12224605858521254,0.12843969956828882,0.12279879495943602,0.1216398493332207,0.33146796989415334
2020-03-31 00:00:00+01:00,0.13224146942958637,0.13534323412097193,0.12785325143170878,0.13171846244128993,0.3375742932818271
2020-04-01 00:00:00+01:00,0.12253762384571232,0.12210463307041519,0.12078994082328287,0.12317920304943342,0.6693847779398819
2020-04-02 00:00:00+01:00,0.11976744487853064,0.12342027659992394,0.12087089815172569,0.11911212965482343,0.5034579767248563
2020-04-03 00:00:00+01:00,0.1320956250008496,0.13469346782244007,0.13349109506466816,0.13116747468726153,0.5430134590848523
2020-04-06 00:00:00+01:00,0.142334151092109,0.14575548189967713,0.1475205674873885,0.14238032890890695,0.6872051942851418
2020-04-07 00:00:00+01:00,0.1489275552407403,0.1420844200467093,0.147471993090323,0.14921816481889416,0.6789746574879023
2020-04-08 00:00:00+01:00,0.14210735064572622,0.14122347660289836,0.1448313009953921,0.14169978424076124,0.6397061966781861
2020-04-09 00:00:00+01:00,0.14589819342011734,0.14096359486953558,0.14235264715632123,0.14609087354367456,0.5131889861845017
2020-04-10 00:00:00+01:00,0.14026056466760495,0.13293923513967854,0.14185046452202665,0.1402414035958719,0.618114949928757
2020-04-13 00:00:00+01:00,0.13700427880362565,0.1298041716161309,0.12944100386098478,0.13659563741816294,0.5277782954627389
2020-04-14 00:00:00+01:00,0.12537269122398453,0.1197005101588724,0.12150273611050344,0.12504257267394947,0.547090573945269
2020-04-15 00:00:00+01:00,0.11681891547858037,0.12112992165749259,0.11918612052729305,0.11663287019621071,0.47696735430595083
2020-04-16 00:00:00+01:00,0.1251133847735697,0.12502851944868376,0.12333336052510768,0.12481572445123423,0.5043229856745521
2020-04-17 00:00:00+01:00,0.1302650302262578,0.12285180854511468,0.12527744879850666,0.13026008179640058,0.6526555614731278
2020-04-20 00:00:00+01:00,0.12629608421304495,0.12290051313319839,0.13007271822078792,0.12580409041341878,0.6278852506831258
2020-04-21 00:00:00+01:00,0.12600439535557184,0.12072380222962908,0.1251154105426464,0.12578789579915406,0.5397022791841646
2020-04-22 00:00:00+01:00,0.12728424201622257,0.12265686626253003,0.12884154883358412,0.12663051023295635,0.579179649198012
2020-04-23 00:00:00+01:00,0.12828859102292922,0.12329039769836725,0.12599024408572723,0.12812128010637513,0.5868355722181345
2020-04-24 00:00:00+01:00,0.12564806528095507,0.11971674502156682,0.12701092441897988,0.12575550657062462,0.5926071920398369
2020-04-27 00:00:00+01:00,0.12329898120250715,0.11754003411799774,0.12032014112036538,0.1229685494409829,0.5582623016006389
2020-04-28 00:00:00+01:00,0.11976744487853064,0.11295932423313504,0.11322432398158777,0.11953331324871508,0.5544789947678502
2020-04-29 00:00:00+01:00,0.1111165219119512,0.10360296218082543,0.1100166833896079,0.11075101101987861,0.5486507498308181
2020-04-30 00:00:00+01:00,0.1086702906123278,0.1092882623801672,0.11085913400131164,0.10862840394411788,0.5007517682655773
2020-05-01 00:00:00+01:00,0.12007520134255967,0.11401520995953063,0.11400200873053712,0.1195658261002539,0.5602373512059382
2020-05-04 00:00:00+01:00,0.11110033070842196,0.10842731893635627,0.1150063739991265,0.11070242717708467,0.6777951017668237
2020-05-05 00:00:00+01:00,0.10999871088356628,0.10573084456606119,0.11196077166300689,0.11003807712320346,0.500027707029394
2020-05-06 00:00:00+01:00,0.10591630284867537,0.09829118775370849,0.1045086186801063,0.1060682950371914,0.5733499556104064
2020-05-07 00:00:00+01:00,0.10233606931713779,0.10178366611703593,0.10637162602608785,0.10183915187692483,0.5436126748399086
2020-05-08 00:00:00+01:00,0.10525209271305602,0.10298566560768263,0.10789448899363485,0.10456133054950789,0.5411919581581262
2020-05-11 00:00:00+01:00,0.1135951356186331,0.11935933018178702,0.11667508375684532,0.11363525945811825,0.6039288595149562
2020-05-12 00:00:00+01:00,0.12465978388080412,0.11846591701258702,0.12381947529268866,0.1241189851688238,0.6612106123156414
2020-05-13 00:00:00+01:00,0.11777481447167304,0.11161108704798761,0.11646447110391933,0.11718385795023889,0.6734376328987725
2020-05-14 00:00:00+01:00,0.11374098004736966,0.11019791041206184,0.11683712201270557,0.11386210768083349,0.5174410527115542
2020-05-15 00:00:00+01:00,0.12098240312809105,0.11455120828895082,0.11831128698421223,0.12086201335647706,0.5495652349779966
2020-05-18 00:00:00+01:00,0.11884392829249668,0.11557462428995713,0.12140558731637219,0.1183180990638153,0.6421547509483966
2020-05-19 00:00:00+01:00,0.12124158598153234,0.12497969093035044,0.12526125733281823,0.12112125080772174,0.5565818696045122
2020-05-20 00:00:00+01:00,0.1284020530446075,0.12337157201184024,0.12592547822297306,0.12807257264057137,0.6044203977382645
2020-05-21 00:00:00+01:00,0.12483801071659917,0.12129239421468796,0.1296353014492475,0.12452409777146034,0.6414583521721946
2020-05-22 00:00:00+01:00,0.12540507363104303,0.11987921757876219,0.12573105703573573,0.125172129588067,0.5477322143957103
2020-05-25 00:00:00+01:00,0.12712220638395677,0.12007415986134684,0.13052632645801676,0.1268573584556716,0.5851051372051173
2020-05-26 00:00:00+01:00,0.1263122754165742,0.1224132193918619,0.1268488861631194,0.12607952247892817,0.594352432662012
2020-05-27 00:00:00+01:00,0.12305598955259489,0.12267310112522467,0.12634670352882482,0.12290364736091441,0.5723941809156076
2020-05-28 00:00:00+01:00,0.1281428701911662,0.12208839820772077,0.1297001909109763,0.12787811364638557,0.5510171461373727
2020-05-29 00:00:00+01:00,0.1252754204058355,0.12072380222962908,0.1217781146261836,0.12536658858225302,0.6237427419093318
2020-06-01 00:00:00+01:00,0.12670098789824946,0.12134109880277166,0.1267030393729478,0.12641985662450583,0.5569616102831068
2020-06-02 00:00:00+01:00,0.12397938254165553,0.13446605581446636,0.12869570204341252,0.12382723486604008,0.5887157292547299
2020-06-03 00:00:00+01:00,0.14458596435240811,0.1395991228216935,0.14334082095922196,0.14425989314768772,0.5562202437690049
2020-06-04 00:00:00+01:00,0.1472266136913558,0.14250677433726744,0.14654858515017644,0.14733860058011317,0.7616775752951969
2020-06-05 00:00:00+01:00,0.14947842695165492,0.15376373069708893,0.1534984318998076,0.14978534718718706,0.6064818611106388
2020-06-08 00:00:00+01:00,0.15709237131052212,0.14976772372973035,0.14321128923371362,0.15762786729663292,0.6008695954079873
2020-06-09 00:00:00+01:00,0.13731215886462822,0.12977170189074183,0.1307856371069831,0.1377784623745335,0.64828819848493
2020-06-10 00:00:00+01:00,0.128369670637549,0.12161721539882908,0.1231876373339107,0.12786191903212085,0.405546366876812
2020-06-11 00:00:00+01:00,0.11537715678263716,0.11122120248281853,0.11380758754329978,0.11463994365757713,0.49152559888345504
2020-06-12 00:00:00+01:00,0.11225052414386538,0.11648427232185177,0.11385616194036552,0.11175569521933748,0.4615955791045989
2020-06-15 00:00:00+01:00,0.12010758374961816,0.11528214890095545,0.12032014112036538,0.11998700969414555,0.5534467912909659
2020-06-16 00:00:00+01:00,0.1226671534739463,0.11760509749902548,0.1242081940681885,0.12246614552974866,0.6532977317316997
2020-06-17 00:00:00+01:00,0.12129015959212008,0.11463238260242359,0.12296083321529627,0.12159126549042654,0.6014982074002849
2020-06-18 00:00:00+01:00,0.11291473427948451,0.10953190925083534,0.11490922520499502,0.11323014685548172,0.5715099475545797
2020-06-19 00:00:00+01:00,0.11500451190751781,0.10818367206568791,0.11662650935977958,0.11504493263720383,0.5046084052810217
2020-06-22 00:00:00+01:00,0.11218575932974839,0.10750143604176698,0.11680461548235366,0.11220939166476795,0.5956193681408604
2020-06-23 00:00:00+01:00,0.11328737915460407,0.11105885385587277,0.10544821808594129,0.11337602200687358,0.5538897326090704
2020-06-24 00:00:00+01:00,0.10562473758817559,0.10714402120198696,0.11034075990132841,0.10574415550587823,0.5898056181030914
2020-06-25 00:00:00+01:00,0.11565253083960769,0.1147623854342299,0.12080613228897152,0.11566069884829089,0.5108016154961338
2020-06-26 00:00:00+01:00,0.11761277883940702,0.1132029711038034,0.11704761106665673,0.11745929001574829,0.6687533078563871
2020-06-29 00:00:00+01:00,0.11873058986779195,0.12182839254410838,0.12114640026638046,0.11848016882947165,0.5954513221913585
2020-06-30 00:00:00+01:00,0.12487039312365766,0.1225106285680293,0.1289063146963383,0.12450777953418601,0.5884683789725983
2020-07-01 00:00:00+01:00,0.13109127599414294,0.1263441629781925,0.12628181406709604,0.13097301569307573,0.6332836731951301
2020-07-02 00:00:00+01:00,0.12093382951750331,0.11918074669214662,0.12594166968866172,0.12087820797074178,0.6370012198696599
2020-07-03 00:00:00+01:00,0.12338006081712671,0.1167279191925199,0.12743214972483163,0.12300093866951234,0.48959968380036917
2020-07-06 00:00:00+01:00,0.12451406304904089,0.12004156620570794,0.1273510687974142,0.12432963877727432,0.598300678645395
2020-07-07 00:00:00+01:00,0.12085274990288353,0.12033404159470962,0.12404627941130308,0.12076484567088897,0.5911877750991025
2020-07-08 00:00:00+01:00,0.12443298343442111,0.11898580440956219,0.1265896991131279,0.12431344416300982,0.5475187880537561
2020-07-09 00:00:00+01:00,0.11942718241046979,0.11390144199041896,0.12198872727910959,0.11953331324871508,0.6110496346461275
2020-07-10 00:00:00+01:00,0.118908816703587,0.11178979446787762,0.1148930337393066,0.11877179550924577,0.5366750988338923
2020-07-13 00:00:00+01:00,0.11370859764031116,0.1125856745306606,0.11688569640977109,0.113489507929736,0.572510977890108
2020-07-14 00:00:00+01:00,0.11983220969264763,0.1142263871048097,0.12226422939376436,0.11941995094886226,0.5320444880990991
2020-07-15 00:00:00+01:00,0.11910323474291151,0.11248826535449319,0.11486065080792951,0.11891767066063763,0.6325667674629971
2020-07-16 00:00:00+01:00,0.11325499674754558,0.11073390874148203,0.11769564049112291,0.11360287022958881,0.5748299934453627
2020-07-17 00:00:00+01:00,0.11979982728558913,0.11326791055458152,0.12129212345757745,0.11945234017739148,0.5317574725896996
2020-07-20 00:00:00+01:00,0.11638162938631758,0.1156557986034299,0.12091959614776604,0.11640602197349548,0.6318363652976307
2020-07-21 00:00:00+01:00,0.1179043440999068,0.11344661797447153,0.11716107492545125,0.11812364006962928,0.5520683817020963
2020-07-22 00:00:00+01:00,0.1121209945156314,0.11081520698520464,0.11575167581669876,0.11222558627903267,0.594718651222771
2020-07-23 00:00:00+01:00,0.11782338808226056,0.11104261899317813,0.11761468316268031,0.11778342954706122,0.5265133251643845
2020-07-24 00:00:00+01:00,0.11247732459024817,0.10486990112225025,0.10021553189211985,0.11232275396462077,0.6292580475463394
2020-07-27 00:00:00+01:00,0.09822127887518839,0.09205353043200226,0.08987969122998529,0.09863076390737224,0.530419995189414
2020-07-28 00:00:00+01:00,0.08744819587351715,0.08607587877390843,0.0872389991350544,0.08676987786911994,0.4563162495614318
2020-07-29 00:00:00+01:00,0.08451598127406967,0.07874986600041756,0.08467938796754093,0.08427454741925211,0.47191724492801945
2020-07-30 00:00:00+01:00,0.0829931429635069,0.07972457741334016,0.08649382091645674,0.08305920961134272,0.5565703036558787
2020-07-31 00:00:00+01:00,0.07733932300746527,0.0879763491511707,0.07494287873383243,0.07740419865772608,0.5682257008673967
2020-08-03 00:00:00+01:00,0.09642306650765509,0.0982587180283192,0.09729946128150879,0.09657293528867017,0.5276462750027247
2020-08-04 00:00:00+01:00,0.09969541997819009,0.09440894875546135,0.099697034193162,0.09923033550419458,0.755079559930948
2020-08-05 00:00:00+01:00,0.09240542328688095,0.08908093946564999,0.09323317861213676,0.09248966727979546,0.6034170875999925
2020-08-06 00:00:00+01:00,0.09164406593008634,0.08627082105649286,0.092811953306285,0.09150130131761114,0.5183049028086915
2020-08-07 00:00:00+01:00,0.09182216916890784,0.09197235611852927,0.09569564098551897,0.09195499776304161,0.5703417070544123
2020-08-10 00:00:00+01:00,0.0965364049323596,0.09444141848085064,0.09942165567748185,0.0963136978374255,0.58344961008645
2020-08-11 00:00:00+01:00,0.09890168021433698,0.1005653078334452,0.10321255983117372,0.09861456929310752,0.6189484350115451
2020-08-12 00:00:00+01:00,0.1063537125379117,0.10750143604176698,0.11153954635715513,0.10718634153650286,0.6001878058191576
2020-08-13 00:00:00+01:00,0.11208848851159936,0.10738766807265532,0.11335397930607094,0.1120635165133761,0.656946805668751
2020-08-14 00:00:00+01:00,0.11456710221828126,0.10797249492040883,0.11134512516991779,0.1147209167289005,0.6232705657975917
2020-08-17 00:00:00+01:00,0.10815192490544523,0.10165366328522984,0.10335840662134532,0.10772101105325693,0.6032014671514947
2020-08-18 00:00:00+01:00,0.09870726217501247,0.09106270808663464,0.09268229798180183,0.09866327675891129,0.5165244078894841
2020-08-19 00:00:00+01:00,0.08633038484513222,0.08737541137097216,0.08976622737119078,0.0861703062722976,0.49773315576565047
2020-08-20 00:00:00+01:00,0.10039201252086771,0.09450635793162876,0.10042614454504584,0.10002436609520271,0.46619551823148137
2020-08-21 00:00:00+01:00,0.09357180792585362,0.09241094527178206,0.09525822421397856,0.09331608709933303,0.7056969162990591
2020-08-24 00:00:00+01:00,0.09736265070024475,0.09029929774924073,0.09909770276473595,0.09675119966859147,0.5186261550921848
2020-08-25 00:00:00+01:00,0.09880440939618795,0.10045166379458315,0.1021918794979213,0.09863076390737224,0.6105273866983114
2020-08-26 00:00:00+01:00,0.10577045841993882,0.10024048664930407,0.10514045663888405,0.10530665367471248,0.5963631394691714
2020-08-27 00:00:00+01:00,0.09684428499336217,0.10025672151199849,0.09801225656872936,0.09641098914602342,0.6397778272289887
2020-08-28 00:00:00+01:00,0.10960987480491768,0.106526848559094,0.09120813301029496,0.10906590577528363,0.49908084880450204
2020-08-31 00:00:00+01:00,0.09122284744437925,0.0926058875543665,0.09289291063472782,0.09120967463783702,0.6940694716697313
2020-09-01 00:00:00+01:00,0.09877202698912946,0.09349930072356671,0.09762341419425469,0.09880902828729332,0.4186026655796518
2020-09-02 00:00:00+01:00,0.09673082297168412,0.09611447685013919,0.10191650098224114,0.09705914458563969,0.6484389382189032
2020-09-03 00:00:00+01:00,0.10219022488840124,0.09999683977863572,0.10481638012716354,0.10211458394243422,0.5634795124445153
2020-09-04 00:00:00+01:00,0.1004083273213705,0.09933083861740921,0.10559406487611311,0.10013772839505553,0.6251456985030399
2020-09-07 00:00:00+01:00,0.10366448958837626,0.0973166002710355,0.10630686016333368,0.10378349457276448,0.5614587536117777
2020-09-08 00:00:00+01:00,0.10369687199543476,0.09743024430989755,0.10249976454395315,0.10368632688717616,0.6123094681200654
2020-09-09 00:00:00+01:00,0.09828604368930538,0.09544847568891268,0.10109036543520067,0.09822577492774531,0.5784467418731513
2020-09-10 00:00:00+01:00,0.10278967020990337,0.09588706484216547,0.10392535511839429,0.10248730731654132,0.5300208796631295
2020-09-11 00:00:00+01:00,0.10128302310286985,0.09525365733657787,0.10541583515456421,0.10106131590018119,0.6179236106754975
2020-09-14 00:00:00+01:00,0.10099145784237007,0.0939378898768195,0.09686204450996838,0.10109370512871063,0.5664398199622798
2020-09-15 00:00:00+01:00,0.09478688977238758,0.0882850594028668,0.09277957037490792,0.0941261886815965,0.5796169036648748
2020-09-16 00:00:00+01:00,0.08890614577298961,0.08147893402635131,0.08480891969304927,0.08871422056495959,0.5163197188285927
2020-09-17 00:00:00+01:00,0.08352782347089227,0.07771033906696623,0.08020807145800557,0.08354529528530263,0.5301868249188484
2020-09-18 00:00:00+01:00,0.07769577667905558,0.0727559794796293,0.07614178878863376,0.07764724149470603,0.5322447537697498
2020-09-21 00:00:00+01:00,0.07518465696834165,0.07118033028650816,0.07184870200064708,0.07503854874498539,0.5254406427477836
2020-09-22 00:00:00+01:00,0.07818175997887966,0.07611845501115067,0.07837744704340133,0.0775176845805885,0.5554086930995332
2020-09-23 00:00:00+01:00,0.08385177113845055,0.08110528432387687,0.08646143798507966,0.08309159883987216,0.6020866218567293
2020-09-24 00:00:00+01:00,0.08799894398745822,0.08349304844247563,0.09140243059855768,0.08746661715153037,0.6304270601890731
2020-09-25 00:00:00+01:00,0.08979715635499175,0.08638446509535491,0.09192092829751553,0.08958922422729132,0.6193039140343042
2020-09-28 00:00:00+01:00,0.0921948140440274,0.08575093365951769,0.09219630681319568,0.09184151184017919,0.5986711408723067
2020-09-29 00:00:00+01:00,0.08984585356255304,0.086774349660524,0.09355713152488265,0.08955683499876188,0.599827645936483
2020-09-30 00:00:00+01:00,0.09349085190820738,0.0879763491511707,0.09454530532778316,0.09329989248506854,0.5585529154329641
2020-10-01 00:00:00+01:00,0.09000776559784529,0.086774349660524,0.09469115211795498,0.08984846167853577,0.6133994688821837
2020-10-02 00:00:00+01:00,0.09187086637646913,0.08584846676593472,0.08730376499780856,0.09133923155195456,0.547972119724374
2020-10-05 00:00:00+01:00,0.0914010742801743,0.08727787826455513,0.09456162039244642,0.09080456203520071,0.5928931340147184
2020-10-06 00:00:00+01:00,0.09447900971138501,0.08703423139388677,0.0961816321541249,0.09399663176747897,0.5744616495983127
2020-10-07 00:00:00+01:00,0.0930696334225003,0.09299577211953558,0.09807702243148353,0.09291097449669672,0.6083622657777327
2020-10-08 00:00:00+01:00,0.09849665293215892,0.09263835727975578,0.10287229185376456,0.09817706746194177,0.5694662004510298
2020-10-09 00:00:00+01:00,0.09927432508945633,0.09163130007169351,0.09776926098442629,0.09903587651000856,0.627170698335982
2020-10-12 00:00:00+01:00,0.0930696334225003,0.085621054757961,0.09187235390045001,0.09278141758257918,0.5871030538699675
2020-10-13 00:00:00+01:00,0.08837158886257779,0.0852149353300975,0.09258514918767058,0.08803367589681388,0.5226998467637652
2020-10-14 00:00:00+01:00,0.09041279288002335,0.0833469346782243,0.08853505798398698,0.09015640659558422,0.536183706176246
2020-10-15 00:00:00+01:00,0.0849857733703645,0.081348931194545,0.08973384443981369,0.08479302232174146,0.5986658397371956
2020-10-16 00:00:00+01:00,0.08848505088425607,0.0821448112573282,0.09099752035736919,0.08837401004239154,0.5305148193806059
2020-10-19 00:00:00+01:00,0.08982966235902379,0.08311952267025058,0.09286052770335051,0.08945966731317379,0.6120152028695947
2020-10-20 00:00:00+01:00,0.09034802806590636,0.08714799936299844,0.09553360272965872,0.09015640659558422,0.589214298155407
2020-10-21 00:00:00+01:00,0.0904289840835526,0.08276210783047078,0.07738914964152599,0.09026976889543703,0.5856672413911068
2020-10-22 00:00:00+01:00,0.07708014015402398,0.07309703552646485,0.0791711996590645,0.07729083635787326,0.5803556637394917
2020-10-23 00:00:00+01:00,0.08122731300303188,0.07353562467971764,0.08062929676385755,0.08126061844388532,0.4612177570054289
2020-10-26 00:00:00+00:00,0.07798734193955537,0.07567986585789788,0.08223311705984737,0.07740419865772608,0.6157248418343604
2020-10-27 00:00:00+00:00,0.07959113626776437,0.07228492060098723,0.0780857534630579,0.07981855603627053,0.5440452336528335
2020-10-28 00:00:00+00:00,0.07529811899001992,0.06760667760970773,0.07358205402214546,0.07516810565910292,0.6014609311210154
2020-10-29 00:00:00+00:00,0.0717016942549531,0.07020574280383518,0.07220503784477006,0.0714413664100706,0.5367452729950037
2020-10-30 00:00:00+00:00,0.07557349304699046,0.07051432912528166,0.07397089639662013,0.07531398081049456,0.5451089451390827
2020-11-02 00:00:00+00:00,0.07644831242546335,0.07412045152747115,0.08163366203244671,0.07573528802739582,0.6149567529287409
2020-11-03 00:00:00+00:00,0.0782627159965259,0.07181386172234538,0.07879854875027847,0.07808474332587179,0.5831916907857179
2020-11-04 00:00:00+00:00,0.07473105607557606,0.0805855208571511,0.07432735583971795,0.07518430027336742,0.6008870684872704
2020-11-05 00:00:00+00:00,0.07359705384366189,0.06611220273005936,0.06481765072462364,0.07343441657171379,0.5527409128943332
2020-11-06 00:00:00+00:00,0.0599890270606922,0.0548716051631819,0.05849951833479561,0.059904372657112015,0.5632585447390194
2020-11-09 00:00:00+00:00,0.054221745082972506,0.08537740788729287,0.059406734809253514,0.05423316708923065,0.45497786643610616
2020-11-10 00:00:00+00:00,0.08535841824548407,0.08281081241855448,0.08503572381166391,0.08476063309321202,0.5267834474626223
2020-11-11 00:00:00+00:00,0.08699459498075157,0.08576729245246195,0.08811383267813522,0.08675368325485544,0.8631027072237061
2020-11-12 00:00:00+00:00,0.08960286191264077,0.08269716837969243,0.08958799764964187,0.08926520831898777,0.5975191116689845
2020-11-13 00:00:00+00:00,0.08411095399189183,0.07740162881527013,0.08161747056675805,0.08399899173073311,0.6022256168302969
2020-11-16 00:00:00+00:00,0.07732313180393602,0.07658951388979252,0.07763214522582884,0.07729083635787326,0.5313740839528235
2020-11-17 00:00:00+00:00,0.07455295283675434,0.06796409244948753,0.07291783313199063,0.07510332720204405,0.5180560542546078
2020-11-18 00:00:00+00:00,0.06901247130541766,0.06128784597452852,0.0662757478294167,0.0692700518685061,0.5592657010778755
2020-11-19 00:00:00+00:00,0.06497863688111427,0.062116319692950395,0.06716677283818595,0.0646196014913385,0.5257668583356708
2020-11-20 00:00:00+00:00,0.06318042451358097,0.05725936928178066,0.06695616018525996,0.06350155499202681,0.5364792090927657
2020-11-23 00:00:00+00:00,0.0636825990169343,0.06893867993216052,0.06664827513922811,0.0633719980779095,0.5689949487769249
2020-11-24 00:00:00+00:00,0.07555730184346121,0.07090421369045075,0.07413293465248039,0.07484408975079937,0.5781263097018183
2020-11-25 00:00:00+00:00,0.07473105607557606,0.0683051484963233,0.0760607078612161,0.07464963075661357,0.6853874845441672
2020-11-26 00:00:00+00:00,0.07267366085460125,0.06517008497277565,0.07538029550537284,0.07281865036062674,0.5775383528835654
2020-11-27 00:00:00+00:00,0.07081068367295096,0.06313961176370708,0.07021237517430556,0.07025841783069064,0.5625086984604711
2020-11-30 00:00:00+00:00,0.06817003433400326,0.06504020607121896,0.06896501432141311,0.06766591969523472,0.5557859594616924
2020-12-01 00:00:00+00:00,0.07141012899445331,0.06811020621373864,0.07473226608090644,0.07118212895882592,0.5554531911419581
2020-12-02 00:00:00+00:00,0.07121571095512902,0.07093668341583981,0.07536410403968419,0.07134407510147289,0.611749821994546
2020-12-03 00:00:00+00:00,0.07392112510819371,0.06746043991520678,0.06645397755096538,0.07375843248001712,0.5808143450641778
2020-12-04 00:00:00+00:00,0.0636825990169343,0.06273349233584358,0.06747453428524319,0.06346916576349759,0.6015403031649689
2020-12-07 00:00:00+00:00,0.06979001986574151,0.06383808265032265,0.07048787728896033,0.0695454839340155,0.48477991981169577
2020-12-08 00:00:00+00:00,0.06666351082394306,0.06192137741036574,0.07107101725169773,0.06630483035894308,0.6354984413610839
2020-12-09 00:00:00+00:00,0.06868852363785938,0.06369196888607154,0.0725776887535563,0.06852472874330151,0.549472600577256
2020-12-10 00:00:00+00:00,0.07118332854807052,0.06812644107643329,0.0754775678984787,0.07074462712766016,0.5998120271559877
2020-12-11 00:00:00+00:00,0.0692554629553297,0.06153149284519688,0.06890012485968433,0.06928624648277082,0.5997850729262171
2020-12-14 00:00:00+00:00,0.06591822107370415,0.06015078593466017,0.06384566838741157,0.06534885362528797,0.5658996164633835
2020-12-15 00:00:00+00:00,0.06672827563806005,0.061190436798361114,0.06655112634509686,0.06649928935312888,0.5430489878649198
2020-12-16 00:00:00+00:00,0.06088003764269412,0.054091836032843954,0.059763194252351104,0.060406776568346254,0.5899477090599087
2020-12-17 00:00:00+00:00,0.05785055222509783,0.05147665990627148,0.053801397706645826,0.057830349424145444,0.5231011422476542
2020-12-18 00:00:00+00:00,0.0527476039799708,0.05214253713724837,0.05760849332602613,0.052256311541852174,0.5554619914016033
2020-12-21 00:00:00+00:00,0.05799639665383438,0.05693454809763954,0.05968223692390828,0.05753872274437133,0.5276197730625988
2020-12-22 00:00:00+00:00,0.05579315700412302,0.054286778315428386,0.06003857276803126,0.05564284026831623,0.6284865984792948
2020-12-23 00:00:00+00:00,0.05887121603230727,0.05287360167950261,0.06139939747971801,0.05878632615780055,0.5617349319872541
2020-12-24 00:00:00+00:00,0.058838833625248776,0.05483901150754322,0.06361886426879715,0.05907807646058427,0.6085207835113445
2020-12-25 00:00:00+00:00,0.06039405434287004,0.053198422863643735,0.058985509503401534,0.06071459786238509,0.5820287218953043
2020-12-28 00:00:00+00:00,0.058855024828778024,0.05708066186189087,0.061998852507118674,0.05877013154353583,0.5944929439751765
2020-12-29 00:00:00+00:00,0.06152805657478422,0.05540760349260232,0.06306810723743683,0.061297974844942704,0.5613183062958832
2020-12-30 00:00:00+00:00,0.05927624331448511,0.051817715953107246,0.0549192268340295,0.059191438760436865,0.6027589136508213
2020-12-31 00:00:00+00:00,0.052504612330058764,0.04709076837374382,0.0555672562584959,0.0520943653992052,0.5598243173714061
2021-01-01 00:00:00+00:00,0.053994944636589715,0.04661970949510197,0.05917993069063887,0.053795665258064895,0.5135456394389624
2021-01-04 00:00:00+00:00,0.05428663349406282,0.04652230031893434,0.05082056123328038,0.05400631886651541,0.595159284814316
2021-01-05 00:00:00+00:00,0.052634141958292746,0.045482649455233615,0.050204914740191287,0.05215914385626408,0.5812827322628588
2021-01-06 00:00:00+00:00,0.045473674895217586,0.04955983073606496,0.04887647295988162,0.04491619534364033,0.5621506290017365
2021-01-07 00:00:00+00:00,0.05078735598017148,0.05800654475648015,0.054805886574209595,0.05052262245446304,0.5119110969717094
2021-01-08 00:00:00+00:00,0.06321280692063946,0.0600696116211874,0.06551425454615578,0.06293449624674352,0.6317323641270312
2021-01-11 00:00:00+00:00,0.06771643344123746,0.06512138038469173,0.07231850170356457,0.06781179484662636,0.6949593693158576
2021-01-12 00:00:00+00:00,0.06867233243433013,0.06398432034482338,0.07317702018198213,0.06841124282043909,0.6244280646504691
2021-01-13 00:00:00+00:00,0.06245144956384485,0.05860760646692831,0.06426689369326355,0.06231873003565647,0.5848515319615123
2021-01-14 00:00:00+00:00,0.06402286148499536,0.06185643795958762,0.06591928838631889,0.06369601398621283,0.5231648531271552
2021-01-15 00:00:00+00:00,0.06389320825978784,0.05693454809763954,0.06556295254219613,0.06355026245783058,0.5920654618833369
2021-01-18 00:00:00+00:00,0.0651082901063218,0.05755172074053272,0.06587071398925337,0.06484644971405373,0.5779767521326271
2021-01-19 00:00:00+00:00,0.06160901259243046,0.060134551071965525,0.06604894371080205,0.06152482306765794,0.5913064472727205
2021-01-20 00:00:00+00:00,0.064881489659939,0.057470546427059954,0.06301940924139648,0.06466830895714226,0.5486413185406136
2021-01-21 00:00:00+00:00,0.05935719933213135,0.05326336231442208,0.060799942452317346,0.05912666030337821,0.6084185818514628
2021-01-22 00:00:00+00:00,0.05862822438239523,0.05688584350955583,0.06353790694035433,0.05833262971237008,0.5281290023704291
2021-01-25 00:00:00+00:00,0.06308327729240548,0.05768172357233903,0.06648636048234247,0.062723842638293,0.5719643542946573
2021-01-26 00:00:00+00:00,0.06267825001022764,0.05599243034035584,0.0645098892775664,0.06244841057278361,0.6200442891270795
2021-01-27 00:00:00+00:00,0.060102365485396714,0.06153149284519688,0.06512553577065572,0.059904372657112015,0.5767765695272931
2021-01-28 00:00:00+00:00,0.06873709724844712,0.06614479638569803,0.07392232199955462,0.06865428565741905,0.555790582060441
2021-01-29 00:00:00+00:00,0.07158823223327482,0.07399044869566507,0.07640097583862526,0.07105244842169878,0.6603870985224606
2021-02-01 00:00:00+00:00,0.07818175997887966,0.07488386186486506,0.08182808321968404,0.07745278250052001,0.6014264590160924
2021-02-02 00:00:00+00:00,0.08075752090673705,0.07767786934157717,0.08505191527735234,0.08061246300426905,0.6382283849673958
2021-02-03 00:00:00+00:00,0.08309041378165571,0.07662198361518158,0.08668824210369408,0.08299443115428407,0.6082938679113279
2021-02-04 00:00:00+00:00,0.08265300409241938,0.08302198956383355,0.08748199471935747,0.08245976163753022,0.6011227284673848
2021-02-05 00:00:00+00:00,0.09193563119058612,0.0874403508217505,0.0932817530092025,0.09180912261164975,0.5744378072345894
2021-02-08 00:00:00+00:00,0.08916545222340444,0.08586470162862936,0.09047902265841135,0.08902216548200781,0.664792302303173
2021-02-09 00:00:00+00:00,0.08641134086277846,0.07873363113772291,0.08001365027076823,0.08594345804958237,0.553985962991573
2021-02-10 00:00:00+00:00,0.07596232912563905,0.07239856463984928,0.07849078730322123,0.07565419133306261,0.5512877934598833
2021-02-11 00:00:00+00:00,0.0765617744471414,0.07147268174526,0.08066167969523463,0.07630234677267911,0.48545568311507714
2021-02-12 00:00:00+00:00,0.07876489049987923,0.07780774824313363,0.08338332911860835,0.07834398077711646,0.5852730029049685
2021-02-15 00:00:00+00:00,0.08372211791324302,0.08162504779060242,0.08764403297521772,0.0834967114425087,0.5980556489435468
2021-02-16 00:00:00+00:00,0.08897103418408014,0.08914587891642811,0.09114324354856618,0.08881151187355729,0.6265425430370452
2021-02-17 00:00:00+00:00,0.10102384024942856,0.09462012590074043,0.10120370569502057,0.10041316046056492,0.6278802957013042
2021-02-18 00:00:00+00:00,0.09660129334345013,0.08995811777215534,0.09762341419425469,0.0964919622173468,0.684987361655651
2021-02-19 00:00:00+00:00,0.09355561672232438,0.08685552397399698,0.09196950269458126,0.09310543349088252,0.5438522472274941
2021-02-22 00:00:00+00:00,0.09153060390840806,0.08862611544970256,0.08791941149089788,0.09086934049225937,0.5486189194599667
2021-02-23 00:00:00+00:00,0.08292837814938991,0.08172258089701945,0.0862993997292194,0.08228149725760892,0.55900962382182
2021-02-24 00:00:00+00:00,0.08738343105940038,0.09281706469964579,0.09226107267594985,0.08712628300595271,0.5012033895039966
2021-02-25 00:00:00+00:00,0.09805924324292259,0.09593589336049879,0.10177077779104415,0.09783685693937372,0.6236178377028049
2021-02-26 00:00:00+00:00,0.10525209271305602,0.10236836903453983,0.10180316072242124,0.10488534645781122,0.6769681596805035
2021-03-01 00:00:00+00:00,0.10661289539135299,0.10384660905149357,0.11021110457684524,0.10689459123371936,0.6431814390573063
2021-03-02 00:00:00+00:00,0.11263936022251397,0.10672166691142881,0.11526568464809261,0.11253340757307129,0.597452799076565
2021-03-03 00:00:00+00:00,0.1111489043190097,0.10979179098419811,0.115476173702044,0.11102656670839761,0.6301420445259485
2021-03-04 00:00:00+00:00,0.11608994052884425,0.11784874436969384,0.11983414995175923,0.11588754707100613,0.5657883228311362
2021-03-05 00:00:00+00:00,0.13070243991549413,0.13367017575168338,0.13370158411861932,0.13042215156205694,0.6230274056337943
2021-03-08 00:00:00+00:00,0.13774956855386478,0.13904688962957867,0.14160746893772358,0.13794053214018986,0.7096334310510257
2021-03-09 00:00:00+00:00,0.14633560310935367,0.1437412435533032,0.14559267067967818,0.14636642923219356,0.6461696788562002
2021-03-10 00:00:00+00:00,0.1404711739104587,0.13872194451518793,0.1420123791789123,0.14050076467012618,0.6539177686297469
2021-03-11 00:00:00+00:00,0.1383974638889811,0.13680523927523103,0.14240122155338697,0.13815118574864038,0.5276436568126225
2021-03-12 00:00:00+00:00,0.14063308594575097,0.14242560002379445,0.14492844978952335,0.1401442359102838,0.5585536628493293
2021-03-15 00:00:00+00:00,0.1493811561335059,0.14580431041801045,0.1516030416224492,0.14925055404742338,0.5969662047128871
2021-03-16 00:00:00+00:00,0.14946223574812567,0.14450477782094673,0.14920534511182115,0.14952610973594238,0.6598404780107536
2021-03-17 00:00:00+00:00,0.1479070150305044,0.14450477782094673,0.15294767486844751,0.14782468625407308,0.581747882460031
2021-03-18 00:00:00+00:00,0.1460764202559124,0.14463465672250342,0.14774737160600315,0.14558859325544993,0.5643601423420472
2021-03-19 00:00:00+00:00,0.14643275033052916,0.14166206575615115,0.14643512129138192,0.14623674869506642,0.5596388296366556
2021-03-22 00:00:00+00:00,0.14555793095205627,0.13917676853113536,0.14658096808155352,0.1452645773471466,0.5850372089584209
2021-03-23 00:00:00+00:00,0.14392175421678877,0.13789359472701568,0.1432436721650907,0.14372522363093387,0.5707579183620826
2021-03-24 00:00:00+00:00,0.13980696377483937,0.13906312449227332,0.1438917015895569,0.13957705354199068,0.5657528270284836
2021-03-25 00:00:00+00:00,0.1440350926414935,0.14309160118502096,0.1492215365775098,0.1439520718536491,0.5427211440020852
2021-03-26 00:00:00+00:00,0.15048277595836157,0.1535687884145045,0.1549727204702891,0.15025523824688225,0.6180196352746867
2021-03-29 00:00:00+01:00,0.16013804793164788,0.15267537524530428,0.15894185434552988,0.1601717815892949,0.6349351164563756
2021-03-30 00:00:00+01:00,0.16098048490306227,0.16307138816131506,0.16548679085397255,0.16090091010023477,0.6665032193783722
2021-03-31 00:00:00+01:00,0.16848109083722473,0.17174563811995336,0.17342493500547906,0.16850038737270068,0.5856982652481685
2021-04-01 00:00:00+01:00,0.17569013151088764,0.1699912815069422,0.17804209830518625,0.175710946656795,0.645733593219592
2021-04-02 00:00:00+01:00,0.1737785807186496,0.16835069286304272,0.17510983622888654,0.17349104827243633,0.6420670404219798
2021-04-05 00:00:00+01:00,0.17458851168603196,0.16783080546606755,0.1682246317430347,0.17452812170042464,0.5600850797660317
2021-04-06 00:00:00+01:00,0.16687729650901573,0.16516680082116175,0.16388297055798273,0.16668560159097856,0.5883230323501275
2021-04-07 00:00:00+01:00,0.16021900394929411,0.15520937705840399,0.16231153319336977,0.16020417081782434,0.5113113261784286
2021-04-08 00:00:00+01:00,0.16175803346338613,0.15454337589717748,0.15273706221552152,0.16116014755147945,0.5228682150690108
2021-04-09 00:00:00+01:00,0.15279935403277767,0.15548561758471102,0.1563173537162874,0.15270198485395614,0.5876812848809007
2021-04-12 00:00:00+01:00,0.15918227253552875,0.15238302378655244,0.15672238755645074,0.15860003864455274,0.5054214065371658
2021-04-13 00:00:00+01:00,0.1536903646147798,0.15215561177857873,0.153417474571365,0.1534149187506313,0.631103899781482
2021-04-14 00:00:00+01:00,0.14618975868061712,0.14132100970931538,0.14891377513045256,0.1461233863952136,0.5339541366155892
2021-04-15 00:00:00+01:00,0.1456875841772638,0.13922547311921907,0.1466457339443077,0.14563717709824409,0.5153363298288207
2021-04-16 00:00:00+01:00,0.1419453150134602,0.13938794567641444,0.1466457339443077,0.1423155504518483,0.575039602775975
2021-04-19 00:00:00+01:00,0.14257714274202105,0.1360417050075875,0.13663396979389386,0.1428016361258082,0.5500462071091841
2021-04-20 00:00:00+01:00,0.13303533279041302,0.1322569991157576,0.13619655302235345,0.1327392176320037,0.5836166011861313
2021-04-21 00:00:00+01:00,0.13347274247964935,0.128163459041982,0.1347708388489377,0.1333064000002966,0.4904880936243751
2021-04-22 00:00:00+01:00,0.13177167733329154,0.12679898699413994,0.13366920118724224,0.13178324089834859,0.584360144108209
2021-04-23 00:00:00+01:00,0.1302974126333163,0.12577569492338325,0.1279343323591262,0.13079475131315443,0.5658039535034803
2021-04-26 00:00:00+01:00,0.12940640205131415,0.12681522185683458,0.13088278590111435,0.12910964606855946,0.5705422223328469
2021-04-27 00:00:00+01:00,0.13437994426518074,0.13303664431584616,0.13815670916246625,0.13442444649960827,0.564344994009147
2021-04-28 00:00:00+01:00,0.14328992648822791,0.14115853715212,0.14807132451874883,0.14330391641403262,0.6266132059024418
2021-04-29 00:00:00+01:00,0.13951527491736604,0.14357889492635745,0.14361632307387695,0.13933401070501095,0.6580908582904237
2021-04-30 00:00:00+01:00,0.14615737627355863,0.145430660715536,0.14807132451874883,0.14579924686390044,0.5442857486546803
2021-05-03 00:00:00+01:00,0.1523782591440439,0.15127843347207315,0.15119800778228587,0.15194034349147723,0.6365148395590587
2021-05-04 00:00:00+01:00,0.1489275552407403,0.14783478362707902,0.15348224043411918,0.14876446837346347,0.6334485038264563
2021-05-05 00:00:00+01:00,0.15281554523630692,0.14754230823807735,0.15518333312321508,0.15268579023969142,0.5514305478982248
2021-05-06 00:00:00+01:00,0.15059623798003985,0.14682760248876714,0.15346604896843052,0.15090339368649874,0.6138265663879842
2021-05-07 00:00:00+01:00,0.14776117060176763,0.144537247546336,0.14214203450339546,0.14816502039965096,0.5636759509453573
2021-05-10 00:00:00+01:00,0.14105430443145828,0.14075241772425628,0.14604627891690725,0.14041966797579297,0.5552590007047628
2021-05-11 00:00:00+01:00,0.14486133840937865,0.13946924392013682,0.14266040860337847,0.14482707551598084,0.5111518335154922
2021-05-12 00:00:00+01:00,0.1429821700241991,0.14872819679627902,0.14727757190308566,0.14273673404573972,0.6182874365315595
2021-05-13 00:00:00+01:00,0.15924703734964574,0.15264290551991522,0.16043221078272518,0.15811395297059283,0.560890659144228
2021-05-14 00:00:00+01:00,0.1559421778750787,0.15048242947904056,0.15644700904077058,0.1557157902063131,0.7150865824009284
2021-05-17 00:00:00+01:00,0.15420885391863592,0.14807843049774716,0.15385489134290542,0.15403068496171812,0.5583343145150159
2021-05-18 00:00:00+01:00,0.15200561426892456,0.14450477782094673,0.1501936425136967,0.151275993437596,0.5645553538321015
2021-05-19 00:00:00+01:00,0.14521779208096874,0.14526818815834064,0.14598151305415286,0.14521586988134283,0.5551582981148705
2021-05-20 00:00:00+01:00,0.1517626226190123,0.14461842185980878,0.14871935394321523,0.15177839734883025,0.5260784380591881
2021-05-21 00:00:00+01:00,0.14479657359526166,0.1395991228216935,0.14638654689431618,0.1450863129672253,0.6371819074365206
2021-05-24 00:00:00+01:00,0.14615737627355863,0.13974536051619424,0.14782832893444575,0.1460422897008804,0.5205425750727699
2021-05-25 00:00:00+01:00,0.14468311157358338,0.1409311251441463,0.14590055572571026,0.14494043781583366,0.5877529119295736
2021-05-26 00:00:00+01:00,0.14414855466317156,0.14224689260390466,0.14824955424029773,0.1441465308478349,0.5696141939271806
2021-05-27 00:00:00+01:00,0.15059623798003985,0.1536987912463108,0.15338509163998792,0.1501093630954904,0.5723235187344723
2021-05-28 00:00:00+01:00,0.16117490294238657,0.15944903089643092,0.1655839396481038,0.1604634082690688,0.6319266392677358
2021-05-31 00:00:00+01:00,0.16242224359900548,0.15509573301954194,0.15865016076518645,0.16205134582807568,0.670356931024785
2021-06-01 00:00:00+01:00,0.15527796773945957,0.15127843347207315,0.1581155951995148,0.155343066832206,0.5932039433095243
2021-06-02 00:00:00+01:00,0.15535904735407913,0.1543647924075371,0.1605456746415197,0.155343066832206,0.5207402254565052
2021-06-03 00:00:00+01:00,0.1571410685180834,0.16130079668560926,0.16216568640319817,0.15699590647128137,0.5793240160875318
2021-06-04 00:00:00+01:00,0.16836775241252022,0.16151197383088856,0.15873124169260389,0.1678684265473489,0.5938129381571066
2021-06-07 00:00:00+01:00,0.15777289624664403,0.15028761112670552,0.15571789868888675,0.15735231160811392,0.6745446721471836
2021-06-08 00:00:00+01:00,0.15220003230824886,0.14900431339233644,0.15604197520060725,0.15179459196309497,0.4877851759479856
2021-06-09 00:00:00+01:00,0.15544000337172537,0.1503687854401785,0.15651177490352475,0.154954272466844,0.5306597214393853
2021-06-10 00:00:00+01:00,0.1580968439142023,0.15274031469608262,0.15968703256412753,0.1572389493082611,0.6070775326037303
2021-06-11 00:00:00+01:00,0.15390097385763335,0.15360125813989356,0.15796974840934297,0.15398197749591458,0.5993560625396761
2021-06-14 00:00:00+01:00,0.1595872998177068,0.15621655819671565,0.16261929464042701,0.1588430814815327,0.5508036223578026
2021-06-15 00:00:00+01:00,0.16413949994889254,0.15889679770431608,0.1687591973087066,0.16422266036964017,0.6219695516894659
2021-06-16 00:00:00+01:00,0.1649494309162749,0.15847444341375772,0.16587550962947262,0.1649193996520506,0.6263889791828751
2021-06-17 00:00:00+01:00,0.17637053285003623,0.16953645749099477,0.17233948880947247,0.17603496256509832,0.5854012711492247
2021-06-18 00:00:00+01:00,0.168724082487137,0.1639810361932097,0.16806259348717445,0.168824403281004,0.6762407919123196
2021-06-21 00:00:00+01:00,0.16684491410195723,0.16159327207461094,0.16464434024226882,0.1668151585050961,0.5168443778452386
2021-06-22 00:00:00+01:00,0.16997154674072923,0.16906539861235292,0.17250152706533273,0.16961843387201236,0.5618436460979338
2021-06-23 00:00:00+01:00,0.174831503335944,0.17398728847430078,0.18001844591098748,0.17415539832631755,0.6037398710515245
2021-06-24 00:00:00+01:00,0.17970777473166155,0.17405222792507913,0.1804234797511508,0.17995628443132605,0.6187779479004633
2021-06-25 00:00:00+01:00,0.17858996370327684,0.17210292902948354,0.17672984799056501,0.178481709172172,0.6296415004665219
2021-06-28 00:00:00+01:00,0.17675936892868482,0.1720379895787052,0.17713488183072834,0.1768775769989006,0.5665746465624574
2021-06-29 00:00:00+01:00,0.17351927426823477,0.168383162588432,0.1760818185660986,0.17332897850677975,0.5654431015823468
2021-06-30 00:00:00+01:00,0.17222336000102834,0.17356493418374264,0.17587120591317262,0.1722272502447426,0.5485897687109405
2021-07-01 00:00:00+01:00,0.18202435280607765,0.18261270991460576,0.18554282568515235,0.18177107021304817,0.569763104706956
2021-07-02 00:00:00+01:00,0.18939542911200635,0.1831649431067206,0.18763263714974832,0.18903021333993641,0.6621972154504974
2021-07-05 00:00:00+01:00,0.1822025796418727,0.17549787428639418,0.18184907032559194,0.18194933459296925,0.642024253948905
2021-07-06 00:00:00+01:00,0.17842792807101082,0.17107963695872686,0.17744264327778558,0.1784007361008486,0.5184091011834944
2021-07-07 00:00:00+01:00,0.1729685261542937,0.1693739849337994,0.17543378914163243,0.17331278389251525,0.548676329452781
2021-07-08 00:00:00+01:00,0.1738109631257081,0.16636892424205807,0.16138812525322344,0.1738475770322787,0.5352948439449482
2021-07-09 00:00:00+01:00,0.16030008356391368,0.16026126975215793,0.1651465228765634,0.16033385135495148,0.583965047997873
2021-07-12 00:00:00+01:00,0.16710409695539874,0.16258409441997856,0.16862966558319803,0.16704200672781133,0.4620844379436521
2021-07-13 00:00:00+01:00,0.1690481537516686,0.16519939447680043,0.17219376561827548,0.168824403281004,0.6379632792810426
2021-07-14 00:00:00+01:00,0.173389744640001,0.16753845400731548,0.16867823998026377,0.17319942159266244,0.5948462898980054
2021-07-15 00:00:00+01:00,0.16363732544553922,0.15759726510725236,0.16432038732952314,0.1632990728645145,0.6173865457086403
2021-07-16 00:00:00+01:00,0.15979790906056035,0.16172315097616763,0.16459576584520308,0.1599611279808444,0.4934015582642261
2021-07-19 00:00:00+01:00,0.16217925194909344,0.15667138221266308,0.15411407839289692,0.16151667631132183,0.5501939584974013
2021-07-20 00:00:00+01:00,0.15607183110028622,0.15551808731010008,0.15813178666520322,0.1560074168860872,0.5929246732160776
2021-07-21 00:00:00+01:00,0.16253570562068353,0.16248668524381094,0.1657945523010298,0.1622619994365262,0.5311968840021187
2021-07-22 00:00:00+01:00,0.16760627145875207,0.16191809325875206,0.16931007793904151,0.16769016216742783,0.6341316548040965
2021-07-23 00:00:00+01:00,0.1658242502947478,0.16573539280622085,0.17078424291054817,0.16582679254291155,0.6267228702903331
2021-07-26 00:00:00+01:00,0.17253111646505737,0.16568668821813692,0.17096247263209707,0.17237300177312487,0.563102463238393
2021-07-27 00:00:00+01:00,0.16870789128360775,0.1614470343801102,0.16284609875904166,0.16845180352990652,0.6363715019434328
2021-07-28 00:00:00+01:00,0.16023519515282336,0.15977397601082144,0.16482256996381772,0.16041482442627486,0.545277292408145
2021-07-29 00:00:00+01:00,0.16177422466691538,0.15446220158370472,0.16035125345428236,0.161792108376831,0.5093879593847291
2021-07-30 00:00:00+01:00,0.15386859145057485,0.152902787253278,0.15866635223087489,0.15398197749591458,0.5913629800161654
2021-08-02 00:00:00+01:00,0.1587772452533509,0.15210690719049502,0.15589612841043565,0.15879449763873854,0.5111077588184663
2021-08-03 00:00:00+01:00,0.15194084945480757,0.14539819099014695,0.1507443995450568,0.151713495268762,0.6215433349280713
2021-08-04 00:00:00+01:00,0.14730756970900205,0.15051502313467924,0.14833051156874055,0.14720892004298602,0.5173719134029874
2021-08-05 00:00:00+01:00,0.15620148432549352,0.15265914038260986,0.15933057312102994,0.15592644381476362,0.5397556075066355
2021-08-06 00:00:00+01:00,0.15970063824241154,0.16186938867066836,0.1640935832109085,0.15953982076394313,0.6560944880800448
2021-08-09 00:00:00+01:00,0.16796272513034216,0.1613170315483039,0.16937484380179568,0.1677550642474961,0.6109887502839885
2021-08-10 00:00:00+01:00,0.1688861181194028,0.16578409739430455,0.1738299688456424,0.1685165819869654,0.6511695369741418
2021-08-11 00:00:00+01:00,0.17343831825058853,0.16930904548302128,0.17519079355732936,0.17324800543545638,0.5859531632735846
2021-08-12 00:00:00+01:00,0.1696474754761974,0.16480950991163157,0.17404058149856838,0.16961843387201236,0.6204943490772505
2021-08-13 00:00:00+01:00,0.17040895642996556,0.16365621500906857,0.16462814877658039,0.17008832493170756,0.5478247968726037
2021-08-16 00:00:00+01:00,0.15715725972161265,0.14967031455356294,0.15455149516443734,0.15746579753097656,0.5834102393796543
2021-08-17 00:00:00+01:00,0.15242683275463165,0.15054749286006852,0.15495652900460066,0.15216719171419246,0.4695859898001464
2021-08-18 00:00:00+01:00,0.156298631546669,0.1553556147529047,0.1605456746415197,0.15605612435189076,0.5329315283124463
2021-08-19 00:00:00+01:00,0.16133681497767904,0.15967644290440441,0.16070758929840534,0.16099820140883248,0.613475838824895
2021-08-20 00:00:00+01:00,0.16020281274576487,0.15439726213292637,0.16208472907475535,0.1597990582151878,0.6226292468456335
2021-08-23 00:00:00+01:00,0.16153123301700334,0.15853938286453606,0.16454719144813756,0.16096568855729343,0.5688456323170522
2021-08-24 00:00:00+01:00,0.1584207915817606,0.15426725930112006,0.15955737723964436,0.15834080119330807,0.5895251681664251
2021-08-25 00:00:00+01:00,0.15955479381367477,0.1578896165660042,0.16381808109625373,0.15918341562711036,0.5563867390826448
2021-08-26 00:00:00+01:00,0.16368589905612696,0.15987138518698907,0.16772244910874012,0.16316939232738736,0.5866979809396083
2021-08-27 00:00:00+01:00,0.1643501091917463,0.16043997717204794,0.1662643520039473,0.164336022669493,0.6141899305380345
2021-08-30 00:00:00+01:00,0.16115871173885732,0.15555055703548915,0.16415834907366267,0.16137080115992997,0.5895058744883459
2021-08-31 00:00:00+01:00,0.16274631486353708,0.157353618236584,0.16248963931594407,0.162650917424898,0.5534617426955494
2021-09-01 00:00:00+01:00,0.16473882167342135,0.16292527439706372,0.1670258452872082,0.16446570320662013,0.59050761958016
2021-09-02 00:00:00+01:00,0.16545172901660177,0.15798714967242122,0.1677548320401172,0.1651138586462364,0.5951673118814768
2021-09-03 00:00:00+01:00,0.16284346208471256,0.15733738337388936,0.1625058307816325,0.16266711203916273,0.5849767317927955
2021-09-06 00:00:00+01:00,0.16013804793164788,0.15514443760762564,0.1648549528951948,0.15973427975812915,0.5579931176183377
2021-09-07 00:00:00+01:00,0.16080225806726722,0.16034244406563092,0.16385046402763082,0.1606416726489901,0.5537202740836288
2021-09-08 00:00:00+01:00,0.16841632602310797,0.16341256813840022,0.1711892767507115,0.16835451222130882,0.5872586545737669
2021-09-09 00:00:00+01:00,0.16729851499472304,0.16061856066168834,0.16491971875794897,0.1670907141936151,0.6467340517484372
2021-09-10 00:00:00+01:00,0.16007328311753088,0.15600538105143658,0.16407726814624524,0.16000971182363832,0.5683261198726272
2021-09-13 00:00:00+01:00,0.16226020796673946,0.15879926459789906,0.1672850323371997,0.16218102636520282,0.5176597025135533
2021-09-14 00:00:00+01:00,0.16358862823797793,0.1586043223153144,0.16274894996491018,0.16346114263017086,0.5983079958565023
2021-09-15 00:00:00+01:00,0.1590688105138507,0.15166831803724223,0.154567686630126,0.15900515124718928,0.5905025318823994
2021-09-16 00:00:00+01:00,0.15386859145057485,0.15340631585730913,0.1562038898574929,0.15356079390202293,0.5404403656176352
2021-09-17 00:00:00+01:00,0.15864759202814338,0.157434792550057,0.16354270258057357,0.15868101171587612,0.5316966601545511
2021-09-20 00:00:00+01:00,0.16341052499915643,0.15680126111421955,0.15968703256412753,0.16308841925606377,0.6242533820516565
2021-09-21 00:00:00+01:00,0.15456518399325248,0.15131090319746243,0.1557989796163044,0.15443567394134505,0.6178871436115164
2021-09-22 00:00:00+01:00,0.150029175065596,0.1504174900282622,0.1548268736801175,0.14976915257292234,0.5038030666995946
2021-09-23 00:00:00+01:00,0.1606402224350012,0.15943279603373628,0.16555155671672672,0.16067406187751954,0.5383959908463251
2021-09-24 00:00:00+01:00,0.16896707413704903,0.16826939461932033,0.17395950057115095,0.16884059789526873,0.6752185793318508
2021-09-27 00:00:00+01:00,0.17588454955021193,0.17340246162654727,0.17757217500329392,0.17593779487951022,0.6506980488411092
2021-09-28 00:00:00+01:00,0.17931893865301296,0.1827263539534678,0.18410092004604794,0.17917844845458242,0.6410688601097476
2021-09-29 00:00:00+01:00,0.18824523567656293,0.18740459694474754,0.1886695089486894,0.18831727944326127,0.6074058634093167
2021-09-30 00:00:00+01:00,0.19487102223225272,0.18985742444437426,0.19182857514360352,0.19492826713053302,0.6583737206451334
2021-10-01 00:00:00+01:00,0.18745137231573628,0.18030612010948,0.18369600980485945,0.18723162217247902,0.6362190199898341
2021-10-04 00:00:00+01:00,0.1793351298565422,0.17734964007557252,0.18256198921178712,0.17890301638907324,0.5133271401016385
2021-10-05 00:00:00+01:00,0.17943240067469102,0.18149188473743205,0.18311274624314744,0.1792433505346509,0.5076038851575584
2021-10-06 00:00:00+01:00,0.18835857410126766,0.18506553741423248,0.18844270483007497,0.18765292938938005,0.5822683134022972
2021-10-07 00:00:00+01:00,0.18652797932667586,0.18137811676832039,0.18905822772418945,0.1864539098187452,0.6520631584841808
2021-10-08 00:00:00+01:00,0.19083718780794956,0.19162801592007983,0.19357824222976516,0.19048859398482576,0.5690013057369112
2021-10-11 00:00:00+01:00,0.20054115698879693,0.21123427712414888,0.20428661020171113,0.20034023524716993,0.6140828632977634
2021-10-12 00:00:00+01:00,0.2189930727604259,0.21761804821010644,0.21779770852444824,0.21845582745887082,0.664006750645617
2021-10-13 00:00:00+01:00,0.22101808557434222,0.21779675562999623,0.22154003828107438,0.22057843453463155,0.7341987321931146
2021-10-14 00:00:00+01:00,0.21712997198180206,0.2164809881702381,0.22202602944968053,0.21704615427978524,0.5972917872458102
2021-10-15 00:00:00+01:00,0.22587804216955698,0.2285013548674535,0.2307418583501366,0.22568258135722985,0.5494579305477606
2021-10-18 00:00:00+01:00,0.23354068373598547,0.22832264744756348,0.23404664773624773,0.2336222691522638,0.652487108678695
2021-10-19 00:00:00+01:00,0.23324911847548568,0.226860766223554,0.23182730454614342,0.23299043194992164,0.64626978391441
2021-10-20 00:00:00+01:00,0.2370723436569353,0.23236735900300598,0.23600692747533514,0.23717086764438444,0.5740193324474705
2021-10-21 00:00:00+01:00,0.23473957437898996,0.2275754719728642,0.22840892770226295,0.23467553719451661,0.6144334637861859
2021-10-22 00:00:00+01:00,0.22607246020888128,0.2242454661667319,0.22586550800043814,0.2259418188084743,0.5584141518820264
2021-10-25 00:00:00+01:00,0.22267045351313897,0.21955111224300738,0.22546047416027482,0.22292801345611735,0.5060404460417364
2021-10-26 00:00:00+01:00,0.224582004305377,0.22608099709321605,0.22926756977965512,0.22456453485791816,0.5539158179388591
2021-10-27 00:00:00+01:00,0.23141852370089389,0.2247327599080684,0.22427787917013675,0.2314186890051797,0.5931434561037645
2021-10-28 00:00:00+01:00,0.2248251195522626,0.21890134594447552,0.22165337854089429,0.22474279923783924,0.6371518460636467
2021-10-29 00:00:00+01:00,0.22276760073431423,0.2226373472482217,0.22392141972703916,0.2221501774793737,0.5232088343092496
2021-11-01 00:00:00+00:00,0.23206654263298376,0.22829017772217441,0.23420868599210798,0.2321964013589135,0.5574524342798101
2021-11-02 00:00:00+00:00,0.2298956853903309,0.22341711637855988,0.22507175538477475,0.22989552990323148,0.6641941845207259
2021-11-03 00:00:00+00:00,0.2280003258016221,0.22354699528011635,0.2292189953825896,0.22775660459019642,0.5599918256215031
2021-11-04 00:00:00+00:00,0.2296041201298311,0.22567500159560194,0.22605992918767548,0.22950661191485988,0.561330149169854
2021-11-05 00:00:00+00:00,0.22569981533376193,0.22124040547499058,0.22445610889168544,0.2257311652000238,0.5940631345252873
2021-11-08 00:00:00+00:00,0.21983538613486675,0.21575004755823324,0.21885077178907797,0.2198655006379564,0.5475561091540859
2021-11-09 00:00:00+00:00,0.21627134380685842,0.2091062708086635,0.21316447735802746,0.21628451291730633,0.5298672760713268
2021-11-10 00:00:00+00:00,0.21092540391181935,0.22020075461128963,0.21386108117955938,0.2107429878865521,0.5490343599403411
2021-11-11 00:00:00+00:00,0.2273846892765905,0.2233033484094482,0.23070947541875952,0.22683301708507075,0.5323597592004798
2021-11-12 00:00:00+00:00,0.2293124312723578,0.22608099709321605,0.2300128715972276,0.2290691100836939,0.7160995501477316
2021-11-15 00:00:00+00:00,0.22838903828329737,0.22190640663621686,0.2298346418756787,0.22806454950724486,0.5981665269811471
2021-11-16 00:00:00+00:00,0.23065704274712573,0.2314901806965004,0.23550474484104056,0.23051129611431853,0.570869296719466
2021-11-17 00:00:00+00:00,0.24337418254506682,0.23654207339025435,0.23906884487611801,0.2430203375921871,0.5999278584326432
2021-11-18 00:00:00+00:00,0.23193688940777646,0.2289561788834007,0.23184349601183185,0.23145107823370892,0.684522210890509
2021-11-19 00:00:00+00:00,0.2337189105717805,0.2297034782883498,0.2273072900405677,0.2329417244841181,0.4826828616590813
2021-11-22 00:00:00+00:00,0.23078669597233303,0.23434912762399063,0.23403045627055907,0.23060846379990663,0.5918536449405829
2021-11-23 00:00:00+00:00,0.24152739656694577,0.239855844333692,0.24263294491119547,0.24117316258193577,0.5597275781343258
2021-11-24 00:00:00+00:00,0.24727836374416268,0.24521619941864325,0.24715283581779635,0.24686056276408186,0.6681660629560889
2021-11-25 00:00:00+00:00,0.25144185139367337,0.2445664331201114,0.25374634672330476,0.2511868736099365,0.6268795897758633
2021-11-26 00:00:00+00:00,0.24638735316216054,0.2391410146541324,0.218429546483226,0.24569393242197624,0.6153884753293908
2021-11-29 00:00:00+00:00,0.2237558821344654,0.22016828488590057,0.21808940210479166,0.22381921173271357,0.53364037172013
2021-11-30 00:00:00+00:00,0.22540825007326215,0.21937240482311737,0.21011875142293324,0.22519649568326994,0.39686056973934614
2021-12-01 00:00:00+00:00,0.21659541507139024,0.21495404356520065,0.21386108117955938,0.2170137650512558,0.5909487265548445
2021-12-02 00:00:00+00:00,0.21011534934746345,0.21001591884055815,0.21288897524337247,0.2102569022125922,0.5103107753523461
2021-12-03 00:00:00+00:00,0.21275599868641137,0.2148403995263386,0.21525428882262343,0.21252538443974478,0.5220825551472875
2021-12-06 00:00:00+00:00,0.21251300703649934,0.21282616117996467,0.21518952295986926,0.2128494003480481,0.5986126898601875
2021-12-07 00:00:00+00:00,0.22020803100998632,0.2175531087593281,0.22416453891031685,0.21959006857244723,0.5820756777306438
2021-12-08 00:00:00+00:00,0.2206940143098104,0.22010334543512222,0.22277120766827818,0.22067572584322948,0.6365581106448567
2021-12-09 00:00:00+00:00,0.2239016029662284,0.2180891070887483,0.22212317824381178,0.22325202936442068,0.5885083849555365
2021-12-10 00:00:00+00:00,0.21943048244966223,0.21776428590460717,0.2213618085595257,0.21942799880679065,0.6011059886996498
2021-12-13 00:00:00+00:00,0.2205968670886349,0.21670840017821158,0.22377569653584217,0.22028680785485766,0.5470380554995697
2021-12-14 00:00:00+00:00,0.22163359850240005,0.217163224194159,0.22463433861323434,0.22151834027703177,0.5865899504743808
2021-12-15 00:00:00+00:00,0.22430663024840647,0.21956734710570203,0.22774470681210812,0.22420800609807578,0.5897385025797841
2021-12-16 00:00:00+00:00,0.23106207002930357,0.2252201775796545,0.22665938421507614,0.2305760745713774,0.6020540254561635
2021-12-17 00:00:00+00:00,0.22335085485228734,0.2187226385245855,0.21996860091646164,0.22291181884185263,0.6330611818970223
2021-12-20 00:00:00+00:00,0.22126107722425425,0.21612357333045806,0.2228846715270727,0.22056223992036683,0.5148716255601107
2021-12-21 00:00:00+00:00,0.22301059238422627,0.22388817525720173,0.22670795861214166,0.2228956242275879,0.5594830592604056
2021-12-22 00:00:00+00:00,0.22877787436194597,0.22712064795691678,0.23373888628919048,0.22827520311569538,0.5990533874438725
2021-12-23 00:00:00+00:00,0.230543704322421,0.22840394569128608,0.23545617044397504,0.23033303173439745,0.6247521266481182
2021-12-24 00:00:00+00:00,0.23593834142502113,0.2294434726247374,0.23856666224182344,0.2357935836938283,0.596650837296013
2021-12-27 00:00:00+00:00,0.2340104758322803,0.23587607222902807,0.2388906151545691,0.23376814430365567,0.6252504435787875
2021-12-28 00:00:00+00:00,0.24130059612056298,0.23641207055844826,0.24520874754439737,0.241205551810465,0.5623390456584073
2021-12-29 00:00:00+00:00,0.2409603336525019,0.23800395461426405,0.24462548398268535,0.24089773051642638,0.6417609653629447
2021-12-30 00:00:00+00:00,0.24403839268068617,0.24073289870994796,0.2490644175608434,0.24373327148886226,0.5767501927487791
2021-12-31 00:00:00+00:00,0.24569076061948292,0.2406030198083915,0.2500040169666784,0.24559676473638814,0.6030370913912388
2022-01-03 00:00:00+00:00,0.24693822487307515,0.2433319639040754,0.24950183433238382,0.24687675737834658,0.5948843211957182
2022-01-04 00:00:00+00:00,0.24985424826899338,0.2592508044622326,0.2547670270565572,0.24989068635371336,0.5900013657105376
2022-01-05 00:00:00+00:00,0.26360811948069984,0.25754527636755475,0.26008067057882145,0.2635988710252266,0.6044481412525438
2022-01-06 00:00:00+00:00,0.26302486536272673,0.2566356283356601,0.26051808735036186,0.2628534242770124,0.6934112030089948
2022-01-07 00:00:00+00:00,0.2588291189031313,0.2542152705614227,0.25949753061608405,0.25859189188821663,0.5731651697980176
2022-01-10 00:00:00+00:00,0.2548114756823572,0.2511615052815974,0.2506520463911448,0.2545895969506653,0.544101485889234
2022-01-11 00:00:00+00:00,0.24931956776160802,0.24846503091130256,0.2521425264273147,0.2490804611484403,0.5461690545408208
2022-01-12 00:00:00+00:00,0.2500972399189054,0.24494008282258584,0.24530589633852862,0.2499392701965073,0.533588905171388
2022-01-13 00:00:00+00:00,0.2393889217313514,0.23248112697211742,0.2338198436176333,0.2393097929574195,0.5864746060613415
2022-01-14 00:00:00+00:00,0.23017105944730143,0.22401805415875842,0.2257034697445779,0.2302843242685937,0.4908618558149364
2022-01-17 00:00:00+00:00,0.23349211012539772,0.23157147894022279,0.23832354305854553,0.2333306424724897,0.5037812817442592
2022-01-18 00:00:00+00:00,0.23778512740314217,0.2379877197515694,0.24101280955054216,0.23762456408981492,0.6049460041983633
2022-01-19 00:00:00+00:00,0.23754213575323013,0.2337155961881534,0.23730298632426794,0.23734913202430574,0.615379952810767
2022-01-20 00:00:00+00:00,0.23415632026101707,0.22986582691529556,0.23336623538040424,0.2339949925263709,0.5770165703574426
2022-01-21 00:00:00+00:00,0.22766006333356104,0.22153275693374241,0.2275504092238454,0.22825888487842105,0.551220377222979
2022-01-24 00:00:00+00:00,0.22506811120217463,0.2210779329177952,0.22544428269458616,0.2248886743892311,0.5311753550304714
2022-01-25 00:00:00+00:00,0.22877787436194597,0.22357946500550563,0.2284576256983033,0.22855063518120478,0.5509467499022178
2022-01-26 00:00:00+00:00,0.22676905275155912,0.22736429482758513,0.23028825011290777,0.22634693141111084,0.610214190412898
2022-01-27 00:00:00+00:00,0.24015040268511956,0.24529749766236564,0.2415960731122544,0.2400551160826241,0.5607716993335783
2022-01-28 00:00:00+00:00,0.25069656164343423,0.24836749780488532,0.2521425264273147,0.25027948071907535,0.6948669133654093
2022-01-31 00:00:00+00:00,0.24860678401540115,0.24685691199279214,0.25277436438609246,0.24882122369719584,0.6648671388059769
2022-02-01 00:00:00+00:00,0.24706775450130913,0.2406030198083915,0.24292451489256406,0.24653654685577853,0.5671901093004383
2022-02-02 00:00:00+00:00,0.24027993231335332,0.23417042020410062,0.23684937808703888,0.24029815891960404,0.56029876831475
2022-02-03 00:00:00+00:00,0.2344964591321046,0.23698066254350714,0.239003955414389,0.2345621748946638,0.5273113023790554
2022-02-04 00:00:00+00:00,0.24423281072001046,0.24440408449316542,0.24637515106884678,0.24387914664025412,0.5313396320015962
2022-02-07 00:00:00+00:00,0.2487202460370792,0.24354314104935448,0.24861080932361457,0.24820545748610878,0.6575063759399611
2022-02-08 00:00:00+00:00,0.24580422264116097,0.24752278922376902,0.25099231436855396,0.24559676473638814,0.6154461994542444
2022-02-09 00:00:00+00:00,0.2535154378181772,0.24695432116895955,0.2550909799693031,0.2531799237715797,0.5575934177685262
2022-02-10 00:00:00+00:00,0.2544550220107671,0.2589909227288696,0.2577802464612995,0.2543303594994206,0.6425806611739576
2022-02-11 00:00:00+00:00,0.2617289510955203,0.25642445119038104,0.2624945585551379,0.26154091878351493,0.5888817631211939
2022-02-14 00:00:00+00:00,0.25379081187514774,0.2492446761113909,0.2502470125509815,0.25403873281964673,0.6391920934173653
2022-02-15 00:00:00+00:00,0.2535154378181772,0.2516000944348502,0.25407029963605043,0.2532610204659127,0.5172734689329478
2022-02-16 00:00:00+00:00,0.25510304094285696,0.2500569149671181,0.2562573834937525,0.2548651526391843,0.57286579399377
2022-02-17 00:00:00+00:00,0.25111778012914154,0.24606090799975955,0.24767120991777958,0.25084666308736847,0.5926504670924617
2022-02-18 00:00:00+00:00,0.24240221594541844,0.2417725495736489,0.24647242346195286,0.24240457138110005,0.5459686871623914
2022-02-21 00:00:00+00:00,0.24402220147715692,0.23920607803516014,0.2466668446491902,0.24394392509731277,0.5091001271647684
2022-02-22 00:00:00+00:00,0.2379795454424667,0.24125278610692336,0.24224410253672057,0.23824033030090197,0.5921869084004103
2022-02-23 00:00:00+00:00,0.24638735316216054,0.24048925183927983,0.24938849407256392,0.246131434253142,0.5317039675518707
2022-02-24 00:00:00+00:00,0.24337418254506682,0.24765279205557533,0.24042966958780476,0.242923169906599,0.6454102090170534
2022-02-25 00:00:00+00:00,0.25359639383582344,0.2477339663690481,0.2523855220116178,0.2538280792111962,0.5525692222492327
2022-02-28 00:00:00+00:00,0.25426060397144257,0.2479939720326605,0.25142973114009437,0.25405492743391145,0.6704204289360649
2022-03-01 00:00:00+00:00,0.24606340549460226,0.24178878443634355,0.24537078580025762,0.2458398075733681,0.5812080044253446
2022-03-02 00:00:00+00:00,0.24173800580979932,0.2485299703620807,0.24660195518746142,0.2418699018643462,0.5111052079764897
2022-03-03 00:00:00+00:00,0.2527864628684411,0.2504792692576763,0.25794228471715974,0.2529854647773939,0.546212461434895
2022-03-04 00:00:00+00:00,0.25251108881147055,0.2461420823132323,0.24426914813856238,0.25225633626645405,0.6722327295879329
2022-03-07 00:00:00+00:00,0.24371432141615434,0.24513502510517027,0.24736344847072234,0.2437656607173917,0.5732658333735304
2022-03-08 00:00:00+00:00,0.250712876443937,0.2500893846925074,0.25530159262222885,0.25061981486465323,0.5087492030464457
2022-03-09 00:00:00+00:00,0.2567554088816537,0.2527696242001076,0.2593031094288467,0.2562748258182699,0.6365557100118
2022-03-10 00:00:00+00:00,0.25949332903875044,0.2568143357555501,0.2632073538423585,0.2593048257848918,0.6263698268931404
2022-03-11 00:00:00+00:00,0.26351084866255103,0.2726357671375397,0.26855350389497445,0.26367984409655,0.6044555148528411
2022-03-14 00:00:00+00:00,0.2853000063158053,0.28717390078516014,0.2898894061093984,0.28555456478581265,0.6155528558507969
2022-03-15 00:00:00+00:00,0.2968669526783032,0.2932653204123654,0.29439310555031084,0.2967188351646639,0.7600441651502898
2022-03-16 00:00:00+00:00,0.29838966739189243,0.29435367586415007,0.30131056936856493,0.29791785473529897,0.6704992747910447
2022-03-17 00:00:00+00:00,0.3077695653082082,0.3024268641123402,0.30536066057224853,0.30728353394669283,0.5890589801474917
2022-03-18 00:00:00+00:00,0.30119235236310615,0.3087781654729085,0.30638134090550095,0.3010613406247833,0.6553173681228243
2022-03-21 00:00:00+00:00,0.3137636477323107,0.307218751142482,0.31634453065884927,0.31365147879698485,0.5290824782024761
2022-03-22 00:00:00+00:00,0.3191582848349108,0.334557020617656,0.3243475642720848,0.3190148630708276,0.6813134437931249
2022-03-23 00:00:00+00:00,0.3462286175690872,0.3398038555939946,0.34109868611817884,0.3473061124531762,0.6224883337316007
2022-03-24 00:00:00+00:00,0.3441712223481126,0.35286374922466135,0.3468012956138926,0.3438548052696533,0.8063807705203863
2022-03-25 00:00:00+00:00,0.36380571396224326,0.35687599105471457,0.3506407741646502,0.363606918883155,0.5520234699620729
2022-03-28 00:00:00+01:00,0.3625096760980633,0.4008154610422161,0.36590141597457415,0.3623753864609809,0.7358420251150315
2022-03-29 00:00:00+01:00,0.38502793229802723,0.38707320745737883,0.36426521274720725,0.38489838621286965,0.5696624446495635
2022-03-30 00:00:00+01:00,0.37636081812791855,0.36780812623039494,0.35224459446064005,0.376229446283886,0.7561304353281377
2022-03-31 00:00:00+01:00,0.35847596527073367,0.3579481116438046,0.3518395606204767,0.35834082591790994,0.5120374390847506
2022-04-01 00:00:00+01:00,0.35418282439601545,0.3673857719398368,0.35916205827889414,0.3540467806775751,0.4398728015792405
2022-04-04 00:00:00+01:00,0.3680177752223417,0.3662649467626631,0.36799135103814495,0.3678846458862155,0.5455468103206326
2022-04-05 00:00:00+01:00,0.37124155508228895,0.3755401345014997,0.37012973689980644,0.3711091048470232,0.6884103716285662
2022-04-06 00:00:00+01:00,0.38496304388693714,0.3843929679497786,0.3890517511379139,0.38483348413280116,0.6045659517934242
2022-04-07 00:00:00+01:00,0.38604847250826335,0.3835970878869954,0.38775581588795616,0.38591914140358363,0.6865880733895341
2022-04-08 00:00:00+01:00,0.39209112854295336,0.39423674767367434,0.3905908055711498,0.3919630703455719,0.5877509435283654
2022-04-11 00:00:00+01:00,0.3967729818993466,0.41228359454731667,0.4006188847862271,0.39664590995126914,0.6262118970800108
2022-04-12 00:00:00+01:00,0.4143824606995614,0.4119911191583152,0.4098692792523546,0.4142590982517358,0.6155435781056858
2022-04-13 00:00:00+01:00,0.4134752589140298,0.42099019030109464,0.4179370787283445,0.41335170536087484,0.7152372221270161
2022-04-14 00:00:00+01:00,0.4128434311854692,0.41597089126297915,0.41404890218154655,0.41271974453552285,0.5723827251423691
2022-04-15 00:00:00+01:00,0.4258359450403808,0.4270653750656055,0.42924490172769136,0.42571499531036117,0.5744875415246599
2022-04-18 00:00:00+01:00,0.4329477148958949,0.42899843909850643,0.43238777645691684,0.43282826328585755,0.6788092193354683
2022-04-19 00:00:00+01:00,0.44072381848400166,0.4626391814159154,0.44495927537381874,0.44060600493824453,0.6334335487307168
2022-04-20 00:00:00+01:00,0.476930933887608,0.47097225139746834,0.45260584954395666,0.4768207475013624,0.63828297062873
2022-04-21 00:00:00+01:00,0.4555469271135051,0.45995906583856483,0.45772519547795865,0.45543223610906947,0.8528120846326118
2022-04-22 00:00:00+01:00,0.46194603681978563,0.46585566711343507,0.45740111896623814,0.4618326938109003,0.4205925857227383
2022-04-25 00:00:00+01:00,0.4651373106757011,0.46200589784057744,0.4528326536625715,0.4650246399201692,0.6273137842309668
2022-04-26 00:00:00+01:00,0.45118914502164387,0.4517072941007343,0.44504023270226156,0.45107353603468536,0.6031831760845844
2022-04-27 00:00:00+01:00,0.4434454238405956,0.4580423605986077,0.4485233754088962,0.4433281836108278,0.47520203316829535
2022-04-28 00:00:00+01:00,0.4617191127764291,0.5009745255175484,0.4664894751765054,0.46160572196517546,0.5211281201885611
2022-04-29 00:00:00+01:00,0.5008748811769594,0.4942984029728388,0.4841804436263839,0.500769738669611,0.7171709182014403
2022-05-02 00:00:00+01:00,0.4879147497291063,0.4887916862631374,0.4867075482635457,0.4878068771233022,0.8720991609022846
2022-05-03 00:00:00+01:00,0.48955092646437404,0.4856892163952282,0.4883761344222899,0.48944339852510343,0.48420917244554695
2022-05-04 00:00:00+01:00,0.4896156912784906,0.48435721407277565,0.4897369591339764,0.48950817698216187,0.5914058617088666
2022-05-05 00:00:00+01:00,0.4751491599175508,0.4881584026877994,0.47308298608201405,0.47503859819418914,0.5798018807822122
2022-05-06 00:00:00+01:00,0.49308258638532365,0.4942171047291164,0.49650869976103396,0.49297580240295935,0.4725865494024214
2022-05-09 00:00:00+01:00,0.4998702849763057,0.502663942679781,0.49535848770227275,0.4997649308471426,0.7125554205199588
2022-05-10 00:00:00+01:00,0.49384394374211826,0.4897176930879761,0.4899315039201886,0.49373732014242866,0.6293230163695259
2022-05-11 00:00:00+01:00,0.4934227252564112,0.4938599377498356,0.4866427824007915,0.4933160129255272,0.535075517405356
2022-05-12 00:00:00+01:00,0.4850636147442784,0.4794840287989115,0.4538046359997834,0.4849551415366016,0.576222388752139
2022-05-13 00:00:00+01:00,0.46486193661873054,0.47199566739847487,0.46645709224512855,0.4647492078546598,0.517759725476885
2022-05-16 00:00:00+01:00,0.4785349754097643,0.474708500561714,0.47196515695463015,0.4784251269206534,0.42994870750241854
2022-05-17 00:00:00+01:00,0.4702890797253625,0.4770800298176181,0.47413604934664333,0.4701774942085708,0.681405690739121
2022-05-18 00:00:00+01:00,0.4788911818874073,0.4719307279476963,0.4624717669041991,0.47878140843447636,0.5181623475914989
2022-05-19 00:00:00+01:00,0.4539431327852963,0.46389013335514484,0.4447972371179585,0.4538281039357981,0.6433796527783038
2022-05-20 00:00:00+01:00,0.4526147125140576,0.45326658450091095,0.45302707484980864,0.45249940382803566,0.3943101379925664
2022-05-23 00:00:00+01:00,0.4537649059495008,0.44756504943887476,0.4470328953727263,0.453649839555877,0.5693538915709591
2022-05-24 00:00:00+01:00,0.4528415129604406,0.4494656437463864,0.4344775879215126,0.4527262520507509,0.5879620413808996
2022-05-25 00:00:00+01:00,0.4353939461955183,0.4391508051438491,0.43906236828984246,0.43527500989293144,0.5723931259450422
2022-05-26 00:00:00+01:00,0.44159863786247433,0.44150609953705855,0.4373450841350581,0.4414810086005765,0.4483060373608041
2022-05-27 00:00:00+01:00,0.439865190309058,0.4358370342004112,0.43909475122121977,0.43974719589017774,0.6263123799271485
2022-05-30 00:00:00+01:00,0.4437533039015982,0.44550210650441713,0.4422214344847566,0.44363612852787626,0.5662360945653026
2022-05-31 00:00:00+01:00,0.45183704035676,0.46291554587247186,0.4549062736614786,0.45172156785129247,0.6087048789587147
2022-06-01 00:00:00+01:00,0.46725947071079243,0.48302521175032265,0.473488143521152,0.4671472469959299,0.6402942807030066
2022-06-02 00:00:00+01:00,0.48971283849966607,0.484081097476718,0.4852656426244413,0.4896053446677502,0.6951909523819579
2022-06-03 00:00:00+01:00,0.48640810262207257,0.49691357909941125,0.48798753924576443,0.4862999126356191,0.7467661221573636
2022-06-06 00:00:00+01:00,0.49919000723413065,0.5083654777418172,0.5005914210940436,0.49908450980200647,0.5549420221756899
2022-06-07 00:00:00+01:00,0.5229878629007989,0.5296775149010635,0.5269006988533227,0.5228873785728438,0.6737756383080697
2022-06-08 00:00:00+01:00,0.5338582167206187,0.5531984848287688,0.5372041565840804,0.5337600222719214,0.7541162569018222
2022-06-09 00:00:00+01:00,0.5595028583654078,0.5551151900687255,0.5446238030366293,0.5594100660530101,0.6582780393462483
2022-06-10 00:00:00+01:00,0.5593085639230568,0.5523049477293189,0.5477990606972316,0.559215730681834,0.7646464758164719
2022-06-13 00:00:00+01:00,0.5657237412358933,0.5649265000672323,0.5513955436636864,0.5656322593749199,0.577936470131085
2022-06-14 00:00:00+01:00,0.5561820548812584,0.5618401411317682,0.5561098557575246,0.556088563029624,0.6251418349265988
2022-06-15 00:00:00+01:00,0.5734999684209732,0.56698944300169,0.5625414520061471,0.5734101246503169,0.5113765399062323
2022-06-16 00:00:00+01:00,0.5544000337172545,0.5570318953086821,0.5179904487656293,0.5543061664764315,0.7031880751082525
2022-06-17 00:00:00+01:00,0.5269570561079586,0.5690523859361476,0.5283586723591411,0.5268574079048756,0.44379368533421315
2022-06-20 00:00:00+01:00,0.5732082795635001,0.5690523859361476,0.566623926141208,0.5731183743475332,0.38288080137328084
2022-06-21 00:00:00+01:00,0.5701465353358186,0.583947810493298,0.573039454523117,0.5700559851523821,0.9146363418350845
2022-06-22 00:00:00+01:00,0.5892949200531516,0.5882687625750473,0.586096944608625,0.5892084035460516,0.5575954371272742
2022-06-23 00:00:00+01:00,0.585325974039939,0.5815438115120046,0.5624930012080562,0.5852386214600396,0.7154063478954726
2022-06-24 00:00:00+01:00,0.5661449597216004,0.5667782658564109,0.5637240469962852,0.5660535665918209,0.5513624620622496
2022-06-27 00:00:00+01:00,0.569741384456667,0.5711153288706052,0.5663972456215682,0.5696507489267357,0.44394879025740513
2022-06-28 00:00:00+01:00,0.5757840404913575,0.5835254562027399,0.5759390864700897,0.5756946778687244,0.6049296432129032
2022-06-29 00:00:00+01:00,0.585698495318085,0.594798647425256,0.5870689269458373,0.5856112212111368,0.6222754712122155
2022-06-30 00:00:00+01:00,0.5944790715098716,0.5915824095882356,0.5850599492107094,0.5943936470629831,0.6496022933582689
2022-07-01 00:00:00+01:00,0.5814702428544574,0.5782301644988168,0.5706255665468003,0.5813820780508705,0.6412848463562527
2022-07-04 00:00:00+01:00,0.569433627992638,0.5748837998997405,0.5706579494781776,0.5693429276326973,0.48789045669082665
2022-07-05 00:00:00+01:00,0.58234506223293,0.5842078161569106,0.582921439750073,0.582257081713202,0.4942234288412915
2022-07-06 00:00:00+01:00,0.5771772255767127,0.5779865176281485,0.5735254456917227,0.5770881564335453,0.6711119481946256
2022-07-07 00:00:00+01:00,0.5843863898473489,0.5819173372842297,0.5831646825323253,0.5842988393406492,0.5428011971763694
2022-07-08 00:00:00+01:00,0.5835276380754322,0.5874404127868753,0.5797137991580934,0.5834399066695724,0.6303935047587031
2022-07-11 00:00:00+01:00,0.5898132857600342,0.6069490169542777,0.594504888463049,0.589726878448541,0.5732605565038118
2022-07-12 00:00:00+01:00,0.6074228881572221,0.6030018385052522,0.598166137292258,0.6073401903720173,0.6237229177865616
2022-07-13 00:00:00+01:00,0.5966983787661388,0.6087846718110113,0.6019732329116385,0.5966134218243317,0.7033560020291307
2022-07-14 00:00:00+01:00,0.6113110017497623,0.6334589366412797,0.6161322370598672,0.6112291230097158,0.5043843413275072
2022-07-15 00:00:00+01:00,0.6330027649878942,0.6285371707095813,0.6290765104845302,0.6329254556960475,0.6819270612663193
2022-07-18 00:00:00+01:00,0.6224241000255475,0.6181897384514046,0.6208465491537054,0.6223445622997537,0.7306352632507582
2022-07-19 00:00:00+01:00,0.6210472297406948,0.6173774995956776,0.612584452089453,0.6209674019722071,0.5062433716214962
2022-07-20 00:00:00+01:00,0.6204314696186897,0.6170203326163968,0.621138242734049,0.6203515121381107,0.5697672694228256
2022-07-21 00:00:00+01:00,0.6237364526902303,0.6251746951780599,0.6180277509362004,0.623657191416261,0.5750474463918129
2022-07-22 00:00:00+01:00,0.6027249671942734,0.61010031534052,0.5835856606402281,0.6026412797750653,0.6022840576994997
2022-07-25 00:00:00+01:00,0.5899915125958293,0.5913226517851222,0.5890939725476789,0.5899051428284621,0.4335703398742925
2022-07-26 00:00:00+01:00,0.5919193781885701,0.5921510015732947,0.5948613479061469,0.5918334145330466,0.49015822335204395
2022-07-27 00:00:00+01:00,0.600651257172796,0.600419132104069,0.5990570387020524,0.6005671329190891,0.5929017047735688
2022-07-28 00:00:00+01:00,0.5867352267318502,0.585279812815751,0.5634810514119826,0.5866481710161155,0.6407677811005889
2022-07-29 00:00:00+01:00,0.5589684250519693,0.5566744804689026,0.5342718945077807,0.5588755201592657,0.4817861873903014
2022-08-01 00:00:00+01:00,0.5429302345759321,0.5358014042536579,0.5192054266871446,0.5428339511805318,0.3834775087711678
2022-08-02 00:00:00+01:00,0.5132031848962519,0.5195737295135552,0.4998945700745625,0.5131006393905679,0.46475980857556864
2022-08-03 00:00:00+01:00,0.5424766336831661,0.5547253055035566,0.5308536412628748,0.5423802547351013,0.3654015623270489
2022-08-04 00:00:00+01:00,0.5519214200105726,0.5524187156984306,0.5426637704954911,0.5518270306408282,0.792920238184526
2022-08-05 00:00:00+01:00,0.5301970271714351,0.569766967755208,0.5348874174018952,0.5300980614799478,0.6473050648615063
2022-08-08 00:00:00+01:00,0.5696605520359945,0.5707742728237695,0.5639185917824974,0.5695698994784222,0.4236381526814794
2022-08-09 00:00:00+01:00,0.5661449597216004,0.5651213184195671,0.5688435165292618,0.5660535665918209,0.8649954016288864
2022-08-10 00:00:00+01:00,0.5717663972705833,0.5671517916286355,0.5263499418219628,0.5716761883169086,0.5543341137522918
2022-08-11 00:00:00+01:00,0.5335828426636482,0.5348265689104856,0.521862310247764,0.533484590206412,0.6193472181260246
2022-08-12 00:00:00+01:00,0.5362396832061251,0.5439882365407103,0.5402335674545111,0.5361419904219364,0.3081646503252412
2022-08-15 00:00:00+01:00,0.5410023689831913,0.5385789290071763,0.5347902686077637,0.5409056794759473,0.5985262822087009
2022-08-16 00:00:00+01:00,0.53865353209869,0.5567396677801799,0.5411084009975919,0.5385563478004809,0.6137037921413697
2022-08-17 00:00:00+01:00,0.5570242446587259,0.5703030900148778,0.5564826302652857,0.5569309302174072,0.5624061727851446
2022-08-18 00:00:00+01:00,0.5678298336644292,0.5689710876924248,0.5683251424292783,0.5677387954594255,0.7117858669781655
2022-08-19 00:00:00+01:00,0.5816160872831939,0.5980961835059992,0.5874414542556488,0.5815279532022621,0.656579623517964
2022-08-22 00:00:00+01:00,0.6018014506082392,0.6053572568287118,0.6020703817057695,0.60171756864693,0.6774029771174692
2022-08-23 00:00:00+01:00,0.609982581478524,0.6061043083731614,0.5882191390045981,0.6099004229019538,0.7220279581711586
2022-08-24 00:00:00+01:00,0.5968118407878169,0.5985024268641124,0.5932572804122076,0.5967269077471944,0.6366360726470041
2022-08-25 00:00:00+01:00,0.6024493459433558,0.5977712383916085,0.5954121049375072,0.6023656004635367,0.4873965285402524
2022-08-26 00:00:00+01:00,0.5940578530241645,0.6018810133280788,0.5959628619688675,0.5939723398460817,0.6189059288301014
2022-08-29 00:00:00+01:00,0.6113433841568208,0.6272537490449626,0.6241192028063889,0.6094791156850523,0.520555440893787
2022-08-30 00:00:00+01:00,0.6269924913602627,0.6282446953205798,0.6233899688555304,0.6269139159825883,0.6883123831825875
2022-08-31 00:00:00+01:00,0.6292281134170326,0.6253209328725609,0.627002766886648,0.6291500089812117,0.7010106273507387
2022-09-01 00:00:00+01:00,0.6383327608733511,0.6471200159126442,0.6401250228349107,0.6382565743643707,0.5948097176091182
2022-09-02 00:00:00+01:00,0.6510496534773451,0.6564926128276483,0.6529558324007789,0.6509761458276799,0.642327333723979
2022-09-05 00:00:00+01:00,0.6576269900194207,0.6540886138463549,0.6570219914711766,0.6575548679094323,0.6669686870241405
2022-09-06 00:00:00+01:00,0.6567034734333865,0.6917904265121506,0.6590146541416408,0.656631156781297,0.6244009142057619
2022-09-07 00:00:00+01:00,0.7007840868402222,0.7245052859349701,0.7032091979390613,0.7007210559284094,0.5730131097368585
2022-09-08 00:00:00+01:00,0.7166116680734063,0.7167408079384763,0.7090089562289061,0.7165519712986932,0.8806738310724271
2022-09-09 00:00:00+01:00,0.7122051887739835,0.7076931561378625,0.6793298760228126,0.7121445637585053,0.6854699432908671
2022-09-12 00:00:00+01:00,0.6917929014055817,0.7002045468769267,0.6914964646985262,0.6917279764681126,0.5499727709846455
2022-09-13 00:00:00+01:00,0.6916149217637337,0.7195510502778828,0.6856480084126408,0.6915499593342107,0.4431021397499111
2022-09-14 00:00:00+01:00,0.721082912186946,0.72197140805212,0.696356623582536,0.7210241572959395,0.578125769558787
2022-09-15 00:00:00+01:00,0.6970905148839801,0.7052078589128468,0.7027232067704552,0.6970267059079063,0.7777323145543877
2022-09-16 00:00:00+01:00,0.7042509819470553,0.7032259663616123,0.7014434629861857,0.7041886813492064,0.41981781443269134
2022-09-19 00:00:00+01:00,0.6945308215626786,0.7026087937187193,0.6986083497040174,0.6944664733779702,0.6274215033397232
2022-09-20 00:00:00+01:00,0.7019505950761684,0.7069458567329137,0.7029177515566674,0.7018878098935246,0.5142341394769735
2022-09-21 00:00:00+01:00,0.7080903983320339,0.7115915060685545,0.7096571092523472,0.7080289065211012,0.629218447054631
2022-09-22 00:00:00+01:00,0.7196570975005847,0.7391409526890076,0.6613637762552034,0.71959804225657,0.6204792277502903
2022-09-23 00:00:00+01:00,0.6866737619569259,0.6974594918487975,0.6838011925323477,0.6866077586542596,0.6566511849305342
2022-09-26 00:00:00+01:00,0.7066161336320591,0.7164483325494744,0.7106290915895594,0.7065543312619471,0.3599105489346738
2022-09-27 00:00:00+01:00,0.7219737991719746,0.7221986961298441,0.7210620810458255,0.7219152319495261,0.7138840619189588
2022-09-28 00:00:00+01:00,0.7257321359423337,0.7218412812900645,0.7221312121771688,0.7256743604270877,0.6820601415236525
2022-09-29 00:00:00+01:00,0.7209855177718234,0.7213054068908935,0.7231358246437076,0.720926742364332,0.6043006703926488
2022-09-30 00:00:00+01:00,0.721520198279209,0.7212241086471711,0.7232005905064618,0.7214615355040956,0.547830150511009
2022-10-03 00:00:00+01:00,0.72775714875625,0.7293135317580561,0.7223418248300946,0.7276997998172605,0.5828788258283777
2022-10-04 00:00:00+01:00,0.7229457657716227,0.7235145875198521,0.7249015595965829,0.7228874032974459,0.6207807468647457
2022-10-05 00:00:00+01:00,0.7110873777455988,0.7222636355806227,0.7125406733326067,0.7110265172591939,0.5474279905284712
2022-10-06 00:00:00+01:00,0.7218118871366821,0.7269581134345966,0.7260030736593035,0.7217532858068794,0.5005498361511119
2022-10-07 00:00:00+01:00,0.7313698882918196,0.7300933008883939,0.7320458275334514,0.7313133003894496,0.6509286249114546
2022-10-10 00:00:00+01:00,0.7385464229614502,0.7380850669626122,0.7397571675663435,0.7384913468220045,0.642847703009032
2022-10-11 00:00:00+01:00,0.7416568643966928,0.7385398909785597,0.744115267415034,0.7416024434829593,0.6268261543190299
2022-10-12 00:00:00+01:00,0.7448320706460523,0.7566518012332297,0.7501740891558955,0.7447783186009731,0.5998496205158431
2022-10-13 00:00:00+01:00,0.7588776307152321,0.7670478141492407,0.7628751197983061,0.758826837418064,0.6002493829231331
2022-10-14 00:00:00+01:00,0.7678848837564285,0.7815211322763322,0.7701167837272558,0.7678359878696155,0.6717632347680654
2022-10-17 00:00:00+01:00,0.7895768941885075,0.7879860776757623,0.7915174518044337,0.7895325678019669,0.6382539429705981
2022-10-18 00:00:00+01:00,0.7950685549153094,0.7944024424173586,0.7957618405963798,0.7950253853669171,0.7207082138831264
2022-10-19 00:00:00+01:00,0.798924286100791,0.8024593958028543,0.8027441938763631,0.7988819287760862,0.6147951064820422
2022-10-20 00:00:00+01:00,0.8088387409275186,0.8058379822668207,0.8099210919425581,0.8087984721184991,0.6041718312804366
2022-10-21 00:00:00+01:00,0.8145897081047355,0.8374808450307998,0.7573186042907136,0.814550650757704,0.6431146609812403
2022-10-24 00:00:00+01:00,0.7764061534978004,0.7971150277200985,0.7814409217912655,0.7763590526472075,0.6161751938905888
2022-10-25 00:00:00+01:00,0.7937077522370126,0.7897079645633847,0.7773258175268785,0.7936642960306257,0.3352289444991544
2022-10-26 00:00:00+01:00,0.7790142968327163,0.7800753619847676,0.7587602627318688,0.7789677453969281,0.6916911097056895
2022-10-27 00:00:00+01:00,0.7491090203172415,0.7550273235217753,0.7384613559153603,0.7490561692270432,0.4845803136553572
2022-10-28 00:00:00+01:00,0.7513770247810694,0.7710601799095431,0.7525879771322121,0.751324651454196,0.38531228755689645
2022-10-31 00:00:00+00:00,0.7762926914761223,0.7872063085454246,0.7804850073207672,0.7762455667243449,0.5942236568677968
2022-11-01 00:00:00+00:00,0.7912778357378918,0.7866379644208648,0.7681888869195452,0.7912338676608262,0.7428506667496694
2022-11-02 00:00:00+00:00,0.7779612506184486,0.772960526356556,0.7659371607980638,0.7779144773546751,0.6766512584351574
2022-11-03 00:00:00+00:00,0.7775887293403025,0.7805790145190485,0.7701167837272558,0.7775418776035778,0.4933718103310268
2022-11-04 00:00:00+00:00,0.7857050953964699,0.779913013357822,0.7615142950866196,0.7856599534015427,0.576906206701165
2022-11-07 00:00:00+00:00,0.7605625046580609,0.7662680450189026,0.753981184775276,0.7605120662856686,0.6320106098388822
2022-11-08 00:00:00+00:00,0.7570469123436667,0.7560995680411149,0.7410047756171854,0.7569957333990678,0.4166643903937364
2022-11-09 00:00:00+00:00,0.7355170611408273,0.7501055575900772,0.7394817890506635,0.7354613468553828,0.5563395544456213
2022-11-10 00:00:00+00:00,0.7503239785668017,0.7504954421552461,0.6798482501227956,0.750271383411943,0.4383564637059335
2022-11-11 00:00:00+00:00,0.6778284209510219,0.6836360639504875,0.636917382242931,0.6777605543453549,0.6771596726077053
2022-11-14 00:00:00+00:00,0.6424960013289147,0.6560702585370901,0.6366096207958738,0.6424206918215589,0.1033092092340906
2022-11-15 00:00:00+00:00,0.6516006487852333,0.6530163693270152,0.6194372736439275,0.6515272572047179,0.34000206841836317
2022-11-16 00:00:00+00:00,0.6329703825808357,0.6482083713644289,0.6370145310370621,0.6328930664675181,0.6419575836302661
2022-11-17 00:00:00+00:00,0.6387539793590582,0.6551769692981395,0.6372090758232742,0.6386778815812717,0.45167496657456396
2022-11-18 00:00:00+00:00,0.6564120317698605,0.6512134320561702,0.6492619534422439,0.6563396537245325,0.6192794415733562
2022-11-21 00:00:00+00:00,0.6538362708420031,0.6763588796953299,0.6582209015259779,0.6537633502033413,0.7010003889091034
2022-11-22 00:00:00+00:00,0.6837254797509225,0.6799486433045754,0.6725257524643782,0.6836588553819707,0.5617129968806129
2022-11-23 00:00:00+00:00,0.6684486466316795,0.6691466348909505,0.6482415203069407,0.6683788041427057,0.7839144933602843
2022-11-24 00:00:00+00:00,0.6380410720158776,0.6352294041867355,0.6240705048103483,0.6379648240615869,0.4761124138140509
2022-11-25 00:00:00+00:00,0.6271059533819408,0.6369351801419123,0.6288335149002271,0.6270274019054509,0.3725153699523295
2022-11-28 00:00:00+00:00,0.6385594377227601,0.6341574075278951,0.6146581956873352,0.6350806992463569,0.5039495670462439
2022-11-29 00:00:00+00:00,0.6289851217671205,0.6325492886093849,0.6206846344968198,0.6289069661442317,0.6350930101144617
2022-11-30 00:00:00+00:00,0.6294063402528276,0.641678238653721,0.6280071321552372,0.6293282733611327,0.5367237415041843
2022-12-01 00:00:00+00:00,0.606952972463954,0.6032293744434756,0.5826623762990559,0.6068701756893125,0.5822391241893736
2022-12-02 00:00:00+00:00,0.5711669519490812,0.5782138057058726,0.5524325390616021,0.571076616720086,0.42396110961629396
2022-12-05 00:00:00+00:00,0.560232080509091,0.5880412266368245,0.5599008835101911,0.5601394418099692,0.329209165004396
2022-12-06 00:00:00+00:00,0.5954994881231341,0.601556068213688,0.5902602524731537,0.5954142786306871,0.5016490944023815
2022-12-07 00:00:00+00:00,0.5992904544944988,0.6084597266966205,0.5969024613747025,0.5992060435827973,0.8311004845927441
2022-12-08 00:00:00+00:00,0.5911093236242144,0.5984860680711681,0.594926113768901,0.591023189327774,0.6059568349639767
2022-12-09 00:00:00+00:00,0.5948839751950761,0.5926707650400203,0.583844971289194,0.5947986360426099,0.5219470639309723
2022-12-12 00:00:00+00:00,0.5964717019167294,0.6048860740198201,0.6003854804823625,0.5963866972246261,0.60589491101995
2022-12-13 00:00:00+00:00,0.6093020565424019,0.6101491438588535,0.5688758994606387,0.609219754610798,0.5904814346253124
2022-12-14 00:00:00+00:00,0.5781978893839224,0.573438277468675,0.5687624356018444,0.5781090352472689,0.669422021912782
2022-12-15 00:00:00+00:00,0.5743747877994463,0.6098080878120178,0.5785151363012413,0.5742851283126484,0.3621607197732628
2022-12-16 00:00:00+00:00,0.6133036321566201,0.6070466739909444,0.5967729296491942,0.6132221731713592,0.5522538718525873
2022-12-19 00:00:00+00:00,0.5854231212611145,0.5972839446502718,0.5864531568537732,0.596030168464784,0.8554471657589608
2022-12-20 00:00:00+00:00,0.6010561608580005,0.6021895996495252,0.5094042751896564,0.6009721218987158,0.4595332242377972
2022-12-21 00:00:00+00:00,0.5183870891590252,0.5213605558519552,0.517585538524441,0.5182856356614802,0.614025943305938
2022-12-22 00:00:00+00:00,0.5261306867430999,0.5246905616580877,0.5197401158517909,0.5260308644623282,0.0
2022-12-23 00:00:00+00:00,0.5259200775002464,0.5318378670116886,0.5300435735825486,0.5258202108538776,0.6356887550974473
2022-12-26 00:00:00+00:00,0.532610876064,0.533722102526256,0.5306754115413264,0.5328363111437862,0.5777965518637058
2022-12-27 00:00:00+00:00,0.5325137288428246,0.5394075266558476,0.5358270168077301,0.5324152511729039,0.6302032528677297
2022-12-28 00:00:00+00:00,0.5442099576396093,0.5525324836675423,0.5481879030717063,0.54411394382249,0.5762805371251175
2022-12-29 00:00:00+00:00,0.5530876810525718,0.5491700081360209,0.5404928781034775,0.5529935373599242,0.6639003146996878
2022-12-30 00:00:00+00:00,0.5349760277490039,0.5285242199985003,0.5178932999714982,0.5348780687712329,0.6431722793784449
2023-01-02 00:00:00+00:00,0.5014256292909005,0.4979533538933616,0.5029889940056971,0.5013206028006298,0.44959823274665006
2023-01-03 00:00:00+00:00,0.5005995071199889,0.50034124194221,0.485379106483236,0.5004943066041017,0.3369960198893747
2023-01-04 00:00:00+00:00,0.507954268625415,0.5163899614019236,0.4923453918965053,0.507850617416578,0.5732626527881186
2023-01-05 00:00:00+00:00,0.5241219887296862,0.5459862400243893,0.5209550937733063,0.5240217433094301,0.6333078748292145
2023-01-06 00:00:00+00:00,0.541310372641167,0.5581527204858561,0.5283586723591411,0.5412137480160053,0.6975843925695293
2023-01-09 00:00:00+00:00,0.5179011058592011,0.5241058587405836,0.5144263487305518,0.5177995499875203,0.7041013397272046
2023-01-10 00:00:00+00:00,0.5157465634170508,0.5211982072250096,0.5161436328853366,0.5156445536832301,0.41073937454450854
2023-01-11 00:00:00+00:00,0.5217729046512383,0.5275008039974942,0.5269978476474542,0.5216721643879441,0.5636377864081114
2023-01-12 00:00:00+00:00,0.5185490011943177,0.5139696036276864,0.4859461785792596,0.518447581804127,0.6232433236762409
2023-01-13 00:00:00+00:00,0.4743227905526921,0.4704524879307428,0.45190924572242475,0.47421205475164174,0.5558947274577489
2023-01-16 00:00:00+00:00,0.45575753635635863,0.4618108316277434,0.44844229448147876,0.45564288971752,0.2574310059912985
2023-01-17 00:00:00+00:00,0.4605365369339274,0.46678142607777495,0.4608842616728728,0.4604228970088051,0.4413441564096584
2023-01-18 00:00:00+00:00,0.4598886415988108,0.5064651312948047,0.4541610954428812,0.45977486519219846,0.6151602263409731
2023-01-19 00:00:00+00:00,0.46406819685487743,0.461209769917295,0.456915127797632,0.46395530088666104,0.574476823297079
2023-01-20 00:00:00+00:00,0.4613302766977805,0.4909522862342617,0.46627886252357964,0.46121680397680387,0.6106028740286213
2023-01-23 00:00:00+00:00,0.4777733708590226,0.49535428869923415,0.4777325323130981,0.4771612052699499,0.558875159444112
2023-01-24 00:00:00+00:00,0.4974079860701268,0.49850558708547643,0.4887812918614278,0.497302113248814,0.6985405218624231
2023-01-25 00:00:00+00:00,0.4916083216853484,0.4903673354562583,0.481474862069724,0.4915012271438053,0.7287722771820293
2023-01-26 00:00:00+00:00,0.47537583676696027,0.4906109823269267,0.4772952391405325,0.4752653227938948,0.5366903347817906
2023-01-27 00:00:00+00:00,0.48449655182983475,0.48528322089761433,0.4855736512694482,0.4843879591683089,0.4596700403718441
2023-01-30 00:00:00+00:00,0.4853713712083074,0.48862933763619143,0.4800492714952833,0.4852629628306404,0.6470764958016733
2023-01-31 00:00:00+00:00,0.49549643527788856,0.4888729845068598,0.48918620210261654,0.4953901597815038,0.5857943525521876
2023-02-01 00:00:00+00:00,0.48951854405731554,0.48757345190979606,0.48013035242270075,0.489411009296574,0.654179842246361
2023-02-02 00:00:00+00:00,0.4654126847326716,0.46637543058016107,0.46203447373163353,0.4653000719856786,0.5353404388278327
2023-02-03 00:00:00+00:00,0.467421629940032,0.4996100534697061,0.4659711010765224,0.4673094403845959,0.40145712591369637
2023-02-06 00:00:00+00:00,0.5202825723447075,0.5281179766403872,0.5187033676518245,0.5201815181375353,0.5943186555100496
2023-02-07 00:00:00+00:00,0.5302294095784936,0.5237320851078597,0.5117210143718416,0.5301304507084772,0.9734947012071361
2023-02-08 00:00:00+00:00,0.504617150340763,0.5057341906827997,0.5027944492194849,0.5045127961559175,0.6516617058039806
2023-02-09 00:00:00+00:00,0.5102059582887404,0.5105260777129415,0.49863114135495623,0.5101027814064565,0.39392295698703883
2023-02-10 00:00:00+00:00,0.5123444331243348,0.5108996034851665,0.4902392653672458,0.5122417067194915,0.6202681624928468
2023-02-13 00:00:00+00:00,0.5128627988312178,0.5276631526244397,0.5166783220499829,0.5127601816219809,0.5949495527612927
2023-02-14 00:00:00+00:00,0.5255962534296614,0.531789038493355,0.5198535797105857,0.5254963185685837,0.5831078402551696
2023-02-15 00:00:00+00:00,0.5361909859985641,0.5513791887649795,0.5343203453058716,0.5360932829561327,0.6722495960607775
2023-02-16 00:00:00+00:00,0.55096552101748,0.5533120049373812,0.5513955436636864,0.5508709302841635,0.6561825096788046
2023-02-17 00:00:00+00:00,0.553735823581635,0.5636594371955574,0.5588965182416019,0.5536418164225501,0.6859774276410815
2023-02-20 00:00:00+00:00,0.5575104751524971,0.5547253055035566,0.5565797790594167,0.5574172631373864,0.5991858831250726
2023-02-21 00:00:00+00:00,0.5579801436518186,0.5654623744664029,0.5602573429532889,0.557887030574072,0.6063521124793105
2023-02-22 00:00:00+00:00,0.5683481993713118,0.5631396737288319,0.5639346596492114,0.5682572703619149,0.5826812062011033
2023-02-23 00:00:00+00:00,0.5676355392220782,0.5679315607589737,0.5681629805744435,0.5675444600882493,0.6534188770948648
2023-02-24 00:00:00+00:00,0.5627106942157729,0.5854909899610301,0.5606622531944772,0.5626185776455725,0.5742551700455566
2023-02-27 00:00:00+00:00,0.5913362476675705,0.5863356985421464,0.5889805086888842,0.5912501611734988,0.5442842853320226
2023-02-28 00:00:00+00:00,0.5900725922104488,0.5933692359266356,0.5904871801907428,0.5899862395227953,0.7834515796003794
2023-03-01 00:00:00+00:00,0.5905748903107759,0.5861084104644223,0.5781423617934807,0.5904886434340295,0.5704296830614234
2023-03-02 00:00:00+00:00,0.5880799618035915,0.5959033616699849,0.5915563113220865,0.5879931893611519,0.5828615017199663
2023-03-03 00:00:00+00:00,0.5963582398950513,0.5906241808985069,0.5873443054615173,0.5962732113017639,0.5617572231003632
2023-03-06 00:00:00+00:00,0.5828310455327541,0.5815113417866158,0.5803295692501571,0.5825812212445152,0.6376772874951554
2023-03-07 00:00:00+00:00,0.5849208231607874,0.5939866564300282,0.583342665055925,0.5848333852343937,0.48319071248662104
2023-03-08 00:00:00+00:00,0.6074715853647836,0.6094018444539047,0.5983280519491436,0.607388897837821,0.5952351120465945
2023-03-09 00:00:00+00:00,0.6047984300218037,0.5989408920871155,0.5899688060907597,0.6047151793850223,0.7385114221412379
2023-03-10 00:00:00+00:00,0.5913362476675705,0.5945064198967538,0.5605164064043056,0.5912501611734988,0.5606452120736203
2023-03-13 00:00:00+00:00,0.5682510521501363,0.5626848497128845,0.5300759565139255,0.5683220488189737,0.48514324444589646
2023-03-14 00:00:00+00:00,0.5381836164054219,0.5602969616640361,0.5426798383622047,0.5380863331177761,0.41797677844216097
2023-03-15 00:00:00+00:00,0.5589684250519693,0.5633020223557779,0.5294117356237709,0.5588755201592657,0.36432199619598393
2023-03-16 00:00:00+00:00,0.5351866369918574,0.5373118661355014,0.5211820214908953,0.5350887223796834,0.7292253421833255
2023-03-17 00:00:00+00:00,0.5422984068473711,0.5390662227485126,0.5226886929927539,0.5422019903551798,0.4094456431878642
2023-03-20 00:00:00+00:00,0.5247375016577442,0.5238622118699152,0.5019683136724447,0.5246373858975073,0.6306859214786243
2023-03-21 00:00:00+00:00,0.5102870379033604,0.520727024416118,0.5099065814229258,0.5101838781007897,0.45291488530857893
2023-03-22 00:00:00+00:00,0.5257744802654565,0.5297585652842867,0.5296547312080735,0.5256745829485052,0.47445247485332626
2023-03-23 00:00:00+00:00,0.5068364575970299,0.5077158353735349,0.5001862636549057,0.5067325709172665,0.6924842817691627
2023-03-24 00:00:00+00:00,0.5017497005554326,0.4960691183787942,0.48764714766938067,0.5016447423319426,0.4419513273233725
2023-03-27 00:00:00+01:00,0.5014416968974564,0.509421363468213,0.5011745610567813,0.501336673791885,0.54209686093828
2023-03-28 00:00:00+01:00,0.507711276975503,0.5018680626169978,0.5001538807235288,0.507607574579598,0.5770644995740852
2023-03-29 00:00:00+01:00,0.50468191515488,0.5249666782541449,0.507962369550552,0.5045775746129764,0.6253243727740725
2023-03-30 00:00:00+01:00,0.529468052221699,0.5287839778016137,0.5289257444551647,0.5293689329690079,0.557162918914459
2023-03-31 00:00:00+01:00,0.5395931162912802,0.5390337530231233,0.5370906927252856,0.5394961299198713,0.7609041087522698
2023-04-03 00:00:00+01:00,0.5419582679762835,0.5417465861863624,0.5289094293905015,0.541861779832612,0.6526429308766489
2023-04-04 00:00:00+01:00,0.5249804933076563,0.532146453333135,0.5184279891361445,0.5248804287344873,0.5963704945186942
2023-04-05 00:00:00+01:00,0.5117936850103937,0.5110133714542782,0.5040096743389495,0.5116908425884727,0.45709320647463764
2023-04-06 00:00:00+01:00,0.5028675115838173,0.5112406595320023,0.5057430263604479,0.5027627888312545,0.4836340683437771
2023-04-07 00:00:00+01:00,0.5147745968174027,0.5187614906578277,0.5176339893225319,0.5146723823353103,0.5141503305532171
2023-04-10 00:00:00+01:00,0.5217081398371213,0.5435495234572079,0.5255561892062994,0.5216073859308856,0.6666284258872688
2023-04-11 00:00:00+01:00,0.5439345835826388,0.540690700459967,0.5412218648563867,0.5438385117569806,0.6298779352206053
2023-04-12 00:00:00+01:00,0.5459595963965551,0.5464896446981711,0.5379818413330297,0.5458639511471535,0.7408566217416298
2023-04-13 00:00:00+01:00,0.5377139479061004,0.5358338739790471,0.5258152526573161,0.5376165656810905,0.593889689268813
2023-04-14 00:00:00+01:00,0.5280261699287823,0.5421525816839767,0.5281804426375922,0.5279267469383833,0.5200695545895859
2023-04-17 00:00:00+01:00,0.5520670172453621,0.5552938974886152,0.5530967599517567,0.5519726585462006,0.5094399413746094
2023-04-18 00:00:00+01:00,0.5594220259447349,0.5573729513555179,0.5555914816575416,0.5593292166046966,0.7535286401676746
2023-04-19 00:00:00+01:00,0.5532498402818109,0.5631233149358876,0.5570981531594001,0.5531557307485906,0.6320294735549612
2023-04-20 00:00:00+01:00,0.563941720071889,0.5617102622302115,0.5581672842907435,0.5638498628217274,0.5352439639594304
2023-04-21 00:00:00+01:00,0.5524721681245137,0.5536694197771612,0.5505207101206055,0.552377894771847,0.655899515985126
2023-04-24 00:00:00+01:00,0.5519051052100696,0.5578929626827427,0.5559479411006389,0.5518107124035538,0.4975812837269885
2023-04-25 00:00:00+01:00,0.5538977356169275,0.5534096619740478,0.5536312019184537,0.5538037625651973,0.5752612429025074
2023-04-26 00:00:00+01:00,0.5478550795822374,0.5439394080223767,0.5419508516092959,0.5477598336232086,0.5936041259997042
2023-04-27 00:00:00+01:00,0.5438698187685218,0.5490725989598535,0.5463087042600363,0.5437737332999222,0.5360592768506062
2023-04-28 00:00:00+01:00,0.5493293442822123,0.587196765916207,0.553420589265528,0.5492344088823626,0.550710397103549
2023-05-01 00:00:00+01:00,0.591190403238834,0.6013773607937982,0.5943914246042548,0.5911042860221067,0.6185949015842034
2023-05-02 00:00:00+01:00,0.6095774305993724,0.6072739620686685,0.5967566145845309,0.6094951866763074,0.8796761847441185
2023-05-03 00:00:00+01:00,0.5924864411030142,0.5878464082844892,0.5750968830563359,0.5924005969013397,0.7087510200197069
2023-05-04 00:00:00+01:00,0.5613498915374757,0.560248133145703,0.5526431517145278,0.5612574883092811,0.460012772908776
2023-05-05 00:00:00+01:00,0.5554367651310197,0.5637407354392798,0.5558831752378848,0.5553431162814098,0.3602811142950676
2023-05-08 00:00:00+01:00,0.5719609389068814,0.5657060213370713,0.568487057086164,0.571870770934104,0.5371314459964504
2023-05-09 00:00:00+01:00,0.569919611292462,0.567817792789862,0.569669652076302,0.5698290133066573,0.6975514798053077
2023-05-10 00:00:00+01:00,0.5734025740058506,0.569766967755208,0.5627520646590733,0.5733127097187094,0.5648288769721698
2023-05-11 00:00:00+01:00,0.5539464328244885,0.5597771981973105,0.5537122828458712,0.553852470031001,0.604079046187519
2023-05-12 00:00:00+01:00,0.560604601787237,0.5725772100946145,0.5642424210962687,0.5605120415610669,0.44125996144435486
2023-05-15 00:00:00+01:00,0.582053620569404,0.5836716938972408,0.5855298725126015,0.5819655786564379,0.6269946901184189
2023-05-16 00:00:00+01:00,0.5856661129110265,0.5895682951721111,0.5852381789322583,0.5855788319826074,0.7324238687012752
2023-05-17 00:00:00+01:00,0.5919030633880675,0.6040413654387038,0.5950556454944094,0.5918170962957723,0.6048580815204005
2023-05-18 00:00:00+01:00,0.6110840777064062,0.6217958608535943,0.6113694741679381,0.6110021511639909,0.6233361970081915
2023-05-19 00:00:00+01:00,0.6273813274389113,0.6216010425012595,0.6138157450756316,0.6273028339709603,0.71429639010948
2023-05-22 00:00:00+01:00,0.6123477331635274,0.6217958608535943,0.6144960338325003,0.6122660728146945,0.6930173181112873
2023-05-23 00:00:00+01:00,0.6282237644103255,0.6253209328725609,0.6266302395768366,0.6281454484047624,0.4752073821129185
2023-05-24 00:00:00+01:00,0.6270251209612678,0.63021022907887,0.6265652265161332,0.6269465524571369,0.690016059720732
2023-05-25 00:00:00+01:00,0.6381221516304976,0.6415647185451085,0.6420689875093348,0.6380459207559201,0.5710258061260862
2023-05-26 00:00:00+01:00,0.65001292206358,0.6546408470384697,0.6470589253168026,0.6499391960227017,0.6561897845551494
2023-05-29 00:00:00+01:00,0.6638478728899062,0.6582144997152701,0.6568761446810045,0.6637770612313421,0.6612827121548169
2023-05-30 00:00:00+01:00,0.656881700269182,0.6582469694406594,0.648128056448146,0.6568094211612181,0.6741833410825648
2023-05-31 00:00:00+01:00,0.6463680473148989,0.6491180193963233,0.6438510375268733,0.6462935534680023,0.5318500187914765
2023-06-01 00:00:00+01:00,0.6355948407162542,0.6427016546547271,0.6305829347884395,0.635518077454513,0.5074547988340619
2023-06-02 00:00:00+01:00,0.6294550374603887,0.6402812968804898,0.6324136828020186,0.6293769808269365,0.5053386512157729
2023-06-05 00:00:00+01:00,0.653090981091764,0.6508074365585559,0.6428790551896615,0.6530179034551271,0.5369571626160495
2023-06-06 00:00:00+01:00,0.6397420135652623,0.6429453015253954,0.6406273290681801,0.6396661239204466,0.7428660458188435
2023-06-07 00:00:00+01:00,0.6420747828432076,0.6440011872517908,0.6394284190133788,0.6419993846046579,0.4879208687115016
2023-06-08 00:00:00+01:00,0.6481013712713422,0.6450407141852423,0.6358967019096782,0.6480272425553915,0.5953913998239012
2023-06-09 00:00:00+01:00,0.6313181382390125,0.6389492945580368,0.6371116798311935,0.6312404740744622,0.6207904294145148
2023-06-12 00:00:00+01:00,0.6395477191229113,0.6391118910454816,0.6398820272506076,0.6394717885492704,0.46415273938153334
2023-06-13 00:00:00+01:00,0.6409896014158281,0.6453168307812995,0.6389911258408127,0.6409139745798951,0.6362190455824197
2023-06-14 00:00:00+01:00,0.6526049977919399,0.6467137725545307,0.6435432760798161,0.6525318177811672,0.5892561040804597
2023-06-15 00:00:00+01:00,0.6493650267284634,0.6675546269048853,0.654284274181089,0.6492911642060946,0.6592830477447771
2023-06-16 00:00:00+01:00,0.6540792624919152,0.6738896934027592,0.6526965217518126,0.6540063930403213,0.5571345150160487
2023-06-19 00:00:00+01:00,0.6799832105871189,0.6760014648555499,0.6784874254111086,0.6799157978956643,0.6116564035237706
2023-06-20 00:00:00+01:00,0.6805015762940014,0.679704996433907,0.6751015550975801,0.6804342727981536,0.756616576859585
2023-06-21 00:00:00+01:00,0.6713647936245715,0.6814105245285846,0.6771429157640854,0.6712955654324844,0.5828318420418771
2023-06-22 00:00:00+01:00,0.6770833783947299,0.6912381933200358,0.681274087895186,0.6770153548431599,0.5175085530763162
2023-06-23 00:00:00+01:00,0.6988238388404229,0.7061824463955197,0.6996774808353612,0.6987603949952954,0.6181678414095689
2023-06-26 00:00:00+01:00,0.7071021169318832,0.7033885628490575,0.7030959812782163,0.707040416935907,0.7266294711205659
2023-06-27 00:00:00+01:00,0.7057900114611475,0.7112016215033856,0.7082639016092833,0.7057280350654194,0.6348883419503848
2023-06-28 00:00:00+01:00,0.7126264072596906,0.7182190479554298,0.7154566203442427,0.7125658709754064,0.5705484336426763
2023-06-29 00:00:00+01:00,0.7208399205370339,0.7230434047109604,0.7219692975202832,0.7207811144589595,0.6250727969023862
2023-06-30 00:00:00+01:00,0.7271740182352504,0.7253338835836414,0.7234272710261016,0.7271165464577123,0.634127183419308
2023-07-03 00:00:00+01:00,0.7209855177718234,0.723319521307018,0.7201061665753272,0.720926742364332,0.6214387246207604
2023-07-04 00:00:00+01:00,0.7239988119858904,0.7194861108271042,0.7231358246437076,0.7239406713396985,0.5382884874853706
2023-07-05 00:00:00+01:00,0.7211152945940045,0.7203308194082205,0.7211916127713338,0.7210565465244689,0.5993578259538747
2023-07-06 00:00:00+01:00,0.7224597824717987,0.7189824582928237,0.7129779665051723,0.722401317623486,0.5601776872456847
2023-07-07 00:00:00+01:00,0.7137442182880758,0.7116889152447219,0.6891149596535868,0.7136839174747183,0.5882623136376228
2023-07-10 00:00:00+01:00,0.6855235685214822,0.6922938311859319,0.67968633546591,0.6854573229264187,0.5214153050970418
2023-07-11 00:00:00+01:00,0.6707490335025663,0.6669860349198262,0.6576051314339137,0.6706796755983879,0.3911171411174657
2023-07-12 00:00:00+01:00,0.6516490987988477,0.644780956382129,0.6258525548278873,0.6515757174245025,0.47958388989283585
2023-07-13 00:00:00+01:00,0.6224404148260501,0.6263116312876789,0.6234386668515706,0.622360880537028,0.4495516797362158
2023-07-14 00:00:00+01:00,0.6185523012335103,0.6289756359325844,0.6114342400306922,0.6184719478993299,0.3791990621922771
2023-07-17 00:00:00+01:00,0.628385923639565,0.6337350532373369,0.622774445961416,0.6283076417934284,0.5523371267133811
2023-07-18 00:00:00+01:00,0.6291472809963596,0.6266202176091253,0.6197450350909848,0.6290691595328977,0.6476965474070807
2023-07-19 00:00:00+01:00,0.6339747315875424,0.6434164843342871,0.6367230846546681,0.6338976270439673,0.5845945134942712
2023-07-20 00:00:00+01:00,0.6432252234725979,0.6501250766043856,0.6407244778623111,0.643150067578518,0.6127307288169703
2023-07-21 00:00:00+01:00,0.6475343083568981,0.675042988305322,0.6509144717342741,0.6474600601870983,0.6432016572820154
2023-07-24 00:00:00+01:00,0.6780877274014365,0.6723465139350271,0.6692857289410212,0.6780199154196092,0.6089579292326269
2023-07-25 00:00:00+01:00,0.6743941554451944,0.6710308704055183,0.6697554050449641,0.674325565399106,0.7890426643922888
2023-07-26 00:00:00+01:00,0.6645281506320813,0.6627302701493547,0.6579939738083884,0.6644574822764782,0.5543086611372996
2023-07-27 00:00:00+01:00,0.6556830568201244,0.664387217586198,0.6451794793071834,0.6556105252135926,0.5123971438956719
2023-07-28 00:00:00+01:00,0.6313342058455684,0.659124147747165,0.6239894238829309,0.6312565450657173,0.5190632605104841
2023-07-31 00:00:00+01:00,0.6620171545183409,0.6865922961238957,0.6662887010019674,0.6619459572123454,0.4127924320645015
2023-08-01 00:00:00+01:00,0.6873703544996035,0.6996686724777561,0.6920309066652233,0.68730449793667,0.7914484032012246
2023-08-02 00:00:00+01:00,0.6978518722407747,0.6997824404468678,0.6914964646985262,0.6977882236473756,0.7522430821511812
2023-08-03 00:00:00+01:00,0.7039105958820207,0.7065723309606886,0.6888395811379064,0.7038482235806194,0.6500261079019418
2023-08-04 00:00:00+01:00,0.6918255310065873,0.6901498378682511,0.6801562587678025,0.6917606129426612,0.6200076179390444
2023-08-07 00:00:00+01:00,0.6801290550158554,0.6839934787902671,0.6796052545384925,0.6800616730470563,0.49838598086085406
2023-08-08 00:00:00+01:00,0.6906266403635826,0.6991164392856413,0.6966156870335531,0.6905614697490166,0.5005786964152649
2023-08-09 00:00:00+01:00,0.702841482061197,0.7038758565903938,0.7037602021683709,0.7027788845471112,0.6503575841234375
2023-08-10 00:00:00+01:00,0.7101154111459502,0.7163997518916405,0.7090252712935694,0.710054345911274,0.6616018798234563
2023-08-11 00:00:00+01:00,0.7283729088782547,0.7241966996135236,0.7268131413396302,0.728315689651357,0.6280625796603487
2023-08-14 00:00:00+01:00,0.7277734635567525,0.7339916508190858,0.731900227941229,0.7277161180545348,0.701275208914837
2023-08-15 00:00:00+01:00,0.7378174480117141,0.7387349571913937,0.7376673561017477,0.7377622183110646,0.5753511653925635
2023-08-16 00:00:00+01:00,0.7405877505758691,0.7391409526890076,0.7411019244113168,0.7405331044494516,0.6459079812505923
2023-08-17 00:00:00+01:00,0.752332676580215,0.7495694353304074,0.7462698447423839,0.7522805045648415,0.5976107219755746
2023-08-18 00:00:00+01:00,0.7423050069257564,0.7373704851435514,0.738104896472263,0.7422507225455857,0.6567609620057302
2023-08-21 00:00:00+01:00,0.7356789731761197,0.7472628455252814,0.738347892056566,0.7356232929980295,0.5135368865732785
2023-08-22 00:00:00+01:00,0.7507938942600698,0.7473766134943931,0.7440665694189934,0.7507413980946478,0.53566886224822
2023-08-23 00:00:00+01:00,0.7430987466896095,0.7380040165793886,0.7291298805218149,0.743044629513584,0.6791879155219973
2023-08-24 00:00:00+01:00,0.7254406942788072,0.7401807274829579,0.72979410141197,0.7253828573703232,0.5288067467298015
2023-08-25 00:00:00+01:00,0.7480235916959148,0.7508689679274712,0.7478249670423334,0.7479705119562612,0.4630242945191856
2023-08-28 00:00:00+01:00,0.7555405124305801,0.7526721530588154,0.7566380683358958,0.7554890161574035,0.7291804297903176
2023-08-29 00:00:00+01:00,0.7544550838092539,0.7628730997619919,0.7497367959833299,0.7544033588866215,0.6287290304754953
2023-08-30 00:00:00+01:00,0.7467438686322376,0.7495369656050181,0.7449737858934511,0.7466905193143025,0.5722126192975048
2023-08-31 00:00:00+01:00,0.7485419574027974,0.7441440168644284,0.7445364927208855,0.7484889868587505,0.5287793780370984
2023-09-01 00:00:00+01:00,0.7384008257266608,0.7447289676424313,0.7275421280925389,0.738345718916632,0.5911483619214822
2023-09-04 00:00:00+01:00,0.7478616796606223,0.7490010912058476,0.7527985897851379,0.747808565813614,0.5126859546779138
2023-09-05 00:00:00+01:00,0.755734806872931,0.7689159387313631,0.7602021683709728,0.7556833515285797,0.6417594441859129
2023-09-06 00:00:00+01:00,0.7707684011483149,0.7702154713284268,0.7689341887371177,0.7707201126848455,0.6310737409843393
2023-09-07 00:00:00+01:00,0.7746241323337966,0.7713362965056008,0.7692582652488382,0.7745766560940146,0.677811472774737
2023-09-08 00:00:00+01:00,0.7685003966844866,0.7693382930219212,0.7632639621727808,0.7684516304576932,0.6044245706295158
2023-09-11 00:00:00+01:00,0.7649689839574836,0.7589098103805219,0.7507248461872558,0.7649194738258565,0.539523138249464
2023-09-12 00:00:00+01:00,0.7579217317221398,0.7608426265529236,0.7597972581297845,0.7578707370613993,0.5563129079687603
2023-09-13 00:00:00+01:00,0.7656979589072197,0.7672753500874636,0.7701491666586326,0.7656486023367963,0.5333352330142171
2023-09-14 00:00:00+01:00,0.7687433883343986,0.7660082872157892,0.7687720268822824,0.7686946732946731,0.6302204262935834
2023-09-15 00:00:00+01:00,0.77094662798411,0.7727007685534426,0.7738591134838817,0.770898377064767,0.5991917265414336
2023-09-18 00:00:00+01:00,0.7771998932616535,0.7712711091943234,0.7774068984542959,0.7771529596152058,0.5936791279654162
2023-09-19 00:00:00+01:00,0.7729392583909678,0.7717422920032146,0.7766779117013867,0.77289142722641,0.6200293220264369
2023-09-20 00:00:00+01:00,0.7751588128411817,0.7761767641935764,0.7784275787875483,0.7751114492337783,0.5516620335524264
2023-09-21 00:00:00+01:00,0.7845385871605237,0.7808063025967726,0.7735998028349154,0.7844931994364275,0.5937600508806641
2023-09-22 00:00:00+01:00,0.7735710861195284,0.7800917207777118,0.7769048394189761,0.773523388051762,0.6402737165354209
2023-09-25 00:00:00+01:00,0.7863693055320895,0.7888632559822679,0.7891522618241575,0.7863243034554237,0.5083354808801714
2023-09-26 00:00:00+01:00,0.7924767263808965,0.7926317270114036,0.7960048361806829,0.7924330108544708,0.6625419501668058
2023-09-27 00:00:00+01:00,0.7962674455583141,0.7978134986067142,0.7985645709471711,0.7962245285605618,0.6188249726358399
2023-09-28 00:00:00+01:00,0.8036061394571843,0.7985771568046074,0.8033923468998041,0.8035647683817835,0.6037791326255394
2023-09-29 00:00:00+01:00,0.8009979961222684,0.797017618543931,0.793137587165087,0.8009560756320628,0.6265939005057322
2023-10-02 00:00:00+01:00,0.8042864171993593,0.8038075090577523,0.808268573650528,0.8042451894269196,0.5625753878711859
2023-10-03 00:00:00+01:00,0.8093247242273427,0.8083232794918365,0.7960698492413867,0.809284557792459,0.600463927215815
2023-10-04 00:00:00+01:00,0.7986489120438205,0.7947434984641943,0.7965234574786155,0.7986064967105768,0.6116692611220484
2023-10-05 00:00:00+01:00,0.7949877224946369,0.7913973817256172,0.7894924062025921,0.7949445359186036,0.5109289996384739
2023-10-06 00:00:00+01:00,0.7868389740314106,0.7976999784981018,0.792068208835794,0.7867940708921093,0.555764853618361
2023-10-09 00:00:00+01:00,0.7981305463369379,0.7933140869655739,0.793007808241629,0.7980880218080879,0.526808586935923
2023-10-10 00:00:00+01:00,0.7846357343816992,0.7912836137565056,0.7875968923262588,0.7845903671220154,0.6523402398222312
2023-10-11 00:00:00+01:00,0.7895121293743905,0.7926966664621817,0.7916309156632284,0.789467789344908,0.4924684560583634
2023-10-12 00:00:00+01:00,0.7961216011295775,0.8024755067352993,0.8000549273843665,0.7960786534091702,0.6108858222926862
2023-10-13 00:00:00+01:00,0.808336442827192,0.8031415078965258,0.8081227268603564,0.8082960682072649,0.6220162885836469
2023-10-16 00:00:00+01:00,0.8047076356850664,0.8020045717869069,0.8068592981407501,0.8046664966438206,0.6580068227733035
2023-10-17 00:00:00+01:00,0.8049021773213645,0.802589274704411,0.8059033836702518,0.804861079261016,0.5560664502325161
2023-10-18 00:00:00+01:00,0.807834391920812,0.8040511559284202,0.8090462583994773,0.8077939115420498,0.5805727297834268
2023-10-19 00:00:00+01:00,0.8075590178638414,0.8049122233024808,0.8121891331287028,0.8075184794765404,0.5981436510048984
2023-10-20 00:00:00+01:00,0.8085309844634896,0.8058868107851538,0.8137766383600296,0.8084906508244603,0.577558737486382
2023-10-23 00:00:00+01:00,0.8097946399206113,0.8058379822668207,0.8127562052247264,0.8097545724751638,0.5855554913039392
2023-10-24 00:00:00+01:00,0.8079963039561044,0.8046846873642575,0.8061626943192182,0.8079558576846966,0.5874223230212164
2023-10-25 00:00:00+01:00,0.8093734214349042,0.8055293959453742,0.8136147237031439,0.8093332652582628,0.5678051347556701
2023-10-26 00:00:00+01:00,0.8133262998415609,0.818556943780901,0.8177135129028676,0.8132869763530197,0.5881514046081793
2023-10-27 00:00:00+01:00,0.8176677671329196,0.8125629333298634,0.8097104792896324,0.8176293581901295,0.6046477812300797
2023-10-30 00:00:00+00:00,0.8074131734351049,0.8035150336687504,0.7977221203354676,0.8073726043251488,0.6070920275608909
2023-10-31 00:00:00+00:00,0.7973365593791377,0.8308535510044237,0.8012214545077905,0.79729386759407,0.5138525612366847
2023-11-01 00:00:00+00:00,0.8327016086022505,0.8292779018113028,0.83028501181977,0.8326663665924146,0.5147169131764323
2023-11-02 00:00:00+00:00,0.8210535826251331,0.8155679940216047,0.814505872310888,0.8210158869165933,0.8070160199237564
2023-11-03 00:00:00+00:00,0.8197899271680114,0.8140248145538727,0.8049314013330395,0.8197519652658902,0.505412215878926
2023-11-06 00:00:00+00:00,0.8028123996933312,0.8032552758656375,0.8069240640035042,0.8027708614137847,0.5712672827939312
2023-11-07 00:00:00+00:00,0.8115603462841126,0.8171761129401149,0.8164335219206489,0.8115206507910819,0.471023683725754
2023-11-08 00:00:00+00:00,0.8181537504327441,0.8219679999702567,0.8225410416575514,0.8181154438640894,0.6355188339033818
2023-11-09 00:00:00+00:00,0.8257354359815263,0.825119298356499,0.829863786513918,0.8256987265222906,0.621526058054021
2023-11-10 00:00:00+00:00,0.8335924955872791,0.83134084474576,0.8367813739311472,0.8335574412460012,0.6277203725259685
2023-11-13 00:00:00+00:00,0.8355364287865754,0.8369286118386849,0.8370243695154502,0.8355017839418408,0.6293225888151596
2023-11-14 00:00:00+00:00,0.8384038785719063,0.834849310111283,0.8282275832865511,0.8383698377658158,0.5916546373041941
2023-11-15 00:00:00+00:00,0.8195956327256604,0.8260289463883939,0.8211478340144871,0.819557629894714,0.5974982139918829
2023-11-16 00:00:00+00:00,0.8314216383446262,0.8290991943914126,0.821747289041888,0.8313861267044367,0.4602545194143748
2023-11-17 00:00:00+00:00,0.8231596750536689,0.818508115262568,0.8042184824468444,0.8231224230010994,0.6547685951323223
2023-11-20 00:00:00+00:00,0.8107989889273179,0.80551303715243,0.786300833477326,0.8107591330516131,0.526870866510185
2023-11-21 00:00:00+00:00,0.7852027972961433,0.7803028979229909,0.771072698197754,0.7851575494903085,0.5005835311760023
2023-11-22 00:00:00+00:00,0.7818006670034272,0.8018583340924059,0.786057837893023,0.7817547025265699,0.4154405190130601
2023-11-23 00:00:00+00:00,0.8029906265291262,0.8009323272675672,0.7989210303902685,0.8029491257937058,0.557309383730183
2023-11-24 00:00:00+00:00,0.8058254467134516,0.8011273934804013,0.8039918019272045,0.8057845431431321,0.7166351655171452
2023-11-27 00:00:00+00:00,0.804788715299686,0.8003800940754524,0.7954540791493225,0.8047475933381538,0.5975329152943996
2023-11-28 00:00:00+00:00,0.7866607471956155,0.7864592570009745,0.7748147807564307,0.7866158065121882,0.5726725671838797
2023-11-29 00:00:00+00:00,0.7641589293931279,0.7717098222778258,0.763458506958993,0.7641092486205834,0.4629690546349485
2023-11-30 00:00:00+00:00,0.7637700933144789,0.7810013688096067,0.7664879178294242,0.7637203306322118,0.4338066798742668
2023-12-01 00:00:00+00:00,0.7793220532967453,0.7786295916932033,0.7659208457334006,0.7792755666909665,0.5767856965288894
2023-12-04 00:00:00+00:00,0.7533048903738102,0.7609078138642009,0.7562492259614206,0.7532529231587806,0.6808636885861167
2023-12-05 00:00:00+00:00,0.7684356318703696,0.7632954540525501,0.7617572906709222,0.7683868520006343,0.4105582522360254
2023-12-06 00:00:00+00:00,0.7661352449994827,0.7651960483600622,0.7667956792764814,0.7660859805449525,0.6785494616799513
2023-12-07 00:00:00+00:00,0.7661191773929272,0.7602254539100302,0.7174169000833306,0.7660699095536974,0.5643340130774154
2023-12-08 00:00:00+00:00,0.7190415845725271,0.727201760305265,0.6958056193532265,0.7189823996684923,0.5792192137868255
2023-12-11 00:00:00+00:00,0.730462686506288,0.7500242593463549,0.7343625667156366,0.7304059074985882,0.2722544304861658
2023-12-12 00:00:00+00:00,0.7483152805533884,0.7429257825110871,0.7329369761411955,0.7482622622590449,0.6553200744489442
2023-12-13 00:00:00+00:00,0.7352740694909152,0.7406680212242946,0.7369383693488385,0.7352183040184028,0.6975376085446086
2023-12-14 00:00:00+00:00,0.6946603511909126,0.6902472470444185,0.6718454637075095,0.6945960302920875,0.49362112908703026
2023-12-15 00:00:00+00:00,0.6866576943503699,0.683327477629041,0.678746736060075,0.6865916876630045,0.310944047524643
2023-12-18 00:00:00+00:00,0.687208442464311,0.6943731329133338,0.6885642026222265,0.6871425517940233,0.5255129870122127
2023-12-19 00:00:00+00:00,0.693834229020001,0.7237418755975762,0.6915936134926572,0.6937697340955598,0.5830401843181451
2023-12-20 00:00:00+00:00,0.7127398692813687,0.7095773916524304,0.708425816266169,0.712679356898269,0.6240207747306122
2023-12-21 00:00:00+00:00,0.7068104280744096,0.7012279628779332,0.6883048919732602,0.7067486666331233,0.7064937139684019
2023-12-22 00:00:00+00:00,0.6832718788581569,0.6865598263985064,0.6854537108243779,0.6832051589365402,0.5397628282425129
2023-12-25 00:00:00+00:00,0.6876781109636325,0.6838633520282116,0.6895848829554789,0.6876123192307089,0.42187448326175103
2023-12-26 00:00:00+00:00,0.6858637073925697,0.6861374721079483,0.6890825767222095,0.6857975334489865,0.6090987672592196
2023-12-27 00:00:00+00:00,0.6896059765563733,0.689581245883192,0.6850324855185264,0.6895405909352934,0.5670867609211311
2023-12-28 00:00:00+00:00,0.6724015250383366,0.6704134499021261,0.6596301770357553,0.6723325152374631,0.6045836468030169
2023-12-29 00:00:00+00:00,0.6729035759447166,0.674425815662429,0.6683621974019003,0.6728346719026781,0.4633854243857585
2024-01-01 00:00:00+00:00,0.6651599783606419,0.6602286141313947,0.6703548600723646,0.6650894431018297,0.5827326831496706
2024-01-02 00:00:00+00:00,0.6679789781323584,0.6790878237910141,0.6728658968428127,0.6679090367060201,0.5267604974128816
2024-01-03 00:00:00+00:00,0.6846487491430095,0.703567022408448,0.6852107152400748,0.6845823192640867,0.5985242705269118
2024-01-04 00:00:00+00:00,0.6983215407400962,0.7220688172282874,0.7013947649901455,0.6982579910840612,0.6927221095682492
2024-01-05 00:00:00+00:00,0.7269310265853384,0.7403591870423489,0.7172713004911082,0.7268735036207323,0.67166154145363
2024-01-08 00:00:00+00:00,0.7261372868214853,0.7214352857924502,0.7143874892128994,0.726079596652734,0.7713943303910242
2024-01-09 00:00:00+00:00,0.7182639124152295,0.715571402103468,0.7108720871738625,0.7182045636917487,0.5740602359883136
2024-01-10 00:00:00+00:00,0.7214715010716475,0.7379551880610555,0.726845524271007,0.7214128280382919,0.527093115169867
2024-01-11 00:00:00+00:00,0.7426288309963414,0.7468729609601126,0.740454018585825,0.7425746148308792,0.6006744276579035
2024-01-12 00:00:00+00:00,0.7314833503134976,0.7330983615801356,0.7257116272769095,0.7314267863123118,0.7199587684812545
2024-01-15 00:00:00+00:00,0.7331519094558234,0.7399695503376789,0.7375054414448621,0.7330956969426421,0.5059028782712216
2024-01-16 00:00:00+00:00,0.7436010447899366,0.759949337313973,0.7455084750580978,0.7435470334248182,0.5903678281039927
2024-01-17 00:00:00+00:00,0.7671235263996339,0.7816834809032782,0.7703921622429357,0.7670744701301466,0.6484353814178617
2024-01-18 00:00:00+00:00,0.7812499188894861,0.77836983389009,0.7791404976737439,0.7812038383955511,0.7342151789760516
2024-01-19 00:00:00+00:00,0.7814120781187257,0.7862156101303066,0.7821051426814205,0.7813660317842175,0.671426412298545
2024-01-22 00:00:00+00:00,0.7812986160970472,0.7780124190503099,0.778719272367892,0.7812525458613548,0.5803750506950274
2024-01-23 00:00:00+00:00,0.7816387549681347,0.7829505437749527,0.7690313375312487,0.7815927563839231,0.5785886619946544
2024-01-24 00:00:00+00:00,0.7834047085255831,0.777395246407417,0.7630857324512323,0.7833590819458605,0.5815285805236815
2024-01-25 00:00:00+00:00,0.7727125815415583,0.7712225285364891,0.7701004686625925,0.7726647026267044,0.5907681848199736
2024-01-26 00:00:00+00:00,0.7748510563771527,0.7757871274889068,0.7765807629072556,0.7748036279397394,0.5100852007213944
2024-01-29 00:00:00+00:00,0.7816063725610762,0.7787597184552588,0.7781522002718684,0.7815603671553937,0.5932340257521531
2024-01-30 00:00:00+00:00,0.7707199511347005,0.7719371103555499,0.7701167837272558,0.7706716524650614,0.6232256530476313
2024-01-31 00:00:00+00:00,0.7691161568064917,0.7717422920032146,0.753462810675293,0.7690675202917896,0.5087741852323651
2024-02-01 00:00:00+00:00,0.7630735007718012,0.7590558002145231,0.7508546251107138,0.7630235913498014,0.5688832095357906
2024-02-02 00:00:00+00:00,0.7542444745664003,0.7826580683859512,0.7561520771672896,0.754192705278171,0.539959501499941
2024-02-05 00:00:00+00:00,0.7874547341534157,0.7878237290488168,0.7890711808967401,0.7874099607262057,0.5216619160359793
2024-02-06 00:00:00+00:00,0.7897064238167415,0.7862480798556954,0.7846322473185823,0.7896621247160842,0.7970263524372437
2024-02-07 00:00:00+00:00,0.7763898386972978,0.7775087665160294,0.7790754846130401,0.7763427344099332,0.5938806951916951
2024-02-08 00:00:00+00:00,0.7807315531826036,0.7974724425598785,0.7834820352598211,0.7806853634930622,0.49331571927555956
2024-02-09 00:00:00+00:00,0.7997343406651471,0.7990480917529994,0.801691377809683,0.7996921539813593,0.6075219398288225
2024-02-12 00:00:00+00:00,0.798244008358616,0.7975049122852678,0.7996339492764641,0.7982015077309501,0.7025171451700718
2024-02-13 00:00:00+00:00,0.8020994923501505,0.8182644683918996,0.8053363115742282,0.8020578038941,0.5697382736962742
2024-02-14 00:00:00+00:00,0.823467431517698,0.8185894135062903,0.822816667371181,0.8234302442951378,0.6041375888397384
2024-02-15 00:00:00+00:00,0.8205515317187531,0.8150970590732123,0.8130315837404067,0.8205137302513787,0.7166272237622581
2024-02-16 00:00:00+00:00,0.8108637537414349,0.8163638740843879,0.8158016839618711,0.8108239115086715,0.5607513880664082
2024-02-19 00:00:00+00:00,0.8139905099771805,0.8090542201038411,0.815040314277585,0.8131734904301571,0.5175445884105266
2024-02-20 00:00:00+00:00,0.8161126700122718,0.8130665858641439,0.8120432863385312,0.8160739334826614,0.5943639819996323
2024-02-21 00:00:00+00:00,0.8107502917197569,0.8108085767168522,0.8146190889717331,0.8107104255858093,0.5978721993759891
2024-02-22 00:00:00+00:00,0.8174895402971245,0.816396591670276,0.8171951388028846,0.817451093810208,0.5450655177428884
2024-02-23 00:00:00+00:00,0.8195632503186019,0.8183943472934563,0.8218931358320596,0.8195252406661846,0.6224739417681582
2024-02-26 00:00:00+00:00,0.8197899271680114,0.8192390558745726,0.8217312211751739,0.8197682835031646,0.5925647889890298
2024-02-27 00:00:00+00:00,0.8209077381963965,0.8157630602344388,0.8190095717518004,0.8208700117652017,0.5808742137488011
2024-02-28 00:00:00+00:00,0.8197575447609529,0.8196128295072969,0.8229785820280662,0.8197195760373608,0.5863504579230501
2024-02-29 00:00:00+00:00,0.8223659352898158,0.8164290613956653,0.8042184824468444,0.8223285160331006,0.5719902481870458
2024-03-01 00:00:00+00:00,0.8132776026339998,0.8173548203600052,0.8180536572813022,0.813238268887216,0.5959632654542714
2024-03-04 00:00:00+00:00,0.8134395146692923,0.8152105791818247,0.8144084763188073,0.8134002150298627,0.5214103658981207
2024-03-05 00:00:00+00:00,0.8192878762616314,0.8148209424771551,0.8126103584345548,0.8192498086006752,0.5803596257083597
2024-03-06 00:00:00+00:00,0.8125323128837607,0.8072512828329961,0.8029874366586154,0.8124928221390018,0.6167283773482918
2024-03-07 00:00:00+00:00,0.7998962527004392,0.7939800881268004,0.7777794257641073,0.799854100124006,0.5362211290683261
2024-03-08 00:00:00+00:00,0.7771998932616535,0.7751535960530695,0.7602993171651042,0.7771529596152058,0.4984774152356989
2024-03-11 00:00:00+00:00,0.7594770760367346,0.7593158058781357,0.7601534703749326,0.7594264090148866,0.43335194883386496
2024-03-12 00:00:00+00:00,0.7587965511006125,0.772814288662055,0.7625836734159122,0.7587457407237308,0.46425941294080864
2024-03-13 00:00:00+00:00,0.7731661824343239,0.7740327708758956,0.7724172078447773,0.7731183990721349,0.5748728061262398
2024-03-14 00:00:00+00:00,0.7731985648413824,0.7784508842733131,0.7765807629072556,0.7731507883006643,0.6733404940872516
2024-03-15 00:00:00+00:00,0.7841336834753196,0.7923394994829009,0.7854586300635717,0.7840882104568003,0.5795346120458175
2024-03-18 00:00:00+00:00,0.7948094956588418,0.7949871453348627,0.7995852512804236,0.7947662715386825,0.6504385753176816
2024-03-19 00:00:00+00:00,0.7978712398865233,0.8196452992326857,0.802630977215518,0.7978286607338336,0.6484362045835351
2024-03-20 00:00:00+00:00,0.8285057385456813,0.8351093157748957,0.8333955036176186,0.8284696126606772,0.5990571920971627
2024-03-21 00:00:00+00:00,0.8240505620386975,0.832851306627604,0.8214071446634534,0.824013497654686,0.7765155076482854
2024-03-22 00:00:00+00:00,0.8381932693290528,0.8360026050138463,0.8335574182745038,0.8381591841573652,0.5510055009712115
2024-03-25 00:00:00+00:00,0.8328795882440985,0.8292451842254143,0.8340597245077732,0.8328443837263164,0.6693835329929357
2024-03-26 00:00:00+00:00,0.8339813316659277,0.831860608212486,0.836683977939066,0.8339463592343728,0.5456817730671318
2024-03-27 00:00:00+00:00,0.8365247101867266,0.8375946129999114,0.8337517158627668,0.836490273527035,0.5863145505377801
2024-03-28 00:00:00+00:00,0.8325881465805725,0.8310158996313697,0.8355985317430594,0.8325528806695519,0.5954544388897867
2024-03-29 00:00:00+00:00,0.8350667602872544,0.8302036607756422,0.835874157456689,0.8350320165051552,0.5543837072909235
2024-04-01 00:00:00+01:00,0.8343862353511322,0.8345082540644473,0.8373158158978442,0.8343513482139999,0.5950526281779696
2024-04-02 00:00:00+01:00,0.8373508323576382,0.8350443763241171,0.8408638480662076,0.8373165697235627,0.5750099518405465
2024-04-03 00:00:00+01:00,0.8366866222220191,0.8376434415182445,0.840572154485864,0.8366522196696817,0.5981227549503381
2024-04-04 00:00:00+01:00,0.8373508323576382,0.8346544917589482,0.8414306729642815,0.8373165697235627,0.5751172930304753
2024-04-05 00:00:00+01:00,0.832669226195192,0.8343295466445575,0.8307710029883761,0.8326339773638851,0.583531877307406
2024-04-08 00:00:00+01:00,0.8391167859150865,0.8373997946475766,0.8441038715895646,0.8390828952855005,0.5496734288238234
2024-04-09 00:00:00+01:00,0.8415953996217684,0.8373346073362988,0.8425161191602886,0.8415620311211034,0.6202371324450464
2024-04-10 00:00:00+01:00,0.8405260386069977,0.8535459232834577,0.8442010203836956,0.8404924448415765,0.5950108414507603
2024-04-11 00:00:00+01:00,0.8597557501328978,0.8597674696727187,0.8617622099101165,0.8597262071755984,0.5725629880345225
2024-04-12 00:00:00+01:00,0.8634493220891399,0.8608719360569483,0.8593322540670862,0.8634205571961016,0.700956618390981
2024-04-15 00:00:00+01:00,0.8649235867891152,0.8780741982797244,0.8701540858978265,0.8648951324552556,0.6025054604763685
2024-04-16 00:00:00+01:00,0.879876101449879,0.8833533790512025,0.8841672432558836,0.8798507969171883,0.5885629646653976
2024-04-17 00:00:00+01:00,0.8878466230773099,0.8828011458590876,0.8892056318614427,0.887822997563761,0.6729730722603126
2024-04-18 00:00:00+01:00,0.8820793410995904,0.8814042040858565,0.8814942918285507,0.8820545006872822,0.6289453761324382
2024-04-19 00:00:00+01:00,0.8864210555848961,0.881728901339748,0.8755486867485338,0.8863971297704107,0.5435333595364877
2024-04-22 00:00:00+01:00,0.8867288120489252,0.8837269048234271,0.8912469925279476,0.8868832154443707,0.606330019815612
2024-04-23 00:00:00+01:00,0.8897097238559337,0.8851402053896025,0.8913602091887927,0.8896864908112871,0.5823416526749313
2024-04-24 00:00:00+01:00,0.888591912827549,0.8893473895022406,0.8937256463670185,0.8885684443119752,0.5967234700165525
2024-04-25 00:00:00+01:00,0.8969349557331259,0.899190921365637,0.9021335902214425,0.8969132447096457,0.5723922463677441
2024-04-26 00:00:00+01:00,0.9024105488533722,0.9305415566011139,0.9056976902565199,0.9023899912833413,0.6310839629718146
2024-04-29 00:00:00+01:00,0.9449682003526716,0.9678210149763511,0.8906312224358839,0.9449566077054963,0.6131817236886772
2024-04-30 00:00:00+01:00,0.9140259452294845,0.9287547302627135,0.9174428064284323,0.9140078344846139,0.8419027846475331
2024-05-01 00:00:00+01:00,0.9368357666899483,0.935674499678091,0.9371588204801524,0.9368224609162763,0.3915814373682991
2024-05-02 00:00:00+01:00,0.9041438728098155,0.9075567089330785,0.8735560240780691,0.9041236803707304,0.719414035422676
2024-05-03 00:00:00+01:00,0.8610678556036335,0.8614080583166182,0.8474086609756757,0.8610385890460865,0.38033414179380415
2024-05-06 00:00:00+01:00,0.8695080457303859,0.8710731306206241,0.8707372258605641,0.8694805571293449,0.3137295879554676
2024-05-07 00:00:00+01:00,0.8803783995502057,0.8813878452929123,0.880020003258069,0.8803532008284225,0.6322679566578333
2024-05-08 00:00:00+01:00,0.888656677641666,0.8977939795924059,0.892980344549446,0.8886332227690341,0.6472806403620371
2024-05-09 00:00:00+01:00,0.8995270314614858,0.9026185842084358,0.9015989010567962,0.8995058664681117,0.6308509874724519
2024-05-10 00:00:00+01:00,0.8990410481616617,0.9016276379328185,0.9041099378272439,0.8990197807941518,0.6467615693958865
2024-05-13 00:00:00+01:00,0.9059906587879363,0.906890707771852,0.9075929569349035,0.9059708553809818,0.5763220872656732
2024-05-14 00:00:00+01:00,0.9127138397587484,0.9143790691722886,0.917815580936193,0.9126954526141258,0.6222601911105313
2024-05-15 00:00:00+01:00,0.9170068570364931,0.9124621160718323,0.8940334078140757,0.916989374231451,0.6207469034513783
2024-05-16 00:00:00+01:00,0.8811073744999423,0.8956175165493359,0.875095078511305,0.8810823293393624,0.6057039092547917
2024-05-17 00:00:00+01:00,0.8988788889324226,0.9030734082243832,0.902327887809705,0.8988575874054854,0.3591010707126536
2024-05-20 00:00:00+01:00,0.9049539273741711,0.9070366976058537,0.9062647623525435,0.9049339055760035,0.6899080321341448
2024-05-21 00:00:00+01:00,0.9149331470150157,0.9119911811234402,0.9120642734444391,0.9149152273754748,0.6168593157608169
2024-05-22 00:00:00+01:00,0.913005528616222,0.913306824652949,0.9165195220872606,0.9129872029169095,0.6408332831153922
2024-05-23 00:00:00+01:00,0.9203439753211451,0.9223708352465065,0.9227081227515801,0.9203271954921115,0.5674894915804144
2024-05-24 00:00:00+01:00,0.9247020046069534,0.9219484809559484,0.9281998723964184,0.9246861428125148,0.6244123816315266
2024-05-27 00:00:00+01:00,0.9230331982706805,0.9189922487825402,0.9251217635299471,0.9230169849361654,0.6060229087645582
2024-05-28 00:00:00+01:00,0.922628294585476,0.919544481974655,0.9240526323986038,0.9226119959565386,0.5691178146712647
2024-05-29 00:00:00+01:00,0.9293836107694,0.9301030913781108,0.9306948413001526,0.9293687351721924,0.576846051934338
2024-05-30 00:00:00+01:00,0.934988980711827,0.9299080251652767,0.9210556044595499,0.934975285906025,0.6206723649821007
2024-05-31 00:00:00+01:00,0.9243779333424218,0.9256034318764712,0.9233723436417351,0.9243620032812017,0.6135427295433583
2024-06-03 00:00:00+01:00,0.9280551904981613,0.9270492021680359,0.9136680937404287,0.9280400350644304,0.5146896991328427
2024-06-04 00:00:00+01:00,0.91017046123795,0.9112602405114352,0.8914736730475874,0.910151538321464,0.6018165065732974
2024-06-05 00:00:00+01:00,0.8947477836899704,0.9111628313352678,0.8997357701118398,0.8947256119308069,0.4700873897352629
2024-06-06 00:00:00+01:00,0.9077889947524431,0.9099118793960383,0.9045311631330955,0.907769570171449,0.4844588406474667
2024-06-07 00:00:00+01:00,0.904030657982084,0.9208115448463294,0.9002380763451092,0.9040104416938874,0.6600330449566433
2024-06-10 00:00:00+01:00,0.9224337529491784,0.9227446088792308,0.9258509974808056,0.9224174133393428,0.5561846226755055
2024-06-11 00:00:00+01:00,0.925787186034333,0.9260257861670294,0.9272765880552467,0.9257715528372776,0.6927973404522856
2024-06-12 00:00:00+01:00,0.9268402322486011,0.9256522603948047,0.9097477814602031,0.9268248208795307,0.5998514843075984
2024-06-13 00:00:00+01:00,0.9218993196357399,0.9245963746684089,0.9234855603025802,0.9218828674455988,0.5857615619514412
2024-06-14 00:00:00+01:00,0.9272130007206938,0.9399790929668965,0.9287182464964019,0.9271976678766471,0.5491314274035173
2024-06-17 00:00:00+01:00,0.9339846317051204,0.9351872059367548,0.9330924142118056,0.9339707253295757,0.6118576512200924
2024-06-18 00:00:00+01:00,0.9364793130183582,0.93967050664545,0.9388434745056102,0.9364659321564337,0.6206975728339788
2024-06-19 00:00:00+01:00,0.9392496155825132,0.9350736858281423,0.940269312278001,0.9392368182948208,0.5945256703613694
2024-06-20 00:00:00+01:00,0.9406588682744244,0.9485072291612835,0.9458258277855935,0.9406463678508967,0.596188718883792
2024-06-21 00:00:00+01:00,0.9564216846934914,0.9620870101889256,0.9576522720828726,0.9564125047641217,0.5878937962275318
2024-06-24 00:00:00+01:00,0.9714876613759333,0.9670412458460129,0.9630308050668659,0.9714816551489169,0.6751261945855662
2024-06-25 00:00:00+01:00,0.9686528411916084,0.9643935999940512,0.9668379006862464,0.9686462377994907,0.6703303979819235
2024-06-26 00:00:00+01:00,0.9686528411916084,0.9814982051801606,0.9734798623898455,0.9686462377994907,0.562299836790794
2024-06-27 00:00:00+01:00,0.9837998974886704,0.9802150313760412,0.9840263157049058,0.9837964848786187,0.5793240160875318
2024-06-28 00:00:00+01:00,0.984869011309494,0.9886130408083722,0.9834268606775054,0.9848658239121268,0.6703875620855105
2024-07-01 00:00:00+01:00,0.9884330536375021,0.9963125793540879,0.9922075790396905,0.9884306170185122,0.5857140738731282
2024-07-02 00:00:00+01:00,0.9982340464425516,0.9965562262247563,0.9997570044156969,0.998233674438062,0.6006174298530089
2024-07-03 00:00:00+01:00,0.9981045168143177,1.0,0.992952880857263,0.9981041175239447,0.6378001042051525
2024-07-04 00:00:00+01:00,1.0,0.994217166694241,0.994410854363081,0.9999999999999998,0.5785540926953577
2024-07-05 00:00:00+01:00,0.9957393651293138,0.9907409231936084,0.9861648251655422,0.995738467611204,0.5905913154200698
2024-07-08 00:00:00+01:00,0.9840752715456409,0.9864363299048029,0.9833460269480372,0.9840719169441281,0.5540159071585279
2024-07-09 00:00:00+01:00,0.9876229990731464,0.9927389266772875,0.991041051916266,0.9876203918132391,0.509926542285787
2024-07-10 00:00:00+01:00,0.9953018318431042,0.996718822712201,1.0,0.9953008421570286,0.6005264218253655
2024-07-11 00:00:00+01:00,0.9997730759566439,0.9968323428208135,0.938260334542873,0.9997730281542749,0.6251528104601658
2024-07-12 00:00:00+01:00,0.9445956790745256,0.9583185391597899,0.9364782845253341,0.944584007954399,0.6059308835188612
2024-07-15 00:00:00+01:00,0.9464100826455883,0.9417822780982408,0.9425534213308593,0.9463987937361209,0.25154267560920357
2024-07-16 00:00:00+01:00,0.9436237124748774,0.9496280543384574,0.9483694946853678,0.9436118366064792,0.5903345360733947
2024-07-17 00:00:00+01:00,0.9470095279670905,0.9453559307750412,0.9160819817167454,0.946998365332943,0.5624271797818501
2024-07-18 00:00:00+01:00,0.903852431146289,0.9194795425238769,0.9059891366389139,0.9038321773139659,0.5998782816036491
2024-07-19 00:00:00+01:00,0.9275692071983372,0.9336115567436334,0.9299819224139574,0.9275539493904705,0.3176760816587401
2024-07-22 00:00:00+01:00,0.93197568649776,0.9295506103254967,0.9189818608616678,0.931961356930658,0.7255717859559336
2024-07-23 00:00:00+01:00,0.9233735843357151,0.9181475402014239,0.9113676696229072,0.9233574427047528,0.6062431162724046
2024-07-24 00:00:00+01:00,0.9051808514175277,0.9031058779497725,0.8673350404823723,0.9051608774217283,0.5268647329591899
2024-07-25 00:00:00+01:00,0.8747732768017258,0.8734446598765282,0.8488018686187395,0.8747468973406092,0.46800148611006576
2024-07-26 00:00:00+01:00,0.8716304529594243,0.8828660853098658,0.8697813113900659,0.8716034114511249,0.3919166334018712
2024-07-29 00:00:00+01:00,0.8787909200224995,0.8764660793612138,0.8665576029313722,0.878765386892425,0.5597179721225887
2024-07-30 00:00:00+01:00,0.8738334454151886,0.8903219769849136,0.8761644568405975,0.8738068679751996,0.6240499189465547
2024-07-31 00:00:00+01:00,0.8549928171618846,0.8641855830701366,0.8114925293071709,0.8549622708755684,0.5484472993946787
2024-08-01 00:00:00+01:00,0.8075914002708999,0.8199375267611884,0.792716361859235,0.8075508687050699,0.46174520485477666
2024-08-02 00:00:00+01:00,0.798794756472557,0.8021832792067967,0.7590032583161714,0.7987523718619689,0.2812522806497046
2024-08-05 00:00:00+01:00,0.7401989144972205,0.7397095446740667,0.6824242999539472,0.74014418646108,0.5229276994769168
2024-08-06 00:00:00+01:00,0.7435360327818725,0.7452162613837681,0.7207543195987682,0.7434820077217401,0.20229200339679942
2024-08-07 00:00:00+01:00,0.7263963460779528,0.770637825618985,0.7287086552159634,0.7263387104809687,0.601330017018103
2024-08-08 00:00:00+01:00,0.7489468610880019,0.7650012300077269,0.743564263185724,0.7488939758383772,0.4664592628847576
2024-08-09 00:00:00+01:00,0.77397623699868,0.7692406359852546,0.7571888253672556,0.7739286242774079,0.7289045539059574
2024-08-12 00:00:00+01:00,0.7638187905220404,0.776794184696969,0.763458506958993,0.7637690380980156,0.7437656044011842
2024-08-13 00:00:00+01:00,0.7628465767284451,0.7723919343714969,0.7668928280706124,0.7627966195040761,0.5132883803838781
2024-08-14 00:00:00+01:00,0.7626683498926496,0.7662519340864575,0.7534464956106297,0.762618355124155,0.5729765041202878
2024-08-15 00:00:00+01:00,0.7672369884213119,0.794045027577579,0.7693554140429693,0.7671879560530088,0.578159911145148
2024-08-16 00:00:00+01:00,0.7991348953436446,0.7935089053179092,0.7786868894365147,0.7990925823845367,0.6091667318437902
2024-08-19 00:00:00+01:00,0.7786254607540677,0.7728631171803886,0.7395141719820404,0.7785788274085561,0.7872846776575977
2024-08-20 00:00:00+01:00,0.758262117787174,0.762467104264378,0.7445849435189764,0.7582111948299868,0.447375653881168
2024-08-21 00:00:00+01:00,0.7363594981122414,0.7465482637062211,0.7356262426331921,0.7363039612891853,0.44719454822995747
2024-08-22 00:00:00+01:00,0.7326496113554968,0.7486761460914568,0.7350915534685458,0.7325932930314079,0.4359890769309468
2024-08-23 00:00:00+01:00,0.7502105165451236,0.7487249746097899,0.7295347907630036,0.7501578974890803,0.5548199726584193
2024-08-26 00:00:00+01:00,0.7145379580519289,0.7179590422918172,0.7109855510326573,0.7144778244427166,0.695497977381071
2024-08-27 00:00:00+01:00,0.7228973157580083,0.7272830585489873,0.7224065906928487,0.7228389430776614,0.3450823596910398
2024-08-28 00:00:00+01:00,0.7141330543667244,0.7252037568215859,0.7183080486910747,0.7140728354630899,0.6350545996315884
2024-08-29 00:00:00+01:00,0.721552580686267,0.7333256496578597,0.7243184196338457,0.7214939247326251,0.5211026296785564
2024-08-30 00:00:00+01:00,0.7289560393992542,0.7404243743536263,0.7311062281276164,0.7288989430109052,0.6287974718395003
2024-09-02 00:00:00+01:00,0.7531103487375126,0.7592183967019683,0.7488295795088722,0.7530583405415847,0.6285337938637722
2024-09-03 00:00:00+01:00,0.75863463906532,0.7603392218791418,0.7386556535036233,0.758583794581084,0.7393680120748071
2024-09-04 00:00:00+01:00,0.7364566453334169,0.7335368268031388,0.7201709324380814,0.7364011289747732,0.6155545695017877
2024-09-05 00:00:00+01:00,0.7035867718114361,0.7118676226646121,0.7011680844705057,0.7035243312953254,0.43420972293954063
2024-09-06 00:00:00+01:00,0.7047045828398208,0.7060850372193523,0.6835258140166678,0.7046423777946369,0.36222531967015004
2024-09-09 00:00:00+01:00,0.6900108802415779,0.7050777321507908,0.6945421906336202,0.6899455799149201,0.5868114435370893
2024-09-10 00:00:00+01:00,0.7012053053259297,0.7032747948799458,0.691577298427994,0.7011423631453104,0.4809486296752393
2024-09-11 00:00:00+01:00,0.6859284722066867,0.6836685336758763,0.6665640795176477,0.6858623119060454,0.6547485778803295
2024-09-12 00:00:00+01:00,0.6916957541844062,0.692488897398766,0.6859233869283208,0.6916308087825247,0.47689022572220496
2024-09-13 00:00:00+01:00,0.6740213869731013,0.6683829766930578,0.6607967041591798,0.6739527184019896,0.6182510178527699
2024-09-16 00:00:00+01:00,0.6625355202252234,0.6581820299898813,0.6480956735167691,0.6624644321148347,0.46032647455851344
2024-09-17 00:00:00+01:00,0.6625355202252234,0.6736299355996458,0.660164866200402,0.6624644321148347,0.5013960040051244
2024-09-18 00:00:00+01:00,0.6823807446791812,0.6768947540945005,0.6750854872308665,0.6823138370369344,0.5793240160875318
2024-09-19 00:00:00+01:00,0.69363993457765,0.7074980899250285,0.6883859729006776,0.6935753987243836,0.7146457020651436
2024-09-20 00:00:00+01:00,0.6960374686697124,0.7162859839225288,0.6834934310852905,0.6959734378656537,0.6554365360195429
2024-09-23 00:00:00+01:00,0.7146027228660459,0.7156849222120805,0.7067085321113846,0.7145426028997754,0.5954524997211518
2024-09-24 00:00:00+01:00,0.7086735288530335,0.7193559840650483,0.7102078662837075,0.7086121598806494,0.7040852042384058
2024-09-25 00:00:00+01:00,0.6977384102190967,0.7181052799863181,0.7024965262508154,0.6976747377245134,0.5397960666459517
2024-09-26 00:00:00+01:00,0.7256026063140997,0.7278516505340464,0.7216291531418491,0.7255448035129703,0.5062374897596477
2024-09-27 00:00:00+01:00,0.7319693336133217,0.7485462671899001,0.6946877902258426,0.7319128719862718,0.7664379138363046
2024-09-30 00:00:00+01:00,0.6948225104201518,0.6980930232846347,0.6816142322736205,0.6947582236807539,0.6215696586581445
2024-10-01 00:00:00+01:00,0.7098400370889797,0.7166109290369196,0.7039058017605933,0.7097789138457646,0.3335085144952076
2024-10-02 00:00:00+01:00,0.7102610083807401,0.7451349631400457,0.7121518309581321,0.7101999738166465,0.6802969714540603
2024-10-03 00:00:00+01:00,0.7563666346014917,0.7606966367189218,0.7575289697456902,0.7563153123539317,0.5821362318839591
2024-10-04 00:00:00+01:00,0.7605461898575583,0.7855171392436908,0.7511947694891483,0.7604957480483943,0.8872678881188496
2024-10-07 00:00:00+01:00,0.792622570809633,0.786329130238919,0.7823157553343463,0.7925788860058629,0.6066976590912182
2024-10-08 00:00:00+01:00,0.7817035197822517,0.7792306534036513,0.7746204831681682,0.7816575348409815,0.7890364451884191
2024-10-09 00:00:00+01:00,0.7819141290251053,0.7939637293338562,0.7849400087656395,0.7818681884494325,0.5088860597503801
2024-10-10 00:00:00+01:00,0.7981305463369379,0.7983820905917733,0.7913068391515079,0.7980880218080879,0.5806888213281763
2024-10-11 00:00:00+01:00,0.7907431552305066,0.794045027577579,0.7909990777044507,0.7906990745210629,0.6844015948112898
2024-10-14 00:00:00+01:00,0.8009492989147073,0.8051883398985384,0.8031006533194605,0.8009073681662591,0.5317771518680184
2024-10-15 00:00:00+01:00,0.8063925096278952,0.8017933946416278,0.7983539582942454,0.8063517255114252,0.6452144269594781
2024-10-16 00:00:00+01:00,0.7971422649367867,0.8017120963979054,0.7996013191471376,0.7970995322228938,0.614316890869745
2024-10-17 00:00:00+01:00,0.804869794914306,0.8082583400410579,0.8048990184016627,0.8048286900324866,0.5199902874965046
2024-10-18 00:00:00+01:00,0.8133586822486194,0.8082746988340022,0.8090786413308546,0.8133193655815492,0.6290804382190409
2024-10-21 00:00:00+01:00,0.8052586309929546,0.8139274053777052,0.8022905856391342,0.8052176080208586,0.6338083964206401
2024-10-22 00:00:00+01:00,0.8215395659249571,0.8243558880191051,0.8253277041416287,0.8215019725905532,0.5275168030446198
2024-10-23 00:00:00+01:00,0.8301742976880075,0.8574281622817046,0.8355985317430594,0.8301385232910075,0.6838034720199971
2024-10-24 00:00:00+01:00,0.8565966114900938,0.8509795756752183,0.845837223611063,0.8565664030488398,0.6343658183403009
2024-10-25 00:00:00+01:00,0.8406234330221203,0.840778381111543,0.8411392265818876,0.8405898597731836,0.7471581712620056
2024-10-28 00:00:00+00:00,0.8595612084965998,0.8688475911987217,0.8561569964064835,0.859531624558403,0.4789458425131705
2024-10-29 00:00:00+00:00,0.8632387128462864,0.8683927671827743,0.8617785249747798,0.863209903587651,0.6991053072662281
2024-10-30 00:00:00+00:00,0.8647777423603782,0.8624151155246804,0.8622968990747628,0.8647492573038635,0.6024064297442562
2024-10-31 00:00:00+00:00,0.8636436165314909,0.8637795875725223,0.8480728818658303,0.8636148925672777,0.5889696525365568
2024-11-01 00:00:00+00:00,0.8438147068780357,0.8547805164297428,0.8466636063560524,0.8437818058824524,0.5722204583118238
2024-11-04 00:00:00+00:00,0.8487882490919021,0.8431337994350021,0.8420625109230593,0.848756395790933,0.45506957577668056
2024-11-05 00:00:00+00:00,0.848610022256107,0.8471298064023607,0.8460317683972747,0.8485781314110119,0.6107408599393975
2024-11-06 00:00:00+00:00,0.8349856806726343,0.8815501939198582,0.838692955674194,0.834950919810822,0.5782004634303203
2024-11-07 00:00:00+00:00,0.881723134621947,0.8823949025009745,0.8632849492786887,0.8816982191734588,0.49342914473560934
2024-11-08 00:00:00+00:00,0.8632547804528419,0.8604820514917795,0.8521069052027999,0.8632259745789057,0.875617409811472
2024-11-11 00:00:00+00:00,0.8587837835332492,0.8700821843450068,0.8634307960688603,0.8587540358276786,0.46443218998001656
2024-11-12 00:00:00+00:00,0.8681148606450302,0.8833370202582582,0.8721951993663821,0.868087078564524,0.5513028954895954
2024-11-13 00:00:00+00:00,0.8871500305346323,0.8919789244217569,0.8874075139771902,0.8871262582813506,0.6379103179450786
2024-11-14 00:00:00+00:00,0.8996889434967783,0.9073455317877994,0.9048389245801527,0.8996678126107585,0.6983901224663699
2024-11-15 00:00:00+00:00,0.916520873736669,0.9155973035256295,0.8903234609888266,0.9165032885574911,0.6571597632937225
2024-11-18 00:00:00+00:00,0.8872958749633688,0.8927584456915958,0.8795340120894628,0.8872721334327427,0.6832885091654375
2024-11-19 00:00:00+00:00,0.8865345176065742,0.8814691435366346,0.8719685188467423,0.8865106156932734,0.40001086735561187
2024-11-20 00:00:00+00:00,0.8881706943418419,0.9014001019945952,0.8916519027691363,0.8881471370950742,0.5745981383754108
2024-11-21 00:00:00+00:00,0.8975180862541254,0.8916215095819773,0.8809596026639039,0.897496498069194,0.5894831370483818
2024-11-22 00:00:00+00:00,0.8800706430861767,0.8868945620026136,0.881332377171665,0.8800453795343837,0.6373246547425955
2024-11-25 00:00:00+00:00,0.8789041348502309,0.8822974933248071,0.8744471726858132,0.8788786255692684,0.4714647409183341
2024-11-26 00:00:00+00:00,0.8826627188145371,0.8770668932111629,0.8659418328393085,0.8826380012928492,0.572062356113513
2024-11-27 00:00:00+00:00,0.860484725082634,0.8548618146734657,0.8254733037338511,0.8604553356865383,0.6027326020986471
2024-11-28 00:00:00+00:00,0.8333818863444256,0.8375457844815779,0.8378181221311132,0.8333467876375507,0.44140631724426144
2024-11-29 00:00:00+00:00,0.8307574282090071,0.825265536051,0.8102936192523695,0.8307217766505557,0.40927231932378816
2024-12-02 00:00:00+00:00,0.8087576613128991,0.8180371803141755,0.8026470450822316,0.8100460755319279,0.5626753065738501
2024-12-03 00:00:00+00:00,0.8037680514924768,0.8095090441197885,0.7950815518395111,0.8037267145244302,0.44805118559170554
2024-12-04 00:00:00+00:00,0.8060199883497492,0.8257852995177255,0.809435100773952,0.8059791257603279,0.538859994917883
2024-12-05 00:00:00+00:00,0.8209240529968991,0.8171275322822811,0.8115085971738849,0.820886330002476,0.5937842381690857
2024-12-06 00:00:00+00:00,0.8150920062050626,0.8171111734893368,0.8075395868976187,0.8150530546689378,0.6749376610511867
2024-12-09 00:00:00+00:00,0.8106207620915229,0.826305062984451,0.8120272184718176,0.8121850008449629,0.5421384521975772
2024-12-10 00:00:00+00:00,0.8345483945803718,0.841217094195045,0.8316942873295479,0.8345135416026659,0.5609971241153755
2024-12-11 00:00:00+00:00,0.8410122691007689,0.8510120454006076,0.8363438335606319,0.8409787777615556,0.722171939917946
2024-12-12 00:00:00+00:00,0.84810772415578,0.8509795756752183,0.8466796742227665,0.8480757274997777,0.6203092344946105
2024-12-13 00:00:00+00:00,0.8536483292840904,0.8672719420056003,0.8590568755514059,0.8536174997765513,0.6241956216116137
2024-12-16 00:00:00+00:00,0.8676775745527676,0.8786913709226174,0.8708183067879816,0.8676497003563679,0.6142619603852256
2024-12-17 00:00:00+00:00,0.8779321682505823,0.8763198416667133,0.8720169696448332,0.8779064542213486,0.6675913340296705
2024-12-18 00:00:00+00:00,0.8696054401455084,0.8721775970048538,0.8710126043762441,0.8695779720609524,0.6434783852841166
2024-12-19 00:00:00+00:00,0.8874417193921058,0.9325720298101823,0.8892380147928196,0.8874180085841343,0.5274446835838312
2024-12-20 00:00:00+00:00,0.9355721112328266,0.9339040321326353,0.915806603201065,0.9355585392655728,0.6908241472572051
2024-12-23 00:00:00+00:00,0.9175739199509367,0.9239464844396279,0.9195813158890687,0.9175565565997441,0.8780603518123477
2024-12-24 00:00:00+00:00,0.9278121988482493,0.9258470787471396,0.9287182464964019,0.9277969922274505,0.46971794815486945
2024-12-25 00:00:00+00:00,0.9268726146556596,0.9337089659198012,0.7554067753497171,0.9268572101080601,0.6421160003097228
2024-12-26 00:00:00+00:00,0.9272938331413667,0.9371852094204338,0.9316344407059876,0.9272785173249611,0.573584661509144
2024-12-27 00:00:00+00:00,0.9372569851756554,0.9345861442263064,0.9360409913527685,0.9372437681331773,0.5818979362662854
2024-12-30 00:00:00+00:00,0.9392819979895717,0.9369254516173209,0.9249598488730615,0.9392692075233502,0.6401953109946035
2024-12-31 00:00:00+00:00,0.9250582110845968,0.9263832010068094,0.9148346208638531,0.9250424243263378,0.5916478853914037
2025-01-02 00:00:00+00:00,0.9367870694823872,0.9321496755196241,0.9214120639026477,0.9367737534504725,0.49282910721185996
2025-01-03 00:00:00+00:00,0.9310037198981118,0.9275364959093721,0.9307919900942836,0.9309891855827381,0.6510461344825595
2025-01-06 00:00:00+00:00,0.9329315854908522,0.9351547362113655,0.9185769506204791,0.9329174572873227,0.5441211017280047
2025-01-07 00:00:00+00:00,0.9371759055610358,0.9428056940992469,0.936656514246883,0.9371626714388446,0.5910854442458452
2025-01-08 00:00:00+00:00,0.9451624947950226,0.9447873387899821,0.9449509942425127,0.9451509430766725,0.6051979895642804
2025-01-09 00:00:00+00:00,0.944449834645789,0.9409050997917352,0.9397506909800684,0.9444381328030069,0.6279305256785414
2025-01-10 00:00:00+00:00,0.9421170653678437,0.9498878121415704,0.9339835628195496,0.9421048721187957,0.5750002681062474
2025-01-13 00:00:00+00:00,0.9395086748389812,0.9352360344550879,0.9288640932865735,0.9394959321230558,0.5651670419187504
2025-01-14 00:00:00+00:00,0.9310361023051699,0.9379486197578277,0.9327522698333715,0.9310215748112676,0.5634799453846937
2025-01-15 00:00:00+00:00,0.9421494477749022,0.9372989773895455,0.9136357108090518,0.9421372613473251,0.5278068323251598
2025-01-16 00:00:00+00:00,0.913070293430339,0.9116662360090495,0.8998655490352978,0.9130519813739684,0.6471229095978119
2025-01-17 00:00:00+00:00,0.8985063676542766,0.909408474722257,0.8976622737119073,0.8984849876543881,0.40269158880688966
2025-01-20 00:00:00+00:00,0.9138964156012506,0.9109028256716556,0.9047904737820618,0.9138782775704961,0.48984366217418307
2025-01-21 00:00:00+00:00,0.8967727965038867,0.9060945798485696,0.8946652457728534,0.8967510513209798,0.6744272110651539
2025-01-22 00:00:00+00:00,0.9052779986387027,0.9137941183942853,0.9041747036899981,0.9052580451073162,0.47415130159815216
2025-01-23 00:00:00+00:00,0.9160672728439034,0.9156134144580745,0.9120966563758159,0.9160495921120606,0.631918357459423
2025-01-24 00:00:00+00:00,0.9114501843016272,0.9127057629425006,0.8957019939728195,0.9114315309634222,0.6458177047997389
2025-01-27 00:00:00+00:00,0.9047920153388787,0.9071504655749649,0.8772822859679814,0.9047719594333563,0.5509902984166865
2025-01-28 00:00:00+00:00,0.8912648209765819,0.9030082209131058,0.894811092563025,0.8912419155187548,0.5383902132222411
